po_id,supplier_id,fabric_id,order_quantity_meters,unit_price,total_po_value,order_date,promised_delivery_date,actual_delivery_date,contracted_lead_time_days,actual_lead_time_days,delayed_days,is_on_time,quality_pass_rate_pct,risk_category
PO_000001,SUP_019,FAB_024,13239,5.38,71225.82,2024-12-11,2024-12-25,2024-12-30,14,19,5,0,95.16,Medium
PO_000002,SUP_010,FAB_025,13038,19.23,250720.74,2024-06-16,2024-07-18,2024-07-20,32,34,2,0,90.62,Medium
PO_000003,SUP_006,FAB_008,17788,16.35,290833.8,2024-11-09,2024-12-18,2024-12-19,39,40,1,0,96.52,Medium
PO_000004,SUP_022,FAB_020,1533,10.02,15360.66,2025-06-26,2025-07-24,2025-07-24,28,28,0,1,100.0,Low
PO_000005,SUP_017,FAB_015,18732,14.49,271426.68,2025-04-11,2025-05-03,2025-05-03,22,22,0,1,88.32,Low
PO_000006,SUP_017,FAB_015,14543,14.49,210728.07,2025-11-18,2025-12-10,2025-12-10,22,22,0,1,87.37,Low
PO_000007,SUP_005,FAB_014,9781,19.38,189555.78,2025-05-14,2025-06-15,2025-06-16,32,33,1,0,91.71,Medium
PO_000008,SUP_014,FAB_011,10277,6.09,62586.93,2025-09-12,2025-10-05,2025-10-17,23,35,12,0,94.9,High
PO_000009,SUP_024,FAB_028,10169,18.15,184567.35,2025-03-09,2025-03-24,2025-03-28,15,19,4,0,94.08,Medium
PO_000010,SUP_002,FAB_027,11737,11.4,133801.8,2025-09-02,2025-10-03,2025-10-06,31,34,3,0,93.11,Medium
PO_000011,SUP_012,FAB_023,12145,7.53,91451.85,2025-08-07,2025-09-01,2025-09-05,25,29,4,0,93.41,Medium
PO_000012,SUP_020,FAB_027,7381,10.12,74695.72,2024-03-03,2024-03-24,2024-03-28,21,25,4,0,96.37,Medium
PO_000013,SUP_020,FAB_010,2093,5.04,10548.72,2025-03-22,2025-04-21,2025-05-01,30,40,10,0,93.67,High
PO_000014,SUP_009,FAB_019,17669,17.77,313978.13,2024-12-10,2025-01-01,2025-01-02,22,23,1,0,96.82,Medium
PO_000015,SUP_024,FAB_015,18861,12.36,233121.96,2025-07-27,2025-08-23,2025-08-28,27,32,5,0,84.77,High
PO_000016,SUP_019,FAB_015,14851,14.82,220091.82,2024-05-03,2024-05-31,2024-05-31,28,28,0,1,92.96,Low
PO_000017,SUP_007,FAB_011,7490,5.74,42992.6,2025-06-18,2025-07-24,2025-07-27,36,39,3,0,94.19,Medium
PO_000018,SUP_004,FAB_018,4270,12.22,52179.4,2024-04-21,2024-05-05,2024-05-06,14,15,1,0,89.0,Medium
PO_000019,SUP_005,FAB_016,3767,5.84,21999.28,2025-06-26,2025-07-24,2025-07-25,28,29,1,0,96.84,Medium
PO_000020,SUP_001,FAB_024,10076,4.4,44334.4,2024-10-12,2024-11-09,2024-11-11,28,30,2,0,98.85,Medium
PO_000021,SUP_001,FAB_004,6120,7.06,43207.2,2024-07-20,2024-08-12,2024-08-15,23,26,3,0,97.5,Medium
PO_000022,SUP_013,FAB_024,7927,5.18,41061.86,2025-03-14,2025-04-12,2025-04-18,29,35,6,0,91.91,Medium
PO_000023,SUP_016,FAB_022,11184,5.51,61623.84,2024-11-22,2024-12-29,2025-01-03,37,42,5,0,98.63,Medium
PO_000024,SUP_025,FAB_002,1652,14.8,24449.6,2025-06-07,2025-06-27,2025-06-28,20,21,1,0,94.59,Medium
PO_000025,SUP_001,FAB_018,4110,11.04,45374.4,2025-01-14,2025-02-01,2025-02-01,18,18,0,1,100.0,Low
PO_000026,SUP_022,FAB_020,8676,10.02,86933.52,2024-09-14,2024-10-12,2024-10-12,28,28,0,1,96.38,Low
PO_000027,SUP_013,FAB_021,4355,12.18,53043.9,2024-08-02,2024-09-03,2024-09-16,32,45,13,0,93.46,High
PO_000028,SUP_014,FAB_001,1524,11.57,17632.68,2024-04-16,2024-05-14,2024-05-21,28,35,7,0,89.88,Medium
PO_000029,SUP_023,FAB_020,13410,8.76,117471.6,2025-03-29,2025-05-02,2025-05-09,34,41,7,0,94.69,Medium
PO_000030,SUP_019,FAB_012,6091,12.38,75406.58,2024-12-04,2025-01-13,2025-01-15,40,42,2,0,93.92,Medium
PO_000031,SUP_001,FAB_007,1994,8.25,16450.5,2025-04-23,2025-05-28,2025-05-28,35,35,0,1,98.3,Low
PO_000032,SUP_010,FAB_025,7882,19.23,151570.86,2025-10-10,2025-11-11,2025-11-12,32,33,1,0,95.25,Medium
PO_000033,SUP_009,FAB_005,19232,7.36,141547.52,2024-07-20,2024-08-15,2024-08-16,26,27,1,0,96.92,Medium
PO_000034,SUP_009,FAB_010,2889,5.01,14473.89,2025-06-19,2025-07-13,2025-07-15,24,26,2,0,94.85,Medium
PO_000035,SUP_018,FAB_012,6663,13.73,91482.99,2025-03-21,2025-04-23,2025-04-27,33,37,4,0,100.0,Medium
PO_000036,SUP_010,FAB_016,11068,4.77,52794.36,2024-04-07,2024-04-27,2024-04-28,20,21,1,0,91.31,Medium
PO_000037,SUP_003,FAB_006,11773,16.44,193548.12,2025-03-08,2025-04-04,2025-04-10,27,33,6,0,96.82,Medium
PO_000038,SUP_012,FAB_005,5288,7.19,38020.72,2024-07-31,2024-08-17,2024-08-18,17,18,1,0,93.92,Medium
PO_000039,SUP_001,FAB_004,17812,7.06,125752.72,2025-05-26,2025-06-18,2025-06-23,23,28,5,0,97.76,Medium
PO_000040,SUP_016,FAB_009,2131,8.41,17921.71,2025-05-07,2025-06-14,2025-06-16,38,40,2,0,90.56,Medium
PO_000041,SUP_024,FAB_026,717,14.09,10102.53,2024-08-07,2024-09-15,2024-09-20,39,44,5,0,86.66,Medium
PO_000042,SUP_002,FAB_013,7184,13.79,99067.36,2025-03-20,2025-04-06,2025-04-08,17,19,2,0,94.6,Medium
PO_000043,SUP_024,FAB_026,19121,14.09,269414.89,2024-06-09,2024-07-18,2024-07-26,39,47,8,0,89.82,High
PO_000044,SUP_013,FAB_015,5830,13.25,77247.5,2025-11-22,2025-12-28,2026-01-14,36,53,17,0,91.01,High
PO_000045,SUP_015,FAB_010,9208,5.34,49170.72,2025-08-10,2025-08-25,2025-08-27,15,17,2,0,88.89,Medium
PO_000046,SUP_002,FAB_028,10678,16.61,177361.58,2025-04-04,2025-05-02,2025-05-06,28,32,4,0,100.0,Medium
PO_000047,SUP_021,FAB_014,5446,20.05,109192.3,2025-07-07,2025-07-30,2025-08-05,23,29,6,0,94.98,Medium
PO_000048,SUP_016,FAB_014,13029,20.14,262404.06,2025-01-09,2025-02-05,2025-02-15,27,37,10,0,96.26,High
PO_000049,SUP_019,FAB_028,589,16.65,9806.85,2024-04-25,2024-05-30,2024-05-30,35,35,0,1,96.93,Low
PO_000050,SUP_005,FAB_012,17464,13.26,231572.64,2025-07-10,2025-08-06,2025-08-07,27,28,1,0,98.07,Medium
PO_000051,SUP_003,FAB_025,11725,18.52,217147.0,2024-02-13,2024-03-17,2024-04-01,33,48,15,0,92.86,High
PO_000052,SUP_015,FAB_007,12619,8.43,106378.17,2024-09-10,2024-10-18,2024-10-19,38,39,1,0,93.91,Medium
PO_000053,SUP_003,FAB_028,12646,18.9,239009.4,2024-10-02,2024-10-17,2024-10-22,15,20,5,0,89.01,Medium
PO_000054,SUP_023,FAB_019,12484,15.67,195624.28,2024-06-23,2024-07-09,2024-07-09,16,16,0,1,97.61,Low
PO_000055,SUP_018,FAB_024,12361,5.25,64895.25,2025-01-07,2025-01-23,2025-01-23,16,16,0,1,92.81,Low
PO_000056,SUP_010,FAB_015,7180,12.31,88385.8,2025-02-15,2025-03-22,2025-03-22,35,35,0,1,93.58,Low
PO_000057,SUP_025,FAB_014,6276,17.33,108763.08,2024-06-20,2024-07-04,2024-07-06,14,16,2,0,94.29,Medium
PO_000058,SUP_004,FAB_019,18903,15.3,289215.9,2024-01-30,2024-02-25,2024-03-03,26,33,7,0,91.49,Medium
PO_000059,SUP_019,FAB_024,19715,5.38,106066.7,2024-08-04,2024-08-18,2024-08-19,14,15,1,0,96.52,Medium
PO_000060,SUP_003,FAB_006,15383,16.44,252896.52,2025-01-08,2025-02-04,2025-02-12,27,35,8,0,93.03,High
PO_000061,SUP_009,FAB_019,3216,17.77,57148.32,2024-09-22,2024-10-14,2024-10-15,22,23,1,0,95.14,Medium
PO_000062,SUP_007,FAB_011,3668,5.74,21054.32,2024-01-11,2024-02-16,2024-02-18,36,38,2,0,91.8,Medium
PO_000063,SUP_024,FAB_021,10903,11.96,130399.88,2025-06-26,2025-07-13,2025-07-16,17,20,3,0,86.85,Medium
PO_000064,SUP_019,FAB_012,16590,12.38,205384.2,2024-06-15,2024-07-25,2024-07-26,40,41,1,0,96.68,Medium
PO_000065,SUP_007,FAB_026,12479,14.05,175329.95,2024-09-30,2024-10-16,2024-10-17,16,17,1,0,96.42,Medium
PO_000066,SUP_025,FAB_008,6171,13.68,84419.28,2025-08-19,2025-09-22,2025-09-22,34,34,0,1,99.15,Low
PO_000067,SUP_017,FAB_013,1874,11.71,21944.54,2025-04-23,2025-05-30,2025-06-01,37,39,2,0,90.26,Medium
PO_000068,SUP_013,FAB_023,9261,6.49,60103.89,2024-08-31,2024-09-20,2024-09-21,20,21,1,0,86.59,Medium
PO_000069,SUP_018,FAB_019,7805,15.93,124333.65,2025-06-13,2025-07-13,2025-07-13,30,30,0,1,96.52,Low
PO_000070,SUP_008,FAB_015,4607,13.41,61779.87,2025-02-07,2025-03-07,2025-03-09,28,30,2,0,93.58,Medium
PO_000071,SUP_006,FAB_015,10886,13.95,151859.7,2025-10-23,2025-11-09,2025-11-09,17,17,0,1,99.92,Low
PO_000072,SUP_002,FAB_030,13036,15.39,200624.04,2024-06-25,2024-08-01,2024-08-04,37,40,3,0,95.62,Medium
PO_000073,SUP_021,FAB_019,6837,17.9,122382.3,2024-05-02,2024-05-30,2024-06-01,28,30,2,0,97.41,Medium
PO_000074,SUP_007,FAB_026,19592,14.05,275267.6,2024-07-25,2024-08-10,2024-08-14,16,20,4,0,89.49,Medium
PO_000075,SUP_012,FAB_026,19598,11.82,231648.36,2025-09-23,2025-10-10,2025-10-11,17,18,1,0,99.03,Medium
PO_000076,SUP_008,FAB_011,5511,5.27,29042.97,2024-01-01,2024-01-22,2024-01-25,21,24,3,0,95.42,Medium
PO_000077,SUP_015,FAB_010,2677,5.34,14295.18,2024-12-04,2024-12-19,2024-12-23,15,19,4,0,93.42,Medium
PO_000078,SUP_013,FAB_021,2259,12.18,27514.62,2025-10-13,2025-11-14,2025-11-14,32,32,0,1,93.32,Low
PO_000079,SUP_019,FAB_028,9148,16.65,152314.2,2024-03-25,2024-04-29,2024-04-30,35,36,1,0,96.01,Medium
PO_000080,SUP_002,FAB_028,4956,16.61,82319.16,2024-04-03,2024-05-01,2024-05-01,28,28,0,1,99.89,Low
PO_000081,SUP_011,FAB_001,11623,9.83,114254.09,2024-01-23,2024-03-01,2024-03-03,38,40,2,0,96.83,Medium
PO_000082,SUP_023,FAB_028,13818,15.73,217357.14,2025-07-11,2025-08-04,2025-08-10,24,30,6,0,95.02,Medium
PO_000083,SUP_011,FAB_027,9798,11.21,109835.58,2025-08-12,2025-09-08,2025-09-10,27,29,2,0,87.79,Medium
PO_000084,SUP_012,FAB_016,18882,5.69,107438.58,2024-06-10,2024-06-26,2024-06-27,16,17,1,0,97.24,Medium
PO_000085,SUP_025,FAB_005,3769,6.69,25214.61,2024-11-12,2024-12-03,2024-12-03,21,21,0,1,98.66,Low
PO_000086,SUP_010,FAB_006,19560,16.62,325087.2,2025-01-16,2025-02-21,2025-02-22,36,37,1,0,96.09,Medium
PO_000087,SUP_003,FAB_010,4384,4.41,19333.44,2024-07-10,2024-07-25,2024-07-30,15,20,5,0,94.15,Medium
PO_000088,SUP_005,FAB_026,19933,13.45,268098.85,2024-09-28,2024-11-05,2024-11-11,38,44,6,0,94.27,Medium
PO_000089,SUP_012,FAB_016,6310,5.69,35903.9,2024-06-08,2024-06-24,2024-06-24,16,16,0,1,95.99,Low
PO_000090,SUP_017,FAB_021,13833,13.27,183563.91,2025-03-02,2025-03-30,2025-03-31,28,29,1,0,95.18,Medium
PO_000091,SUP_019,FAB_024,19320,5.38,103941.6,2025-10-26,2025-11-09,2025-11-11,14,16,2,0,92.5,Medium
PO_000092,SUP_017,FAB_017,4140,11.31,46823.4,2025-08-16,2025-09-11,2025-09-14,26,29,3,0,91.06,Medium
PO_000093,SUP_015,FAB_018,16955,12.21,207020.55,2025-02-16,2025-03-18,2025-03-24,30,36,6,0,95.92,Medium
PO_000094,SUP_010,FAB_024,6010,4.93,29629.3,2025-02-27,2025-03-28,2025-04-01,29,33,4,0,90.56,Medium
PO_000095,SUP_025,FAB_015,8919,13.15,117284.85,2024-01-11,2024-02-12,2024-02-12,32,32,0,1,92.55,Low
PO_000096,SUP_009,FAB_001,11351,10.99,124747.49,2025-10-31,2025-12-03,2025-12-04,33,34,1,0,94.29,Medium
PO_000097,SUP_022,FAB_007,4968,8.25,40986.0,2025-06-10,2025-07-09,2025-07-11,29,31,2,0,96.1,Medium
PO_000098,SUP_021,FAB_021,6045,13.21,79854.45,2025-02-23,2025-03-11,2025-03-14,16,19,3,0,94.17,Medium
PO_000099,SUP_008,FAB_002,11315,12.75,144266.25,2024-11-16,2024-12-05,2024-12-08,19,22,3,0,92.74,Medium
PO_000100,SUP_018,FAB_012,1954,13.73,26828.42,2025-11-04,2025-12-07,2025-12-07,33,33,0,1,100.0,Low
PO_000101,SUP_008,FAB_011,19008,5.27,100172.16,2024-08-30,2024-09-20,2024-09-20,21,21,0,1,92.11,Low
PO_000102,SUP_002,FAB_019,9581,17.14,164218.34,2025-06-13,2025-07-03,2025-07-05,20,22,2,0,100.0,Medium
PO_000103,SUP_008,FAB_027,17689,12.68,224296.52,2024-05-27,2024-06-10,2024-06-18,14,22,8,0,93.43,High
PO_000104,SUP_002,FAB_025,16191,18.91,306171.81,2024-04-26,2024-05-22,2024-05-25,26,29,3,0,95.6,Medium
PO_000105,SUP_011,FAB_015,17101,13.68,233941.68,2024-11-15,2024-12-14,2024-12-15,29,30,1,0,100.0,Medium
PO_000106,SUP_023,FAB_019,13792,15.67,216120.64,2025-10-05,2025-10-21,2025-10-26,16,21,5,0,92.7,Medium
PO_000107,SUP_018,FAB_005,16707,7.22,120624.54,2024-02-26,2024-04-05,2024-04-06,39,40,1,0,94.8,Medium
PO_000108,SUP_018,FAB_011,16700,5.86,97862.0,2025-11-06,2025-12-04,2025-12-06,28,30,2,0,94.43,Medium
PO_000109,SUP_023,FAB_024,5251,4.32,22684.32,2025-04-01,2025-05-02,2025-05-05,31,34,3,0,96.05,Medium
PO_000110,SUP_023,FAB_023,5457,7.03,38362.71,2025-09-10,2025-10-12,2025-10-15,32,35,3,0,100.0,Medium
PO_000111,SUP_016,FAB_009,16420,8.41,138092.2,2024-11-12,2024-12-20,2024-12-21,38,39,1,0,96.98,Medium
PO_000112,SUP_013,FAB_026,10004,11.83,118347.32,2024-02-27,2024-03-30,2024-04-02,32,35,3,0,91.87,Medium
PO_000113,SUP_019,FAB_002,2958,15.11,44695.38,2024-06-28,2024-07-29,2024-07-30,31,32,1,0,91.38,Medium
PO_000114,SUP_006,FAB_015,2740,13.95,38223.0,2025-03-20,2025-04-06,2025-04-07,17,18,1,0,93.38,Medium
PO_000115,SUP_016,FAB_025,2566,19.48,49985.68,2024-01-10,2024-01-26,2024-02-06,16,27,11,0,94.01,High
PO_000116,SUP_008,FAB_021,13524,12.27,165939.48,2024-01-19,2024-02-06,2024-02-10,18,22,4,0,94.47,Medium
PO_000117,SUP_006,FAB_010,14696,5.13,75390.48,2024-12-16,2025-01-11,2025-01-11,26,26,0,1,97.41,Low
PO_000118,SUP_021,FAB_021,11751,13.21,155230.71,2025-07-02,2025-07-18,2025-07-19,16,17,1,0,96.98,Medium
PO_000119,SUP_023,FAB_019,19823,15.67,310626.41,2025-11-27,2025-12-13,2025-12-13,16,16,0,1,91.3,Low
PO_000120,SUP_025,FAB_009,17689,8.15,144165.35,2025-06-07,2025-07-04,2025-07-05,27,28,1,0,92.44,Medium
PO_000121,SUP_008,FAB_023,9637,6.73,64857.01,2024-01-05,2024-02-06,2024-02-12,32,38,6,0,92.66,Medium
PO_000122,SUP_025,FAB_020,13068,9.52,124407.36,2025-08-09,2025-09-14,2025-09-17,36,39,3,0,95.04,Medium
PO_000123,SUP_009,FAB_005,9473,7.36,69721.28,2024-06-08,2024-07-04,2024-07-06,26,28,2,0,100.0,Medium
PO_000124,SUP_022,FAB_021,6037,13.91,83974.67,2024-03-17,2024-04-08,2024-04-08,22,22,0,1,92.97,Low
PO_000125,SUP_006,FAB_018,17990,11.78,211922.2,2024-03-21,2024-04-27,2024-04-28,37,38,1,0,91.07,Medium
PO_000126,SUP_003,FAB_028,7871,18.9,148761.9,2024-09-17,2024-10-02,2024-10-12,15,25,10,0,96.46,High
PO_000127,SUP_017,FAB_017,2591,11.31,29304.21,2024-01-12,2024-02-07,2024-02-21,26,40,14,0,94.9,High
PO_000128,SUP_025,FAB_002,11117,14.8,164531.6,2025-09-04,2025-09-24,2025-09-25,20,21,1,0,98.54,Medium
PO_000129,SUP_011,FAB_001,16558,9.83,162765.14,2024-01-27,2024-03-05,2024-03-06,38,39,1,0,87.16,Medium
PO_000130,SUP_008,FAB_002,17889,12.75,228084.75,2025-06-24,2025-07-13,2025-07-13,19,19,0,1,88.83,Low
PO_000131,SUP_020,FAB_030,3050,15.13,46146.5,2024-06-24,2024-07-13,2024-07-15,19,21,2,0,87.67,Medium
PO_000132,SUP_021,FAB_019,7658,17.9,137078.2,2025-10-12,2025-11-09,2025-11-13,28,32,4,0,97.18,Medium
PO_000133,SUP_017,FAB_023,13958,7.59,105941.22,2024-07-08,2024-07-22,2024-07-27,14,19,5,0,88.99,Medium
PO_000134,SUP_006,FAB_018,10163,11.78,119720.14,2025-01-04,2025-02-10,2025-02-16,37,43,6,0,100.0,Medium
PO_000135,SUP_012,FAB_028,4748,16.72,79386.56,2025-04-05,2025-04-25,2025-04-26,20,21,1,0,100.0,Medium
PO_000136,SUP_020,FAB_009,14722,9.98,146925.56,2024-03-10,2024-03-27,2024-04-03,17,24,7,0,91.34,Medium
PO_000137,SUP_012,FAB_028,1064,16.72,17790.08,2025-02-08,2025-02-28,2025-03-01,20,21,1,0,95.84,Medium
PO_000138,SUP_018,FAB_004,11266,7.39,83255.74,2024-01-31,2024-03-01,2024-03-01,30,30,0,1,98.88,Low
PO_000139,SUP_004,FAB_018,17461,12.22,213373.42,2025-05-19,2025-06-02,2025-06-02,14,14,0,1,93.54,Low
PO_000140,SUP_002,FAB_005,4855,6.1,29615.5,2025-06-16,2025-07-15,2025-07-15,29,29,0,1,97.61,Low
PO_000141,SUP_003,FAB_014,2369,19.82,46953.58,2024-01-03,2024-01-26,2024-01-29,23,26,3,0,87.36,Medium
PO_000142,SUP_004,FAB_019,18899,15.3,289154.7,2025-06-20,2025-07-16,2025-07-26,26,36,10,0,90.99,High
PO_000143,SUP_018,FAB_017,7401,11.15,82521.15,2025-08-27,2025-09-26,2025-09-26,30,30,0,1,99.47,Low
PO_000144,SUP_006,FAB_018,6860,11.78,80810.8,2024-10-27,2024-12-03,2024-12-10,37,44,7,0,91.96,Medium
PO_000145,SUP_006,FAB_010,10129,5.13,51961.77,2025-05-04,2025-05-30,2025-06-09,26,36,10,0,95.66,High
PO_000146,SUP_019,FAB_012,6611,12.38,81844.18,2025-09-06,2025-10-16,2025-10-23,40,47,7,0,92.66,Medium
PO_000147,SUP_004,FAB_018,19397,12.22,237031.34,2025-09-25,2025-10-09,2025-10-09,14,14,0,1,93.1,Low
PO_000148,SUP_008,FAB_023,5447,6.73,36658.31,2024-07-22,2024-08-23,2024-08-24,32,33,1,0,93.48,Medium
PO_000149,SUP_021,FAB_021,7074,13.21,93447.54,2024-12-05,2024-12-21,2024-12-21,16,16,0,1,96.1,Low
PO_000150,SUP_005,FAB_030,7023,15.73,110471.79,2025-01-29,2025-02-20,2025-02-20,22,22,0,1,93.09,Low
PO_000151,SUP_013,FAB_021,9097,12.18,110801.46,2024-08-29,2024-09-30,2024-10-03,32,35,3,0,95.38,Medium
PO_000152,SUP_013,FAB_026,17547,11.83,207581.01,2025-02-27,2025-03-31,2025-04-10,32,42,10,0,93.95,High
PO_000153,SUP_006,FAB_001,3357,9.25,31052.25,2024-02-09,2024-03-15,2024-03-15,35,35,0,1,88.99,Low
PO_000154,SUP_023,FAB_016,8430,5.8,48894.0,2024-06-15,2024-07-15,2024-07-18,30,33,3,0,94.34,Medium
PO_000155,SUP_007,FAB_026,6414,14.05,90116.7,2024-11-29,2024-12-15,2024-12-18,16,19,3,0,96.26,Medium
PO_000156,SUP_015,FAB_007,13925,8.43,117387.75,2024-10-29,2024-12-06,2024-12-07,38,39,1,0,95.42,Medium
PO_000157,SUP_003,FAB_028,17450,18.9,329805.0,2024-07-28,2024-08-12,2024-08-15,15,18,3,0,94.66,Medium
PO_000158,SUP_006,FAB_014,13592,16.46,223724.32,2025-06-27,2025-07-17,2025-07-20,20,23,3,0,90.0,Medium
PO_000159,SUP_004,FAB_022,9580,5.07,48570.6,2024-08-09,2024-08-29,2024-09-02,20,24,4,0,89.84,Medium
PO_000160,SUP_003,FAB_010,16210,4.41,71486.1,2024-03-15,2024-03-30,2024-04-05,15,21,6,0,92.62,Medium
PO_000161,SUP_015,FAB_021,14542,13.5,196317.0,2024-10-22,2024-11-15,2024-11-21,24,30,6,0,95.54,Medium
PO_000162,SUP_007,FAB_019,1711,16.0,27376.0,2025-02-05,2025-03-17,2025-03-17,40,40,0,1,95.16,Low
PO_000163,SUP_021,FAB_015,2922,15.16,44297.52,2024-05-09,2024-05-31,2024-06-01,22,23,1,0,91.03,Medium
PO_000164,SUP_025,FAB_016,19344,5.26,101749.44,2024-09-16,2024-10-01,2024-10-01,15,15,0,1,98.76,Low
PO_000165,SUP_019,FAB_016,11952,5.34,63823.68,2024-04-27,2024-05-20,2024-05-26,23,29,6,0,85.55,Medium
PO_000166,SUP_020,FAB_027,507,10.12,5130.84,2024-12-27,2025-01-17,2025-01-19,21,23,2,0,86.67,Medium
PO_000167,SUP_022,FAB_001,11607,9.5,110266.5,2024-04-11,2024-05-01,2024-05-05,20,24,4,0,98.12,Medium
PO_000168,SUP_007,FAB_026,15813,14.05,222172.65,2025-05-09,2025-05-25,2025-05-27,16,18,2,0,90.31,Medium
PO_000169,SUP_020,FAB_005,11294,6.02,67989.88,2025-05-17,2025-06-17,2025-06-17,31,31,0,1,85.64,Low
PO_000170,SUP_015,FAB_024,11416,5.13,58564.08,2024-05-25,2024-06-12,2024-06-12,18,18,0,1,96.83,Low
PO_000171,SUP_014,FAB_011,12030,6.09,73262.7,2024-04-23,2024-05-16,2024-05-25,23,32,9,0,91.39,High
PO_000172,SUP_024,FAB_028,11317,18.15,205403.55,2025-03-21,2025-04-05,2025-04-17,15,27,12,0,94.03,High
PO_000173,SUP_012,FAB_030,12690,15.33,194537.7,2025-10-05,2025-11-01,2025-11-01,27,27,0,1,97.46,Low
PO_000174,SUP_004,FAB_018,14470,12.22,176823.4,2024-03-07,2024-03-21,2024-03-22,14,15,1,0,92.74,Medium
PO_000175,SUP_002,FAB_013,17698,13.79,244055.42,2024-06-03,2024-06-20,2024-06-22,17,19,2,0,91.93,Medium
PO_000176,SUP_016,FAB_029,5583,9.89,55215.87,2024-06-20,2024-07-08,2024-07-09,18,19,1,0,95.5,Medium
PO_000177,SUP_011,FAB_019,18215,15.83,288343.45,2024-04-13,2024-04-29,2024-05-02,16,19,3,0,88.89,Medium
PO_000178,SUP_022,FAB_025,764,18.59,14202.76,2025-05-11,2025-05-31,2025-06-01,20,21,1,0,90.46,Medium
PO_000179,SUP_012,FAB_016,7697,5.69,43795.93,2024-07-14,2024-07-30,2024-08-02,16,19,3,0,99.43,Medium
PO_000180,SUP_008,FAB_002,14531,12.75,185270.25,2025-05-24,2025-06-12,2025-06-14,19,21,2,0,97.08,Medium
PO_000181,SUP_021,FAB_003,6657,17.73,118028.61,2024-08-21,2024-09-10,2024-09-14,20,24,4,0,91.95,Medium
PO_000182,SUP_021,FAB_003,6690,17.73,118613.7,2025-09-05,2025-09-25,2025-09-26,20,21,1,0,92.92,Medium
PO_000183,SUP_021,FAB_019,2992,17.9,53556.8,2024-05-19,2024-06-16,2024-06-17,28,29,1,0,88.98,Medium
PO_000184,SUP_012,FAB_023,6294,7.53,47393.82,2024-06-25,2024-07-20,2024-07-20,25,25,0,1,99.59,Low
PO_000185,SUP_010,FAB_011,10411,6.57,68400.27,2025-01-26,2025-02-10,2025-02-11,15,16,1,0,92.29,Medium
PO_000186,SUP_009,FAB_008,5638,14.7,82878.6,2025-05-01,2025-05-24,2025-05-27,23,26,3,0,97.17,Medium
PO_000187,SUP_008,FAB_011,4388,5.27,23124.76,2025-07-11,2025-08-01,2025-08-02,21,22,1,0,94.35,Medium
PO_000188,SUP_021,FAB_017,4370,10.83,47327.1,2024-04-16,2024-05-23,2024-05-29,37,43,6,0,97.97,Medium
PO_000189,SUP_002,FAB_004,517,7.87,4068.79,2024-02-28,2024-03-28,2024-03-30,29,31,2,0,88.37,Medium
PO_000190,SUP_014,FAB_001,15942,11.57,184448.94,2024-04-10,2024-05-08,2024-05-11,28,31,3,0,91.01,Medium
PO_000191,SUP_018,FAB_017,16721,11.15,186439.15,2025-08-25,2025-09-24,2025-09-27,30,33,3,0,92.58,Medium
PO_000192,SUP_003,FAB_018,3409,10.14,34567.26,2025-04-15,2025-05-11,2025-05-17,26,32,6,0,97.4,Medium
PO_000193,SUP_017,FAB_029,1284,9.81,12596.04,2025-05-08,2025-06-11,2025-06-15,34,38,4,0,99.53,Medium
PO_000194,SUP_012,FAB_026,12671,11.82,149771.22,2025-10-16,2025-11-02,2025-11-03,17,18,1,0,96.33,Medium
PO_000195,SUP_014,FAB_014,8024,17.09,137130.16,2025-03-15,2025-04-13,2025-04-16,29,32,3,0,88.25,Medium
PO_000196,SUP_007,FAB_026,18861,14.05,264997.05,2025-03-29,2025-04-14,2025-04-19,16,21,5,0,94.97,Medium
PO_000197,SUP_009,FAB_008,1208,14.7,17757.6,2024-05-15,2024-06-07,2024-06-08,23,24,1,0,100.0,Medium
PO_000198,SUP_007,FAB_016,17727,4.91,87039.57,2025-06-28,2025-07-24,2025-07-30,26,32,6,0,90.24,Medium
PO_000199,SUP_022,FAB_005,19729,7.26,143232.54,2025-05-12,2025-06-04,2025-06-08,23,27,4,0,100.0,Medium
PO_000200,SUP_025,FAB_012,15704,13.62,213888.48,2025-05-10,2025-05-28,2025-05-28,18,18,0,1,95.43,Low
PO_000201,SUP_009,FAB_025,16299,19.05,310495.95,2025-10-15,2025-11-02,2025-11-06,18,22,4,0,99.07,Medium
PO_000202,SUP_024,FAB_021,13710,11.96,163971.6,2025-04-26,2025-05-13,2025-05-13,17,17,0,1,87.15,Low
PO_000203,SUP_017,FAB_005,12388,6.39,79159.32,2024-02-20,2024-03-21,2024-03-25,30,34,4,0,89.65,Medium
PO_000204,SUP_003,FAB_025,11377,18.52,210702.04,2025-03-13,2025-04-15,2025-04-15,33,33,0,1,94.72,Low
PO_000205,SUP_018,FAB_011,16719,5.86,97973.34,2024-11-25,2024-12-23,2024-12-24,28,29,1,0,83.14,High
PO_000206,SUP_023,FAB_016,8130,5.8,47154.0,2025-10-15,2025-11-14,2025-11-17,30,33,3,0,93.16,Medium
PO_000207,SUP_002,FAB_027,12641,11.4,144107.4,2024-05-13,2024-06-13,2024-06-24,31,42,11,0,99.51,High
PO_000208,SUP_007,FAB_023,16546,6.79,112347.34,2024-10-23,2024-11-20,2024-11-26,28,34,6,0,96.39,Medium
PO_000209,SUP_014,FAB_017,11610,11.32,131425.2,2024-01-04,2024-02-02,2024-02-04,29,31,2,0,87.45,Medium
PO_000210,SUP_010,FAB_018,6838,11.86,81098.68,2025-01-30,2025-02-16,2025-02-17,17,18,1,0,95.62,Medium
PO_000211,SUP_004,FAB_022,7498,5.07,38014.86,2024-12-15,2025-01-04,2025-01-07,20,23,3,0,93.47,Medium
PO_000212,SUP_013,FAB_023,6919,6.49,44904.31,2024-07-05,2024-07-25,2024-07-31,20,26,6,0,94.58,Medium
PO_000213,SUP_021,FAB_010,10204,4.79,48877.16,2024-07-26,2024-09-03,2024-09-04,39,40,1,0,94.75,Medium
PO_000214,SUP_010,FAB_015,18849,12.31,232031.19,2024-09-24,2024-10-29,2024-11-09,35,46,11,0,84.81,High
PO_000215,SUP_021,FAB_021,10993,13.21,145217.53,2025-04-13,2025-04-29,2025-04-30,16,17,1,0,95.92,Medium
PO_000216,SUP_003,FAB_014,4330,19.82,85820.6,2024-04-07,2024-04-30,2024-05-08,23,31,8,0,90.02,High
PO_000217,SUP_024,FAB_029,13102,9.81,128530.62,2024-07-13,2024-08-08,2024-08-12,26,30,4,0,89.56,Medium
PO_000218,SUP_012,FAB_022,15943,4.72,75250.96,2025-10-27,2025-11-23,2025-11-26,27,30,3,0,95.26,Medium
PO_000219,SUP_023,FAB_007,2317,8.16,18906.72,2025-10-25,2025-11-16,2025-11-23,22,29,7,0,93.84,Medium
PO_000220,SUP_002,FAB_003,8459,16.83,142364.97,2025-08-11,2025-09-02,2025-09-04,22,24,2,0,96.34,Medium
PO_000221,SUP_015,FAB_006,11901,15.2,180895.2,2024-09-14,2024-10-12,2024-10-23,28,39,11,0,93.2,High
PO_000222,SUP_005,FAB_019,16928,16.25,275080.0,2024-07-21,2024-08-17,2024-08-17,27,27,0,1,97.48,Low
PO_000223,SUP_025,FAB_006,6304,16.41,103448.64,2025-10-11,2025-10-28,2025-10-28,17,17,0,1,96.16,Low
PO_000224,SUP_001,FAB_018,10679,11.04,117896.16,2025-08-07,2025-08-25,2025-08-25,18,18,0,1,100.0,Low
PO_000225,SUP_019,FAB_015,5488,14.82,81332.16,2024-07-29,2024-08-26,2024-08-30,28,32,4,0,85.39,Medium
PO_000226,SUP_019,FAB_015,14440,14.82,214000.8,2025-04-02,2025-04-30,2025-05-07,28,35,7,0,89.23,Medium
PO_000227,SUP_021,FAB_007,19283,7.73,149057.59,2024-01-10,2024-02-14,2024-02-14,35,35,0,1,100.0,Low
PO_000228,SUP_001,FAB_004,17910,7.06,126444.6,2024-06-13,2024-07-06,2024-07-08,23,25,2,0,96.0,Medium
PO_000229,SUP_002,FAB_025,3793,18.91,71725.63,2024-03-13,2024-04-08,2024-04-08,26,26,0,1,98.87,Low
PO_000230,SUP_017,FAB_015,6432,14.49,93199.68,2025-03-27,2025-04-18,2025-04-28,22,32,10,0,93.96,High
PO_000231,SUP_001,FAB_007,5384,8.25,44418.0,2025-08-29,2025-10-03,2025-10-03,35,35,0,1,98.35,Low
PO_000232,SUP_011,FAB_027,7197,11.21,80678.37,2025-08-08,2025-09-04,2025-09-06,27,29,2,0,97.64,Medium
PO_000233,SUP_014,FAB_018,8750,11.55,101062.5,2024-05-01,2024-06-09,2024-07-02,39,62,23,0,89.35,High
PO_000234,SUP_025,FAB_005,10297,6.69,68886.93,2025-01-26,2025-02-16,2025-02-17,21,22,1,0,100.0,Medium
PO_000235,SUP_012,FAB_026,5348,11.82,63213.36,2025-04-04,2025-04-21,2025-04-21,17,17,0,1,97.78,Low
PO_000236,SUP_020,FAB_027,13825,10.12,139909.0,2024-02-15,2024-03-07,2024-03-08,21,22,1,0,89.03,Medium
PO_000237,SUP_006,FAB_014,5975,16.46,98348.5,2025-07-19,2025-08-08,2025-08-12,20,24,4,0,91.6,Medium
PO_000238,SUP_020,FAB_009,514,9.98,5129.72,2025-11-30,2025-12-17,2025-12-18,17,18,1,0,90.42,Medium
PO_000239,SUP_005,FAB_007,10466,7.27,76087.82,2024-07-21,2024-08-11,2024-08-11,21,21,0,1,93.77,Low
PO_000240,SUP_022,FAB_021,1149,13.91,15982.59,2025-02-07,2025-03-01,2025-03-05,22,26,4,0,93.89,Medium
PO_000241,SUP_018,FAB_008,13707,14.6,200122.2,2024-08-29,2024-09-14,2024-09-15,16,17,1,0,93.5,Medium
PO_000242,SUP_021,FAB_010,17171,4.79,82249.09,2024-03-08,2024-04-16,2024-04-23,39,46,7,0,95.24,Medium
PO_000243,SUP_006,FAB_018,16679,11.78,196478.62,2025-04-11,2025-05-18,2025-05-20,37,39,2,0,95.03,Medium
PO_000244,SUP_012,FAB_027,18289,12.77,233550.53,2024-03-05,2024-04-09,2024-04-10,35,36,1,0,97.37,Medium
PO_000245,SUP_007,FAB_023,16067,6.79,109094.93,2024-01-22,2024-02-19,2024-02-29,28,38,10,0,90.13,High
PO_000246,SUP_008,FAB_006,7255,16.71,121231.05,2025-11-28,2026-01-03,2026-01-04,36,37,1,0,98.79,Medium
PO_000247,SUP_023,FAB_019,3559,15.67,55769.53,2024-09-20,2024-10-06,2024-10-08,16,18,2,0,95.17,Medium
PO_000248,SUP_022,FAB_011,12367,6.02,74449.34,2024-03-20,2024-04-03,2024-04-03,14,14,0,1,100.0,Low
PO_000249,SUP_021,FAB_010,16943,4.79,81156.97,2025-10-17,2025-11-25,2025-11-26,39,40,1,0,90.31,Medium
PO_000250,SUP_013,FAB_010,19627,5.1,100097.7,2024-03-30,2024-04-26,2024-04-26,27,27,0,1,88.9,Low
PO_000251,SUP_018,FAB_012,14462,13.73,198563.26,2025-07-08,2025-08-10,2025-08-12,33,35,2,0,99.18,Medium
PO_000252,SUP_006,FAB_014,14304,16.46,235443.84,2025-05-06,2025-05-26,2025-06-03,20,28,8,0,95.75,High
PO_000253,SUP_019,FAB_003,12947,16.33,211424.51,2025-05-17,2025-06-14,2025-06-30,28,44,16,0,96.41,High
PO_000254,SUP_007,FAB_002,3369,15.33,51646.77,2024-08-22,2024-09-06,2024-09-10,15,19,4,0,90.7,Medium
PO_000255,SUP_017,FAB_013,4608,11.71,53959.68,2024-12-29,2025-02-04,2025-02-10,37,43,6,0,92.44,Medium
PO_000256,SUP_023,FAB_018,13646,12.17,166071.82,2024-06-19,2024-07-16,2024-08-16,27,58,31,0,91.46,High
PO_000257,SUP_013,FAB_021,5268,12.18,64164.24,2025-06-22,2025-07-24,2025-07-27,32,35,3,0,91.83,Medium
PO_000258,SUP_017,FAB_015,19716,14.49,285684.84,2024-05-16,2024-06-07,2024-06-11,22,26,4,0,97.44,Medium
PO_000259,SUP_021,FAB_010,8359,4.79,40039.61,2025-11-08,2025-12-17,2025-12-20,39,42,3,0,96.59,Medium
PO_000260,SUP_015,FAB_021,16387,13.5,221224.5,2024-03-06,2024-03-30,2024-04-04,24,29,5,0,97.93,Medium
PO_000261,SUP_013,FAB_015,1792,13.25,23744.0,2025-02-06,2025-03-14,2025-03-14,36,36,0,1,89.97,Low
PO_000262,SUP_002,FAB_022,559,5.07,2834.13,2024-08-12,2024-09-05,2024-09-09,24,28,4,0,99.22,Medium
PO_000263,SUP_011,FAB_021,10006,13.4,134080.4,2025-09-02,2025-10-11,2025-10-12,39,40,1,0,91.09,Medium
PO_000264,SUP_019,FAB_010,5839,4.57,26684.23,2024-11-19,2024-12-19,2024-12-19,30,30,0,1,95.08,Low
PO_000265,SUP_020,FAB_009,18648,9.98,186107.04,2024-08-09,2024-08-26,2024-08-28,17,19,2,0,91.09,Medium
PO_000266,SUP_022,FAB_011,19402,6.02,116800.04,2024-05-05,2024-05-19,2024-05-20,14,15,1,0,96.41,Medium
PO_000267,SUP_024,FAB_021,17571,11.96,210149.16,2024-02-01,2024-02-18,2024-02-28,17,27,10,0,88.7,High
PO_000268,SUP_013,FAB_026,16385,11.83,193834.55,2024-08-26,2024-09-27,2024-10-02,32,37,5,0,93.65,Medium
PO_000269,SUP_014,FAB_011,4879,6.09,29713.11,2024-02-18,2024-03-12,2024-03-12,23,23,0,1,94.06,Low
PO_000270,SUP_021,FAB_015,18911,15.16,286690.76,2024-01-31,2024-02-22,2024-02-26,22,26,4,0,88.68,Medium
PO_000271,SUP_010,FAB_025,15669,19.23,301314.87,2024-03-23,2024-04-24,2024-04-28,32,36,4,0,92.05,Medium
PO_000272,SUP_017,FAB_020,8693,8.11,70500.23,2025-06-27,2025-07-23,2025-07-29,26,32,6,0,88.12,Medium
PO_000273,SUP_001,FAB_004,17956,7.06,126769.36,2025-11-04,2025-11-27,2025-11-28,23,24,1,0,96.93,Medium
PO_000274,SUP_013,FAB_016,10558,5.34,56379.72,2025-02-27,2025-03-14,2025-03-22,15,23,8,0,95.52,High
PO_000275,SUP_009,FAB_010,14355,5.01,71918.55,2024-01-23,2024-02-16,2024-02-16,24,24,0,1,95.02,Low
PO_000276,SUP_004,FAB_002,14475,12.42,179779.5,2024-03-30,2024-04-16,2024-04-23,17,24,7,0,86.54,Medium
PO_000277,SUP_010,FAB_006,5803,16.62,96445.86,2024-10-04,2024-11-09,2024-11-11,36,38,2,0,89.8,Medium
PO_000278,SUP_002,FAB_004,1491,7.87,11734.17,2024-12-10,2025-01-08,2025-01-08,29,29,0,1,94.35,Low
PO_000279,SUP_007,FAB_028,13805,17.07,235651.35,2025-05-29,2025-06-19,2025-06-25,21,27,6,0,95.65,Medium
PO_000280,SUP_006,FAB_026,15799,12.79,202069.21,2025-01-21,2025-02-06,2025-02-11,16,21,5,0,88.19,Medium
PO_000281,SUP_023,FAB_016,1355,5.8,7859.0,2025-09-20,2025-10-20,2025-10-26,30,36,6,0,91.21,Medium
PO_000282,SUP_006,FAB_014,8850,16.46,145671.0,2025-04-26,2025-05-16,2025-05-16,20,20,0,1,95.72,Low
PO_000283,SUP_023,FAB_022,10602,5.21,55236.42,2024-06-12,2024-07-12,2024-07-21,30,39,9,0,85.94,High
PO_000284,SUP_020,FAB_030,7252,15.13,109722.76,2025-11-12,2025-12-01,2025-12-07,19,25,6,0,90.03,Medium
PO_000285,SUP_019,FAB_019,681,14.46,9847.26,2025-01-24,2025-02-24,2025-02-25,31,32,1,0,93.21,Medium
PO_000286,SUP_018,FAB_017,11910,11.15,132796.5,2024-09-20,2024-10-20,2024-10-21,30,31,1,0,92.17,Medium
PO_000287,SUP_004,FAB_015,14057,13.72,192862.04,2024-08-12,2024-09-05,2024-09-06,24,25,1,0,94.04,Medium
PO_000288,SUP_016,FAB_021,19076,13.4,255618.4,2025-01-19,2025-02-11,2025-02-11,23,23,0,1,99.39,Low
PO_000289,SUP_007,FAB_011,940,5.74,5395.6,2025-09-26,2025-11-01,2025-11-02,36,37,1,0,100.0,Medium
PO_000290,SUP_010,FAB_015,16067,12.31,197784.77,2025-08-14,2025-09-18,2025-10-01,35,48,13,0,92.51,High
PO_000291,SUP_020,FAB_010,11700,5.04,58968.0,2024-06-08,2024-07-08,2024-07-20,30,42,12,0,90.5,High
PO_000292,SUP_010,FAB_006,12355,16.62,205340.1,2024-12-30,2025-02-04,2025-02-11,36,43,7,0,92.01,Medium
PO_000293,SUP_002,FAB_030,6472,15.39,99604.08,2024-03-17,2024-04-23,2024-04-23,37,37,0,1,95.21,Low
PO_000294,SUP_024,FAB_021,10722,11.96,128235.12,2024-06-17,2024-07-04,2024-07-05,17,18,1,0,91.42,Medium
PO_000295,SUP_008,FAB_005,15447,6.91,106738.77,2025-06-04,2025-07-11,2025-07-13,37,39,2,0,97.38,Medium
PO_000296,SUP_017,FAB_007,12509,6.62,82809.58,2024-05-05,2024-05-26,2024-05-29,21,24,3,0,87.37,Medium
PO_000297,SUP_025,FAB_014,5568,17.33,96493.44,2024-11-18,2024-12-02,2024-12-02,14,14,0,1,100.0,Low
PO_000298,SUP_003,FAB_023,612,7.68,4700.16,2024-02-13,2024-02-27,2024-02-29,14,16,2,0,92.82,Medium
PO_000299,SUP_020,FAB_010,16211,5.04,81703.44,2024-04-29,2024-05-29,2024-06-14,30,46,16,0,94.0,High
PO_000300,SUP_006,FAB_010,1986,5.13,10188.18,2025-09-02,2025-09-28,2025-10-01,26,29,3,0,91.14,Medium
PO_000301,SUP_003,FAB_023,16829,7.68,129246.72,2024-06-13,2024-06-27,2024-06-28,14,15,1,0,91.64,Medium
PO_000302,SUP_007,FAB_002,17218,15.33,263951.94,2024-09-19,2024-10-04,2024-10-07,15,18,3,0,85.04,Medium
PO_000303,SUP_014,FAB_001,3125,11.57,36156.25,2025-05-21,2025-06-18,2025-06-28,28,38,10,0,94.01,High
PO_000304,SUP_005,FAB_016,8042,5.84,46965.28,2025-01-27,2025-02-24,2025-02-25,28,29,1,0,98.38,Medium
PO_000305,SUP_004,FAB_018,5314,12.22,64937.08,2025-05-30,2025-06-13,2025-06-14,14,15,1,0,98.02,Medium
PO_000306,SUP_015,FAB_007,2251,8.43,18975.93,2024-12-13,2025-01-20,2025-01-23,38,41,3,0,95.06,Medium
PO_000307,SUP_008,FAB_005,7493,6.91,51776.63,2025-11-27,2026-01-03,2026-01-03,37,37,0,1,96.05,Low
PO_000308,SUP_009,FAB_012,5153,11.07,57043.71,2024-11-05,2024-12-04,2024-12-07,29,32,3,0,98.37,Medium
PO_000309,SUP_020,FAB_009,6806,9.98,67923.88,2025-06-05,2025-06-22,2025-06-27,17,22,5,0,94.25,Medium
PO_000310,SUP_013,FAB_020,1855,8.4,15582.0,2024-02-22,2024-03-30,2024-04-03,37,41,4,0,93.6,Medium
PO_000311,SUP_025,FAB_016,10025,5.26,52731.5,2025-02-18,2025-03-05,2025-03-06,15,16,1,0,99.33,Medium
PO_000312,SUP_002,FAB_006,805,14.77,11889.85,2025-05-04,2025-05-31,2025-06-01,27,28,1,0,98.5,Medium
PO_000313,SUP_019,FAB_013,11820,12.25,144795.0,2025-10-07,2025-10-21,2025-10-21,14,14,0,1,98.04,Low
PO_000314,SUP_003,FAB_014,16822,19.82,333412.04,2024-04-12,2024-05-05,2024-05-08,23,26,3,0,98.39,Medium
PO_000315,SUP_024,FAB_029,19940,9.81,195611.4,2025-02-05,2025-03-03,2025-03-05,26,28,2,0,92.38,Medium
PO_000316,SUP_019,FAB_010,18260,4.57,83448.2,2025-03-03,2025-04-02,2025-04-05,30,33,3,0,85.43,Medium
PO_000317,SUP_011,FAB_015,4103,13.68,56129.04,2025-04-02,2025-05-01,2025-05-04,29,32,3,0,95.43,Medium
PO_000318,SUP_011,FAB_001,14106,9.83,138661.98,2025-04-04,2025-05-12,2025-05-15,38,41,3,0,100.0,Medium
PO_000319,SUP_007,FAB_028,1659,17.07,28319.13,2024-10-12,2024-11-02,2024-11-04,21,23,2,0,94.19,Medium
PO_000320,SUP_021,FAB_007,8130,7.73,62844.9,2025-09-17,2025-10-22,2025-10-22,35,35,0,1,94.61,Low
PO_000321,SUP_005,FAB_021,3715,11.74,43614.1,2024-08-04,2024-08-25,2024-08-25,21,21,0,1,99.31,Low
PO_000322,SUP_018,FAB_028,4897,16.57,81143.29,2024-10-25,2024-11-17,2024-11-19,23,25,2,0,100.0,Medium
PO_000323,SUP_009,FAB_010,14474,5.01,72514.74,2025-05-24,2025-06-17,2025-06-17,24,24,0,1,98.72,Low
PO_000324,SUP_018,FAB_017,13696,11.15,152710.4,2024-11-29,2024-12-29,2025-01-01,30,33,3,0,100.0,Medium
PO_000325,SUP_019,FAB_019,17122,14.46,247584.12,2024-03-24,2024-04-24,2024-04-27,31,34,3,0,97.93,Medium
PO_000326,SUP_001,FAB_017,15760,11.59,182658.4,2025-08-16,2025-09-20,2025-09-20,35,35,0,1,99.98,Low
PO_000327,SUP_002,FAB_005,19220,6.1,117242.0,2024-10-20,2024-11-18,2024-11-19,29,30,1,0,95.66,Medium
PO_000328,SUP_019,FAB_014,16911,19.06,322323.66,2025-08-15,2025-08-31,2025-09-06,16,22,6,0,93.63,Medium
PO_000329,SUP_020,FAB_027,10885,10.12,110156.2,2024-09-21,2024-10-12,2024-10-20,21,29,8,0,97.66,High
PO_000330,SUP_006,FAB_018,11769,11.78,138638.82,2025-10-06,2025-11-12,2025-11-14,37,39,2,0,86.75,Medium
PO_000331,SUP_005,FAB_012,9899,13.26,131260.74,2025-06-16,2025-07-13,2025-07-15,27,29,2,0,96.0,Medium
PO_000332,SUP_022,FAB_001,15406,9.5,146357.0,2025-09-19,2025-10-09,2025-10-09,20,20,0,1,95.52,Low
PO_000333,SUP_019,FAB_014,5467,19.06,104201.02,2024-12-04,2024-12-20,2024-12-21,16,17,1,0,90.42,Medium
PO_000334,SUP_022,FAB_021,7814,13.91,108692.74,2024-04-02,2024-04-24,2024-04-26,22,24,2,0,95.54,Medium
PO_000335,SUP_011,FAB_001,10679,9.83,104974.57,2024-03-18,2024-04-25,2024-04-25,38,38,0,1,93.42,Low
PO_000336,SUP_015,FAB_001,2577,11.17,28785.09,2024-05-21,2024-06-29,2024-07-04,39,44,5,0,94.95,Medium
PO_000337,SUP_022,FAB_023,9670,7.57,73201.9,2025-04-03,2025-04-25,2025-04-25,22,22,0,1,96.11,Low
PO_000338,SUP_013,FAB_016,18888,5.34,100861.92,2025-07-25,2025-08-09,2025-08-17,15,23,8,0,87.24,High
PO_000339,SUP_003,FAB_016,15209,4.92,74828.28,2024-09-29,2024-11-02,2024-11-04,34,36,2,0,91.19,Medium
PO_000340,SUP_023,FAB_017,19386,9.24,179126.64,2025-01-03,2025-02-09,2025-02-10,37,38,1,0,97.98,Medium
PO_000341,SUP_004,FAB_011,17714,6.56,116203.84,2025-02-02,2025-03-06,2025-03-14,32,40,8,0,92.14,High
PO_000342,SUP_001,FAB_004,14920,7.06,105335.2,2024-05-21,2024-06-13,2024-06-13,23,23,0,1,91.87,Low
PO_000343,SUP_012,FAB_026,7159,11.82,84619.38,2025-05-04,2025-05-21,2025-05-21,17,17,0,1,91.7,Low
PO_000344,SUP_022,FAB_025,17795,18.59,330809.05,2024-03-13,2024-04-02,2024-04-02,20,20,0,1,94.08,Low
PO_000345,SUP_021,FAB_010,3691,4.79,17679.89,2024-10-20,2024-11-28,2024-12-04,39,45,6,0,96.88,Medium
PO_000346,SUP_009,FAB_012,2654,11.07,29379.78,2024-04-13,2024-05-12,2024-05-13,29,30,1,0,94.87,Medium
PO_000347,SUP_009,FAB_010,3503,5.01,17550.03,2024-12-18,2025-01-11,2025-01-21,24,34,10,0,90.46,High
PO_000348,SUP_012,FAB_016,4437,5.69,25246.53,2025-06-10,2025-06-26,2025-06-27,16,17,1,0,92.85,Medium
PO_000349,SUP_014,FAB_001,9463,11.57,109486.91,2024-02-24,2024-03-23,2024-04-06,28,42,14,0,92.65,High
PO_000350,SUP_019,FAB_016,12935,5.34,69072.9,2024-07-31,2024-08-23,2024-08-23,23,23,0,1,91.77,Low
PO_000351,SUP_004,FAB_017,11155,11.49,128170.95,2024-02-02,2024-03-05,2024-03-07,32,34,2,0,90.81,Medium
PO_000352,SUP_020,FAB_030,17042,15.13,257845.46,2025-05-01,2025-05-20,2025-05-28,19,27,8,0,95.81,High
PO_000353,SUP_004,FAB_022,18751,5.07,95067.57,2025-03-07,2025-03-27,2025-03-27,20,20,0,1,94.88,Low
PO_000354,SUP_007,FAB_012,18918,10.96,207341.28,2025-03-24,2025-04-15,2025-04-18,22,25,3,0,94.21,Medium
PO_000355,SUP_001,FAB_007,17516,8.25,144507.0,2025-03-20,2025-04-24,2025-04-25,35,36,1,0,93.28,Medium
PO_000356,SUP_020,FAB_018,17259,10.58,182600.22,2025-09-27,2025-10-21,2025-10-23,24,26,2,0,92.69,Medium
PO_000357,SUP_010,FAB_029,11924,8.48,101115.52,2024-08-15,2024-08-30,2024-09-04,15,20,5,0,95.86,Medium
PO_000358,SUP_011,FAB_015,11908,13.68,162901.44,2024-11-25,2024-12-24,2024-12-25,29,30,1,0,98.15,Medium
PO_000359,SUP_022,FAB_015,11534,14.68,169319.12,2025-05-14,2025-06-17,2025-06-18,34,35,1,0,95.3,Medium
PO_000360,SUP_007,FAB_011,1180,5.74,6773.2,2025-10-27,2025-12-02,2025-12-02,36,36,0,1,92.94,Low
PO_000361,SUP_020,FAB_010,10793,5.04,54396.72,2025-09-05,2025-10-05,2025-10-07,30,32,2,0,91.68,Medium
PO_000362,SUP_010,FAB_016,8166,4.77,38951.82,2024-07-19,2024-08-08,2024-08-11,20,23,3,0,90.31,Medium
PO_000363,SUP_007,FAB_011,6921,5.74,39726.54,2024-01-10,2024-02-15,2024-02-29,36,50,14,0,95.61,High
PO_000364,SUP_008,FAB_006,19794,16.71,330757.74,2024-07-11,2024-08-16,2024-08-20,36,40,4,0,94.47,Medium
PO_000365,SUP_001,FAB_006,14178,18.61,263852.58,2025-04-11,2025-05-21,2025-05-22,40,41,1,0,93.77,Medium
PO_000366,SUP_002,FAB_004,14186,7.87,111643.82,2024-01-26,2024-02-24,2024-02-24,29,29,0,1,98.09,Low
PO_000367,SUP_021,FAB_014,15117,20.05,303095.85,2025-07-07,2025-07-30,2025-08-05,23,29,6,0,90.27,Medium
PO_000368,SUP_005,FAB_021,8250,11.74,96855.0,2025-03-19,2025-04-09,2025-04-09,21,21,0,1,97.69,Low
PO_000369,SUP_017,FAB_020,18503,8.11,150059.33,2024-06-30,2024-07-26,2024-07-27,26,27,1,0,93.62,Medium
PO_000370,SUP_003,FAB_022,10526,5.47,57577.22,2024-01-27,2024-02-27,2024-03-03,31,36,5,0,94.38,Medium
PO_000371,SUP_005,FAB_017,6786,10.84,73560.24,2025-02-16,2025-03-20,2025-03-22,32,34,2,0,99.21,Medium
PO_000372,SUP_009,FAB_019,18566,17.77,329917.82,2025-10-29,2025-11-20,2025-11-20,22,22,0,1,99.76,Low
PO_000373,SUP_015,FAB_002,7641,15.2,116143.2,2024-11-02,2024-12-11,2024-12-16,39,44,5,0,96.86,Medium
PO_000374,SUP_014,FAB_019,13791,16.12,222310.92,2025-11-12,2025-12-17,2026-01-03,35,52,17,0,91.0,High
PO_000375,SUP_022,FAB_015,3864,14.68,56723.52,2025-02-22,2025-03-28,2025-03-31,34,37,3,0,98.66,Medium
PO_000376,SUP_019,FAB_013,5046,12.25,61813.5,2025-04-02,2025-04-16,2025-04-24,14,22,8,0,97.52,High
PO_000377,SUP_024,FAB_021,7923,11.96,94759.08,2025-11-23,2025-12-10,2025-12-16,17,23,6,0,94.9,Medium
PO_000378,SUP_013,FAB_013,1595,13.87,22122.65,2025-07-20,2025-08-09,2025-08-18,20,29,9,0,90.27,High
PO_000379,SUP_022,FAB_011,7120,6.02,42862.4,2025-11-30,2025-12-14,2025-12-15,14,15,1,0,94.16,Medium
PO_000380,SUP_010,FAB_024,3407,4.93,16796.51,2024-06-12,2024-07-11,2024-07-13,29,31,2,0,92.92,Medium
PO_000381,SUP_011,FAB_030,1038,15.43,16016.34,2025-09-27,2025-10-14,2025-10-15,17,18,1,0,94.94,Medium
PO_000382,SUP_022,FAB_025,13789,18.59,256337.51,2025-05-13,2025-06-02,2025-06-04,20,22,2,0,93.41,Medium
PO_000383,SUP_018,FAB_004,2593,7.39,19162.27,2024-09-26,2024-10-26,2024-10-28,30,32,2,0,94.73,Medium
PO_000384,SUP_019,FAB_014,12068,19.06,230016.08,2024-05-14,2024-05-30,2024-06-03,16,20,4,0,94.17,Medium
PO_000385,SUP_014,FAB_003,15039,14.68,220772.52,2024-08-21,2024-09-27,2024-10-01,37,41,4,0,84.15,High
PO_000386,SUP_018,FAB_014,4781,19.73,94329.13,2025-11-13,2025-12-02,2025-12-02,19,19,0,1,95.9,Low
PO_000387,SUP_023,FAB_024,14167,4.32,61201.44,2024-04-17,2024-05-18,2024-05-20,31,33,2,0,96.99,Medium
PO_000388,SUP_020,FAB_005,9565,6.02,57581.3,2024-03-21,2024-04-21,2024-04-26,31,36,5,0,93.02,Medium
PO_000389,SUP_008,FAB_002,3073,12.75,39180.75,2024-05-26,2024-06-14,2024-06-19,19,24,5,0,96.36,Medium
PO_000390,SUP_002,FAB_027,8547,11.4,97435.8,2025-03-19,2025-04-19,2025-04-21,31,33,2,0,92.38,Medium
PO_000391,SUP_022,FAB_005,7036,7.26,51081.36,2024-09-15,2024-10-08,2024-10-09,23,24,1,0,99.62,Medium
PO_000392,SUP_012,FAB_022,17383,4.72,82047.76,2024-08-03,2024-08-30,2024-08-31,27,28,1,0,95.19,Medium
PO_000393,SUP_019,FAB_019,9884,14.46,142922.64,2024-11-28,2024-12-29,2024-12-31,31,33,2,0,94.75,Medium
PO_000394,SUP_016,FAB_023,5470,6.9,37743.0,2025-05-10,2025-06-07,2025-06-07,28,28,0,1,97.08,Low
PO_000395,SUP_017,FAB_007,2189,6.62,14491.18,2025-03-07,2025-03-28,2025-03-31,21,24,3,0,89.45,Medium
PO_000396,SUP_001,FAB_025,5579,16.86,94061.94,2024-09-26,2024-10-23,2024-10-25,27,29,2,0,96.23,Medium
PO_000397,SUP_017,FAB_005,8543,6.39,54589.77,2024-09-08,2024-10-08,2024-10-08,30,30,0,1,86.02,Low
PO_000398,SUP_015,FAB_007,13644,8.43,115018.92,2024-12-18,2025-01-25,2025-01-29,38,42,4,0,93.66,Medium
PO_000399,SUP_017,FAB_017,8236,11.31,93149.16,2024-08-09,2024-09-04,2024-09-13,26,35,9,0,88.67,High
PO_000400,SUP_023,FAB_020,8446,8.76,73986.96,2025-09-05,2025-10-09,2025-10-19,34,44,10,0,89.08,High
PO_000401,SUP_023,FAB_006,983,14.79,14538.57,2025-11-20,2025-12-25,2025-12-25,35,35,0,1,90.72,Low
PO_000402,SUP_019,FAB_012,5667,12.38,70157.46,2025-09-03,2025-10-13,2025-10-14,40,41,1,0,93.62,Medium
PO_000403,SUP_007,FAB_002,13623,15.33,208840.59,2025-01-11,2025-01-26,2025-02-06,15,26,11,0,100.0,High
PO_000404,SUP_006,FAB_010,3495,5.13,17929.35,2024-11-05,2024-12-01,2024-12-07,26,32,6,0,97.3,Medium
PO_000405,SUP_021,FAB_015,14624,15.16,221699.84,2024-07-07,2024-07-29,2024-08-01,22,25,3,0,97.43,Medium
PO_000406,SUP_024,FAB_020,4438,8.15,36169.7,2024-08-19,2024-09-22,2024-09-28,34,40,6,0,90.83,Medium
PO_000407,SUP_001,FAB_004,8020,7.06,56621.2,2025-01-30,2025-02-22,2025-02-22,23,23,0,1,94.15,Low
PO_000408,SUP_022,FAB_030,5750,18.31,105282.5,2024-04-22,2024-05-18,2024-05-18,26,26,0,1,96.8,Low
PO_000409,SUP_011,FAB_022,14099,5.56,78390.44,2025-08-04,2025-09-06,2025-09-08,33,35,2,0,96.8,Medium
PO_000410,SUP_019,FAB_024,11950,5.38,64291.0,2025-06-19,2025-07-03,2025-07-10,14,21,7,0,95.95,Medium
PO_000411,SUP_017,FAB_023,12598,7.59,95618.82,2024-11-22,2024-12-06,2024-12-08,14,16,2,0,95.36,Medium
PO_000412,SUP_005,FAB_017,13435,10.84,145635.4,2024-08-21,2024-09-22,2024-09-22,32,32,0,1,94.38,Low
PO_000413,SUP_014,FAB_001,19133,11.57,221368.81,2024-01-16,2024-02-13,2024-02-29,28,44,16,0,90.74,High
PO_000414,SUP_003,FAB_014,7735,19.82,153307.7,2025-10-16,2025-11-08,2025-11-13,23,28,5,0,91.08,Medium
PO_000415,SUP_008,FAB_002,7258,12.75,92539.5,2024-10-21,2024-11-09,2024-11-12,19,22,3,0,94.32,Medium
PO_000416,SUP_013,FAB_015,17267,13.25,228787.75,2024-06-06,2024-07-12,2024-07-13,36,37,1,0,91.72,Medium
PO_000417,SUP_004,FAB_002,13932,12.42,173035.44,2024-09-20,2024-10-07,2024-10-09,17,19,2,0,94.4,Medium
PO_000418,SUP_006,FAB_018,11430,11.78,134645.4,2024-06-29,2024-08-05,2024-08-05,37,37,0,1,88.1,Low
PO_000419,SUP_013,FAB_020,9489,8.4,79707.6,2024-01-16,2024-02-22,2024-02-26,37,41,4,0,89.28,Medium
PO_000420,SUP_014,FAB_001,1338,11.57,15480.66,2024-12-13,2025-01-10,2025-01-16,28,34,6,0,96.45,Medium
PO_000421,SUP_016,FAB_025,16267,19.48,316881.16,2024-08-07,2024-08-23,2024-08-28,16,21,5,0,96.05,Medium
PO_000422,SUP_005,FAB_026,12265,13.45,164964.25,2025-05-16,2025-06-23,2025-06-25,38,40,2,0,98.51,Medium
PO_000423,SUP_017,FAB_013,7504,11.71,87871.84,2025-11-07,2025-12-14,2025-12-26,37,49,12,0,89.11,High
PO_000424,SUP_017,FAB_021,16236,13.27,215451.72,2025-08-05,2025-09-02,2025-09-10,28,36,8,0,89.51,High
PO_000425,SUP_013,FAB_013,11136,13.87,154456.32,2024-05-11,2024-05-31,2024-06-02,20,22,2,0,93.16,Medium
PO_000426,SUP_015,FAB_002,15631,15.2,237591.2,2024-01-29,2024-03-08,2024-03-09,39,40,1,0,99.32,Medium
PO_000427,SUP_014,FAB_019,15723,16.12,253454.76,2025-09-29,2025-11-03,2025-11-07,35,39,4,0,99.6,Medium
PO_000428,SUP_022,FAB_007,11539,8.25,95196.75,2024-03-06,2024-04-04,2024-04-04,29,29,0,1,96.24,Low
PO_000429,SUP_012,FAB_026,11003,11.82,130055.46,2024-06-19,2024-07-06,2024-07-06,17,17,0,1,95.56,Low
PO_000430,SUP_020,FAB_030,15738,15.13,238115.94,2024-02-18,2024-03-08,2024-03-13,19,24,5,0,86.19,Medium
PO_000431,SUP_011,FAB_019,19295,15.83,305439.85,2025-06-05,2025-06-21,2025-06-21,16,16,0,1,98.39,Low
PO_000432,SUP_020,FAB_009,6047,9.98,60349.06,2025-10-06,2025-10-23,2025-11-05,17,30,13,0,91.01,High
PO_000433,SUP_004,FAB_002,8373,12.42,103992.66,2025-06-26,2025-07-13,2025-07-16,17,20,3,0,97.23,Medium
PO_000434,SUP_011,FAB_001,898,9.83,8827.34,2025-04-10,2025-05-18,2025-05-18,38,38,0,1,95.61,Low
PO_000435,SUP_023,FAB_022,16343,5.21,85147.03,2024-07-18,2024-08-17,2024-08-23,30,36,6,0,95.22,Medium
PO_000436,SUP_024,FAB_004,12516,7.78,97374.48,2025-07-22,2025-08-25,2025-08-25,34,34,0,1,91.13,Low
PO_000437,SUP_007,FAB_028,9296,17.07,158682.72,2025-03-01,2025-03-22,2025-03-26,21,25,4,0,88.95,Medium
PO_000438,SUP_008,FAB_011,15973,5.27,84177.71,2025-05-05,2025-05-26,2025-05-29,21,24,3,0,90.32,Medium
PO_000439,SUP_024,FAB_025,12305,19.85,244254.25,2025-04-24,2025-05-10,2025-05-13,16,19,3,0,93.65,Medium
PO_000440,SUP_015,FAB_012,13795,12.48,172161.6,2024-02-06,2024-03-11,2024-03-11,34,34,0,1,92.5,Low
PO_000441,SUP_002,FAB_005,4175,6.1,25467.5,2025-06-15,2025-07-14,2025-07-18,29,33,4,0,97.42,Medium
PO_000442,SUP_023,FAB_024,18904,4.32,81665.28,2025-02-20,2025-03-23,2025-03-23,31,31,0,1,98.55,Low
PO_000443,SUP_016,FAB_014,16630,20.14,334928.2,2025-07-23,2025-08-19,2025-08-27,27,35,8,0,97.77,High
PO_000444,SUP_007,FAB_019,6278,16.0,100448.0,2025-11-25,2026-01-04,2026-01-05,40,41,1,0,92.36,Medium
PO_000445,SUP_008,FAB_025,13835,16.9,233811.5,2024-12-05,2025-01-05,2025-01-09,31,35,4,0,99.27,Medium
PO_000446,SUP_002,FAB_003,2871,16.83,48318.93,2025-01-17,2025-02-08,2025-02-11,22,25,3,0,99.9,Medium
PO_000447,SUP_005,FAB_016,609,5.84,3556.56,2025-10-29,2025-11-26,2025-11-26,28,28,0,1,97.41,Low
PO_000448,SUP_015,FAB_002,12174,15.2,185044.8,2025-06-04,2025-07-13,2025-07-14,39,40,1,0,88.95,Medium
PO_000449,SUP_019,FAB_015,19971,14.82,295970.22,2024-09-10,2024-10-08,2024-10-15,28,35,7,0,91.13,Medium
PO_000450,SUP_015,FAB_024,11927,5.13,61185.51,2024-03-01,2024-03-19,2024-03-20,18,19,1,0,94.92,Medium
PO_000451,SUP_021,FAB_019,19469,17.9,348495.1,2025-10-11,2025-11-08,2025-11-12,28,32,4,0,95.16,Medium
PO_000452,SUP_015,FAB_001,7699,11.17,85997.83,2025-09-21,2025-10-30,2025-11-06,39,46,7,0,94.56,Medium
PO_000453,SUP_005,FAB_012,15746,13.26,208791.96,2024-04-17,2024-05-14,2024-05-15,27,28,1,0,98.7,Medium
PO_000454,SUP_024,FAB_021,3996,11.96,47792.16,2024-10-14,2024-10-31,2024-11-02,17,19,2,0,92.01,Medium
PO_000455,SUP_020,FAB_018,15158,10.58,160371.64,2025-04-18,2025-05-12,2025-05-20,24,32,8,0,92.05,High
PO_000456,SUP_005,FAB_014,13994,19.38,271203.72,2025-10-16,2025-11-17,2025-11-21,32,36,4,0,97.87,Medium
PO_000457,SUP_010,FAB_015,14561,12.31,179245.91,2025-06-12,2025-07-17,2025-07-26,35,44,9,0,90.55,High
PO_000458,SUP_021,FAB_019,10052,17.9,179930.8,2024-12-16,2025-01-13,2025-01-14,28,29,1,0,98.52,Medium
PO_000459,SUP_010,FAB_005,8991,6.79,61048.89,2025-11-17,2025-12-06,2025-12-19,19,32,13,0,96.45,High
PO_000460,SUP_013,FAB_024,6255,5.18,32400.9,2025-05-20,2025-06-18,2025-06-20,29,31,2,0,99.06,Medium
PO_000461,SUP_021,FAB_010,15840,4.79,75873.6,2024-05-18,2024-06-26,2024-06-27,39,40,1,0,91.24,Medium
PO_000462,SUP_016,FAB_009,6620,8.41,55674.2,2024-03-25,2024-05-02,2024-05-06,38,42,4,0,99.16,Medium
PO_000463,SUP_003,FAB_025,8925,18.52,165291.0,2024-10-03,2024-11-05,2024-11-09,33,37,4,0,99.0,Medium
PO_000464,SUP_006,FAB_018,10723,11.78,126316.94,2025-11-30,2026-01-06,2026-01-12,37,43,6,0,94.39,Medium
PO_000465,SUP_024,FAB_025,7192,19.85,142761.2,2025-07-06,2025-07-22,2025-07-22,16,16,0,1,94.29,Low
PO_000466,SUP_021,FAB_019,15977,17.9,285988.3,2024-11-08,2024-12-06,2024-12-06,28,28,0,1,100.0,Low
PO_000467,SUP_009,FAB_015,16591,13.73,227794.43,2024-12-11,2025-01-08,2025-01-13,28,33,5,0,94.96,Medium
PO_000468,SUP_018,FAB_015,3389,13.28,45005.92,2025-02-03,2025-02-18,2025-02-18,15,15,0,1,96.05,Low
PO_000469,SUP_006,FAB_010,6315,5.13,32395.95,2024-12-29,2025-01-24,2025-01-25,26,27,1,0,94.69,Medium
PO_000470,SUP_015,FAB_024,10507,5.13,53900.91,2025-04-18,2025-05-06,2025-05-14,18,26,8,0,100.0,High
PO_000471,SUP_003,FAB_028,3884,18.9,73407.6,2024-05-29,2024-06-13,2024-06-20,15,22,7,0,88.99,Medium
PO_000472,SUP_011,FAB_021,19535,13.4,261769.0,2025-09-29,2025-11-07,2025-11-08,39,40,1,0,92.9,Medium
PO_000473,SUP_014,FAB_017,7300,11.32,82636.0,2024-05-14,2024-06-12,2024-06-13,29,30,1,0,90.92,Medium
PO_000474,SUP_020,FAB_005,18076,6.02,108817.52,2025-09-24,2025-10-25,2025-10-31,31,37,6,0,91.83,Medium
PO_000475,SUP_012,FAB_016,18971,5.69,107944.99,2025-08-30,2025-09-15,2025-09-19,16,20,4,0,98.48,Medium
PO_000476,SUP_023,FAB_016,18355,5.8,106459.0,2025-10-23,2025-11-22,2025-11-30,30,38,8,0,87.69,High
PO_000477,SUP_009,FAB_009,3754,10.06,37765.24,2024-11-14,2024-12-23,2024-12-27,39,43,4,0,92.64,Medium
PO_000478,SUP_025,FAB_014,19750,17.33,342267.5,2024-12-18,2025-01-01,2025-01-04,14,17,3,0,97.66,Medium
PO_000479,SUP_009,FAB_025,6297,19.05,119957.85,2025-09-11,2025-09-29,2025-10-01,18,20,2,0,95.28,Medium
PO_000480,SUP_001,FAB_010,5134,5.36,27518.24,2024-10-09,2024-11-03,2024-11-04,25,26,1,0,100.0,Medium
PO_000481,SUP_002,FAB_006,16266,14.77,240248.82,2024-04-13,2024-05-10,2024-05-10,27,27,0,1,94.49,Low
PO_000482,SUP_001,FAB_018,19912,11.04,219828.48,2025-02-08,2025-02-26,2025-02-26,18,18,0,1,97.65,Low
PO_000483,SUP_002,FAB_023,651,7.36,4791.36,2024-10-20,2024-11-27,2024-11-27,38,38,0,1,100.0,Low
PO_000484,SUP_023,FAB_017,4581,9.24,42328.44,2025-04-08,2025-05-15,2025-05-16,37,38,1,0,94.42,Medium
PO_000485,SUP_016,FAB_029,14285,9.89,141278.65,2025-06-17,2025-07-05,2025-07-05,18,18,0,1,94.48,Low
PO_000486,SUP_004,FAB_014,10015,19.52,195492.8,2024-04-19,2024-05-09,2024-05-11,20,22,2,0,92.4,Medium
PO_000487,SUP_019,FAB_003,11416,16.33,186423.28,2024-03-08,2024-04-05,2024-04-06,28,29,1,0,91.27,Medium
PO_000488,SUP_006,FAB_007,15194,7.38,112131.72,2024-02-11,2024-03-02,2024-03-07,20,25,5,0,93.11,Medium
PO_000489,SUP_004,FAB_022,1490,5.07,7554.3,2024-01-20,2024-02-09,2024-02-09,20,20,0,1,100.0,Low
PO_000490,SUP_015,FAB_018,14177,12.21,173101.17,2025-09-23,2025-10-23,2025-10-25,30,32,2,0,94.8,Medium
PO_000491,SUP_007,FAB_028,13245,17.07,226092.15,2024-06-10,2024-07-01,2024-07-23,21,43,22,0,99.44,High
PO_000492,SUP_001,FAB_004,14508,7.06,102426.48,2025-06-09,2025-07-02,2025-07-02,23,23,0,1,97.21,Low
PO_000493,SUP_001,FAB_025,11729,16.86,197750.94,2024-12-20,2025-01-16,2025-01-16,27,27,0,1,95.2,Low
PO_000494,SUP_004,FAB_018,1223,12.22,14945.06,2025-06-06,2025-06-20,2025-06-21,14,15,1,0,95.69,Medium
PO_000495,SUP_003,FAB_010,10589,4.41,46697.49,2024-11-11,2024-11-26,2024-11-29,15,18,3,0,94.99,Medium
PO_000496,SUP_002,FAB_005,2570,6.1,15677.0,2024-01-10,2024-02-08,2024-02-14,29,35,6,0,94.38,Medium
PO_000497,SUP_008,FAB_002,4183,12.75,53333.25,2025-03-16,2025-04-04,2025-04-05,19,20,1,0,87.73,Medium
PO_000498,SUP_001,FAB_006,16708,18.61,310935.88,2024-06-20,2024-07-30,2024-07-30,40,40,0,1,97.96,Low
PO_000499,SUP_021,FAB_019,5683,17.9,101725.7,2024-05-14,2024-06-11,2024-06-12,28,29,1,0,95.41,Medium
PO_000500,SUP_019,FAB_010,3515,4.57,16063.55,2025-03-13,2025-04-12,2025-04-18,30,36,6,0,96.66,Medium
PO_000501,SUP_023,FAB_017,14703,9.24,135855.72,2024-12-15,2025-01-21,2025-02-14,37,61,24,0,89.46,High
PO_000502,SUP_007,FAB_028,9989,17.07,170512.23,2025-06-20,2025-07-11,2025-07-13,21,23,2,0,91.98,Medium
PO_000503,SUP_019,FAB_003,15810,16.33,258177.3,2025-06-09,2025-07-07,2025-07-11,28,32,4,0,89.96,Medium
PO_000504,SUP_013,FAB_015,13796,13.25,182797.0,2025-11-27,2026-01-02,2026-01-02,36,36,0,1,95.32,Low
PO_000505,SUP_012,FAB_017,9397,9.86,92654.42,2025-10-02,2025-10-30,2025-11-03,28,32,4,0,95.37,Medium
PO_000506,SUP_005,FAB_003,13728,17.05,234062.4,2024-12-16,2025-01-24,2025-01-26,39,41,2,0,97.52,Medium
PO_000507,SUP_018,FAB_005,18259,7.22,131829.98,2024-03-27,2024-05-05,2024-05-05,39,39,0,1,98.09,Low
PO_000508,SUP_021,FAB_019,12081,17.9,216249.9,2025-09-21,2025-10-19,2025-10-24,28,33,5,0,95.37,Medium
PO_000509,SUP_005,FAB_014,13170,19.38,255234.6,2025-02-11,2025-03-15,2025-03-17,32,34,2,0,99.39,Medium
PO_000510,SUP_015,FAB_010,18900,5.34,100926.0,2024-10-18,2024-11-02,2024-11-02,15,15,0,1,93.49,Low
PO_000511,SUP_009,FAB_005,5647,7.36,41561.92,2025-04-10,2025-05-06,2025-05-06,26,26,0,1,95.62,Low
PO_000512,SUP_006,FAB_008,1182,16.35,19325.7,2025-01-14,2025-02-22,2025-03-01,39,46,7,0,99.6,Medium
PO_000513,SUP_010,FAB_015,13097,12.31,161224.07,2024-06-23,2024-07-28,2024-08-10,35,48,13,0,88.85,High
PO_000514,SUP_022,FAB_015,5678,14.68,83353.04,2024-11-23,2024-12-27,2024-12-29,34,36,2,0,92.7,Medium
PO_000515,SUP_006,FAB_008,10269,16.35,167898.15,2025-04-21,2025-05-30,2025-06-01,39,41,2,0,98.14,Medium
PO_000516,SUP_016,FAB_009,1709,8.41,14372.69,2025-04-07,2025-05-15,2025-05-17,38,40,2,0,89.11,Medium
PO_000517,SUP_019,FAB_003,12431,16.33,202998.23,2025-08-01,2025-08-29,2025-09-03,28,33,5,0,90.37,Medium
PO_000518,SUP_010,FAB_022,16942,5.48,92842.16,2024-08-27,2024-09-13,2024-09-20,17,24,7,0,89.71,Medium
PO_000519,SUP_009,FAB_008,11067,14.7,162684.9,2024-05-12,2024-06-04,2024-06-08,23,27,4,0,99.71,Medium
PO_000520,SUP_009,FAB_001,10988,10.99,120758.12,2025-04-21,2025-05-24,2025-05-25,33,34,1,0,100.0,Medium
PO_000521,SUP_010,FAB_015,17954,12.31,221013.74,2025-08-26,2025-09-30,2025-10-05,35,40,5,0,92.94,Medium
PO_000522,SUP_022,FAB_025,835,18.59,15522.65,2025-02-17,2025-03-09,2025-03-09,20,20,0,1,94.69,Low
PO_000523,SUP_004,FAB_014,14270,19.52,278550.4,2025-11-18,2025-12-08,2025-12-16,20,28,8,0,93.58,High
PO_000524,SUP_010,FAB_005,6071,6.79,41222.09,2024-12-06,2024-12-25,2024-12-25,19,19,0,1,94.94,Low
PO_000525,SUP_010,FAB_025,19227,19.23,369735.21,2025-11-02,2025-12-04,2025-12-11,32,39,7,0,88.41,Medium
PO_000526,SUP_012,FAB_022,11328,4.72,53468.16,2025-06-13,2025-07-10,2025-07-12,27,29,2,0,99.34,Medium
PO_000527,SUP_020,FAB_030,5270,15.13,79735.1,2025-10-29,2025-11-17,2025-11-22,19,24,5,0,95.07,Medium
PO_000528,SUP_014,FAB_003,3326,14.68,48825.68,2024-09-19,2024-10-26,2024-10-29,37,40,3,0,92.93,Medium
PO_000529,SUP_017,FAB_023,7258,7.59,55088.22,2024-02-14,2024-02-28,2024-02-28,14,14,0,1,92.59,Low
PO_000530,SUP_008,FAB_028,17061,16.49,281335.89,2025-03-23,2025-04-18,2025-04-27,26,35,9,0,94.12,High
PO_000531,SUP_024,FAB_004,13151,7.78,102314.78,2025-08-03,2025-09-06,2025-09-12,34,40,6,0,94.18,Medium
PO_000532,SUP_025,FAB_012,7841,13.62,106794.42,2024-11-07,2024-11-25,2024-11-28,18,21,3,0,97.36,Medium
PO_000533,SUP_008,FAB_023,3567,6.73,24005.91,2025-05-13,2025-06-14,2025-06-16,32,34,2,0,93.19,Medium
PO_000534,SUP_023,FAB_024,9470,4.32,40910.4,2024-05-26,2024-06-26,2024-06-27,31,32,1,0,95.87,Medium
PO_000535,SUP_010,FAB_025,15680,19.23,301526.4,2025-08-09,2025-09-10,2025-09-16,32,38,6,0,95.1,Medium
PO_000536,SUP_006,FAB_001,16566,9.25,153235.5,2025-08-16,2025-09-20,2025-09-25,35,40,5,0,92.58,Medium
PO_000537,SUP_025,FAB_025,6019,17.52,105452.88,2024-12-29,2025-01-23,2025-01-23,25,25,0,1,97.87,Low
PO_000538,SUP_009,FAB_015,3883,13.73,53313.59,2025-09-23,2025-10-21,2025-10-25,28,32,4,0,93.46,Medium
PO_000539,SUP_013,FAB_010,18601,5.1,94865.1,2025-02-26,2025-03-25,2025-03-26,27,28,1,0,96.63,Medium
PO_000540,SUP_025,FAB_025,6476,17.52,113459.52,2025-04-20,2025-05-15,2025-05-18,25,28,3,0,97.31,Medium
PO_000541,SUP_006,FAB_010,18706,5.13,95961.78,2025-03-04,2025-03-30,2025-04-05,26,32,6,0,92.55,Medium
PO_000542,SUP_011,FAB_021,6306,13.4,84500.4,2025-08-23,2025-10-01,2025-10-01,39,39,0,1,93.14,Low
PO_000543,SUP_013,FAB_016,3517,5.34,18780.78,2024-12-03,2024-12-18,2024-12-26,15,23,8,0,94.17,High
PO_000544,SUP_023,FAB_006,18165,14.79,268660.35,2024-03-11,2024-04-15,2024-04-26,35,46,11,0,94.2,High
PO_000545,SUP_005,FAB_021,9973,11.74,117083.02,2025-05-21,2025-06-11,2025-06-11,21,21,0,1,100.0,Low
PO_000546,SUP_001,FAB_001,10420,9.92,103366.4,2024-11-22,2024-12-07,2024-12-10,15,18,3,0,94.69,Medium
PO_000547,SUP_021,FAB_021,15585,13.21,205877.85,2024-09-09,2024-09-25,2024-09-26,16,17,1,0,96.11,Medium
PO_000548,SUP_023,FAB_019,16339,15.67,256032.13,2024-09-19,2024-10-05,2024-10-11,16,22,6,0,100.0,Medium
PO_000549,SUP_019,FAB_010,9807,4.57,44817.99,2024-06-12,2024-07-12,2024-07-13,30,31,1,0,89.43,Medium
PO_000550,SUP_010,FAB_022,15223,5.48,83422.04,2024-12-26,2025-01-12,2025-01-20,17,25,8,0,93.61,High
PO_000551,SUP_013,FAB_015,2846,13.25,37709.5,2024-07-27,2024-09-01,2024-09-10,36,45,9,0,89.53,High
PO_000552,SUP_011,FAB_019,4037,15.83,63905.71,2024-02-03,2024-02-19,2024-02-21,16,18,2,0,90.76,Medium
PO_000553,SUP_020,FAB_004,3609,8.06,29088.54,2024-01-13,2024-02-05,2024-02-23,23,41,18,0,88.21,High
PO_000554,SUP_012,FAB_016,4166,5.69,23704.54,2024-02-26,2024-03-13,2024-03-13,16,16,0,1,97.38,Low
PO_000555,SUP_014,FAB_014,973,17.09,16628.57,2025-04-29,2025-05-28,2025-05-30,29,31,2,0,89.11,Medium
PO_000556,SUP_014,FAB_014,4223,17.09,72171.07,2025-03-03,2025-04-01,2025-04-06,29,34,5,0,94.53,Medium
PO_000557,SUP_013,FAB_024,7672,5.18,39740.96,2024-03-22,2024-04-20,2024-04-26,29,35,6,0,87.77,Medium
PO_000558,SUP_018,FAB_004,7958,7.39,58809.62,2024-03-15,2024-04-14,2024-04-14,30,30,0,1,95.52,Low
PO_000559,SUP_024,FAB_028,4305,18.15,78135.75,2024-07-20,2024-08-04,2024-08-06,15,17,2,0,92.84,Medium
PO_000560,SUP_006,FAB_018,11910,11.78,140299.8,2025-03-02,2025-04-08,2025-04-13,37,42,5,0,94.21,Medium
PO_000561,SUP_002,FAB_019,15497,17.14,265618.58,2025-04-14,2025-05-04,2025-05-08,20,24,4,0,95.84,Medium
PO_000562,SUP_014,FAB_017,15954,11.32,180599.28,2024-03-05,2024-04-03,2024-04-05,29,31,2,0,90.84,Medium
PO_000563,SUP_024,FAB_026,2888,14.09,40691.92,2024-08-22,2024-09-30,2024-10-04,39,43,4,0,87.36,Medium
PO_000564,SUP_022,FAB_001,7871,9.5,74774.5,2025-11-07,2025-11-27,2025-12-03,20,26,6,0,94.24,Medium
PO_000565,SUP_022,FAB_001,4849,9.5,46065.5,2024-02-29,2024-03-20,2024-03-27,20,27,7,0,95.05,Medium
PO_000566,SUP_011,FAB_011,8994,6.37,57291.78,2024-06-04,2024-06-30,2024-06-30,26,26,0,1,91.66,Low
PO_000567,SUP_015,FAB_009,18869,8.22,155103.18,2025-03-28,2025-05-03,2025-05-06,36,39,3,0,95.28,Medium
PO_000568,SUP_012,FAB_023,798,7.53,6008.94,2024-08-23,2024-09-17,2024-09-18,25,26,1,0,94.13,Medium
PO_000569,SUP_019,FAB_015,19250,14.82,285285.0,2025-01-30,2025-02-27,2025-03-03,28,32,4,0,90.73,Medium
PO_000570,SUP_018,FAB_024,12810,5.25,67252.5,2024-09-10,2024-09-26,2024-09-29,16,19,3,0,94.35,Medium
PO_000571,SUP_023,FAB_016,8156,5.8,47304.8,2024-06-04,2024-07-04,2024-07-07,30,33,3,0,92.08,Medium
PO_000572,SUP_023,FAB_017,13561,9.24,125303.64,2025-02-24,2025-04-02,2025-04-06,37,41,4,0,88.22,Medium
PO_000573,SUP_004,FAB_022,5154,5.07,26130.78,2024-01-19,2024-02-08,2024-02-08,20,20,0,1,91.42,Low
PO_000574,SUP_021,FAB_019,12654,17.9,226506.6,2024-05-28,2024-06-25,2024-06-29,28,32,4,0,94.17,Medium
PO_000575,SUP_004,FAB_002,12510,12.42,155374.2,2025-01-23,2025-02-09,2025-02-13,17,21,4,0,97.71,Medium
PO_000576,SUP_012,FAB_017,5520,9.86,54427.2,2024-05-10,2024-06-07,2024-06-17,28,38,10,0,97.14,High
PO_000577,SUP_019,FAB_019,19435,14.46,281030.1,2025-02-11,2025-03-14,2025-03-15,31,32,1,0,93.93,Medium
PO_000578,SUP_011,FAB_022,11414,5.56,63461.84,2024-03-23,2024-04-25,2024-04-26,33,34,1,0,96.88,Medium
PO_000579,SUP_007,FAB_018,11580,10.76,124600.8,2024-08-30,2024-09-16,2024-09-18,17,19,2,0,96.11,Medium
PO_000580,SUP_020,FAB_030,16423,15.13,248479.99,2024-05-24,2024-06-12,2024-06-16,19,23,4,0,93.03,Medium
PO_000581,SUP_012,FAB_026,17274,11.82,204178.68,2024-03-02,2024-03-19,2024-03-21,17,19,2,0,98.62,Medium
PO_000582,SUP_023,FAB_018,14282,12.17,173811.94,2025-10-31,2025-11-27,2025-12-04,27,34,7,0,92.14,Medium
PO_000583,SUP_007,FAB_004,3497,8.1,28325.7,2024-12-26,2025-01-11,2025-01-15,16,20,4,0,99.88,Medium
PO_000584,SUP_012,FAB_016,19206,5.69,109282.14,2024-04-18,2024-05-04,2024-05-07,16,19,3,0,97.9,Medium
PO_000585,SUP_001,FAB_017,13110,11.59,151944.9,2025-07-27,2025-08-31,2025-08-31,35,35,0,1,97.05,Low
PO_000586,SUP_017,FAB_007,14341,6.62,94937.42,2025-02-28,2025-03-21,2025-04-03,21,34,13,0,86.21,High
PO_000587,SUP_022,FAB_030,4242,18.31,77671.02,2024-05-10,2024-06-05,2024-06-06,26,27,1,0,100.0,Medium
PO_000588,SUP_007,FAB_011,18016,5.74,103411.84,2024-12-25,2025-01-30,2025-02-01,36,38,2,0,94.55,Medium
PO_000589,SUP_021,FAB_017,12666,10.83,137172.78,2025-11-29,2026-01-05,2026-01-07,37,39,2,0,97.04,Medium
PO_000590,SUP_018,FAB_005,2407,7.22,17378.54,2024-06-13,2024-07-22,2024-07-22,39,39,0,1,93.43,Low
PO_000591,SUP_013,FAB_023,19014,6.49,123400.86,2024-10-24,2024-11-13,2024-11-26,20,33,13,0,90.66,High
PO_000592,SUP_022,FAB_005,1734,7.26,12588.84,2025-02-27,2025-03-22,2025-03-23,23,24,1,0,96.33,Medium
PO_000593,SUP_022,FAB_025,5469,18.59,101668.71,2025-10-07,2025-10-27,2025-10-28,20,21,1,0,98.15,Medium
PO_000594,SUP_004,FAB_015,17006,13.72,233322.32,2025-09-14,2025-10-08,2025-10-09,24,25,1,0,95.55,Medium
PO_000595,SUP_022,FAB_020,17755,10.02,177905.1,2024-05-23,2024-06-20,2024-06-22,28,30,2,0,95.33,Medium
PO_000596,SUP_010,FAB_025,9181,19.23,176550.63,2024-02-04,2024-03-07,2024-03-07,32,32,0,1,96.28,Low
PO_000597,SUP_008,FAB_011,9278,5.27,48895.06,2024-06-03,2024-06-24,2024-06-26,21,23,2,0,86.77,Medium
PO_000598,SUP_002,FAB_022,12674,5.07,64257.18,2024-04-19,2024-05-13,2024-05-14,24,25,1,0,96.91,Medium
PO_000599,SUP_011,FAB_030,10538,15.43,162601.34,2025-09-12,2025-09-29,2025-09-29,17,17,0,1,95.25,Low
PO_000600,SUP_021,FAB_007,16475,7.73,127351.75,2024-09-28,2024-11-02,2024-11-05,35,38,3,0,100.0,Medium
PO_000601,SUP_001,FAB_006,13899,18.61,258660.39,2024-07-31,2024-09-09,2024-09-12,40,43,3,0,96.08,Medium
PO_000602,SUP_018,FAB_017,9217,11.15,102769.55,2025-08-10,2025-09-09,2025-09-10,30,31,1,0,97.13,Medium
PO_000603,SUP_002,FAB_005,15405,6.1,93970.5,2024-11-16,2024-12-15,2024-12-20,29,34,5,0,98.43,Medium
PO_000604,SUP_003,FAB_022,8040,5.47,43978.8,2024-12-02,2025-01-02,2025-01-02,31,31,0,1,93.28,Low
PO_000605,SUP_007,FAB_016,8457,4.91,41523.87,2025-04-13,2025-05-09,2025-05-17,26,34,8,0,91.2,High
PO_000606,SUP_018,FAB_007,9771,7.44,72696.24,2025-08-04,2025-09-10,2025-09-11,37,38,1,0,92.22,Medium
PO_000607,SUP_025,FAB_008,11362,13.68,155432.16,2024-05-08,2024-06-11,2024-06-13,34,36,2,0,100.0,Medium
PO_000608,SUP_013,FAB_025,12708,18.47,234716.76,2024-07-09,2024-08-09,2024-08-28,31,50,19,0,89.22,High
PO_000609,SUP_013,FAB_021,11674,12.18,142189.32,2025-03-17,2025-04-18,2025-04-25,32,39,7,0,93.46,Medium
PO_000610,SUP_019,FAB_014,920,19.06,17535.2,2025-06-07,2025-06-23,2025-07-01,16,24,8,0,90.03,High
PO_000611,SUP_003,FAB_022,17285,5.47,94548.95,2024-10-28,2024-11-28,2024-12-02,31,35,4,0,90.77,Medium
PO_000612,SUP_014,FAB_019,16508,16.12,266108.96,2025-11-05,2025-12-10,2025-12-15,35,40,5,0,92.63,Medium
PO_000613,SUP_005,FAB_026,589,13.45,7922.05,2025-05-12,2025-06-19,2025-06-22,38,41,3,0,99.96,Medium
PO_000614,SUP_013,FAB_026,3337,11.83,39476.71,2024-04-22,2024-05-24,2024-06-02,32,41,9,0,90.68,High
PO_000615,SUP_015,FAB_007,15687,8.43,132241.41,2025-02-07,2025-03-17,2025-03-20,38,41,3,0,96.7,Medium
PO_000616,SUP_006,FAB_008,7323,16.35,119731.05,2024-07-28,2024-09-05,2024-09-09,39,43,4,0,94.45,Medium
PO_000617,SUP_013,FAB_023,14693,6.49,95357.57,2025-01-22,2025-02-11,2025-02-18,20,27,7,0,96.65,Medium
PO_000618,SUP_003,FAB_028,3798,18.9,71782.2,2025-07-20,2025-08-04,2025-08-08,15,19,4,0,94.87,Medium
PO_000619,SUP_020,FAB_018,2625,10.58,27772.5,2025-01-11,2025-02-04,2025-02-06,24,26,2,0,86.7,Medium
PO_000620,SUP_004,FAB_014,2668,19.52,52079.36,2024-12-10,2024-12-30,2025-01-09,20,30,10,0,95.57,High
PO_000621,SUP_012,FAB_028,19759,16.72,330370.48,2024-10-28,2024-11-17,2024-11-17,20,20,0,1,98.82,Low
PO_000622,SUP_013,FAB_010,16178,5.1,82507.8,2024-05-28,2024-06-24,2024-06-29,27,32,5,0,82.99,High
PO_000623,SUP_015,FAB_008,18456,13.31,245649.36,2024-09-28,2024-10-15,2024-10-20,17,22,5,0,90.16,Medium
PO_000624,SUP_002,FAB_006,3434,14.77,50720.18,2024-07-03,2024-07-30,2024-07-30,27,27,0,1,92.14,Low
PO_000625,SUP_001,FAB_017,19182,11.59,222319.38,2024-11-23,2024-12-28,2024-12-30,35,37,2,0,97.48,Medium
PO_000626,SUP_025,FAB_008,17413,13.68,238209.84,2025-01-06,2025-02-09,2025-02-10,34,35,1,0,95.03,Medium
PO_000627,SUP_007,FAB_016,11399,4.91,55969.09,2025-11-24,2025-12-20,2025-12-28,26,34,8,0,96.41,High
PO_000628,SUP_001,FAB_007,7356,8.25,60687.0,2024-01-21,2024-02-25,2024-02-27,35,37,2,0,95.83,Medium
PO_000629,SUP_013,FAB_020,1241,8.4,10424.4,2024-03-14,2024-04-20,2024-04-22,37,39,2,0,89.98,Medium
PO_000630,SUP_021,FAB_007,19177,7.73,148238.21,2025-07-17,2025-08-21,2025-08-22,35,36,1,0,96.23,Medium
PO_000631,SUP_020,FAB_009,7375,9.98,73602.5,2025-02-15,2025-03-04,2025-03-11,17,24,7,0,90.7,Medium
PO_000632,SUP_019,FAB_015,6701,14.82,99308.82,2025-03-24,2025-04-21,2025-04-28,28,35,7,0,92.22,Medium
PO_000633,SUP_005,FAB_012,13397,13.26,177644.22,2024-01-29,2024-02-25,2024-03-01,27,32,5,0,94.52,Medium
PO_000634,SUP_025,FAB_025,1580,17.52,27681.6,2024-12-12,2025-01-06,2025-01-07,25,26,1,0,92.52,Medium
PO_000635,SUP_020,FAB_030,17288,15.13,261567.44,2025-09-03,2025-09-22,2025-09-22,19,19,0,1,91.92,Low
PO_000636,SUP_017,FAB_015,10262,14.49,148696.38,2025-01-11,2025-02-02,2025-02-05,22,25,3,0,93.86,Medium
PO_000637,SUP_023,FAB_024,11995,4.32,51818.4,2024-03-19,2024-04-19,2024-04-25,31,37,6,0,90.97,Medium
PO_000638,SUP_015,FAB_010,13879,5.34,74113.86,2024-02-01,2024-02-16,2024-02-19,15,18,3,0,93.28,Medium
PO_000639,SUP_020,FAB_009,19299,9.98,192604.02,2024-03-11,2024-03-28,2024-04-03,17,23,6,0,90.29,Medium
PO_000640,SUP_014,FAB_011,3196,6.09,19463.64,2025-04-19,2025-05-12,2025-05-16,23,27,4,0,91.5,Medium
PO_000641,SUP_013,FAB_015,9588,13.25,127041.0,2025-09-16,2025-10-22,2025-10-26,36,40,4,0,92.29,Medium
PO_000642,SUP_019,FAB_002,7349,15.11,111043.39,2025-06-20,2025-07-21,2025-07-25,31,35,4,0,91.74,Medium
PO_000643,SUP_012,FAB_030,6236,15.33,95597.88,2024-07-16,2024-08-12,2024-08-14,27,29,2,0,95.2,Medium
PO_000644,SUP_010,FAB_011,5686,6.57,37357.02,2025-07-21,2025-08-05,2025-08-12,15,22,7,0,92.76,Medium
PO_000645,SUP_008,FAB_001,15339,9.4,144186.6,2024-04-06,2024-04-25,2024-04-27,19,21,2,0,94.63,Medium
PO_000646,SUP_004,FAB_014,11977,19.52,233791.04,2025-09-13,2025-10-03,2025-10-04,20,21,1,0,96.18,Medium
PO_000647,SUP_021,FAB_007,11890,7.73,91909.7,2024-12-28,2025-02-01,2025-02-04,35,38,3,0,94.86,Medium
PO_000648,SUP_011,FAB_020,8915,8.32,74172.8,2025-05-09,2025-06-17,2025-06-18,39,40,1,0,99.48,Medium
PO_000649,SUP_014,FAB_003,4192,14.68,61538.56,2025-05-11,2025-06-17,2025-06-20,37,40,3,0,100.0,Medium
PO_000650,SUP_022,FAB_007,11743,8.25,96879.75,2025-07-02,2025-07-31,2025-07-31,29,29,0,1,98.04,Low
PO_000651,SUP_020,FAB_006,10405,15.75,163878.75,2025-11-04,2025-11-19,2025-11-26,15,22,7,0,96.65,Medium
PO_000652,SUP_016,FAB_025,14909,19.48,290427.32,2024-02-20,2024-03-07,2024-03-07,16,16,0,1,97.38,Low
PO_000653,SUP_021,FAB_010,2954,4.79,14149.66,2025-08-15,2025-09-23,2025-09-25,39,41,2,0,95.34,Medium
PO_000654,SUP_020,FAB_010,16539,5.04,83356.56,2025-06-23,2025-07-23,2025-08-07,30,45,15,0,85.91,High
PO_000655,SUP_023,FAB_007,18493,8.16,150902.88,2024-04-17,2024-05-09,2024-05-15,22,28,6,0,92.22,Medium
PO_000656,SUP_025,FAB_008,3530,13.68,48290.4,2024-02-02,2024-03-07,2024-03-07,34,34,0,1,100.0,Low
PO_000657,SUP_019,FAB_012,19461,12.38,240927.18,2024-01-27,2024-03-07,2024-03-10,40,43,3,0,97.86,Medium
PO_000658,SUP_022,FAB_021,903,13.91,12560.73,2025-11-12,2025-12-04,2025-12-06,22,24,2,0,96.79,Medium
PO_000659,SUP_002,FAB_025,10531,18.91,199141.21,2024-07-24,2024-08-19,2024-08-25,26,32,6,0,95.75,Medium
PO_000660,SUP_007,FAB_026,8647,14.05,121490.35,2025-05-25,2025-06-10,2025-06-15,16,21,5,0,95.82,Medium
PO_000661,SUP_008,FAB_005,2478,6.91,17122.98,2025-01-26,2025-03-04,2025-03-09,37,42,5,0,91.06,Medium
PO_000662,SUP_022,FAB_025,2880,18.59,53539.2,2025-09-18,2025-10-08,2025-10-09,20,21,1,0,92.44,Medium
PO_000663,SUP_013,FAB_021,15192,12.18,185038.56,2025-07-09,2025-08-10,2025-08-14,32,36,4,0,92.34,Medium
PO_000664,SUP_016,FAB_029,15105,9.89,149388.45,2024-07-07,2024-07-25,2024-07-28,18,21,3,0,86.96,Medium
PO_000665,SUP_001,FAB_024,18683,4.4,82205.2,2024-06-26,2024-07-24,2024-07-24,28,28,0,1,96.35,Low
PO_000666,SUP_020,FAB_005,3693,6.02,22231.86,2025-04-12,2025-05-13,2025-05-21,31,39,8,0,90.2,High
PO_000667,SUP_005,FAB_026,9930,13.45,133558.5,2025-05-11,2025-06-18,2025-06-18,38,38,0,1,98.78,Low
PO_000668,SUP_005,FAB_021,16265,11.74,190951.1,2025-09-27,2025-10-18,2025-10-21,21,24,3,0,90.85,Medium
PO_000669,SUP_016,FAB_009,8264,8.41,69500.24,2024-08-15,2024-09-22,2024-09-28,38,44,6,0,98.4,Medium
PO_000670,SUP_017,FAB_021,13424,13.27,178136.48,2025-03-29,2025-04-26,2025-05-02,28,34,6,0,88.32,Medium
PO_000671,SUP_019,FAB_024,14611,5.38,78607.18,2024-03-31,2024-04-14,2024-04-23,14,23,9,0,89.66,High
PO_000672,SUP_015,FAB_001,4115,11.17,45964.55,2025-11-25,2026-01-03,2026-01-05,39,41,2,0,99.32,Medium
PO_000673,SUP_022,FAB_015,16879,14.68,247783.72,2025-08-23,2025-09-26,2025-09-26,34,34,0,1,100.0,Low
PO_000674,SUP_015,FAB_024,14198,5.13,72835.74,2024-04-28,2024-05-16,2024-05-19,18,21,3,0,100.0,Medium
PO_000675,SUP_024,FAB_020,13847,8.15,112853.05,2025-03-28,2025-05-01,2025-05-03,34,36,2,0,86.87,Medium
PO_000676,SUP_017,FAB_015,14604,14.49,211611.96,2025-01-20,2025-02-11,2025-03-12,22,51,29,0,92.42,High
PO_000677,SUP_015,FAB_001,16073,11.17,179535.41,2024-04-17,2024-05-26,2024-06-02,39,46,7,0,92.31,Medium
PO_000678,SUP_009,FAB_025,12205,19.05,232505.25,2025-04-27,2025-05-15,2025-05-16,18,19,1,0,96.65,Medium
PO_000679,SUP_001,FAB_006,3985,18.61,74160.85,2025-06-15,2025-07-25,2025-07-26,40,41,1,0,93.91,Medium
PO_000680,SUP_007,FAB_026,15553,14.05,218519.65,2024-05-02,2024-05-18,2024-05-26,16,24,8,0,91.85,High
PO_000681,SUP_003,FAB_018,18916,10.14,191808.24,2024-05-25,2024-06-20,2024-06-26,26,32,6,0,85.59,Medium
PO_000682,SUP_008,FAB_023,1992,6.73,13406.16,2024-05-04,2024-06-05,2024-06-07,32,34,2,0,97.7,Medium
PO_000683,SUP_011,FAB_001,14969,9.83,147145.27,2025-06-30,2025-08-07,2025-08-08,38,39,1,0,96.26,Medium
PO_000684,SUP_019,FAB_016,17325,5.34,92515.5,2024-08-27,2024-09-19,2024-09-28,23,32,9,0,91.57,High
PO_000685,SUP_025,FAB_014,16407,17.33,284333.31,2024-12-10,2024-12-24,2024-12-27,14,17,3,0,89.43,Medium
PO_000686,SUP_005,FAB_016,18457,5.84,107788.88,2025-05-16,2025-06-13,2025-06-13,28,28,0,1,97.46,Low
PO_000687,SUP_009,FAB_008,11213,14.7,164831.1,2024-11-04,2024-11-27,2024-11-28,23,24,1,0,100.0,Medium
PO_000688,SUP_015,FAB_007,10803,8.43,91069.29,2025-08-27,2025-10-04,2025-10-05,38,39,1,0,94.23,Medium
PO_000689,SUP_009,FAB_008,12800,14.7,188160.0,2024-03-28,2024-04-20,2024-04-21,23,24,1,0,90.98,Medium
PO_000690,SUP_007,FAB_026,18984,14.05,266725.2,2024-02-18,2024-03-05,2024-03-09,16,20,4,0,94.77,Medium
PO_000691,SUP_018,FAB_019,5674,15.93,90386.82,2024-06-21,2024-07-21,2024-07-26,30,35,5,0,92.82,Medium
PO_000692,SUP_016,FAB_009,16710,8.41,140531.1,2025-09-05,2025-10-13,2025-10-17,38,42,4,0,93.52,Medium
PO_000693,SUP_021,FAB_007,8559,7.73,66161.07,2024-11-01,2024-12-06,2024-12-09,35,38,3,0,96.28,Medium
PO_000694,SUP_005,FAB_026,14428,13.45,194056.6,2025-04-28,2025-06-05,2025-06-08,38,41,3,0,97.05,Medium
PO_000695,SUP_016,FAB_012,10407,13.37,139141.59,2025-06-17,2025-07-14,2025-07-18,27,31,4,0,99.31,Medium
PO_000696,SUP_011,FAB_001,17891,9.83,175868.53,2024-11-30,2025-01-07,2025-01-09,38,40,2,0,94.49,Medium
PO_000697,SUP_013,FAB_025,4263,18.47,78737.61,2025-07-10,2025-08-10,2025-08-11,31,32,1,0,92.59,Medium
PO_000698,SUP_004,FAB_011,17208,6.56,112884.48,2024-12-25,2025-01-26,2025-01-29,32,35,3,0,96.21,Medium
PO_000699,SUP_001,FAB_007,3375,8.25,27843.75,2024-07-11,2024-08-15,2024-08-15,35,35,0,1,97.06,Low
PO_000700,SUP_021,FAB_015,13062,15.16,198019.92,2024-08-14,2024-09-05,2024-09-06,22,23,1,0,96.91,Medium
PO_000701,SUP_020,FAB_009,14297,9.98,142684.06,2024-06-14,2024-07-01,2024-07-05,17,21,4,0,95.15,Medium
PO_000702,SUP_008,FAB_006,3044,16.71,50865.24,2024-08-06,2024-09-11,2024-09-13,36,38,2,0,89.13,Medium
PO_000703,SUP_010,FAB_016,16604,4.77,79201.08,2025-09-24,2025-10-14,2025-10-16,20,22,2,0,94.32,Medium
PO_000704,SUP_012,FAB_023,13396,7.53,100871.88,2025-09-17,2025-10-12,2025-10-13,25,26,1,0,100.0,Medium
PO_000705,SUP_003,FAB_025,7145,18.52,132325.4,2024-04-12,2024-05-15,2024-05-19,33,37,4,0,97.95,Medium
PO_000706,SUP_002,FAB_028,3670,16.61,60958.7,2025-05-17,2025-06-14,2025-06-14,28,28,0,1,97.81,Low
PO_000707,SUP_016,FAB_012,16186,13.37,216406.82,2024-07-22,2024-08-18,2024-08-23,27,32,5,0,96.39,Medium
PO_000708,SUP_007,FAB_019,10817,16.0,173072.0,2024-12-16,2025-01-25,2025-02-04,40,50,10,0,94.64,High
PO_000709,SUP_006,FAB_001,11862,9.25,109723.5,2025-03-07,2025-04-11,2025-04-13,35,37,2,0,89.79,Medium
PO_000710,SUP_022,FAB_007,8115,8.25,66948.75,2025-01-24,2025-02-22,2025-02-22,29,29,0,1,98.01,Low
PO_000711,SUP_007,FAB_018,19186,10.76,206441.36,2024-08-01,2024-08-18,2024-08-18,17,17,0,1,94.77,Low
PO_000712,SUP_015,FAB_012,8903,12.48,111109.44,2025-05-07,2025-06-10,2025-06-12,34,36,2,0,87.98,Medium
PO_000713,SUP_010,FAB_015,19229,12.31,236708.99,2025-11-21,2025-12-26,2026-01-01,35,41,6,0,90.51,Medium
PO_000714,SUP_014,FAB_014,9206,17.09,157330.54,2024-09-13,2024-10-12,2024-10-21,29,38,9,0,85.86,High
PO_000715,SUP_012,FAB_027,2131,12.77,27212.87,2024-07-17,2024-08-21,2024-08-23,35,37,2,0,94.45,Medium
PO_000716,SUP_015,FAB_002,7227,15.2,109850.4,2024-09-06,2024-10-15,2024-10-19,39,43,4,0,92.93,Medium
PO_000717,SUP_003,FAB_014,14188,19.82,281206.16,2025-04-09,2025-05-02,2025-05-04,23,25,2,0,92.89,Medium
PO_000718,SUP_018,FAB_024,1821,5.25,9560.25,2024-06-22,2024-07-08,2024-07-10,16,18,2,0,96.0,Medium
PO_000719,SUP_013,FAB_020,13110,8.4,110124.0,2024-04-14,2024-05-21,2024-05-21,37,37,0,1,85.43,Low
PO_000720,SUP_014,FAB_011,7121,6.09,43366.89,2025-05-26,2025-06-18,2025-06-19,23,24,1,0,91.33,Medium
PO_000721,SUP_011,FAB_030,13452,15.43,207564.36,2024-03-10,2024-03-27,2024-03-28,17,18,1,0,94.74,Medium
PO_000722,SUP_016,FAB_023,2525,6.9,17422.5,2024-08-17,2024-09-14,2024-09-19,28,33,5,0,90.22,Medium
PO_000723,SUP_001,FAB_018,11036,11.04,121837.44,2024-07-05,2024-07-23,2024-07-26,18,21,3,0,92.09,Medium
PO_000724,SUP_022,FAB_007,6676,8.25,55077.0,2025-10-03,2025-11-01,2025-11-01,29,29,0,1,94.87,Low
PO_000725,SUP_023,FAB_025,7537,20.24,152548.88,2024-03-24,2024-04-09,2024-04-20,16,27,11,0,89.3,High
PO_000726,SUP_013,FAB_021,847,12.18,10316.46,2025-05-20,2025-06-21,2025-06-27,32,38,6,0,96.56,Medium
PO_000727,SUP_003,FAB_018,6152,10.14,62381.28,2025-08-28,2025-09-23,2025-09-27,26,30,4,0,93.45,Medium
PO_000728,SUP_002,FAB_005,15839,6.1,96617.9,2024-01-01,2024-01-30,2024-02-01,29,31,2,0,96.03,Medium
PO_000729,SUP_011,FAB_019,4338,15.83,68670.54,2024-02-03,2024-02-19,2024-02-19,16,16,0,1,97.56,Low
PO_000730,SUP_015,FAB_018,8673,12.21,105897.33,2025-11-11,2025-12-11,2025-12-23,30,42,12,0,95.92,High
PO_000731,SUP_016,FAB_009,8237,8.41,69273.17,2025-06-10,2025-07-18,2025-07-26,38,46,8,0,94.92,High
PO_000732,SUP_016,FAB_029,19093,9.89,188829.77,2024-11-07,2024-11-25,2024-11-27,18,20,2,0,90.03,Medium
PO_000733,SUP_012,FAB_028,18460,16.72,308651.2,2024-01-24,2024-02-13,2024-02-13,20,20,0,1,92.98,Low
PO_000734,SUP_018,FAB_007,8306,7.44,61796.64,2025-05-01,2025-06-07,2025-06-10,37,40,3,0,97.22,Medium
PO_000735,SUP_002,FAB_025,6929,18.91,131027.39,2025-02-14,2025-03-12,2025-03-13,26,27,1,0,96.26,Medium
PO_000736,SUP_023,FAB_007,2669,8.16,21779.04,2024-01-06,2024-01-28,2024-02-02,22,27,5,0,93.23,Medium
PO_000737,SUP_005,FAB_007,3097,7.27,22515.19,2025-07-13,2025-08-03,2025-08-03,21,21,0,1,97.94,Low
PO_000738,SUP_003,FAB_006,2122,16.44,34885.68,2024-04-28,2024-05-25,2024-06-01,27,34,7,0,97.22,Medium
PO_000739,SUP_005,FAB_017,14413,10.84,156236.92,2024-05-27,2024-06-28,2024-07-02,32,36,4,0,97.19,Medium
PO_000740,SUP_014,FAB_018,5594,11.55,64610.7,2025-02-22,2025-04-02,2025-04-03,39,40,1,0,94.67,Medium
PO_000741,SUP_017,FAB_007,910,6.62,6024.2,2025-11-19,2025-12-10,2025-12-10,21,21,0,1,84.45,High
PO_000742,SUP_011,FAB_011,18642,6.37,118749.54,2024-03-28,2024-04-23,2024-04-25,26,28,2,0,95.51,Medium
PO_000743,SUP_015,FAB_012,19519,12.48,243597.12,2024-12-12,2025-01-15,2025-01-17,34,36,2,0,95.01,Medium
PO_000744,SUP_008,FAB_024,19818,4.27,84622.86,2025-07-21,2025-08-24,2025-08-24,34,34,0,1,95.69,Low
PO_000745,SUP_020,FAB_018,12528,10.58,132546.24,2024-04-20,2024-05-14,2024-05-22,24,32,8,0,93.72,High
PO_000746,SUP_005,FAB_030,17438,15.73,274299.74,2025-03-23,2025-04-14,2025-04-16,22,24,2,0,97.79,Medium
PO_000747,SUP_017,FAB_021,15255,13.27,202433.85,2025-02-01,2025-03-01,2025-03-20,28,47,19,0,93.1,High
PO_000748,SUP_011,FAB_019,13733,15.83,217393.39,2025-05-14,2025-05-30,2025-05-31,16,17,1,0,95.54,Medium
PO_000749,SUP_018,FAB_012,10353,13.73,142146.69,2025-08-07,2025-09-09,2025-09-11,33,35,2,0,94.03,Medium
PO_000750,SUP_017,FAB_007,11429,6.62,75659.98,2024-04-23,2024-05-14,2024-05-15,21,22,1,0,87.39,Medium
PO_000751,SUP_008,FAB_002,7541,12.75,96147.75,2024-10-04,2024-10-23,2024-10-23,19,19,0,1,94.73,Low
PO_000752,SUP_011,FAB_002,18864,14.61,275603.04,2024-12-16,2025-01-03,2025-01-04,18,19,1,0,92.43,Medium
PO_000753,SUP_010,FAB_021,18022,13.79,248523.38,2024-05-20,2024-06-29,2024-06-30,40,41,1,0,96.4,Medium
PO_000754,SUP_012,FAB_005,15523,7.19,111610.37,2025-10-10,2025-10-27,2025-10-27,17,17,0,1,92.53,Low
PO_000755,SUP_004,FAB_011,7746,6.56,50813.76,2024-05-17,2024-06-18,2024-06-19,32,33,1,0,90.42,Medium
PO_000756,SUP_009,FAB_009,7309,10.06,73528.54,2025-04-14,2025-05-23,2025-05-26,39,42,3,0,90.18,Medium
PO_000757,SUP_018,FAB_011,15096,5.86,88462.56,2025-03-07,2025-04-04,2025-04-07,28,31,3,0,94.78,Medium
PO_000758,SUP_009,FAB_009,18504,10.06,186150.24,2024-08-12,2024-09-20,2024-09-23,39,42,3,0,97.88,Medium
PO_000759,SUP_019,FAB_013,5907,12.25,72360.75,2025-02-19,2025-03-05,2025-03-11,14,20,6,0,89.38,Medium
PO_000760,SUP_011,FAB_020,18105,8.32,150633.6,2025-07-18,2025-08-26,2025-08-27,39,40,1,0,94.99,Medium
PO_000761,SUP_011,FAB_022,13673,5.56,76021.88,2024-06-25,2024-07-28,2024-07-28,33,33,0,1,95.33,Low
PO_000762,SUP_015,FAB_012,4481,12.48,55922.88,2025-08-12,2025-09-15,2025-09-16,34,35,1,0,91.78,Medium
PO_000763,SUP_010,FAB_018,9705,11.86,115101.3,2025-01-29,2025-02-15,2025-02-21,17,23,6,0,91.87,Medium
PO_000764,SUP_009,FAB_001,4355,10.99,47861.45,2024-03-06,2024-04-08,2024-04-11,33,36,3,0,90.29,Medium
PO_000765,SUP_007,FAB_028,1181,17.07,20159.67,2025-02-02,2025-02-23,2025-02-28,21,26,5,0,94.47,Medium
PO_000766,SUP_017,FAB_029,11699,9.81,114767.19,2024-01-10,2024-02-13,2024-02-17,34,38,4,0,89.51,Medium
PO_000767,SUP_023,FAB_020,18113,8.76,158669.88,2024-07-02,2024-08-05,2024-08-14,34,43,9,0,86.65,High
PO_000768,SUP_005,FAB_030,11954,15.73,188036.42,2025-04-14,2025-05-06,2025-05-07,22,23,1,0,95.49,Medium
PO_000769,SUP_014,FAB_001,6019,11.57,69639.83,2025-11-24,2025-12-22,2025-12-26,28,32,4,0,91.29,Medium
PO_000770,SUP_013,FAB_015,13488,13.25,178716.0,2025-09-17,2025-10-23,2025-10-26,36,39,3,0,93.41,Medium
PO_000771,SUP_019,FAB_013,14342,12.25,175689.5,2025-04-17,2025-05-01,2025-05-01,14,14,0,1,88.64,Low
PO_000772,SUP_003,FAB_023,15980,7.68,122726.4,2024-10-20,2024-11-03,2024-11-04,14,15,1,0,90.76,Medium
PO_000773,SUP_014,FAB_019,11361,16.12,183139.32,2025-03-05,2025-04-09,2025-04-11,35,37,2,0,84.33,High
PO_000774,SUP_007,FAB_016,11021,4.91,54113.11,2025-11-20,2025-12-16,2025-12-18,26,28,2,0,92.87,Medium
PO_000775,SUP_008,FAB_015,17038,13.41,228479.58,2025-08-23,2025-09-20,2025-09-24,28,32,4,0,86.5,Medium
PO_000776,SUP_007,FAB_002,18995,15.33,291193.35,2025-02-26,2025-03-13,2025-03-20,15,22,7,0,91.93,Medium
PO_000777,SUP_012,FAB_022,589,4.72,2780.08,2024-09-11,2024-10-08,2024-10-11,27,30,3,0,96.39,Medium
PO_000778,SUP_011,FAB_002,7233,14.61,105674.13,2024-12-21,2025-01-08,2025-01-08,18,18,0,1,97.46,Low
PO_000779,SUP_019,FAB_019,14746,14.46,213227.16,2024-07-25,2024-08-25,2024-09-05,31,42,11,0,93.39,High
PO_000780,SUP_012,FAB_008,8756,13.43,117593.08,2025-07-18,2025-08-22,2025-08-22,35,35,0,1,92.3,Low
PO_000781,SUP_020,FAB_018,7633,10.58,80757.14,2025-03-30,2025-04-23,2025-04-26,24,27,3,0,86.22,Medium
PO_000782,SUP_019,FAB_014,12726,19.06,242557.56,2024-06-19,2024-07-05,2024-07-10,16,21,5,0,93.92,Medium
PO_000783,SUP_012,FAB_028,8055,16.72,134679.6,2024-07-16,2024-08-05,2024-08-07,20,22,2,0,100.0,Medium
PO_000784,SUP_011,FAB_015,14420,13.68,197265.6,2025-08-29,2025-09-27,2025-09-29,29,31,2,0,95.17,Medium
PO_000785,SUP_020,FAB_004,15331,8.06,123567.86,2024-04-05,2024-04-28,2024-04-30,23,25,2,0,94.38,Medium
PO_000786,SUP_023,FAB_018,15144,12.17,184302.48,2024-10-15,2024-11-11,2024-11-14,27,30,3,0,93.06,Medium
PO_000787,SUP_002,FAB_028,12601,16.61,209302.61,2024-01-05,2024-02-02,2024-02-04,28,30,2,0,93.77,Medium
PO_000788,SUP_014,FAB_003,8047,14.68,118129.96,2024-08-15,2024-09-21,2024-09-26,37,42,5,0,86.3,Medium
PO_000789,SUP_006,FAB_010,11560,5.13,59302.8,2025-05-18,2025-06-13,2025-06-16,26,29,3,0,93.9,Medium
PO_000790,SUP_023,FAB_006,3199,14.79,47313.21,2025-05-19,2025-06-23,2025-06-23,35,35,0,1,91.45,Low
PO_000791,SUP_012,FAB_023,15538,7.53,117001.14,2024-05-31,2024-06-25,2024-06-26,25,26,1,0,90.03,Medium
PO_000792,SUP_021,FAB_015,14016,15.16,212482.56,2025-01-21,2025-02-12,2025-02-18,22,28,6,0,100.0,Medium
PO_000793,SUP_001,FAB_024,3678,4.4,16183.2,2025-02-05,2025-03-05,2025-03-06,28,29,1,0,99.83,Medium
PO_000794,SUP_004,FAB_022,9734,5.07,49351.38,2025-01-25,2025-02-14,2025-02-20,20,26,6,0,93.52,Medium
PO_000795,SUP_005,FAB_026,6418,13.45,86322.1,2024-07-03,2024-08-10,2024-08-10,38,38,0,1,96.92,Low
PO_000796,SUP_007,FAB_004,2546,8.1,20622.6,2024-12-14,2024-12-30,2024-12-31,16,17,1,0,100.0,Medium
PO_000797,SUP_008,FAB_015,14255,13.41,191159.55,2024-04-24,2024-05-22,2024-05-28,28,34,6,0,92.36,Medium
PO_000798,SUP_009,FAB_020,12114,8.32,100788.48,2025-09-13,2025-09-28,2025-09-30,15,17,2,0,88.46,Medium
PO_000799,SUP_015,FAB_007,19739,8.43,166399.77,2025-05-29,2025-07-06,2025-07-07,38,39,1,0,93.59,Medium
PO_000800,SUP_025,FAB_002,1651,14.8,24434.8,2025-10-18,2025-11-07,2025-11-07,20,20,0,1,93.33,Low
PO_000801,SUP_013,FAB_023,7745,6.49,50265.05,2025-05-19,2025-06-08,2025-06-10,20,22,2,0,89.32,Medium
PO_000802,SUP_014,FAB_009,12526,8.16,102212.16,2024-05-30,2024-06-18,2024-06-19,19,20,1,0,96.41,Medium
PO_000803,SUP_025,FAB_012,7753,13.62,105595.86,2024-02-28,2024-03-17,2024-03-19,18,20,2,0,92.1,Medium
PO_000804,SUP_010,FAB_025,8119,19.23,156128.37,2025-10-07,2025-11-08,2025-11-10,32,34,2,0,93.57,Medium
PO_000805,SUP_019,FAB_012,7314,12.38,90547.32,2024-03-19,2024-04-28,2024-04-28,40,40,0,1,92.06,Low
PO_000806,SUP_010,FAB_021,3586,13.79,49450.94,2024-01-26,2024-03-06,2024-03-11,40,45,5,0,97.66,Medium
PO_000807,SUP_015,FAB_021,5268,13.5,71118.0,2025-01-27,2025-02-20,2025-02-26,24,30,6,0,93.36,Medium
PO_000808,SUP_015,FAB_021,8755,13.5,118192.5,2024-07-22,2024-08-15,2024-08-21,24,30,6,0,92.66,Medium
PO_000809,SUP_016,FAB_025,4083,19.48,79536.84,2025-05-10,2025-05-26,2025-05-28,16,18,2,0,95.08,Medium
PO_000810,SUP_025,FAB_012,12568,13.62,171176.16,2025-06-29,2025-07-17,2025-07-18,18,19,1,0,98.82,Medium
PO_000811,SUP_003,FAB_022,5215,5.47,28526.05,2024-12-22,2025-01-22,2025-01-26,31,35,4,0,95.06,Medium
PO_000812,SUP_001,FAB_007,5204,8.25,42933.0,2024-07-03,2024-08-07,2024-08-08,35,36,1,0,94.35,Medium
PO_000813,SUP_024,FAB_026,5755,14.09,81087.95,2025-09-11,2025-10-20,2025-10-30,39,49,10,0,94.15,High
PO_000814,SUP_025,FAB_005,19043,6.69,127397.67,2024-03-09,2024-03-30,2024-03-31,21,22,1,0,95.27,Medium
PO_000815,SUP_004,FAB_019,4221,15.3,64581.3,2025-11-14,2025-12-10,2025-12-12,26,28,2,0,95.55,Medium
PO_000816,SUP_015,FAB_002,18011,15.2,273767.2,2024-10-02,2024-11-10,2024-11-13,39,42,3,0,91.34,Medium
PO_000817,SUP_017,FAB_013,2185,11.71,25586.35,2024-01-05,2024-02-11,2024-02-22,37,48,11,0,93.24,High
PO_000818,SUP_022,FAB_020,4897,10.02,49067.94,2025-01-03,2025-01-31,2025-02-02,28,30,2,0,99.93,Medium
PO_000819,SUP_004,FAB_015,5330,13.72,73127.6,2024-02-02,2024-02-26,2024-02-29,24,27,3,0,89.63,Medium
PO_000820,SUP_015,FAB_007,16685,8.43,140654.55,2024-09-30,2024-11-07,2024-11-18,38,49,11,0,95.11,High
PO_000821,SUP_008,FAB_023,6796,6.73,45737.08,2024-10-19,2024-11-20,2024-11-25,32,37,5,0,94.27,Medium
PO_000822,SUP_012,FAB_008,14741,13.43,197971.63,2024-10-05,2024-11-09,2024-11-09,35,35,0,1,94.46,Low
PO_000823,SUP_025,FAB_012,18051,13.62,245854.62,2025-10-26,2025-11-13,2025-11-18,18,23,5,0,99.72,Medium
PO_000824,SUP_018,FAB_007,4593,7.44,34171.92,2025-05-31,2025-07-07,2025-07-08,37,38,1,0,96.11,Medium
PO_000825,SUP_019,FAB_028,13802,16.65,229803.3,2025-06-23,2025-07-28,2025-07-30,35,37,2,0,91.71,Medium
PO_000826,SUP_013,FAB_024,8913,5.18,46169.34,2024-05-11,2024-06-09,2024-06-23,29,43,14,0,89.15,High
PO_000827,SUP_016,FAB_022,12220,5.51,67332.2,2025-02-11,2025-03-20,2025-03-21,37,38,1,0,96.57,Medium
PO_000828,SUP_006,FAB_008,7554,16.35,123507.9,2025-03-31,2025-05-09,2025-05-09,39,39,0,1,94.3,Low
PO_000829,SUP_009,FAB_008,19563,14.7,287576.1,2025-08-25,2025-09-17,2025-09-18,23,24,1,0,99.0,Medium
PO_000830,SUP_008,FAB_024,15608,4.27,66646.16,2024-08-29,2024-10-02,2024-10-07,34,39,5,0,87.55,Medium
PO_000831,SUP_012,FAB_016,18155,5.69,103301.95,2025-07-20,2025-08-05,2025-08-06,16,17,1,0,98.08,Medium
PO_000832,SUP_022,FAB_015,1185,14.68,17395.8,2024-12-29,2025-02-01,2025-02-04,34,37,3,0,90.42,Medium
PO_000833,SUP_005,FAB_030,6004,15.73,94442.92,2025-07-18,2025-08-09,2025-08-09,22,22,0,1,100.0,Low
PO_000834,SUP_017,FAB_005,11735,6.39,74986.65,2024-01-06,2024-02-05,2024-02-07,30,32,2,0,90.21,Medium
PO_000835,SUP_016,FAB_029,13865,9.89,137124.85,2024-12-22,2025-01-09,2025-01-17,18,26,8,0,95.32,High
PO_000836,SUP_010,FAB_015,13452,12.31,165594.12,2025-07-06,2025-08-10,2025-08-16,35,41,6,0,92.02,Medium
PO_000837,SUP_011,FAB_002,12921,14.61,188775.81,2024-11-19,2024-12-07,2024-12-08,18,19,1,0,100.0,Medium
PO_000838,SUP_006,FAB_015,4212,13.95,58757.4,2025-07-10,2025-07-27,2025-07-30,17,20,3,0,90.84,Medium
PO_000839,SUP_019,FAB_002,1131,15.11,17089.41,2024-05-08,2024-06-08,2024-06-10,31,33,2,0,93.04,Medium
PO_000840,SUP_008,FAB_028,9987,16.49,164685.63,2025-03-28,2025-04-23,2025-04-25,26,28,2,0,96.66,Medium
PO_000841,SUP_009,FAB_005,6042,7.36,44469.12,2024-08-12,2024-09-07,2024-09-09,26,28,2,0,95.3,Medium
PO_000842,SUP_011,FAB_021,5913,13.4,79234.2,2024-08-12,2024-09-20,2024-09-21,39,40,1,0,98.74,Medium
PO_000843,SUP_019,FAB_010,17469,4.57,79833.33,2025-06-29,2025-07-29,2025-07-31,30,32,2,0,90.25,Medium
PO_000844,SUP_015,FAB_021,15245,13.5,205807.5,2025-04-03,2025-04-27,2025-04-30,24,27,3,0,97.58,Medium
PO_000845,SUP_013,FAB_023,14344,6.49,93092.56,2025-08-11,2025-08-31,2025-09-04,20,24,4,0,95.77,Medium
PO_000846,SUP_008,FAB_001,8169,9.4,76788.6,2025-08-26,2025-09-14,2025-09-18,19,23,4,0,95.84,Medium
PO_000847,SUP_009,FAB_026,17405,14.0,243670.0,2024-02-28,2024-03-15,2024-03-19,16,20,4,0,92.53,Medium
PO_000848,SUP_009,FAB_012,13391,11.07,148238.37,2025-06-15,2025-07-14,2025-07-21,29,36,7,0,88.11,Medium
PO_000849,SUP_004,FAB_022,4887,5.07,24777.09,2024-03-08,2024-03-28,2024-03-29,20,21,1,0,84.35,High
PO_000850,SUP_008,FAB_025,7537,16.9,127375.3,2024-05-31,2024-07-01,2024-07-09,31,39,8,0,89.15,High
PO_000851,SUP_006,FAB_016,12419,4.91,60977.29,2024-12-02,2025-01-09,2025-01-13,38,42,4,0,92.53,Medium
PO_000852,SUP_024,FAB_025,2962,19.85,58795.7,2025-04-11,2025-04-27,2025-05-01,16,20,4,0,94.06,Medium
PO_000853,SUP_007,FAB_026,666,14.05,9357.3,2025-08-06,2025-08-22,2025-09-01,16,26,10,0,94.71,High
PO_000854,SUP_008,FAB_005,4498,6.91,31081.18,2025-01-05,2025-02-11,2025-02-13,37,39,2,0,95.09,Medium
PO_000855,SUP_017,FAB_013,19401,11.71,227185.71,2025-11-17,2025-12-24,2025-12-28,37,41,4,0,88.27,Medium
PO_000856,SUP_002,FAB_005,7634,6.1,46567.4,2024-03-08,2024-04-06,2024-04-10,29,33,4,0,99.58,Medium
PO_000857,SUP_015,FAB_006,13221,15.2,200959.2,2024-10-24,2024-11-21,2024-11-23,28,30,2,0,94.51,Medium
PO_000858,SUP_025,FAB_020,6846,9.52,65173.92,2025-04-19,2025-05-25,2025-05-25,36,36,0,1,98.65,Low
PO_000859,SUP_017,FAB_015,18183,14.49,263471.67,2024-03-02,2024-03-24,2024-04-04,22,33,11,0,91.76,High
PO_000860,SUP_007,FAB_026,17896,14.05,251438.8,2025-01-01,2025-01-17,2025-01-17,16,16,0,1,97.11,Low
PO_000861,SUP_009,FAB_012,1295,11.07,14335.65,2025-04-25,2025-05-24,2025-05-26,29,31,2,0,93.13,Medium
PO_000862,SUP_019,FAB_028,2204,16.65,36696.6,2025-10-30,2025-12-04,2025-12-17,35,48,13,0,92.44,High
PO_000863,SUP_009,FAB_026,1498,14.0,20972.0,2025-06-26,2025-07-12,2025-07-15,16,19,3,0,99.7,Medium
PO_000864,SUP_017,FAB_017,19679,11.31,222569.49,2024-09-20,2024-10-16,2024-10-21,26,31,5,0,93.14,Medium
PO_000865,SUP_017,FAB_005,2757,6.39,17617.23,2024-11-30,2024-12-30,2025-01-02,30,33,3,0,94.57,Medium
PO_000866,SUP_001,FAB_024,16692,4.4,73444.8,2024-07-07,2024-08-04,2024-08-05,28,29,1,0,94.71,Medium
PO_000867,SUP_006,FAB_008,5223,16.35,85396.05,2024-04-06,2024-05-15,2024-05-24,39,48,9,0,100.0,High
PO_000868,SUP_012,FAB_030,14299,15.33,219203.67,2025-09-22,2025-10-19,2025-10-20,27,28,1,0,97.48,Medium
PO_000869,SUP_002,FAB_006,6870,14.77,101469.9,2025-07-24,2025-08-20,2025-08-23,27,30,3,0,93.71,Medium
PO_000870,SUP_007,FAB_018,3736,10.76,40199.36,2025-11-18,2025-12-05,2025-12-05,17,17,0,1,85.71,Low
PO_000871,SUP_023,FAB_019,843,15.67,13209.81,2024-06-21,2024-07-07,2024-07-16,16,25,9,0,91.92,High
PO_000872,SUP_007,FAB_011,4477,5.74,25697.98,2024-01-25,2024-03-01,2024-03-05,36,40,4,0,92.6,Medium
PO_000873,SUP_020,FAB_006,5848,15.75,92106.0,2024-12-19,2025-01-03,2025-01-08,15,20,5,0,95.54,Medium
PO_000874,SUP_013,FAB_026,3396,11.83,40174.68,2025-06-18,2025-07-20,2025-07-26,32,38,6,0,88.58,Medium
PO_000875,SUP_013,FAB_023,10930,6.49,70935.7,2025-06-14,2025-07-04,2025-07-05,20,21,1,0,92.51,Medium
PO_000876,SUP_010,FAB_011,5795,6.57,38073.15,2024-08-21,2024-09-05,2024-09-12,15,22,7,0,92.8,Medium
PO_000877,SUP_019,FAB_024,16112,5.38,86682.56,2025-09-08,2025-09-22,2025-09-25,14,17,3,0,92.94,Medium
PO_000878,SUP_007,FAB_011,3782,5.74,21708.68,2025-07-19,2025-08-24,2025-08-25,36,37,1,0,94.5,Medium
PO_000879,SUP_005,FAB_014,12497,19.38,242191.86,2025-07-27,2025-08-28,2025-08-29,32,33,1,0,95.1,Medium
PO_000880,SUP_022,FAB_030,9061,18.31,165906.91,2025-03-16,2025-04-11,2025-04-11,26,26,0,1,91.9,Low
PO_000881,SUP_010,FAB_021,15587,13.79,214944.73,2025-06-14,2025-07-24,2025-08-02,40,49,9,0,90.64,High
PO_000882,SUP_018,FAB_015,9402,13.28,124858.56,2024-07-03,2024-07-18,2024-07-22,15,19,4,0,94.42,Medium
PO_000883,SUP_015,FAB_012,16300,12.48,203424.0,2024-06-11,2024-07-15,2024-07-20,34,39,5,0,97.44,Medium
PO_000884,SUP_001,FAB_018,3138,11.04,34643.52,2025-10-09,2025-10-27,2025-10-28,18,19,1,0,94.22,Medium
PO_000885,SUP_019,FAB_015,15239,14.82,225841.98,2025-10-17,2025-11-14,2025-11-17,28,31,3,0,93.46,Medium
PO_000886,SUP_013,FAB_010,17117,5.1,87296.7,2024-06-08,2024-07-05,2024-07-14,27,36,9,0,95.03,High
PO_000887,SUP_023,FAB_025,11700,20.24,236808.0,2024-02-15,2024-03-02,2024-03-04,16,18,2,0,100.0,Medium
PO_000888,SUP_013,FAB_024,15636,5.18,80994.48,2024-12-05,2025-01-03,2025-01-11,29,37,8,0,95.56,High
PO_000889,SUP_016,FAB_023,7753,6.9,53495.7,2024-06-20,2024-07-18,2024-07-21,28,31,3,0,88.65,Medium
PO_000890,SUP_018,FAB_005,821,7.22,5927.62,2025-11-14,2025-12-23,2025-12-25,39,41,2,0,93.14,Medium
PO_000891,SUP_013,FAB_013,17977,13.87,249340.99,2024-03-21,2024-04-10,2024-04-17,20,27,7,0,93.68,Medium
PO_000892,SUP_025,FAB_025,10762,17.52,188550.24,2025-09-08,2025-10-03,2025-10-04,25,26,1,0,92.62,Medium
PO_000893,SUP_001,FAB_025,7774,16.86,131069.64,2025-10-11,2025-11-07,2025-11-09,27,29,2,0,97.55,Medium
PO_000894,SUP_012,FAB_008,15933,13.43,213980.19,2024-07-31,2024-09-04,2024-09-04,35,35,0,1,97.06,Low
PO_000895,SUP_002,FAB_003,9270,16.83,156014.1,2024-02-19,2024-03-12,2024-03-17,22,27,5,0,100.0,Medium
PO_000896,SUP_022,FAB_025,4397,18.59,81740.23,2025-11-04,2025-11-24,2025-11-25,20,21,1,0,94.3,Medium
PO_000897,SUP_006,FAB_016,6973,4.91,34237.43,2024-08-26,2024-10-03,2024-10-07,38,42,4,0,98.75,Medium
PO_000898,SUP_013,FAB_015,12212,13.25,161809.0,2025-04-18,2025-05-24,2025-05-26,36,38,2,0,95.95,Medium
PO_000899,SUP_014,FAB_014,9750,17.09,166627.5,2025-10-24,2025-11-22,2025-11-24,29,31,2,0,94.66,Medium
PO_000900,SUP_023,FAB_007,14019,8.16,114395.04,2024-12-03,2024-12-25,2024-12-27,22,24,2,0,93.42,Medium
PO_000901,SUP_019,FAB_011,7321,5.61,41070.81,2025-03-04,2025-03-19,2025-03-20,15,16,1,0,92.95,Medium
PO_000902,SUP_023,FAB_022,12597,5.21,65630.37,2024-06-12,2024-07-12,2024-07-21,30,39,9,0,96.45,High
PO_000903,SUP_006,FAB_008,2049,16.35,33501.15,2024-12-17,2025-01-25,2025-01-27,39,41,2,0,91.82,Medium
PO_000904,SUP_011,FAB_011,8550,6.37,54463.5,2025-08-07,2025-09-02,2025-09-02,26,26,0,1,95.05,Low
PO_000905,SUP_013,FAB_013,1724,13.87,23911.88,2025-01-17,2025-02-06,2025-02-08,20,22,2,0,88.67,Medium
PO_000906,SUP_014,FAB_001,2009,11.57,23244.13,2024-10-01,2024-10-29,2024-11-02,28,32,4,0,88.39,Medium
PO_000907,SUP_018,FAB_024,11461,5.25,60170.25,2025-06-02,2025-06-18,2025-06-19,16,17,1,0,95.02,Medium
PO_000908,SUP_012,FAB_005,906,7.19,6514.14,2024-10-16,2024-11-02,2024-11-02,17,17,0,1,89.21,Low
PO_000909,SUP_025,FAB_024,15369,5.42,83299.98,2024-01-30,2024-02-19,2024-02-20,20,21,1,0,94.62,Medium
PO_000910,SUP_008,FAB_005,19329,6.91,133563.39,2024-06-12,2024-07-19,2024-07-20,37,38,1,0,87.29,Medium
PO_000911,SUP_015,FAB_008,18226,13.31,242588.06,2025-07-08,2025-07-25,2025-07-25,17,17,0,1,89.74,Low
PO_000912,SUP_023,FAB_020,19520,8.76,170995.2,2024-08-03,2024-09-06,2024-09-07,34,35,1,0,91.6,Medium
PO_000913,SUP_019,FAB_013,2071,12.25,25369.75,2024-11-21,2024-12-05,2024-12-08,14,17,3,0,89.98,Medium
PO_000914,SUP_003,FAB_010,19638,4.41,86603.58,2025-09-17,2025-10-02,2025-10-13,15,26,11,0,92.27,High
PO_000915,SUP_020,FAB_004,15001,8.06,120908.06,2025-01-03,2025-01-26,2025-02-01,23,29,6,0,90.51,Medium
PO_000916,SUP_024,FAB_003,10847,16.11,174745.17,2025-08-27,2025-09-11,2025-09-14,15,18,3,0,97.3,Medium
PO_000917,SUP_012,FAB_008,12182,13.43,163604.26,2025-10-04,2025-11-08,2025-11-08,35,35,0,1,100.0,Low
PO_000918,SUP_017,FAB_013,2652,11.71,31054.92,2024-05-14,2024-06-20,2024-06-21,37,38,1,0,93.72,Medium
PO_000919,SUP_017,FAB_015,2991,14.49,43339.59,2024-06-23,2024-07-15,2024-07-18,22,25,3,0,96.18,Medium
PO_000920,SUP_009,FAB_025,16899,19.05,321925.95,2025-02-15,2025-03-05,2025-03-10,18,23,5,0,93.62,Medium
PO_000921,SUP_021,FAB_003,19573,17.73,347029.29,2025-07-12,2025-08-01,2025-08-06,20,25,5,0,91.86,Medium
PO_000922,SUP_005,FAB_017,5530,10.84,59945.2,2024-02-10,2024-03-13,2024-03-16,32,35,3,0,98.89,Medium
PO_000923,SUP_007,FAB_028,6056,17.07,103375.92,2025-01-05,2025-01-26,2025-01-27,21,22,1,0,91.29,Medium
PO_000924,SUP_005,FAB_016,10043,5.84,58651.12,2024-06-14,2024-07-12,2024-07-15,28,31,3,0,97.25,Medium
PO_000925,SUP_019,FAB_012,2022,12.38,25032.36,2024-01-20,2024-02-29,2024-03-25,40,65,25,0,94.13,High
PO_000926,SUP_006,FAB_015,7835,13.95,109298.25,2024-03-28,2024-04-14,2024-04-25,17,28,11,0,93.42,High
PO_000927,SUP_021,FAB_017,11647,10.83,126137.01,2024-01-23,2024-02-29,2024-03-01,37,38,1,0,95.74,Medium
PO_000928,SUP_015,FAB_018,16734,12.21,204322.14,2025-05-29,2025-06-28,2025-06-28,30,30,0,1,100.0,Low
PO_000929,SUP_022,FAB_005,1637,7.26,11884.62,2024-03-29,2024-04-21,2024-04-21,23,23,0,1,100.0,Low
PO_000930,SUP_014,FAB_019,11714,16.12,188829.68,2025-02-11,2025-03-18,2025-03-19,35,36,1,0,87.97,Medium
PO_000931,SUP_020,FAB_004,3247,8.06,26170.82,2025-02-17,2025-03-12,2025-03-18,23,29,6,0,83.26,High
PO_000932,SUP_005,FAB_030,8777,15.73,138062.21,2025-11-04,2025-11-26,2025-11-26,22,22,0,1,92.63,Low
PO_000933,SUP_014,FAB_011,4393,6.09,26753.37,2024-07-29,2024-08-21,2024-08-21,23,23,0,1,88.38,Low
PO_000934,SUP_005,FAB_016,3085,5.84,18016.4,2025-11-05,2025-12-03,2025-12-04,28,29,1,0,97.39,Medium
PO_000935,SUP_002,FAB_006,18331,14.77,270748.87,2024-10-08,2024-11-04,2024-11-07,27,30,3,0,97.31,Medium
PO_000936,SUP_018,FAB_014,16993,19.73,335271.89,2025-11-15,2025-12-04,2025-12-09,19,24,5,0,100.0,Medium
PO_000937,SUP_024,FAB_015,1694,12.36,20937.84,2024-07-24,2024-08-20,2024-08-21,27,28,1,0,92.55,Medium
PO_000938,SUP_011,FAB_001,4753,9.83,46721.99,2025-06-03,2025-07-11,2025-07-12,38,39,1,0,98.3,Medium
PO_000939,SUP_008,FAB_023,5321,6.73,35810.33,2024-05-07,2024-06-08,2024-06-13,32,37,5,0,100.0,Medium
PO_000940,SUP_012,FAB_027,9821,12.77,125414.17,2024-05-09,2024-06-13,2024-06-13,35,35,0,1,97.02,Low
PO_000941,SUP_005,FAB_007,16419,7.27,119366.13,2025-05-11,2025-06-01,2025-06-02,21,22,1,0,96.72,Medium
PO_000942,SUP_022,FAB_007,18368,8.25,151536.0,2024-03-22,2024-04-20,2024-04-21,29,30,1,0,99.61,Medium
PO_000943,SUP_013,FAB_020,1646,8.4,13826.4,2025-05-27,2025-07-03,2025-07-03,37,37,0,1,100.0,Low
PO_000944,SUP_012,FAB_008,9769,13.43,131197.67,2025-03-11,2025-04-15,2025-04-19,35,39,4,0,91.21,Medium
PO_000945,SUP_021,FAB_019,18189,17.9,325583.1,2024-09-15,2024-10-13,2024-10-19,28,34,6,0,96.24,Medium
PO_000946,SUP_015,FAB_018,5248,12.21,64078.08,2024-12-07,2025-01-06,2025-01-07,30,31,1,0,89.24,Medium
PO_000947,SUP_023,FAB_019,4047,15.67,63416.49,2025-01-27,2025-02-12,2025-02-13,16,17,1,0,93.18,Medium
PO_000948,SUP_001,FAB_024,18254,4.4,80317.6,2024-08-07,2024-09-04,2024-09-04,28,28,0,1,92.34,Low
PO_000949,SUP_017,FAB_007,3819,6.62,25281.78,2024-01-20,2024-02-10,2024-02-10,21,21,0,1,98.62,Low
PO_000950,SUP_022,FAB_005,18451,7.26,133954.26,2024-10-30,2024-11-22,2024-11-24,23,25,2,0,87.7,Medium
PO_000951,SUP_008,FAB_002,13503,12.75,172163.25,2024-12-18,2025-01-06,2025-01-13,19,26,7,0,100.0,Medium
PO_000952,SUP_021,FAB_010,13023,4.79,62380.17,2025-11-26,2026-01-04,2026-01-09,39,44,5,0,99.45,Medium
PO_000953,SUP_009,FAB_020,9199,8.32,76535.68,2025-10-05,2025-10-20,2025-10-20,15,15,0,1,88.6,Low
PO_000954,SUP_002,FAB_003,6482,16.83,109092.06,2024-07-16,2024-08-07,2024-08-07,22,22,0,1,97.98,Low
PO_000955,SUP_015,FAB_010,6280,5.34,33535.2,2024-11-13,2024-11-28,2024-12-01,15,18,3,0,89.95,Medium
PO_000956,SUP_006,FAB_014,12608,16.46,207527.68,2024-09-14,2024-10-04,2024-10-08,20,24,4,0,92.42,Medium
PO_000957,SUP_020,FAB_010,11104,5.04,55964.16,2024-09-18,2024-10-18,2024-10-23,30,35,5,0,85.56,Medium
PO_000958,SUP_010,FAB_021,3327,13.79,45879.33,2025-09-13,2025-10-23,2025-10-29,40,46,6,0,98.48,Medium
PO_000959,SUP_025,FAB_024,3186,5.42,17268.12,2024-07-31,2024-08-20,2024-08-20,20,20,0,1,91.31,Low
PO_000960,SUP_018,FAB_017,11597,11.15,129306.55,2024-10-29,2024-11-28,2024-12-01,30,33,3,0,98.47,Medium
PO_000961,SUP_008,FAB_021,12603,12.27,154638.81,2024-11-09,2024-11-27,2024-11-29,18,20,2,0,93.02,Medium
PO_000962,SUP_025,FAB_012,6538,13.62,89047.56,2024-07-10,2024-07-28,2024-08-01,18,22,4,0,97.67,Medium
PO_000963,SUP_012,FAB_017,15027,9.86,148166.22,2024-05-24,2024-06-21,2024-06-24,28,31,3,0,96.14,Medium
PO_000964,SUP_001,FAB_007,13624,8.25,112398.0,2024-04-25,2024-05-30,2024-05-30,35,35,0,1,94.97,Low
PO_000965,SUP_005,FAB_016,18463,5.84,107823.92,2024-09-05,2024-10-03,2024-10-03,28,28,0,1,97.27,Low
PO_000966,SUP_001,FAB_004,5168,7.06,36486.08,2025-06-22,2025-07-15,2025-07-15,23,23,0,1,96.43,Low
PO_000967,SUP_001,FAB_007,10594,8.25,87400.5,2025-07-19,2025-08-23,2025-08-25,35,37,2,0,95.43,Medium
PO_000968,SUP_007,FAB_004,19052,8.1,154321.2,2024-07-24,2024-08-09,2024-08-12,16,19,3,0,95.19,Medium
PO_000969,SUP_016,FAB_021,12112,13.4,162300.8,2025-08-02,2025-08-25,2025-08-27,23,25,2,0,89.23,Medium
PO_000970,SUP_014,FAB_011,19645,6.09,119638.05,2025-10-28,2025-11-20,2025-12-05,23,38,15,0,87.7,High
PO_000971,SUP_010,FAB_006,16982,16.62,282240.84,2025-01-17,2025-02-22,2025-03-01,36,43,7,0,87.99,Medium
PO_000972,SUP_013,FAB_010,4164,5.1,21236.4,2024-03-02,2024-03-29,2024-04-05,27,34,7,0,92.87,Medium
PO_000973,SUP_004,FAB_018,3468,12.22,42378.96,2025-04-11,2025-04-25,2025-04-26,14,15,1,0,97.6,Medium
PO_000974,SUP_016,FAB_023,15871,6.9,109509.9,2024-03-08,2024-04-05,2024-04-05,28,28,0,1,94.06,Low
PO_000975,SUP_021,FAB_019,4536,17.9,81194.4,2024-10-11,2024-11-08,2024-11-08,28,28,0,1,95.12,Low
PO_000976,SUP_010,FAB_006,14684,16.62,244048.08,2025-04-03,2025-05-09,2025-05-11,36,38,2,0,91.74,Medium
PO_000977,SUP_022,FAB_020,5136,10.02,51462.72,2025-02-09,2025-03-09,2025-03-09,28,28,0,1,90.16,Low
PO_000978,SUP_013,FAB_025,10806,18.47,199586.82,2025-04-26,2025-05-27,2025-05-31,31,35,4,0,99.28,Medium
PO_000979,SUP_010,FAB_005,6715,6.79,45594.85,2025-05-26,2025-06-14,2025-06-22,19,27,8,0,92.92,High
PO_000980,SUP_005,FAB_030,6296,15.73,99036.08,2024-04-16,2024-05-08,2024-05-08,22,22,0,1,96.37,Low
PO_000981,SUP_018,FAB_028,18658,16.57,309163.06,2025-05-03,2025-05-26,2025-05-30,23,27,4,0,95.8,Medium
PO_000982,SUP_011,FAB_021,16391,13.4,219639.4,2025-10-29,2025-12-07,2025-12-08,39,40,1,0,94.99,Medium
PO_000983,SUP_011,FAB_021,8631,13.4,115655.4,2024-12-25,2025-02-02,2025-02-02,39,39,0,1,96.48,Low
PO_000984,SUP_013,FAB_013,12303,13.87,170642.61,2024-01-10,2024-01-30,2024-01-31,20,21,1,0,90.34,Medium
PO_000985,SUP_022,FAB_030,17109,18.31,313265.79,2024-10-10,2024-11-05,2024-11-05,26,26,0,1,92.26,Low
PO_000986,SUP_025,FAB_020,7832,9.52,74560.64,2025-01-23,2025-02-28,2025-02-28,36,36,0,1,94.07,Low
PO_000987,SUP_005,FAB_014,9942,19.38,192675.96,2025-03-18,2025-04-19,2025-04-24,32,37,5,0,93.37,Medium
PO_000988,SUP_018,FAB_024,12977,5.25,68129.25,2025-09-17,2025-10-03,2025-10-04,16,17,1,0,96.43,Medium
PO_000989,SUP_018,FAB_024,13810,5.25,72502.5,2024-02-09,2024-02-25,2024-02-26,16,17,1,0,96.73,Medium
PO_000990,SUP_022,FAB_023,4246,7.57,32142.22,2025-05-05,2025-05-27,2025-05-27,22,22,0,1,96.55,Low
PO_000991,SUP_001,FAB_007,10537,8.25,86930.25,2024-01-06,2024-02-10,2024-02-12,35,37,2,0,100.0,Medium
PO_000992,SUP_011,FAB_020,19040,8.32,158412.8,2025-01-24,2025-03-04,2025-03-07,39,42,3,0,97.67,Medium
PO_000993,SUP_006,FAB_026,12844,12.79,164274.76,2025-03-09,2025-03-25,2025-03-29,16,20,4,0,93.62,Medium
PO_000994,SUP_020,FAB_005,6508,6.02,39178.16,2024-06-06,2024-07-07,2024-07-12,31,36,5,0,95.17,Medium
PO_000995,SUP_005,FAB_017,8677,10.84,94058.68,2024-10-02,2024-11-03,2024-11-04,32,33,1,0,100.0,Medium
PO_000996,SUP_016,FAB_014,14113,20.14,284235.82,2024-05-09,2024-06-05,2024-06-11,27,33,6,0,91.3,Medium
PO_000997,SUP_013,FAB_013,19302,13.87,267718.74,2025-04-06,2025-04-26,2025-04-26,20,20,0,1,90.35,Low
PO_000998,SUP_010,FAB_018,4210,11.86,49930.6,2024-12-05,2024-12-22,2024-12-23,17,18,1,0,91.44,Medium
PO_000999,SUP_024,FAB_029,4356,9.81,42732.36,2024-09-25,2024-10-21,2024-11-07,26,43,17,0,91.84,High
PO_001000,SUP_002,FAB_030,6818,15.39,104929.02,2024-01-27,2024-03-04,2024-03-08,37,41,4,0,92.97,Medium
PO_001001,SUP_007,FAB_012,2948,10.96,32310.08,2025-05-23,2025-06-14,2025-06-18,22,26,4,0,91.56,Medium
PO_001002,SUP_008,FAB_015,15157,13.41,203255.37,2025-10-04,2025-11-01,2025-11-02,28,29,1,0,93.16,Medium
PO_001003,SUP_011,FAB_021,18517,13.4,248127.8,2025-07-17,2025-08-25,2025-08-25,39,39,0,1,100.0,Low
PO_001004,SUP_017,FAB_013,14129,11.71,165450.59,2024-01-04,2024-02-10,2024-02-14,37,41,4,0,89.86,Medium
PO_001005,SUP_003,FAB_010,717,4.41,3161.97,2025-09-17,2025-10-02,2025-10-02,15,15,0,1,91.92,Low
PO_001006,SUP_004,FAB_019,7324,15.3,112057.2,2025-09-14,2025-10-10,2025-10-15,26,31,5,0,86.64,Medium
PO_001007,SUP_015,FAB_010,3142,5.34,16778.28,2025-10-04,2025-10-19,2025-10-21,15,17,2,0,94.81,Medium
PO_001008,SUP_011,FAB_015,14481,13.68,198100.08,2024-05-05,2024-06-03,2024-06-08,29,34,5,0,94.07,Medium
PO_001009,SUP_025,FAB_020,16724,9.52,159212.48,2025-07-07,2025-08-12,2025-08-13,36,37,1,0,100.0,Medium
PO_001010,SUP_025,FAB_025,14485,17.52,253777.2,2024-04-17,2024-05-12,2024-05-12,25,25,0,1,94.08,Low
PO_001011,SUP_011,FAB_011,1693,6.37,10784.41,2025-03-03,2025-03-29,2025-03-29,26,26,0,1,97.5,Low
PO_001012,SUP_012,FAB_008,8705,13.43,116908.15,2025-08-30,2025-10-04,2025-10-04,35,35,0,1,95.31,Low
PO_001013,SUP_023,FAB_007,12231,8.16,99804.96,2024-11-07,2024-11-29,2024-11-30,22,23,1,0,89.72,Medium
PO_001014,SUP_015,FAB_024,9374,5.13,48088.62,2024-03-25,2024-04-12,2024-04-15,18,21,3,0,100.0,Medium
PO_001015,SUP_025,FAB_014,14519,17.33,251614.27,2025-08-02,2025-08-16,2025-08-16,14,14,0,1,93.12,Low
PO_001016,SUP_017,FAB_013,6623,11.71,77555.33,2024-07-25,2024-08-31,2024-09-06,37,43,6,0,92.61,Medium
PO_001017,SUP_010,FAB_016,17643,4.77,84157.11,2024-03-09,2024-03-29,2024-04-03,20,25,5,0,88.58,Medium
PO_001018,SUP_014,FAB_011,4898,6.09,29828.82,2025-09-01,2025-09-24,2025-09-25,23,24,1,0,96.55,Medium
PO_001019,SUP_025,FAB_014,2290,17.33,39685.7,2024-09-26,2024-10-10,2024-10-12,14,16,2,0,93.69,Medium
PO_001020,SUP_015,FAB_001,5107,11.17,57045.19,2024-04-10,2024-05-19,2024-06-01,39,52,13,0,98.09,High
PO_001021,SUP_004,FAB_018,9750,12.22,119145.0,2024-02-27,2024-03-12,2024-03-14,14,16,2,0,90.5,Medium
PO_001022,SUP_011,FAB_011,17660,6.37,112494.2,2024-01-22,2024-02-17,2024-02-18,26,27,1,0,96.08,Medium
PO_001023,SUP_003,FAB_023,3801,7.68,29191.68,2025-04-15,2025-04-29,2025-05-14,14,29,15,0,90.2,High
PO_001024,SUP_024,FAB_020,10699,8.15,87196.85,2025-06-10,2025-07-14,2025-07-16,34,36,2,0,91.05,Medium
PO_001025,SUP_024,FAB_028,7310,18.15,132676.5,2025-06-21,2025-07-06,2025-07-13,15,22,7,0,98.4,Medium
PO_001026,SUP_020,FAB_010,7632,5.04,38465.28,2025-03-11,2025-04-10,2025-04-12,30,32,2,0,94.86,Medium
PO_001027,SUP_023,FAB_019,3426,15.67,53685.42,2024-06-07,2024-06-23,2024-07-04,16,27,11,0,96.68,High
PO_001028,SUP_021,FAB_014,17414,20.05,349150.7,2024-05-03,2024-05-26,2024-05-28,23,25,2,0,90.71,Medium
PO_001029,SUP_009,FAB_020,7686,8.32,63947.52,2024-05-23,2024-06-07,2024-06-09,15,17,2,0,94.07,Medium
PO_001030,SUP_019,FAB_015,15579,14.82,230880.78,2025-10-20,2025-11-17,2025-11-21,28,32,4,0,87.83,Medium
PO_001031,SUP_018,FAB_011,9900,5.86,58014.0,2025-10-03,2025-10-31,2025-10-31,28,28,0,1,95.94,Low
PO_001032,SUP_014,FAB_019,17571,16.12,283244.52,2024-03-01,2024-04-05,2024-04-10,35,40,5,0,94.01,Medium
PO_001033,SUP_022,FAB_021,16728,13.91,232686.48,2024-08-11,2024-09-02,2024-09-02,22,22,0,1,92.26,Low
PO_001034,SUP_019,FAB_002,584,15.11,8824.24,2024-10-17,2024-11-17,2024-11-17,31,31,0,1,92.03,Low
PO_001035,SUP_018,FAB_019,14080,15.93,224294.4,2024-08-12,2024-09-11,2024-09-12,30,31,1,0,94.84,Medium
PO_001036,SUP_001,FAB_010,16206,5.36,86864.16,2024-11-10,2024-12-05,2024-12-08,25,28,3,0,97.2,Medium
PO_001037,SUP_023,FAB_020,15524,8.76,135990.24,2024-12-21,2025-01-24,2025-01-29,34,39,5,0,90.96,Medium
PO_001038,SUP_020,FAB_010,6897,5.04,34760.88,2024-09-27,2024-10-27,2024-11-01,30,35,5,0,90.99,Medium
PO_001039,SUP_021,FAB_017,7127,10.83,77185.41,2024-11-25,2025-01-01,2025-01-02,37,38,1,0,95.04,Medium
PO_001040,SUP_016,FAB_025,16841,19.48,328062.68,2025-02-24,2025-03-12,2025-03-30,16,34,18,0,97.92,High
PO_001041,SUP_003,FAB_016,741,4.92,3645.72,2025-01-15,2025-02-18,2025-02-27,34,43,9,0,94.71,High
PO_001042,SUP_004,FAB_019,9051,15.3,138480.3,2024-02-26,2024-03-23,2024-03-29,26,32,6,0,94.08,Medium
PO_001043,SUP_008,FAB_028,3343,16.49,55126.07,2025-01-16,2025-02-11,2025-02-15,26,30,4,0,91.36,Medium
PO_001044,SUP_021,FAB_015,1202,15.16,18222.32,2024-07-28,2024-08-19,2024-08-21,22,24,2,0,96.51,Medium
PO_001045,SUP_013,FAB_016,12472,5.34,66600.48,2024-09-09,2024-09-24,2024-09-27,15,18,3,0,95.15,Medium
PO_001046,SUP_003,FAB_010,8708,4.41,38402.28,2024-07-13,2024-07-28,2024-08-01,15,19,4,0,95.13,Medium
PO_001047,SUP_015,FAB_012,6844,12.48,85413.12,2025-06-16,2025-07-20,2025-07-21,34,35,1,0,92.92,Medium
PO_001048,SUP_015,FAB_012,9638,12.48,120282.24,2024-05-01,2024-06-04,2024-06-09,34,39,5,0,91.96,Medium
PO_001049,SUP_024,FAB_026,19595,14.09,276093.55,2024-11-04,2024-12-13,2024-12-20,39,46,7,0,91.22,Medium
PO_001050,SUP_017,FAB_015,19547,14.49,283236.03,2024-11-24,2024-12-16,2024-12-16,22,22,0,1,97.24,Low
PO_001051,SUP_018,FAB_004,14015,7.39,103570.85,2024-08-08,2024-09-07,2024-09-07,30,30,0,1,92.45,Low
PO_001052,SUP_008,FAB_021,16563,12.27,203228.01,2025-07-15,2025-08-02,2025-08-02,18,18,0,1,93.26,Low
PO_001053,SUP_020,FAB_005,2370,6.02,14267.4,2025-04-15,2025-05-16,2025-05-16,31,31,0,1,88.94,Low
PO_001054,SUP_006,FAB_015,9726,13.95,135677.7,2025-01-08,2025-01-25,2025-01-31,17,23,6,0,92.31,Medium
PO_001055,SUP_012,FAB_027,2709,12.77,34593.93,2024-12-18,2025-01-22,2025-01-25,35,38,3,0,99.06,Medium
PO_001056,SUP_015,FAB_007,18895,8.43,159284.85,2025-02-13,2025-03-23,2025-04-01,38,47,9,0,94.57,High
PO_001057,SUP_009,FAB_008,11322,14.7,166433.4,2025-11-05,2025-11-28,2025-12-06,23,31,8,0,96.21,High
PO_001058,SUP_024,FAB_029,15065,9.81,147787.65,2024-08-24,2024-09-19,2024-09-19,26,26,0,1,92.87,Low
PO_001059,SUP_013,FAB_015,3158,13.25,41843.5,2025-04-19,2025-05-25,2025-05-30,36,41,5,0,90.04,Medium
PO_001060,SUP_012,FAB_017,19755,9.86,194784.3,2025-07-31,2025-08-28,2025-09-03,28,34,6,0,100.0,Medium
PO_001061,SUP_016,FAB_012,18221,13.37,243614.77,2025-01-06,2025-02-02,2025-02-08,27,33,6,0,89.96,Medium
PO_001062,SUP_001,FAB_001,3774,9.92,37438.08,2024-10-29,2024-11-13,2024-11-14,15,16,1,0,93.69,Medium
PO_001063,SUP_001,FAB_006,14864,18.61,276619.04,2025-03-09,2025-04-18,2025-04-19,40,41,1,0,99.34,Medium
PO_001064,SUP_019,FAB_014,5307,19.06,101151.42,2024-04-13,2024-04-29,2024-05-03,16,20,4,0,89.24,Medium
PO_001065,SUP_013,FAB_023,6095,6.49,39556.55,2024-07-01,2024-07-21,2024-08-15,20,45,25,0,94.38,High
PO_001066,SUP_006,FAB_018,18767,11.78,221075.26,2025-01-31,2025-03-09,2025-03-11,37,39,2,0,90.39,Medium
PO_001067,SUP_021,FAB_014,13764,20.05,275968.2,2024-12-14,2025-01-06,2025-01-07,23,24,1,0,97.59,Medium
PO_001068,SUP_013,FAB_026,2942,11.83,34803.86,2025-03-18,2025-04-19,2025-04-20,32,33,1,0,94.94,Medium
PO_001069,SUP_019,FAB_003,3622,16.33,59147.26,2025-02-25,2025-03-25,2025-03-31,28,34,6,0,96.72,Medium
PO_001070,SUP_008,FAB_015,13965,13.41,187270.65,2024-02-29,2024-03-28,2024-03-28,28,28,0,1,91.73,Low
PO_001071,SUP_005,FAB_017,3384,10.84,36682.56,2025-10-17,2025-11-18,2025-11-19,32,33,1,0,94.7,Medium
PO_001072,SUP_018,FAB_004,6807,7.39,50303.73,2024-03-03,2024-04-02,2024-04-05,30,33,3,0,88.42,Medium
PO_001073,SUP_020,FAB_009,13221,9.98,131945.58,2024-08-29,2024-09-15,2024-09-22,17,24,7,0,97.61,Medium
PO_001074,SUP_018,FAB_007,13305,7.44,98989.2,2024-01-17,2024-02-23,2024-02-27,37,41,4,0,92.86,Medium
PO_001075,SUP_002,FAB_013,6716,13.79,92613.64,2024-02-20,2024-03-08,2024-03-11,17,20,3,0,97.9,Medium
PO_001076,SUP_011,FAB_027,9570,11.21,107279.7,2025-06-20,2025-07-17,2025-07-17,27,27,0,1,95.51,Low
PO_001077,SUP_019,FAB_019,4648,14.46,67210.08,2024-03-07,2024-04-07,2024-04-07,31,31,0,1,92.62,Low
PO_001078,SUP_008,FAB_028,759,16.49,12515.91,2024-05-21,2024-06-16,2024-06-18,26,28,2,0,97.16,Medium
PO_001079,SUP_017,FAB_013,7678,11.71,89909.38,2025-01-26,2025-03-04,2025-03-09,37,42,5,0,93.79,Medium
PO_001080,SUP_007,FAB_018,17900,10.76,192604.0,2025-10-13,2025-10-30,2025-11-03,17,21,4,0,93.56,Medium
PO_001081,SUP_019,FAB_014,19890,19.06,379103.4,2025-09-05,2025-09-21,2025-09-24,16,19,3,0,94.88,Medium
PO_001082,SUP_010,FAB_011,3523,6.57,23146.11,2025-06-28,2025-07-13,2025-07-19,15,21,6,0,92.18,Medium
PO_001083,SUP_006,FAB_010,19308,5.13,99050.04,2024-06-20,2024-07-16,2024-07-18,26,28,2,0,96.58,Medium
PO_001084,SUP_010,FAB_018,15878,11.86,188313.08,2025-11-30,2025-12-17,2025-12-19,17,19,2,0,93.21,Medium
PO_001085,SUP_022,FAB_015,16430,14.68,241192.4,2024-12-28,2025-01-31,2025-01-31,34,34,0,1,97.67,Low
PO_001086,SUP_022,FAB_030,14840,18.31,271720.4,2025-08-30,2025-09-25,2025-09-28,26,29,3,0,97.38,Medium
PO_001087,SUP_019,FAB_028,945,16.65,15734.25,2025-10-30,2025-12-04,2025-12-05,35,36,1,0,90.47,Medium
PO_001088,SUP_010,FAB_016,13029,4.77,62148.33,2024-01-07,2024-01-27,2024-01-28,20,21,1,0,96.65,Medium
PO_001089,SUP_007,FAB_028,6832,17.07,116622.24,2024-05-29,2024-06-19,2024-06-24,21,26,5,0,87.48,Medium
PO_001090,SUP_015,FAB_024,1078,5.13,5530.14,2025-08-03,2025-08-21,2025-08-24,18,21,3,0,90.86,Medium
PO_001091,SUP_011,FAB_020,3433,8.32,28562.56,2024-12-11,2025-01-19,2025-01-20,39,40,1,0,91.43,Medium
PO_001092,SUP_010,FAB_024,5716,4.93,28179.88,2024-03-22,2024-04-20,2024-04-20,29,29,0,1,90.99,Low
PO_001093,SUP_013,FAB_021,11374,12.18,138535.32,2025-08-12,2025-09-13,2025-09-23,32,42,10,0,98.89,High
PO_001094,SUP_021,FAB_021,11649,13.21,153883.29,2025-01-20,2025-02-05,2025-02-07,16,18,2,0,93.64,Medium
PO_001095,SUP_025,FAB_015,9168,13.15,120559.2,2025-01-23,2025-02-24,2025-02-28,32,36,4,0,99.94,Medium
PO_001096,SUP_018,FAB_004,1715,7.39,12673.85,2025-12-01,2025-12-31,2026-01-02,30,32,2,0,96.29,Medium
PO_001097,SUP_019,FAB_014,19696,19.06,375405.76,2024-05-25,2024-06-10,2024-06-20,16,26,10,0,92.15,High
PO_001098,SUP_013,FAB_013,8226,13.87,114094.62,2025-06-25,2025-07-15,2025-07-16,20,21,1,0,95.36,Medium
PO_001099,SUP_022,FAB_020,10745,10.02,107664.9,2024-12-26,2025-01-23,2025-01-24,28,29,1,0,91.4,Medium
PO_001100,SUP_010,FAB_022,6800,5.48,37264.0,2024-07-03,2024-07-20,2024-07-20,17,17,0,1,96.76,Low
PO_001101,SUP_019,FAB_016,18219,5.34,97289.46,2024-06-16,2024-07-09,2024-07-14,23,28,5,0,95.4,Medium
PO_001102,SUP_023,FAB_022,6392,5.21,33302.32,2025-05-30,2025-06-29,2025-07-04,30,35,5,0,98.06,Medium
PO_001103,SUP_012,FAB_021,13007,12.26,159465.82,2024-09-18,2024-10-03,2024-10-03,15,15,0,1,100.0,Low
PO_001104,SUP_023,FAB_025,9151,20.24,185216.24,2025-11-03,2025-11-19,2025-11-22,16,19,3,0,94.67,Medium
PO_001105,SUP_002,FAB_006,4126,14.77,60941.02,2024-09-24,2024-10-21,2024-10-22,27,28,1,0,97.28,Medium
PO_001106,SUP_008,FAB_011,3758,5.27,19804.66,2025-07-20,2025-08-10,2025-08-11,21,22,1,0,96.72,Medium
PO_001107,SUP_005,FAB_003,7151,17.05,121924.55,2025-08-04,2025-09-12,2025-09-13,39,40,1,0,93.97,Medium
PO_001108,SUP_020,FAB_018,9142,10.58,96722.36,2025-02-16,2025-03-12,2025-03-13,24,25,1,0,93.55,Medium
PO_001109,SUP_011,FAB_002,14594,14.61,213218.34,2025-08-11,2025-08-29,2025-09-02,18,22,4,0,93.82,Medium
PO_001110,SUP_014,FAB_009,11494,8.16,93791.04,2025-12-01,2025-12-20,2025-12-22,19,21,2,0,93.51,Medium
PO_001111,SUP_014,FAB_017,1269,11.32,14365.08,2025-06-02,2025-07-01,2025-07-10,29,38,9,0,87.15,High
PO_001112,SUP_013,FAB_010,9839,5.1,50178.9,2024-04-21,2024-05-18,2024-05-20,27,29,2,0,93.29,Medium
PO_001113,SUP_018,FAB_012,18168,13.73,249446.64,2024-11-09,2024-12-12,2024-12-13,33,34,1,0,95.98,Medium
PO_001114,SUP_011,FAB_020,7863,8.32,65420.16,2025-01-28,2025-03-08,2025-03-10,39,41,2,0,98.93,Medium
PO_001115,SUP_002,FAB_022,2024,5.07,10261.68,2025-01-23,2025-02-16,2025-02-16,24,24,0,1,91.48,Low
PO_001116,SUP_009,FAB_001,10416,10.99,114471.84,2024-07-13,2024-08-15,2024-08-25,33,43,10,0,90.49,High
PO_001117,SUP_020,FAB_005,18512,6.02,111442.24,2024-02-04,2024-03-06,2024-03-17,31,42,11,0,90.89,High
PO_001118,SUP_017,FAB_029,6837,9.81,67070.97,2024-05-13,2024-06-16,2024-06-16,34,34,0,1,94.04,Low
PO_001119,SUP_015,FAB_002,14874,15.2,226084.8,2024-11-15,2024-12-24,2024-12-27,39,42,3,0,97.45,Medium
PO_001120,SUP_015,FAB_002,7335,15.2,111492.0,2025-01-04,2025-02-12,2025-02-17,39,44,5,0,95.02,Medium
PO_001121,SUP_002,FAB_028,1314,16.61,21825.54,2025-07-11,2025-08-08,2025-08-08,28,28,0,1,98.98,Low
PO_001122,SUP_016,FAB_029,7180,9.89,71010.2,2024-10-26,2024-11-13,2024-11-15,18,20,2,0,92.19,Medium
PO_001123,SUP_001,FAB_018,1149,11.04,12684.96,2024-01-09,2024-01-27,2024-01-27,18,18,0,1,98.81,Low
PO_001124,SUP_009,FAB_009,7940,10.06,79876.4,2024-01-26,2024-03-05,2024-03-06,39,40,1,0,95.14,Medium
PO_001125,SUP_001,FAB_025,18289,16.86,308352.54,2024-09-11,2024-10-08,2024-10-08,27,27,0,1,93.49,Low
PO_001126,SUP_022,FAB_015,821,14.68,12052.28,2024-03-03,2024-04-06,2024-04-06,34,34,0,1,95.5,Low
PO_001127,SUP_013,FAB_013,10019,13.87,138963.53,2024-02-20,2024-03-11,2024-03-20,20,29,9,0,92.92,High
PO_001128,SUP_020,FAB_004,18246,8.06,147062.76,2025-09-02,2025-09-25,2025-09-30,23,28,5,0,91.68,Medium
PO_001129,SUP_018,FAB_028,11720,16.57,194200.4,2025-03-11,2025-04-03,2025-04-04,23,24,1,0,97.56,Medium
PO_001130,SUP_004,FAB_017,4895,11.49,56243.55,2024-12-07,2025-01-08,2025-01-15,32,39,7,0,94.14,Medium
PO_001131,SUP_020,FAB_010,17719,5.04,89303.76,2025-09-29,2025-10-29,2025-11-02,30,34,4,0,89.77,Medium
PO_001132,SUP_002,FAB_030,8764,15.39,134877.96,2024-09-28,2024-11-04,2024-11-04,37,37,0,1,99.3,Low
PO_001133,SUP_015,FAB_010,10325,5.34,55135.5,2024-12-10,2024-12-25,2024-12-26,15,16,1,0,89.37,Medium
PO_001134,SUP_025,FAB_005,11138,6.69,74513.22,2024-07-26,2024-08-16,2024-08-19,21,24,3,0,93.46,Medium
PO_001135,SUP_002,FAB_003,3532,16.83,59443.56,2025-09-27,2025-10-19,2025-10-21,22,24,2,0,97.23,Medium
PO_001136,SUP_020,FAB_018,2000,10.58,21160.0,2025-01-13,2025-02-06,2025-02-09,24,27,3,0,93.17,Medium
PO_001137,SUP_008,FAB_027,11892,12.68,150790.56,2025-09-19,2025-10-03,2025-10-10,14,21,7,0,94.73,Medium
PO_001138,SUP_011,FAB_002,18072,14.61,264031.92,2024-03-25,2024-04-12,2024-04-12,18,18,0,1,96.95,Low
PO_001139,SUP_009,FAB_008,16909,14.7,248562.3,2025-06-01,2025-06-24,2025-06-24,23,23,0,1,95.46,Low
PO_001140,SUP_005,FAB_021,12178,11.74,142969.72,2024-09-09,2024-09-30,2024-10-01,21,22,1,0,96.98,Medium
PO_001141,SUP_001,FAB_007,10624,8.25,87648.0,2024-09-17,2024-10-22,2024-10-22,35,35,0,1,93.84,Low
PO_001142,SUP_022,FAB_030,10039,18.31,183814.09,2025-07-29,2025-08-24,2025-08-24,26,26,0,1,94.96,Low
PO_001143,SUP_004,FAB_019,12708,15.3,194432.4,2025-09-11,2025-10-07,2025-10-08,26,27,1,0,91.28,Medium
PO_001144,SUP_010,FAB_024,1318,4.93,6497.74,2024-01-27,2024-02-25,2024-03-02,29,35,6,0,90.86,Medium
PO_001145,SUP_008,FAB_023,15731,6.73,105869.63,2024-05-09,2024-06-10,2024-06-10,32,32,0,1,93.19,Low
PO_001146,SUP_004,FAB_014,16099,19.52,314252.48,2025-10-13,2025-11-02,2025-11-07,20,25,5,0,93.63,Medium
PO_001147,SUP_008,FAB_005,9511,6.91,65721.01,2025-08-07,2025-09-13,2025-09-18,37,42,5,0,95.08,Medium
PO_001148,SUP_010,FAB_024,11984,4.93,59081.12,2025-08-04,2025-09-02,2025-09-13,29,40,11,0,94.81,High
PO_001149,SUP_010,FAB_016,2918,4.77,13918.86,2025-02-23,2025-03-15,2025-03-22,20,27,7,0,91.89,Medium
PO_001150,SUP_003,FAB_023,19485,7.68,149644.8,2025-03-23,2025-04-06,2025-04-07,14,15,1,0,90.25,Medium
PO_001151,SUP_024,FAB_025,843,19.85,16733.55,2025-10-22,2025-11-07,2025-11-11,16,20,4,0,91.05,Medium
PO_001152,SUP_012,FAB_016,17112,5.69,97367.28,2024-11-11,2024-11-27,2024-12-02,16,21,5,0,96.56,Medium
PO_001153,SUP_025,FAB_009,3798,8.15,30953.7,2024-03-15,2024-04-11,2024-04-11,27,27,0,1,100.0,Low
PO_001154,SUP_011,FAB_015,3836,13.68,52476.48,2024-10-31,2024-11-29,2024-12-03,29,33,4,0,90.46,Medium
PO_001155,SUP_015,FAB_009,9608,8.22,78977.76,2025-11-01,2025-12-07,2025-12-08,36,37,1,0,95.56,Medium
PO_001156,SUP_010,FAB_018,2283,11.86,27076.38,2025-05-02,2025-05-19,2025-05-20,17,18,1,0,89.85,Medium
PO_001157,SUP_022,FAB_023,10683,7.57,80870.31,2024-01-31,2024-02-22,2024-02-25,22,25,3,0,95.13,Medium
PO_001158,SUP_024,FAB_026,11370,14.09,160203.3,2024-06-26,2024-08-04,2024-08-09,39,44,5,0,94.19,Medium
PO_001159,SUP_025,FAB_025,5417,17.52,94905.84,2024-12-31,2025-01-25,2025-01-30,25,30,5,0,95.0,Medium
PO_001160,SUP_016,FAB_023,14954,6.9,103182.6,2024-05-12,2024-06-09,2024-06-16,28,35,7,0,96.32,Medium
PO_001161,SUP_014,FAB_001,12235,11.57,141558.95,2025-08-26,2025-09-23,2025-10-06,28,41,13,0,91.1,High
PO_001162,SUP_024,FAB_026,2978,14.09,41960.02,2024-09-02,2024-10-11,2024-10-25,39,53,14,0,88.72,High
PO_001163,SUP_001,FAB_024,1108,4.4,4875.2,2024-01-11,2024-02-08,2024-02-08,28,28,0,1,94.07,Low
PO_001164,SUP_008,FAB_001,1039,9.4,9766.6,2024-08-03,2024-08-22,2024-08-23,19,20,1,0,93.29,Medium
PO_001165,SUP_010,FAB_015,15764,12.31,194054.84,2024-12-06,2025-01-10,2025-01-11,35,36,1,0,93.51,Medium
PO_001166,SUP_024,FAB_025,6283,19.85,124717.55,2025-08-11,2025-08-27,2025-08-27,16,16,0,1,95.09,Low
PO_001167,SUP_015,FAB_008,10005,13.31,133166.55,2024-11-25,2024-12-12,2024-12-16,17,21,4,0,81.52,High
PO_001168,SUP_024,FAB_004,11382,7.78,88551.96,2025-06-20,2025-07-24,2025-07-27,34,37,3,0,94.64,Medium
PO_001169,SUP_013,FAB_020,5357,8.4,44998.8,2025-04-05,2025-05-12,2025-05-15,37,40,3,0,95.18,Medium
PO_001170,SUP_017,FAB_015,11098,14.49,160810.02,2024-08-23,2024-09-14,2024-09-17,22,25,3,0,87.57,Medium
PO_001171,SUP_010,FAB_006,5286,16.62,87853.32,2025-03-13,2025-04-18,2025-05-02,36,50,14,0,95.17,High
PO_001172,SUP_019,FAB_011,5683,5.61,31881.63,2024-08-17,2024-09-01,2024-09-14,15,28,13,0,90.5,High
PO_001173,SUP_019,FAB_028,15518,16.65,258374.7,2024-03-07,2024-04-11,2024-04-11,35,35,0,1,96.7,Low
PO_001174,SUP_002,FAB_005,6508,6.1,39698.8,2025-04-19,2025-05-18,2025-05-19,29,30,1,0,100.0,Medium
PO_001175,SUP_024,FAB_003,10976,16.11,176823.36,2024-05-01,2024-05-16,2024-05-16,15,15,0,1,93.18,Low
PO_001176,SUP_020,FAB_030,19587,15.13,296351.31,2025-09-28,2025-10-17,2025-10-22,19,24,5,0,91.81,Medium
PO_001177,SUP_002,FAB_027,8295,11.4,94563.0,2025-03-17,2025-04-17,2025-04-19,31,33,2,0,93.05,Medium
PO_001178,SUP_002,FAB_013,12247,13.79,168886.13,2025-06-01,2025-06-18,2025-06-20,17,19,2,0,92.39,Medium
PO_001179,SUP_023,FAB_006,9893,14.79,146317.47,2024-04-12,2024-05-17,2024-05-21,35,39,4,0,92.24,Medium
PO_001180,SUP_008,FAB_023,14372,6.73,96723.56,2024-07-31,2024-09-01,2024-09-03,32,34,2,0,91.59,Medium
PO_001181,SUP_002,FAB_004,10868,7.87,85531.16,2025-08-14,2025-09-12,2025-09-12,29,29,0,1,88.91,Low
PO_001182,SUP_002,FAB_027,14020,11.4,159828.0,2025-05-06,2025-06-06,2025-06-06,31,31,0,1,96.42,Low
PO_001183,SUP_011,FAB_002,19673,14.61,287422.53,2025-01-17,2025-02-04,2025-02-09,18,23,5,0,97.69,Medium
PO_001184,SUP_020,FAB_004,13728,8.06,110647.68,2024-03-17,2024-04-09,2024-04-16,23,30,7,0,95.9,Medium
PO_001185,SUP_007,FAB_018,11871,10.76,127731.96,2024-03-22,2024-04-08,2024-04-11,17,20,3,0,90.79,Medium
PO_001186,SUP_009,FAB_008,1924,14.7,28282.8,2025-09-15,2025-10-08,2025-10-09,23,24,1,0,99.77,Medium
PO_001187,SUP_017,FAB_007,926,6.62,6130.12,2024-03-09,2024-03-30,2024-03-30,21,21,0,1,93.56,Low
PO_001188,SUP_009,FAB_008,1712,14.7,25166.4,2024-05-30,2024-06-22,2024-06-27,23,28,5,0,97.2,Medium
PO_001189,SUP_017,FAB_021,5080,13.27,67411.6,2025-07-26,2025-08-23,2025-08-24,28,29,1,0,92.02,Medium
PO_001190,SUP_015,FAB_021,8935,13.5,120622.5,2025-07-22,2025-08-15,2025-08-20,24,29,5,0,100.0,Medium
PO_001191,SUP_018,FAB_028,14939,16.57,247539.23,2025-09-21,2025-10-14,2025-10-17,23,26,3,0,91.67,Medium
PO_001192,SUP_006,FAB_018,8371,11.78,98610.38,2024-01-25,2024-03-02,2024-03-07,37,42,5,0,95.91,Medium
PO_001193,SUP_011,FAB_027,16283,11.21,182532.43,2024-10-09,2024-11-05,2024-11-07,27,29,2,0,98.63,Medium
PO_001194,SUP_023,FAB_017,18044,9.24,166726.56,2024-08-06,2024-09-12,2024-09-18,37,43,6,0,93.55,Medium
PO_001195,SUP_011,FAB_021,16126,13.4,216088.4,2025-11-15,2025-12-24,2025-12-24,39,39,0,1,87.14,Low
PO_001196,SUP_013,FAB_013,15372,13.87,213209.64,2025-01-27,2025-02-16,2025-02-20,20,24,4,0,89.24,Medium
PO_001197,SUP_011,FAB_002,18464,14.61,269759.04,2024-04-26,2024-05-14,2024-05-16,18,20,2,0,99.99,Medium
PO_001198,SUP_016,FAB_022,1537,5.51,8468.87,2024-09-03,2024-10-10,2024-10-11,37,38,1,0,97.03,Medium
PO_001199,SUP_001,FAB_006,6629,18.61,123365.69,2024-10-13,2024-11-22,2024-11-22,40,40,0,1,98.42,Low
PO_001200,SUP_015,FAB_018,16149,12.21,197179.29,2024-04-03,2024-05-03,2024-05-06,30,33,3,0,95.46,Medium
PO_001201,SUP_007,FAB_018,15284,10.76,164455.84,2024-08-13,2024-08-30,2024-09-13,17,31,14,0,84.65,High
PO_001202,SUP_014,FAB_011,10944,6.09,66648.96,2025-02-15,2025-03-10,2025-03-18,23,31,8,0,97.82,High
PO_001203,SUP_020,FAB_030,11131,15.13,168412.03,2025-07-02,2025-07-21,2025-07-21,19,19,0,1,92.24,Low
PO_001204,SUP_021,FAB_021,14311,13.21,189048.31,2024-02-04,2024-02-20,2024-02-21,16,17,1,0,94.59,Medium
PO_001205,SUP_021,FAB_014,17469,20.05,350253.45,2025-07-19,2025-08-11,2025-08-24,23,36,13,0,100.0,High
PO_001206,SUP_024,FAB_029,6500,9.81,63765.0,2024-05-28,2024-06-23,2024-06-25,26,28,2,0,99.36,Medium
PO_001207,SUP_005,FAB_016,7479,5.84,43677.36,2024-12-09,2025-01-06,2025-01-07,28,29,1,0,91.78,Medium
PO_001208,SUP_018,FAB_004,4239,7.39,31326.21,2025-02-20,2025-03-22,2025-03-23,30,31,1,0,92.01,Medium
PO_001209,SUP_003,FAB_006,16633,16.44,273446.52,2024-02-21,2024-03-19,2024-03-21,27,29,2,0,95.44,Medium
PO_001210,SUP_013,FAB_025,19832,18.47,366297.04,2024-06-15,2024-07-16,2024-07-17,31,32,1,0,96.23,Medium
PO_001211,SUP_009,FAB_025,12212,19.05,232638.6,2025-10-23,2025-11-10,2025-11-14,18,22,4,0,92.06,Medium
PO_001212,SUP_017,FAB_013,14860,11.71,174010.6,2025-03-30,2025-05-06,2025-05-08,37,39,2,0,89.09,Medium
PO_001213,SUP_020,FAB_004,8036,8.06,64770.16,2024-11-08,2024-12-01,2024-12-06,23,28,5,0,88.77,Medium
PO_001214,SUP_013,FAB_010,16835,5.1,85858.5,2024-11-22,2024-12-19,2024-12-21,27,29,2,0,93.24,Medium
PO_001215,SUP_022,FAB_021,17825,13.91,247945.75,2025-09-06,2025-09-28,2025-10-03,22,27,5,0,99.31,Medium
PO_001216,SUP_013,FAB_013,3447,13.87,47809.89,2025-02-11,2025-03-03,2025-03-10,20,27,7,0,91.95,Medium
PO_001217,SUP_002,FAB_025,4587,18.91,86740.17,2025-09-08,2025-10-04,2025-10-04,26,26,0,1,92.13,Low
PO_001218,SUP_023,FAB_020,16632,8.76,145696.32,2024-06-15,2024-07-19,2024-07-27,34,42,8,0,90.52,High
PO_001219,SUP_021,FAB_005,6969,7.53,52476.57,2025-10-19,2025-11-16,2025-11-17,28,29,1,0,92.97,Medium
PO_001220,SUP_006,FAB_010,16845,5.13,86414.85,2024-03-22,2024-04-17,2024-04-21,26,30,4,0,87.72,Medium
PO_001221,SUP_008,FAB_006,17168,16.71,286877.28,2024-08-15,2024-09-20,2024-09-20,36,36,0,1,100.0,Low
PO_001222,SUP_002,FAB_028,7270,16.61,120754.7,2024-11-18,2024-12-16,2024-12-18,28,30,2,0,96.61,Medium
PO_001223,SUP_017,FAB_023,6590,7.59,50018.1,2025-06-22,2025-07-06,2025-07-10,14,18,4,0,90.06,Medium
PO_001224,SUP_004,FAB_019,1182,15.3,18084.6,2025-08-06,2025-09-01,2025-09-03,26,28,2,0,92.35,Medium
PO_001225,SUP_005,FAB_014,17987,19.38,348588.06,2025-04-25,2025-05-27,2025-06-01,32,37,5,0,92.75,Medium
PO_001226,SUP_025,FAB_014,14075,17.33,243919.75,2025-08-26,2025-09-09,2025-09-11,14,16,2,0,93.79,Medium
PO_001227,SUP_010,FAB_029,4588,8.48,38906.24,2025-03-25,2025-04-09,2025-04-19,15,25,10,0,93.14,High
PO_001228,SUP_020,FAB_030,9058,15.13,137047.54,2025-09-07,2025-09-26,2025-10-04,19,27,8,0,99.72,High
PO_001229,SUP_010,FAB_006,15203,16.62,252673.86,2024-01-09,2024-02-14,2024-02-15,36,37,1,0,93.08,Medium
PO_001230,SUP_019,FAB_013,13148,12.25,161063.0,2025-01-12,2025-01-26,2025-01-29,14,17,3,0,85.26,Medium
PO_001231,SUP_022,FAB_025,6251,18.59,116206.09,2025-03-26,2025-04-15,2025-04-15,20,20,0,1,100.0,Low
PO_001232,SUP_012,FAB_026,14763,11.82,174498.66,2024-04-17,2024-05-04,2024-05-04,17,17,0,1,99.77,Low
PO_001233,SUP_013,FAB_020,5544,8.4,46569.6,2024-09-14,2024-10-21,2024-10-23,37,39,2,0,94.89,Medium
PO_001234,SUP_002,FAB_019,6026,17.14,103285.64,2024-05-30,2024-06-19,2024-06-22,20,23,3,0,96.26,Medium
PO_001235,SUP_023,FAB_016,811,5.8,4703.8,2024-07-21,2024-08-20,2024-08-26,30,36,6,0,97.23,Medium
PO_001236,SUP_016,FAB_025,5061,19.48,98588.28,2024-04-04,2024-04-20,2024-05-02,16,28,12,0,94.11,High
PO_001237,SUP_015,FAB_012,2336,12.48,29153.28,2024-04-12,2024-05-16,2024-05-16,34,34,0,1,100.0,Low
PO_001238,SUP_025,FAB_012,12856,13.62,175098.72,2024-03-30,2024-04-17,2024-04-17,18,18,0,1,98.65,Low
PO_001239,SUP_021,FAB_014,10615,20.05,212830.75,2025-05-28,2025-06-20,2025-06-21,23,24,1,0,93.07,Medium
PO_001240,SUP_002,FAB_013,3315,13.79,45713.85,2024-05-07,2024-05-24,2024-05-24,17,17,0,1,90.86,Low
PO_001241,SUP_009,FAB_015,15979,13.73,219391.67,2025-02-13,2025-03-13,2025-03-18,28,33,5,0,93.7,Medium
PO_001242,SUP_008,FAB_006,19009,16.71,317640.39,2024-09-21,2024-10-27,2024-11-03,36,43,7,0,96.6,Medium
PO_001243,SUP_017,FAB_018,10825,10.55,114203.75,2025-11-12,2025-12-14,2025-12-17,32,35,3,0,85.12,Medium
PO_001244,SUP_014,FAB_018,5929,11.55,68479.95,2025-05-21,2025-06-29,2025-07-08,39,48,9,0,91.03,High
PO_001245,SUP_024,FAB_029,13611,9.81,133523.91,2025-11-09,2025-12-05,2025-12-07,26,28,2,0,94.55,Medium
PO_001246,SUP_013,FAB_016,7117,5.34,38004.78,2024-01-15,2024-01-30,2024-02-02,15,18,3,0,90.32,Medium
PO_001247,SUP_003,FAB_014,14316,19.82,283743.12,2025-01-15,2025-02-07,2025-02-13,23,29,6,0,98.71,Medium
PO_001248,SUP_022,FAB_005,1804,7.26,13097.04,2024-02-06,2024-02-29,2024-03-01,23,24,1,0,99.01,Medium
PO_001249,SUP_023,FAB_028,10362,15.73,162994.26,2024-02-05,2024-02-29,2024-03-01,24,25,1,0,90.42,Medium
PO_001250,SUP_001,FAB_024,3997,4.4,17586.8,2024-03-28,2024-04-25,2024-04-25,28,28,0,1,99.36,Low
PO_001251,SUP_001,FAB_007,14744,8.25,121638.0,2024-10-30,2024-12-04,2024-12-04,35,35,0,1,97.04,Low
PO_001252,SUP_008,FAB_025,12015,16.9,203053.5,2025-06-20,2025-07-21,2025-07-22,31,32,1,0,98.87,Medium
PO_001253,SUP_018,FAB_004,3643,7.39,26921.77,2025-04-05,2025-05-05,2025-05-08,30,33,3,0,90.68,Medium
PO_001254,SUP_002,FAB_019,15292,17.14,262104.88,2025-06-16,2025-07-06,2025-07-06,20,20,0,1,98.43,Low
PO_001255,SUP_007,FAB_023,4741,6.79,32191.39,2024-05-11,2024-06-08,2024-06-13,28,33,5,0,86.65,Medium
PO_001256,SUP_015,FAB_012,19755,12.48,246542.4,2024-10-06,2024-11-09,2024-11-13,34,38,4,0,97.05,Medium
PO_001257,SUP_007,FAB_018,4506,10.76,48484.56,2024-10-08,2024-10-25,2024-10-27,17,19,2,0,89.26,Medium
PO_001258,SUP_013,FAB_016,1137,5.34,6071.58,2025-03-09,2025-03-24,2025-03-30,15,21,6,0,95.92,Medium
PO_001259,SUP_010,FAB_022,3304,5.48,18105.92,2024-06-05,2024-06-22,2024-06-24,17,19,2,0,91.6,Medium
PO_001260,SUP_019,FAB_016,7156,5.34,38213.04,2025-10-07,2025-10-30,2025-11-08,23,32,9,0,92.56,High
PO_001261,SUP_013,FAB_010,3211,5.1,16376.1,2024-10-04,2024-10-31,2024-11-08,27,35,8,0,88.84,High
PO_001262,SUP_016,FAB_009,5473,8.41,46027.93,2024-09-21,2024-10-29,2024-11-02,38,42,4,0,91.45,Medium
PO_001263,SUP_018,FAB_012,3422,13.73,46984.06,2024-08-29,2024-10-01,2024-10-02,33,34,1,0,94.62,Medium
PO_001264,SUP_010,FAB_022,1226,5.48,6718.48,2024-09-01,2024-09-18,2024-09-19,17,18,1,0,91.19,Medium
PO_001265,SUP_016,FAB_014,17407,20.14,350576.98,2025-08-17,2025-09-13,2025-09-13,27,27,0,1,93.29,Low
PO_001266,SUP_014,FAB_019,16154,16.12,260402.48,2025-03-30,2025-05-04,2025-05-09,35,40,5,0,96.2,Medium
PO_001267,SUP_012,FAB_027,7904,12.77,100934.08,2024-04-20,2024-05-25,2024-05-25,35,35,0,1,97.74,Low
PO_001268,SUP_012,FAB_026,5795,11.82,68496.9,2025-01-29,2025-02-15,2025-02-15,17,17,0,1,90.8,Low
PO_001269,SUP_022,FAB_015,11906,14.68,174780.08,2024-01-25,2024-02-28,2024-02-28,34,34,0,1,91.19,Low
PO_001270,SUP_022,FAB_011,2331,6.02,14032.62,2025-04-08,2025-04-22,2025-04-23,14,15,1,0,97.4,Medium
PO_001271,SUP_002,FAB_005,11276,6.1,68783.6,2024-10-28,2024-11-26,2024-12-01,29,34,5,0,92.17,Medium
PO_001272,SUP_022,FAB_023,1855,7.57,14042.35,2025-03-03,2025-03-25,2025-03-28,22,25,3,0,96.53,Medium
PO_001273,SUP_012,FAB_023,8014,7.53,60345.42,2024-04-20,2024-05-15,2024-05-15,25,25,0,1,96.48,Low
PO_001274,SUP_014,FAB_019,4719,16.12,76070.28,2024-06-05,2024-07-10,2024-07-10,35,35,0,1,95.53,Low
PO_001275,SUP_002,FAB_006,11229,14.77,165852.33,2024-12-19,2025-01-15,2025-01-17,27,29,2,0,99.41,Medium
PO_001276,SUP_004,FAB_015,11420,13.72,156682.4,2024-04-08,2024-05-02,2024-05-08,24,30,6,0,96.45,Medium
PO_001277,SUP_009,FAB_008,4523,14.7,66488.1,2025-08-11,2025-09-03,2025-09-06,23,26,3,0,93.61,Medium
PO_001278,SUP_023,FAB_022,15729,5.21,81948.09,2024-06-23,2024-07-23,2024-07-24,30,31,1,0,92.84,Medium
PO_001279,SUP_018,FAB_015,14081,13.28,186995.68,2024-08-07,2024-08-22,2024-08-24,15,17,2,0,94.45,Medium
PO_001280,SUP_006,FAB_010,3753,5.13,19252.89,2025-03-26,2025-04-21,2025-04-25,26,30,4,0,99.68,Medium
PO_001281,SUP_023,FAB_024,6143,4.32,26537.76,2025-03-29,2025-04-29,2025-05-01,31,33,2,0,100.0,Medium
PO_001282,SUP_012,FAB_023,5036,7.53,37921.08,2024-01-15,2024-02-09,2024-02-09,25,25,0,1,100.0,Low
PO_001283,SUP_003,FAB_025,13218,18.52,244797.36,2025-01-10,2025-02-12,2025-02-16,33,37,4,0,91.35,Medium
PO_001284,SUP_007,FAB_004,12008,8.1,97264.8,2024-05-03,2024-05-19,2024-05-21,16,18,2,0,89.73,Medium
PO_001285,SUP_024,FAB_004,10210,7.78,79433.8,2025-08-17,2025-09-20,2025-09-26,34,40,6,0,95.48,Medium
PO_001286,SUP_004,FAB_014,16726,19.52,326491.52,2024-08-02,2024-08-22,2024-08-24,20,22,2,0,96.49,Medium
PO_001287,SUP_012,FAB_017,17066,9.86,168270.76,2025-02-22,2025-03-22,2025-03-22,28,28,0,1,99.61,Low
PO_001288,SUP_022,FAB_007,6891,8.25,56850.75,2025-03-10,2025-04-08,2025-04-09,29,30,1,0,95.51,Medium
PO_001289,SUP_012,FAB_022,5203,4.72,24558.16,2024-02-24,2024-03-22,2024-03-22,27,27,0,1,100.0,Low
PO_001290,SUP_010,FAB_011,5713,6.57,37534.41,2025-03-16,2025-03-31,2025-04-12,15,27,12,0,96.75,High
PO_001291,SUP_024,FAB_003,3587,16.11,57786.57,2024-07-23,2024-08-07,2024-08-07,15,15,0,1,83.48,High
PO_001292,SUP_002,FAB_013,18749,13.79,258548.71,2025-02-12,2025-03-01,2025-03-07,17,23,6,0,93.92,Medium
PO_001293,SUP_011,FAB_022,16113,5.56,89588.28,2025-11-02,2025-12-05,2025-12-10,33,38,5,0,99.71,Medium
PO_001294,SUP_005,FAB_019,5281,16.25,85816.25,2024-11-27,2024-12-24,2024-12-25,27,28,1,0,95.29,Medium
PO_001295,SUP_025,FAB_015,6439,13.15,84672.85,2025-11-06,2025-12-08,2025-12-10,32,34,2,0,91.79,Medium
PO_001296,SUP_012,FAB_005,18395,7.19,132260.05,2024-07-13,2024-07-30,2024-07-30,17,17,0,1,98.13,Low
PO_001297,SUP_024,FAB_015,4152,12.36,51318.72,2025-07-21,2025-08-17,2025-08-19,27,29,2,0,94.21,Medium
PO_001298,SUP_014,FAB_011,15058,6.09,91703.22,2024-02-02,2024-02-25,2024-03-02,23,29,6,0,92.67,Medium
PO_001299,SUP_007,FAB_026,9877,14.05,138771.85,2025-01-15,2025-01-31,2025-02-15,16,31,15,0,98.94,High
PO_001300,SUP_004,FAB_011,2365,6.56,15514.4,2024-07-19,2024-08-20,2024-08-21,32,33,1,0,99.72,Medium
PO_001301,SUP_010,FAB_018,16803,11.86,199283.58,2024-10-26,2024-11-12,2024-11-15,17,20,3,0,96.02,Medium
PO_001302,SUP_025,FAB_014,2277,17.33,39460.41,2024-08-21,2024-09-04,2024-09-04,14,14,0,1,93.16,Low
PO_001303,SUP_019,FAB_011,8807,5.61,49407.27,2025-05-04,2025-05-19,2025-05-27,15,23,8,0,96.27,High
PO_001304,SUP_003,FAB_022,12892,5.47,70519.24,2024-08-12,2024-09-12,2024-09-12,31,31,0,1,94.77,Low
PO_001305,SUP_013,FAB_013,6853,13.87,95051.11,2024-11-04,2024-11-24,2024-12-03,20,29,9,0,93.74,High
PO_001306,SUP_012,FAB_023,15411,7.53,116044.83,2024-12-25,2025-01-19,2025-01-24,25,30,5,0,94.24,Medium
PO_001307,SUP_005,FAB_017,10291,10.84,111554.44,2025-09-03,2025-10-05,2025-10-07,32,34,2,0,96.28,Medium
PO_001308,SUP_022,FAB_007,7308,8.25,60291.0,2024-07-31,2024-08-29,2024-08-30,29,30,1,0,93.11,Medium
PO_001309,SUP_018,FAB_028,7760,16.57,128583.2,2024-03-09,2024-04-01,2024-04-02,23,24,1,0,100.0,Medium
PO_001310,SUP_019,FAB_015,14756,14.82,218683.92,2025-09-09,2025-10-07,2025-10-12,28,33,5,0,94.38,Medium
PO_001311,SUP_012,FAB_017,13919,9.86,137241.34,2025-01-10,2025-02-07,2025-02-07,28,28,0,1,92.83,Low
PO_001312,SUP_001,FAB_007,1331,8.25,10980.75,2024-08-22,2024-09-26,2024-09-27,35,36,1,0,95.53,Medium
PO_001313,SUP_023,FAB_016,18812,5.8,109109.6,2024-06-27,2024-07-27,2024-07-30,30,33,3,0,91.6,Medium
PO_001314,SUP_019,FAB_015,1083,14.82,16050.06,2024-11-20,2024-12-18,2024-12-18,28,28,0,1,86.29,Low
PO_001315,SUP_012,FAB_027,5565,12.77,71065.05,2025-05-23,2025-06-27,2025-06-27,35,35,0,1,94.58,Low
PO_001316,SUP_005,FAB_016,2399,5.84,14010.16,2024-01-10,2024-02-07,2024-02-10,28,31,3,0,98.3,Medium
PO_001317,SUP_014,FAB_019,1929,16.12,31095.48,2025-07-08,2025-08-12,2025-08-12,35,35,0,1,93.89,Low
PO_001318,SUP_007,FAB_019,13532,16.0,216512.0,2025-04-19,2025-05-29,2025-05-29,40,40,0,1,91.05,Low
PO_001319,SUP_001,FAB_017,13746,11.59,159316.14,2024-11-12,2024-12-17,2024-12-17,35,35,0,1,98.98,Low
PO_001320,SUP_020,FAB_030,8251,15.13,124837.63,2025-02-27,2025-03-18,2025-03-25,19,26,7,0,95.37,Medium
PO_001321,SUP_003,FAB_014,9554,19.82,189360.28,2025-11-17,2025-12-10,2025-12-12,23,25,2,0,94.0,Medium
PO_001322,SUP_011,FAB_019,17457,15.83,276344.31,2025-06-26,2025-07-12,2025-07-14,16,18,2,0,95.45,Medium
PO_001323,SUP_012,FAB_028,6578,16.72,109984.16,2024-11-16,2024-12-06,2024-12-06,20,20,0,1,93.92,Low
PO_001324,SUP_012,FAB_021,19118,12.26,234386.68,2024-12-21,2025-01-05,2025-01-09,15,19,4,0,90.19,Medium
PO_001325,SUP_012,FAB_016,4446,5.69,25297.74,2025-08-06,2025-08-22,2025-08-26,16,20,4,0,97.44,Medium
PO_001326,SUP_002,FAB_028,4001,16.61,66456.61,2024-03-20,2024-04-17,2024-04-18,28,29,1,0,97.59,Medium
PO_001327,SUP_010,FAB_021,998,13.79,13762.42,2025-02-17,2025-03-29,2025-03-29,40,40,0,1,93.56,Low
PO_001328,SUP_020,FAB_010,18080,5.04,91123.2,2025-11-02,2025-12-02,2025-12-14,30,42,12,0,86.26,High
PO_001329,SUP_001,FAB_004,19223,7.06,135714.38,2024-05-07,2024-05-30,2024-05-31,23,24,1,0,100.0,Medium
PO_001330,SUP_002,FAB_019,4219,17.14,72313.66,2024-02-12,2024-03-03,2024-03-03,20,20,0,1,99.12,Low
PO_001331,SUP_009,FAB_005,11301,7.36,83175.36,2025-08-09,2025-09-04,2025-09-07,26,29,3,0,100.0,Medium
PO_001332,SUP_013,FAB_025,8572,18.47,158324.84,2024-02-18,2024-03-20,2024-03-25,31,36,5,0,94.31,Medium
PO_001333,SUP_004,FAB_014,15915,19.52,310660.8,2025-06-05,2025-06-25,2025-06-26,20,21,1,0,94.76,Medium
PO_001334,SUP_019,FAB_013,8077,12.25,98943.25,2024-01-28,2024-02-11,2024-02-17,14,20,6,0,90.74,Medium
PO_001335,SUP_016,FAB_029,4057,9.89,40123.73,2025-02-19,2025-03-09,2025-03-11,18,20,2,0,94.83,Medium
PO_001336,SUP_017,FAB_023,6229,7.59,47278.11,2025-09-01,2025-09-15,2025-09-27,14,26,12,0,82.85,High
PO_001337,SUP_025,FAB_025,17262,17.52,302430.24,2025-06-15,2025-07-10,2025-07-11,25,26,1,0,100.0,Medium
PO_001338,SUP_014,FAB_011,11243,6.09,68469.87,2025-04-11,2025-05-04,2025-05-14,23,33,10,0,96.67,High
PO_001339,SUP_004,FAB_015,16226,13.72,222620.72,2024-10-08,2024-11-01,2024-11-01,24,24,0,1,97.95,Low
PO_001340,SUP_016,FAB_021,10450,13.4,140030.0,2025-07-03,2025-07-26,2025-07-27,23,24,1,0,95.3,Medium
PO_001341,SUP_018,FAB_012,7498,13.73,102947.54,2024-01-20,2024-02-22,2024-02-29,33,40,7,0,97.53,Medium
PO_001342,SUP_023,FAB_022,15657,5.21,81572.97,2024-12-27,2025-01-26,2025-01-28,30,32,2,0,97.39,Medium
PO_001343,SUP_008,FAB_005,12269,6.91,84778.79,2025-06-27,2025-08-03,2025-08-04,37,38,1,0,96.54,Medium
PO_001344,SUP_020,FAB_010,10668,5.04,53766.72,2025-11-07,2025-12-07,2025-12-08,30,31,1,0,93.16,Medium
PO_001345,SUP_005,FAB_026,16963,13.45,228152.35,2024-12-15,2025-01-22,2025-01-24,38,40,2,0,100.0,Medium
PO_001346,SUP_003,FAB_018,18934,10.14,191990.76,2024-07-10,2024-08-05,2024-08-09,26,30,4,0,99.3,Medium
PO_001347,SUP_015,FAB_024,7640,5.13,39193.2,2024-05-02,2024-05-20,2024-05-20,18,18,0,1,96.56,Low
PO_001348,SUP_023,FAB_007,8338,8.16,68038.08,2025-07-19,2025-08-10,2025-08-14,22,26,4,0,94.16,Medium
PO_001349,SUP_010,FAB_015,15775,12.31,194190.25,2024-01-19,2024-02-23,2024-02-28,35,40,5,0,91.69,Medium
PO_001350,SUP_018,FAB_004,8994,7.39,66465.66,2025-10-12,2025-11-11,2025-11-15,30,34,4,0,91.16,Medium
PO_001351,SUP_022,FAB_030,6470,18.31,118465.7,2025-01-16,2025-02-11,2025-02-13,26,28,2,0,95.29,Medium
PO_001352,SUP_012,FAB_016,4594,5.69,26139.86,2024-11-30,2024-12-16,2024-12-18,16,18,2,0,95.55,Medium
PO_001353,SUP_023,FAB_016,18111,5.8,105043.8,2025-05-15,2025-06-14,2025-06-23,30,39,9,0,99.82,High
PO_001354,SUP_021,FAB_015,1682,15.16,25499.12,2025-09-07,2025-09-29,2025-10-02,22,25,3,0,91.5,Medium
PO_001355,SUP_011,FAB_030,15028,15.43,231882.04,2025-06-17,2025-07-04,2025-07-04,17,17,0,1,96.99,Low
PO_001356,SUP_003,FAB_028,14976,18.9,283046.4,2024-05-14,2024-05-29,2024-06-06,15,23,8,0,91.87,High
PO_001357,SUP_016,FAB_023,5571,6.9,38439.9,2024-08-07,2024-09-04,2024-09-04,28,28,0,1,100.0,Low
PO_001358,SUP_012,FAB_022,11169,4.72,52717.68,2025-06-02,2025-06-29,2025-07-02,27,30,3,0,94.15,Medium
PO_001359,SUP_016,FAB_022,19087,5.51,105169.37,2024-05-05,2024-06-11,2024-06-14,37,40,3,0,92.06,Medium
PO_001360,SUP_013,FAB_023,9975,6.49,64737.75,2025-12-01,2025-12-21,2025-12-26,20,25,5,0,87.87,Medium
PO_001361,SUP_009,FAB_012,2000,11.07,22140.0,2025-09-26,2025-10-25,2025-10-28,29,32,3,0,94.67,Medium
PO_001362,SUP_005,FAB_019,5798,16.25,94217.5,2025-10-05,2025-11-01,2025-11-02,27,28,1,0,89.77,Medium
PO_001363,SUP_014,FAB_014,13837,17.09,236474.33,2024-12-19,2025-01-17,2025-01-19,29,31,2,0,91.25,Medium
PO_001364,SUP_019,FAB_010,3070,4.57,14029.9,2024-03-17,2024-04-16,2024-04-19,30,33,3,0,96.02,Medium
PO_001365,SUP_009,FAB_015,5013,13.73,68828.49,2024-01-26,2024-02-23,2024-02-26,28,31,3,0,94.61,Medium
PO_001366,SUP_025,FAB_009,10673,8.15,86984.95,2025-01-04,2025-01-31,2025-01-31,27,27,0,1,100.0,Low
PO_001367,SUP_012,FAB_008,7592,13.43,101960.56,2024-04-04,2024-05-09,2024-05-12,35,38,3,0,91.7,Medium
PO_001368,SUP_009,FAB_026,11735,14.0,164290.0,2025-04-20,2025-05-06,2025-05-07,16,17,1,0,93.32,Medium
PO_001369,SUP_010,FAB_005,1461,6.79,9920.19,2024-07-13,2024-08-01,2024-08-01,19,19,0,1,91.26,Low
PO_001370,SUP_011,FAB_027,8141,11.21,91260.61,2025-08-17,2025-09-13,2025-09-13,27,27,0,1,99.84,Low
PO_001371,SUP_011,FAB_027,1070,11.21,11994.7,2024-02-24,2024-03-22,2024-03-22,27,27,0,1,94.45,Low
PO_001372,SUP_007,FAB_018,9288,10.76,99938.88,2025-02-15,2025-03-04,2025-03-05,17,18,1,0,94.16,Medium
PO_001373,SUP_013,FAB_024,8898,5.18,46091.64,2024-12-10,2025-01-08,2025-01-17,29,38,9,0,97.33,High
PO_001374,SUP_004,FAB_019,14673,15.3,224496.9,2025-05-03,2025-05-29,2025-06-01,26,29,3,0,91.7,Medium
PO_001375,SUP_011,FAB_022,18586,5.56,103338.16,2025-10-01,2025-11-03,2025-11-05,33,35,2,0,100.0,Medium
PO_001376,SUP_007,FAB_028,16716,17.07,285342.12,2024-12-27,2025-01-17,2025-01-20,21,24,3,0,89.06,Medium
PO_001377,SUP_022,FAB_011,10097,6.02,60783.94,2025-02-09,2025-02-23,2025-02-24,14,15,1,0,96.59,Medium
PO_001378,SUP_008,FAB_011,10267,5.27,54107.09,2024-01-12,2024-02-02,2024-02-04,21,23,2,0,93.31,Medium
PO_001379,SUP_006,FAB_014,7601,16.46,125112.46,2025-11-04,2025-11-24,2025-11-24,20,20,0,1,93.31,Low
PO_001380,SUP_014,FAB_009,1246,8.16,10167.36,2024-09-07,2024-09-26,2024-10-09,19,32,13,0,92.95,High
PO_001381,SUP_019,FAB_028,15668,16.65,260872.2,2024-06-28,2024-08-02,2024-08-04,35,37,2,0,93.04,Medium
PO_001382,SUP_001,FAB_017,14851,11.59,172123.09,2025-02-26,2025-04-02,2025-04-02,35,35,0,1,88.23,Low
PO_001383,SUP_013,FAB_023,12922,6.49,83863.78,2024-08-10,2024-08-30,2024-08-30,20,20,0,1,93.29,Low
PO_001384,SUP_015,FAB_024,19483,5.13,99947.79,2025-04-05,2025-04-23,2025-04-27,18,22,4,0,100.0,Medium
PO_001385,SUP_014,FAB_017,11746,11.32,132964.72,2025-09-20,2025-10-19,2025-10-21,29,31,2,0,87.97,Medium
PO_001386,SUP_006,FAB_001,19593,9.25,181235.25,2025-07-04,2025-08-08,2025-08-11,35,38,3,0,96.59,Medium
PO_001387,SUP_003,FAB_014,10544,19.82,208982.08,2024-09-07,2024-09-30,2024-10-04,23,27,4,0,93.55,Medium
PO_001388,SUP_012,FAB_022,6392,4.72,30170.24,2025-10-20,2025-11-16,2025-11-17,27,28,1,0,100.0,Medium
PO_001389,SUP_009,FAB_015,2531,13.73,34750.63,2025-03-01,2025-03-29,2025-03-29,28,28,0,1,93.84,Low
PO_001390,SUP_014,FAB_011,18651,6.09,113584.59,2025-08-14,2025-09-06,2025-09-15,23,32,9,0,91.3,High
PO_001391,SUP_007,FAB_023,9918,6.79,67343.22,2025-04-05,2025-05-03,2025-05-05,28,30,2,0,96.09,Medium
PO_001392,SUP_003,FAB_023,19998,7.68,153584.64,2024-02-11,2024-02-25,2024-02-26,14,15,1,0,89.93,Medium
PO_001393,SUP_019,FAB_011,17884,5.61,100329.24,2025-12-01,2025-12-16,2025-12-17,15,16,1,0,91.41,Medium
PO_001394,SUP_001,FAB_006,10064,18.61,187291.04,2024-01-12,2024-02-21,2024-02-22,40,41,1,0,97.61,Medium
PO_001395,SUP_013,FAB_022,10854,5.44,59045.76,2025-07-02,2025-08-11,2025-08-12,40,41,1,0,91.61,Medium
PO_001396,SUP_022,FAB_007,16267,8.25,134202.75,2025-04-18,2025-05-17,2025-05-22,29,34,5,0,99.73,Medium
PO_001397,SUP_017,FAB_005,7315,6.39,46742.85,2025-04-12,2025-05-12,2025-05-14,30,32,2,0,91.7,Medium
PO_001398,SUP_002,FAB_023,10686,7.36,78648.96,2025-11-14,2025-12-22,2025-12-23,38,39,1,0,95.81,Medium
PO_001399,SUP_013,FAB_025,11400,18.47,210558.0,2025-09-29,2025-10-30,2025-11-08,31,40,9,0,87.21,High
PO_001400,SUP_007,FAB_018,4295,10.76,46214.2,2024-06-28,2024-07-15,2024-07-22,17,24,7,0,97.17,Medium
PO_001401,SUP_007,FAB_012,1566,10.96,17163.36,2025-11-05,2025-11-27,2025-12-09,22,34,12,0,97.04,High
PO_001402,SUP_025,FAB_009,5313,8.15,43300.95,2024-04-01,2024-04-28,2024-04-28,27,27,0,1,94.14,Low
PO_001403,SUP_001,FAB_018,627,11.04,6922.08,2025-08-20,2025-09-07,2025-09-08,18,19,1,0,95.02,Medium
PO_001404,SUP_023,FAB_019,4405,15.67,69026.35,2024-10-11,2024-10-27,2024-11-06,16,26,10,0,87.9,High
PO_001405,SUP_010,FAB_018,2851,11.86,33812.86,2025-02-19,2025-03-08,2025-03-10,17,19,2,0,89.4,Medium
PO_001406,SUP_005,FAB_030,18179,15.73,285955.67,2025-05-26,2025-06-17,2025-06-20,22,25,3,0,97.42,Medium
PO_001407,SUP_024,FAB_004,11044,7.78,85922.32,2025-10-03,2025-11-06,2025-11-12,34,40,6,0,93.15,Medium
PO_001408,SUP_007,FAB_023,15016,6.79,101958.64,2024-09-27,2024-10-25,2024-10-29,28,32,4,0,91.99,Medium
PO_001409,SUP_019,FAB_012,19680,12.38,243638.4,2024-06-19,2024-07-29,2024-08-03,40,45,5,0,96.97,Medium
PO_001410,SUP_004,FAB_014,5387,19.52,105154.24,2024-05-14,2024-06-03,2024-06-14,20,31,11,0,90.11,High
PO_001411,SUP_007,FAB_028,1869,17.07,31903.83,2024-01-08,2024-01-29,2024-02-04,21,27,6,0,95.53,Medium
PO_001412,SUP_018,FAB_024,18378,5.25,96484.5,2024-09-26,2024-10-12,2024-10-13,16,17,1,0,95.89,Medium
PO_001413,SUP_012,FAB_030,8958,15.33,137326.14,2024-04-09,2024-05-06,2024-05-07,27,28,1,0,97.6,Medium
PO_001414,SUP_013,FAB_016,13013,5.34,69489.42,2025-07-28,2025-08-12,2025-08-15,15,18,3,0,89.6,Medium
PO_001415,SUP_019,FAB_019,14475,14.46,209308.5,2024-10-03,2024-11-03,2024-11-05,31,33,2,0,94.1,Medium
PO_001416,SUP_023,FAB_028,12752,15.73,200588.96,2025-04-19,2025-05-13,2025-05-14,24,25,1,0,94.7,Medium
PO_001417,SUP_022,FAB_023,9029,7.57,68349.53,2025-11-02,2025-11-24,2025-11-25,22,23,1,0,97.57,Medium
PO_001418,SUP_022,FAB_030,12985,18.31,237755.35,2025-03-07,2025-04-02,2025-04-03,26,27,1,0,97.58,Medium
PO_001419,SUP_018,FAB_011,15997,5.86,93742.42,2024-06-14,2024-07-12,2024-07-12,28,28,0,1,90.06,Low
PO_001420,SUP_014,FAB_014,19131,17.09,326948.79,2024-03-07,2024-04-05,2024-04-11,29,35,6,0,91.69,Medium
PO_001421,SUP_011,FAB_022,11037,5.56,61365.72,2025-01-06,2025-02-08,2025-02-10,33,35,2,0,90.89,Medium
PO_001422,SUP_003,FAB_023,9677,7.68,74319.36,2025-06-06,2025-06-20,2025-06-28,14,22,8,0,90.6,High
PO_001423,SUP_005,FAB_016,16132,5.84,94210.88,2024-05-17,2024-06-14,2024-06-15,28,29,1,0,95.61,Medium
PO_001424,SUP_015,FAB_001,17893,11.17,199864.81,2025-09-14,2025-10-23,2025-10-23,39,39,0,1,95.43,Low
PO_001425,SUP_016,FAB_014,6288,20.14,126640.32,2024-10-27,2024-11-23,2024-11-23,27,27,0,1,94.98,Low
PO_001426,SUP_022,FAB_025,14555,18.59,270577.45,2025-05-09,2025-05-29,2025-06-02,20,24,4,0,92.96,Medium
PO_001427,SUP_006,FAB_018,7912,11.78,93203.36,2025-04-06,2025-05-13,2025-05-13,37,37,0,1,91.64,Low
PO_001428,SUP_024,FAB_025,12052,19.85,239232.2,2025-02-21,2025-03-09,2025-03-12,16,19,3,0,94.75,Medium
PO_001429,SUP_005,FAB_016,15439,5.84,90163.76,2025-09-03,2025-10-01,2025-10-05,28,32,4,0,96.52,Medium
PO_001430,SUP_017,FAB_017,18880,11.31,213532.8,2024-10-06,2024-11-01,2024-11-29,26,54,28,0,94.85,High
PO_001431,SUP_019,FAB_015,16751,14.82,248249.82,2024-12-05,2025-01-02,2025-01-04,28,30,2,0,95.66,Medium
PO_001432,SUP_009,FAB_001,1277,10.99,14034.23,2025-05-28,2025-06-30,2025-07-01,33,34,1,0,96.39,Medium
PO_001433,SUP_023,FAB_007,17411,8.16,142073.76,2024-05-17,2024-06-08,2024-06-12,22,26,4,0,91.02,Medium
PO_001434,SUP_003,FAB_022,9258,5.47,50641.26,2025-01-21,2025-02-21,2025-02-21,31,31,0,1,88.17,Low
PO_001435,SUP_016,FAB_012,6631,13.37,88656.47,2024-04-22,2024-05-19,2024-05-23,27,31,4,0,94.26,Medium
PO_001436,SUP_015,FAB_010,14724,5.34,78626.16,2024-12-07,2024-12-22,2024-12-25,15,18,3,0,88.75,Medium
PO_001437,SUP_016,FAB_022,15948,5.51,87873.48,2024-02-03,2024-03-11,2024-03-14,37,40,3,0,88.83,Medium
PO_001438,SUP_010,FAB_022,2173,5.48,11908.04,2025-10-09,2025-10-26,2025-11-04,17,26,9,0,90.62,High
PO_001439,SUP_025,FAB_020,18092,9.52,172235.84,2024-08-01,2024-09-06,2024-09-09,36,39,3,0,97.37,Medium
PO_001440,SUP_023,FAB_007,3677,8.16,30004.32,2024-03-06,2024-03-28,2024-03-29,22,23,1,0,93.16,Medium
PO_001441,SUP_002,FAB_003,18467,16.83,310799.61,2024-08-22,2024-09-13,2024-09-17,22,26,4,0,94.67,Medium
PO_001442,SUP_020,FAB_010,6458,5.04,32548.32,2025-04-30,2025-05-30,2025-06-03,30,34,4,0,89.85,Medium
PO_001443,SUP_011,FAB_002,6108,14.61,89237.88,2024-07-09,2024-07-27,2024-07-27,18,18,0,1,97.14,Low
PO_001444,SUP_002,FAB_003,8429,16.83,141860.07,2024-03-12,2024-04-03,2024-04-06,22,25,3,0,93.82,Medium
PO_001445,SUP_015,FAB_018,15956,12.21,194822.76,2024-12-08,2025-01-07,2025-01-18,30,41,11,0,100.0,High
PO_001446,SUP_003,FAB_022,11757,5.47,64310.79,2025-10-20,2025-11-20,2025-12-04,31,45,14,0,94.55,High
PO_001447,SUP_013,FAB_013,4189,13.87,58101.43,2024-08-19,2024-09-08,2024-09-17,20,29,9,0,93.33,High
PO_001448,SUP_008,FAB_002,9754,12.75,124363.5,2025-07-21,2025-08-09,2025-08-16,19,26,7,0,95.71,Medium
PO_001449,SUP_010,FAB_016,6108,4.77,29135.16,2025-05-22,2025-06-11,2025-06-14,20,23,3,0,93.44,Medium
PO_001450,SUP_022,FAB_020,13652,10.02,136793.04,2025-03-29,2025-04-26,2025-04-26,28,28,0,1,92.91,Low
PO_001451,SUP_008,FAB_001,14734,9.4,138499.6,2025-08-12,2025-08-31,2025-09-03,19,22,3,0,90.77,Medium
PO_001452,SUP_016,FAB_009,19679,8.41,165500.39,2024-11-01,2024-12-09,2024-12-14,38,43,5,0,96.96,Medium
PO_001453,SUP_004,FAB_011,3505,6.56,22992.8,2025-05-03,2025-06-04,2025-06-05,32,33,1,0,92.14,Medium
PO_001454,SUP_015,FAB_024,763,5.13,3914.19,2025-05-06,2025-05-24,2025-06-06,18,31,13,0,97.3,High
PO_001455,SUP_020,FAB_030,2165,15.13,32756.45,2025-09-05,2025-09-24,2025-09-24,19,19,0,1,93.75,Low
PO_001456,SUP_019,FAB_014,14510,19.06,276560.6,2024-08-09,2024-08-25,2024-08-27,16,18,2,0,90.51,Medium
PO_001457,SUP_020,FAB_027,19938,10.12,201772.56,2025-04-06,2025-04-27,2025-05-08,21,32,11,0,88.62,High
PO_001458,SUP_024,FAB_015,14080,12.36,174028.8,2024-10-12,2024-11-08,2024-11-11,27,30,3,0,97.49,Medium
PO_001459,SUP_003,FAB_022,786,5.47,4299.42,2025-05-15,2025-06-15,2025-06-17,31,33,2,0,91.5,Medium
PO_001460,SUP_021,FAB_014,16904,20.05,338925.2,2024-05-17,2024-06-09,2024-06-12,23,26,3,0,94.73,Medium
PO_001461,SUP_019,FAB_012,19123,12.38,236742.74,2025-08-30,2025-10-09,2025-10-26,40,57,17,0,99.65,High
PO_001462,SUP_001,FAB_017,8433,11.59,97738.47,2025-02-05,2025-03-12,2025-03-13,35,36,1,0,98.55,Medium
PO_001463,SUP_011,FAB_001,13564,9.83,133334.12,2025-04-19,2025-05-27,2025-06-03,38,45,7,0,97.07,Medium
PO_001464,SUP_013,FAB_026,2590,11.83,30639.7,2024-08-30,2024-10-01,2024-10-04,32,35,3,0,94.13,Medium
PO_001465,SUP_009,FAB_012,10688,11.07,118316.16,2024-02-12,2024-03-12,2024-03-12,29,29,0,1,96.29,Low
PO_001466,SUP_017,FAB_023,12575,7.59,95444.25,2024-02-15,2024-02-29,2024-03-04,14,18,4,0,95.65,Medium
PO_001467,SUP_021,FAB_021,5206,13.21,68771.26,2025-03-01,2025-03-17,2025-03-18,16,17,1,0,93.88,Medium
PO_001468,SUP_023,FAB_025,9641,20.24,195133.84,2025-12-01,2025-12-17,2025-12-20,16,19,3,0,94.48,Medium
PO_001469,SUP_012,FAB_005,3006,7.19,21613.14,2025-07-07,2025-07-24,2025-07-28,17,21,4,0,94.01,Medium
PO_001470,SUP_018,FAB_007,14998,7.44,111585.12,2024-07-10,2024-08-16,2024-08-18,37,39,2,0,93.12,Medium
PO_001471,SUP_012,FAB_021,7677,12.26,94120.02,2025-06-30,2025-07-15,2025-07-19,15,19,4,0,94.53,Medium
PO_001472,SUP_013,FAB_013,12989,13.87,180157.43,2025-08-08,2025-08-28,2025-09-03,20,26,6,0,94.86,Medium
PO_001473,SUP_003,FAB_018,14511,10.14,147141.54,2025-11-16,2025-12-12,2025-12-14,26,28,2,0,90.85,Medium
PO_001474,SUP_017,FAB_029,17670,9.81,173342.7,2025-02-22,2025-03-28,2025-04-10,34,47,13,0,91.73,High
PO_001475,SUP_025,FAB_020,2842,9.52,27055.84,2024-12-19,2025-01-24,2025-01-25,36,37,1,0,97.28,Medium
PO_001476,SUP_004,FAB_011,6044,6.56,39648.64,2024-01-30,2024-03-02,2024-03-02,32,32,0,1,97.05,Low
PO_001477,SUP_009,FAB_015,14043,13.73,192810.39,2024-11-12,2024-12-10,2024-12-14,28,32,4,0,100.0,Medium
PO_001478,SUP_002,FAB_003,6022,16.83,101350.26,2024-07-18,2024-08-09,2024-08-12,22,25,3,0,95.14,Medium
PO_001479,SUP_008,FAB_006,5737,16.71,95865.27,2024-04-30,2024-06-05,2024-06-05,36,36,0,1,96.87,Low
PO_001480,SUP_002,FAB_019,18749,17.14,321357.86,2024-02-22,2024-03-13,2024-03-16,20,23,3,0,100.0,Medium
PO_001481,SUP_018,FAB_028,18548,16.57,307340.36,2024-04-22,2024-05-15,2024-05-16,23,24,1,0,95.89,Medium
PO_001482,SUP_005,FAB_014,4294,19.38,83217.72,2025-02-15,2025-03-19,2025-03-22,32,35,3,0,95.12,Medium
PO_001483,SUP_020,FAB_027,14408,10.12,145808.96,2025-07-04,2025-07-25,2025-07-31,21,27,6,0,87.26,Medium
PO_001484,SUP_008,FAB_001,1454,9.4,13667.6,2025-09-20,2025-10-09,2025-10-09,19,19,0,1,90.3,Low
PO_001485,SUP_002,FAB_013,14716,13.79,202933.64,2025-10-24,2025-11-10,2025-11-14,17,21,4,0,97.13,Medium
PO_001486,SUP_003,FAB_016,10667,4.92,52481.64,2025-11-24,2025-12-28,2025-12-28,34,34,0,1,88.23,Low
PO_001487,SUP_019,FAB_016,17581,5.34,93882.54,2025-02-18,2025-03-13,2025-03-16,23,26,3,0,89.86,Medium
PO_001488,SUP_019,FAB_013,848,12.25,10388.0,2024-09-04,2024-09-18,2024-09-24,14,20,6,0,91.85,Medium
PO_001489,SUP_015,FAB_007,7630,8.43,64320.9,2024-06-03,2024-07-11,2024-07-14,38,41,3,0,96.01,Medium
PO_001490,SUP_015,FAB_008,5441,13.31,72419.71,2024-07-17,2024-08-03,2024-08-06,17,20,3,0,87.45,Medium
PO_001491,SUP_022,FAB_005,10402,7.26,75518.52,2025-08-08,2025-08-31,2025-09-02,23,25,2,0,87.63,Medium
PO_001492,SUP_002,FAB_005,15308,6.1,93378.8,2024-06-20,2024-07-19,2024-07-22,29,32,3,0,92.37,Medium
PO_001493,SUP_005,FAB_026,15260,13.45,205247.0,2025-08-07,2025-09-14,2025-09-14,38,38,0,1,93.56,Low
PO_001494,SUP_009,FAB_020,919,8.32,7646.08,2025-06-06,2025-06-21,2025-06-23,15,17,2,0,98.57,Medium
PO_001495,SUP_019,FAB_012,8689,12.38,107569.82,2024-09-15,2024-10-25,2024-10-27,40,42,2,0,92.16,Medium
PO_001496,SUP_011,FAB_020,16449,8.32,136855.68,2024-02-12,2024-03-22,2024-03-23,39,40,1,0,93.84,Medium
PO_001497,SUP_020,FAB_004,17782,8.06,143322.92,2024-01-09,2024-02-01,2024-02-07,23,29,6,0,92.92,Medium
PO_001498,SUP_002,FAB_003,9732,16.83,163789.56,2024-07-06,2024-07-28,2024-07-29,22,23,1,0,90.46,Medium
PO_001499,SUP_013,FAB_024,18197,5.18,94260.46,2025-01-26,2025-02-24,2025-03-21,29,54,25,0,85.93,High
PO_001500,SUP_006,FAB_014,2004,16.46,32985.84,2024-07-05,2024-07-25,2024-07-27,20,22,2,0,96.28,Medium
PO_001501,SUP_016,FAB_022,1626,5.51,8959.26,2024-09-10,2024-10-17,2024-10-17,37,37,0,1,100.0,Low
PO_001502,SUP_025,FAB_015,9005,13.15,118415.75,2025-09-06,2025-10-08,2025-10-15,32,39,7,0,100.0,Medium
PO_001503,SUP_015,FAB_021,8686,13.5,117261.0,2024-10-24,2024-11-17,2024-11-17,24,24,0,1,92.96,Low
PO_001504,SUP_002,FAB_025,6490,18.91,122725.9,2024-09-09,2024-10-05,2024-10-07,26,28,2,0,95.25,Medium
PO_001505,SUP_017,FAB_017,7426,11.31,83988.06,2024-02-14,2024-03-11,2024-03-15,26,30,4,0,85.37,Medium
PO_001506,SUP_025,FAB_014,11056,17.33,191600.48,2025-01-28,2025-02-11,2025-02-15,14,18,4,0,93.18,Medium
PO_001507,SUP_025,FAB_025,16891,17.52,295930.32,2024-05-24,2024-06-18,2024-06-20,25,27,2,0,91.48,Medium
PO_001508,SUP_003,FAB_028,4542,18.9,85843.8,2025-10-12,2025-10-27,2025-10-30,15,18,3,0,98.78,Medium
PO_001509,SUP_012,FAB_027,4559,12.77,58218.43,2024-02-29,2024-04-04,2024-04-04,35,35,0,1,89.64,Low
PO_001510,SUP_018,FAB_008,6472,14.6,94491.2,2024-07-30,2024-08-15,2024-08-17,16,18,2,0,95.77,Medium
PO_001511,SUP_013,FAB_013,2650,13.87,36755.5,2024-02-08,2024-02-28,2024-03-01,20,22,2,0,91.08,Medium
PO_001512,SUP_019,FAB_024,8198,5.38,44105.24,2025-11-28,2025-12-12,2025-12-13,14,15,1,0,93.98,Medium
PO_001513,SUP_010,FAB_022,18356,5.48,100590.88,2024-01-08,2024-01-25,2024-02-10,17,33,16,0,89.77,High
PO_001514,SUP_023,FAB_007,16912,8.16,138001.92,2025-10-25,2025-11-16,2025-11-20,22,26,4,0,93.46,Medium
PO_001515,SUP_013,FAB_025,13191,18.47,243637.77,2025-09-09,2025-10-10,2025-10-18,31,39,8,0,96.51,High
PO_001516,SUP_004,FAB_018,2707,12.22,33079.54,2025-09-15,2025-09-29,2025-09-29,14,14,0,1,92.75,Low
PO_001517,SUP_023,FAB_018,6944,12.17,84508.48,2025-03-08,2025-04-04,2025-04-10,27,33,6,0,97.52,Medium
PO_001518,SUP_019,FAB_019,9810,14.46,141852.6,2025-08-21,2025-09-21,2025-09-25,31,35,4,0,91.04,Medium
PO_001519,SUP_005,FAB_017,4480,10.84,48563.2,2024-08-21,2024-09-22,2024-09-23,32,33,1,0,97.7,Medium
PO_001520,SUP_025,FAB_008,6808,13.68,93133.44,2025-01-24,2025-02-27,2025-03-02,34,37,3,0,95.26,Medium
PO_001521,SUP_022,FAB_030,10475,18.31,191797.25,2024-02-18,2024-03-15,2024-03-18,26,29,3,0,94.74,Medium
PO_001522,SUP_023,FAB_006,4753,14.79,70296.87,2024-06-14,2024-07-19,2024-07-22,35,38,3,0,91.26,Medium
PO_001523,SUP_011,FAB_011,2482,6.37,15810.34,2025-06-02,2025-06-28,2025-07-01,26,29,3,0,96.26,Medium
PO_001524,SUP_010,FAB_029,5635,8.48,47784.8,2024-12-14,2024-12-29,2024-12-30,15,16,1,0,92.51,Medium
PO_001525,SUP_005,FAB_012,16372,13.26,217092.72,2025-09-19,2025-10-16,2025-10-17,27,28,1,0,95.85,Medium
PO_001526,SUP_019,FAB_003,3373,16.33,55081.09,2024-02-15,2024-03-14,2024-03-22,28,36,8,0,92.11,High
PO_001527,SUP_025,FAB_014,2056,17.33,35630.48,2025-10-21,2025-11-04,2025-11-04,14,14,0,1,100.0,Low
PO_001528,SUP_014,FAB_018,5831,11.55,67348.05,2025-03-05,2025-04-13,2025-04-19,39,45,6,0,97.3,Medium
PO_001529,SUP_007,FAB_019,6213,16.0,99408.0,2024-08-28,2024-10-07,2024-10-07,40,40,0,1,93.71,Low
PO_001530,SUP_013,FAB_021,3393,12.18,41326.74,2024-05-09,2024-06-10,2024-06-14,32,36,4,0,90.59,Medium
PO_001531,SUP_024,FAB_028,13528,18.15,245533.2,2025-05-20,2025-06-04,2025-06-07,15,18,3,0,95.66,Medium
PO_001532,SUP_013,FAB_016,11181,5.34,59706.54,2025-10-16,2025-10-31,2025-11-03,15,18,3,0,92.98,Medium
PO_001533,SUP_007,FAB_023,8277,6.79,56200.83,2025-02-17,2025-03-17,2025-03-20,28,31,3,0,90.57,Medium
PO_001534,SUP_017,FAB_007,5020,6.62,33232.4,2024-11-11,2024-12-02,2024-12-09,21,28,7,0,89.71,Medium
PO_001535,SUP_009,FAB_015,17866,13.73,245300.18,2025-12-01,2025-12-29,2025-12-30,28,29,1,0,93.25,Medium
PO_001536,SUP_008,FAB_021,14912,12.27,182970.24,2025-05-28,2025-06-15,2025-06-19,18,22,4,0,90.98,Medium
PO_001537,SUP_014,FAB_018,9262,11.55,106976.1,2025-06-04,2025-07-13,2025-07-26,39,52,13,0,92.6,High
PO_001538,SUP_009,FAB_010,12453,5.01,62389.53,2025-02-09,2025-03-05,2025-03-07,24,26,2,0,92.23,Medium
PO_001539,SUP_024,FAB_026,4546,14.09,64053.14,2024-06-11,2024-07-20,2024-07-22,39,41,2,0,97.36,Medium
PO_001540,SUP_002,FAB_005,18824,6.1,114826.4,2025-03-29,2025-04-27,2025-04-27,29,29,0,1,99.15,Low
PO_001541,SUP_001,FAB_010,10172,5.36,54521.92,2025-08-20,2025-09-14,2025-09-14,25,25,0,1,96.04,Low
PO_001542,SUP_002,FAB_023,3423,7.36,25193.28,2025-04-27,2025-06-04,2025-06-07,38,41,3,0,93.25,Medium
PO_001543,SUP_004,FAB_011,13427,6.56,88081.12,2024-02-14,2024-03-17,2024-03-18,32,33,1,0,99.54,Medium
PO_001544,SUP_002,FAB_004,14784,7.87,116350.08,2025-03-17,2025-04-15,2025-04-15,29,29,0,1,98.31,Low
PO_001545,SUP_019,FAB_012,6733,12.38,83354.54,2024-11-20,2024-12-30,2025-01-04,40,45,5,0,97.18,Medium
PO_001546,SUP_018,FAB_008,12146,14.6,177331.6,2024-09-21,2024-10-07,2024-10-07,16,16,0,1,97.35,Low
PO_001547,SUP_015,FAB_021,6170,13.5,83295.0,2024-01-26,2024-02-19,2024-02-22,24,27,3,0,90.72,Medium
PO_001548,SUP_004,FAB_011,3799,6.56,24921.44,2024-04-26,2024-05-28,2024-05-30,32,34,2,0,97.47,Medium
PO_001549,SUP_005,FAB_014,16000,19.38,310080.0,2025-11-11,2025-12-13,2025-12-13,32,32,0,1,96.5,Low
PO_001550,SUP_007,FAB_016,7213,4.91,35415.83,2025-07-12,2025-08-07,2025-08-09,26,28,2,0,93.93,Medium
PO_001551,SUP_002,FAB_013,4620,13.79,63709.8,2024-04-03,2024-04-20,2024-04-23,17,20,3,0,97.67,Medium
PO_001552,SUP_010,FAB_011,9651,6.57,63407.07,2025-02-28,2025-03-15,2025-03-19,15,19,4,0,89.15,Medium
PO_001553,SUP_011,FAB_002,4592,14.61,67089.12,2024-03-29,2024-04-16,2024-04-16,18,18,0,1,90.85,Low
PO_001554,SUP_018,FAB_008,19610,14.6,286306.0,2024-05-06,2024-05-22,2024-05-25,16,19,3,0,92.75,Medium
PO_001555,SUP_025,FAB_012,19360,13.62,263683.2,2025-06-07,2025-06-25,2025-07-01,18,24,6,0,100.0,Medium
PO_001556,SUP_010,FAB_022,7149,5.48,39176.52,2025-08-08,2025-08-25,2025-09-02,17,25,8,0,90.42,High
PO_001557,SUP_025,FAB_008,4316,13.68,59042.88,2024-08-10,2024-09-13,2024-09-13,34,34,0,1,97.03,Low
PO_001558,SUP_018,FAB_007,10149,7.44,75508.56,2024-06-20,2024-07-27,2024-07-28,37,38,1,0,98.04,Medium
PO_001559,SUP_007,FAB_011,7945,5.74,45604.3,2024-04-30,2024-06-05,2024-06-09,36,40,4,0,95.09,Medium
PO_001560,SUP_019,FAB_002,11208,15.11,169352.88,2024-08-05,2024-09-05,2024-09-06,31,32,1,0,91.54,Medium
PO_001561,SUP_003,FAB_028,1669,18.9,31544.1,2025-03-15,2025-03-30,2025-04-02,15,18,3,0,92.01,Medium
PO_001562,SUP_011,FAB_015,3823,13.68,52298.64,2024-01-03,2024-02-01,2024-02-01,29,29,0,1,100.0,Low
PO_001563,SUP_023,FAB_018,17873,12.17,217514.41,2024-10-01,2024-10-28,2024-10-28,27,27,0,1,89.16,Low
PO_001564,SUP_010,FAB_016,7073,4.77,33738.21,2024-06-11,2024-07-01,2024-07-12,20,31,11,0,95.88,High
PO_001565,SUP_006,FAB_016,8511,4.91,41789.01,2025-11-07,2025-12-15,2025-12-24,38,47,9,0,90.37,High
PO_001566,SUP_006,FAB_014,4143,16.46,68193.78,2025-11-15,2025-12-05,2025-12-13,20,28,8,0,92.9,High
PO_001567,SUP_023,FAB_022,5629,5.21,29327.09,2024-02-22,2024-03-23,2024-03-26,30,33,3,0,97.12,Medium
PO_001568,SUP_003,FAB_010,3086,4.41,13609.26,2024-11-04,2024-11-19,2024-11-20,15,16,1,0,91.49,Medium
PO_001569,SUP_025,FAB_005,17810,6.69,119148.9,2025-04-22,2025-05-13,2025-05-20,21,28,7,0,100.0,Medium
PO_001570,SUP_006,FAB_001,7965,9.25,73676.25,2024-12-25,2025-01-29,2025-02-04,35,41,6,0,97.51,Medium
PO_001571,SUP_025,FAB_024,10016,5.42,54286.72,2024-10-16,2024-11-05,2024-11-08,20,23,3,0,95.39,Medium
PO_001572,SUP_009,FAB_026,13064,14.0,182896.0,2024-05-25,2024-06-10,2024-06-13,16,19,3,0,98.32,Medium
PO_001573,SUP_005,FAB_021,12782,11.74,150060.68,2025-09-22,2025-10-13,2025-10-13,21,21,0,1,89.73,Low
PO_001574,SUP_023,FAB_007,15222,8.16,124211.52,2025-11-11,2025-12-03,2025-12-07,22,26,4,0,95.4,Medium
PO_001575,SUP_005,FAB_016,9682,5.84,56542.88,2024-01-18,2024-02-15,2024-02-21,28,34,6,0,99.34,Medium
PO_001576,SUP_021,FAB_017,4452,10.83,48215.16,2024-11-18,2024-12-25,2024-12-25,37,37,0,1,97.48,Low
PO_001577,SUP_011,FAB_001,3869,9.83,38032.27,2025-05-18,2025-06-25,2025-06-26,38,39,1,0,89.97,Medium
PO_001578,SUP_012,FAB_027,4581,12.77,58499.37,2024-10-30,2024-12-04,2024-12-08,35,39,4,0,97.98,Medium
PO_001579,SUP_014,FAB_011,7474,6.09,45516.66,2025-01-02,2025-01-25,2025-01-29,23,27,4,0,89.48,Medium
PO_001580,SUP_018,FAB_012,13548,13.73,186014.04,2024-06-02,2024-07-05,2024-07-09,33,37,4,0,93.25,Medium
PO_001581,SUP_022,FAB_007,16922,8.25,139606.5,2024-06-16,2024-07-15,2024-07-17,29,31,2,0,93.58,Medium
PO_001582,SUP_021,FAB_021,11838,13.21,156379.98,2024-03-09,2024-03-25,2024-04-01,16,23,7,0,88.19,Medium
PO_001583,SUP_013,FAB_023,12383,6.49,80365.67,2024-10-07,2024-10-27,2024-11-01,20,25,5,0,89.82,Medium
PO_001584,SUP_018,FAB_015,1129,13.28,14993.12,2025-07-27,2025-08-11,2025-08-12,15,16,1,0,96.14,Medium
PO_001585,SUP_024,FAB_003,8386,16.11,135098.46,2024-12-16,2024-12-31,2025-01-03,15,18,3,0,93.64,Medium
PO_001586,SUP_018,FAB_024,14701,5.25,77180.25,2024-08-09,2024-08-25,2024-08-25,16,16,0,1,92.42,Low
PO_001587,SUP_009,FAB_020,1910,8.32,15891.2,2024-05-03,2024-05-18,2024-05-22,15,19,4,0,100.0,Medium
PO_001588,SUP_013,FAB_015,9799,13.25,129836.75,2025-10-07,2025-11-12,2025-11-12,36,36,0,1,85.47,Low
PO_001589,SUP_025,FAB_020,11930,9.52,113573.6,2024-04-14,2024-05-20,2024-05-24,36,40,4,0,93.55,Medium
PO_001590,SUP_004,FAB_019,13731,15.3,210084.3,2024-09-25,2024-10-21,2024-11-01,26,37,11,0,94.01,High
PO_001591,SUP_008,FAB_006,18141,16.71,303136.11,2025-11-14,2025-12-20,2025-12-24,36,40,4,0,98.04,Medium
PO_001592,SUP_002,FAB_003,16436,16.83,276617.88,2025-03-01,2025-03-23,2025-03-23,22,22,0,1,91.34,Low
PO_001593,SUP_022,FAB_005,15387,7.26,111709.62,2024-09-29,2024-10-22,2024-10-23,23,24,1,0,99.01,Medium
PO_001594,SUP_001,FAB_024,14624,4.4,64345.6,2025-06-07,2025-07-05,2025-07-05,28,28,0,1,93.7,Low
PO_001595,SUP_010,FAB_018,9550,11.86,113263.0,2025-04-10,2025-04-27,2025-05-01,17,21,4,0,94.77,Medium
PO_001596,SUP_011,FAB_021,2154,13.4,28863.6,2025-02-18,2025-03-29,2025-03-29,39,39,0,1,97.91,Low
PO_001597,SUP_007,FAB_026,4790,14.05,67299.5,2025-01-17,2025-02-02,2025-02-04,16,18,2,0,92.27,Medium
PO_001598,SUP_018,FAB_011,2858,5.86,16747.88,2024-10-25,2024-11-22,2024-11-22,28,28,0,1,99.74,Low
PO_001599,SUP_020,FAB_006,12363,15.75,194717.25,2025-09-07,2025-09-22,2025-09-27,15,20,5,0,93.74,Medium
PO_001600,SUP_024,FAB_020,7611,8.15,62029.65,2024-01-29,2024-03-03,2024-03-10,34,41,7,0,92.48,Medium
PO_001601,SUP_009,FAB_026,2969,14.0,41566.0,2025-06-05,2025-06-21,2025-06-22,16,17,1,0,100.0,Medium
PO_001602,SUP_009,FAB_012,9769,11.07,108142.83,2025-11-25,2025-12-24,2025-12-24,29,29,0,1,90.45,Low
PO_001603,SUP_009,FAB_012,18013,11.07,199403.91,2025-06-11,2025-07-10,2025-07-16,29,35,6,0,92.24,Medium
PO_001604,SUP_008,FAB_001,5733,9.4,53890.2,2024-09-20,2024-10-09,2024-10-13,19,23,4,0,96.05,Medium
PO_001605,SUP_022,FAB_021,5408,13.91,75225.28,2024-03-08,2024-03-30,2024-04-01,22,24,2,0,96.82,Medium
PO_001606,SUP_006,FAB_016,2895,4.91,14214.45,2024-01-24,2024-03-02,2024-03-06,38,42,4,0,92.12,Medium
PO_001607,SUP_003,FAB_014,16644,19.82,329884.08,2024-02-05,2024-02-28,2024-03-08,23,32,9,0,93.98,High
PO_001608,SUP_010,FAB_022,4871,5.48,26693.08,2025-07-08,2025-07-25,2025-07-26,17,18,1,0,96.7,Medium
PO_001609,SUP_009,FAB_012,17626,11.07,195119.82,2024-08-28,2024-09-26,2024-09-26,29,29,0,1,95.88,Low
PO_001610,SUP_011,FAB_015,14134,13.68,193353.12,2024-05-05,2024-06-03,2024-06-03,29,29,0,1,89.47,Low
PO_001611,SUP_018,FAB_008,19557,14.6,285532.2,2024-11-21,2024-12-07,2024-12-12,16,21,5,0,98.48,Medium
PO_001612,SUP_018,FAB_014,13235,19.73,261126.55,2024-07-22,2024-08-10,2024-08-11,19,20,1,0,92.46,Medium
PO_001613,SUP_008,FAB_028,7880,16.49,129941.2,2025-01-19,2025-02-14,2025-02-16,26,28,2,0,100.0,Medium
PO_001614,SUP_020,FAB_006,9228,15.75,145341.0,2024-11-30,2024-12-15,2024-12-17,15,17,2,0,84.41,High
PO_001615,SUP_003,FAB_023,9106,7.68,69934.08,2025-09-27,2025-10-11,2025-10-14,14,17,3,0,93.16,Medium
PO_001616,SUP_001,FAB_007,10839,8.25,89421.75,2024-01-19,2024-02-23,2024-02-24,35,36,1,0,91.21,Medium
PO_001617,SUP_024,FAB_026,18973,14.09,267329.57,2024-05-17,2024-06-25,2024-06-26,39,40,1,0,93.13,Medium
PO_001618,SUP_003,FAB_023,9978,7.68,76631.04,2024-07-28,2024-08-11,2024-08-14,14,17,3,0,87.85,Medium
PO_001619,SUP_025,FAB_014,3820,17.33,66200.6,2024-11-11,2024-11-25,2024-11-25,14,14,0,1,93.73,Low
PO_001620,SUP_020,FAB_030,18041,15.13,272960.33,2024-03-23,2024-04-11,2024-04-11,19,19,0,1,83.49,High
PO_001621,SUP_006,FAB_015,18485,13.95,257865.75,2025-03-21,2025-04-07,2025-04-08,17,18,1,0,90.94,Medium
PO_001622,SUP_023,FAB_006,8983,14.79,132858.57,2024-12-06,2025-01-10,2025-01-12,35,37,2,0,95.18,Medium
PO_001623,SUP_015,FAB_001,3321,11.17,37095.57,2025-11-09,2025-12-18,2025-12-22,39,43,4,0,97.8,Medium
PO_001624,SUP_022,FAB_005,13440,7.26,97574.4,2024-07-09,2024-08-01,2024-08-05,23,27,4,0,96.33,Medium
PO_001625,SUP_016,FAB_012,12760,13.37,170601.2,2024-03-08,2024-04-04,2024-04-09,27,32,5,0,96.54,Medium
PO_001626,SUP_006,FAB_008,1456,16.35,23805.6,2024-09-25,2024-11-03,2024-11-05,39,41,2,0,92.9,Medium
PO_001627,SUP_004,FAB_022,2583,5.07,13095.81,2024-06-11,2024-07-01,2024-07-15,20,34,14,0,91.86,High
PO_001628,SUP_012,FAB_028,5343,16.72,89334.96,2025-04-23,2025-05-13,2025-05-16,20,23,3,0,95.82,Medium
PO_001629,SUP_024,FAB_025,16021,19.85,318016.85,2024-11-12,2024-11-28,2024-12-07,16,25,9,0,100.0,High
PO_001630,SUP_004,FAB_011,3617,6.56,23727.52,2024-11-06,2024-12-08,2024-12-10,32,34,2,0,88.84,Medium
PO_001631,SUP_024,FAB_025,9759,19.85,193716.15,2024-01-02,2024-01-18,2024-01-21,16,19,3,0,92.21,Medium
PO_001632,SUP_009,FAB_019,5877,17.77,104434.29,2024-06-17,2024-07-09,2024-07-10,22,23,1,0,93.48,Medium
PO_001633,SUP_021,FAB_007,4315,7.73,33354.95,2024-04-14,2024-05-19,2024-05-24,35,40,5,0,100.0,Medium
PO_001634,SUP_017,FAB_017,2510,11.31,28388.1,2025-06-06,2025-07-02,2025-07-06,26,30,4,0,88.75,Medium
PO_001635,SUP_006,FAB_015,4049,13.95,56483.55,2024-05-01,2024-05-18,2024-05-21,17,20,3,0,94.34,Medium
PO_001636,SUP_011,FAB_011,4440,6.37,28282.8,2025-08-21,2025-09-16,2025-09-17,26,27,1,0,91.75,Medium
PO_001637,SUP_002,FAB_028,4891,16.61,81239.51,2024-04-27,2024-05-25,2024-05-28,28,31,3,0,92.5,Medium
PO_001638,SUP_025,FAB_005,12368,6.69,82741.92,2024-06-01,2024-06-22,2024-06-25,21,24,3,0,98.1,Medium
PO_001639,SUP_014,FAB_018,1550,11.55,17902.5,2024-01-04,2024-02-12,2024-02-20,39,47,8,0,91.44,High
PO_001640,SUP_006,FAB_018,963,11.78,11344.14,2025-08-25,2025-10-01,2025-10-01,37,37,0,1,90.91,Low
PO_001641,SUP_008,FAB_025,4230,16.9,71487.0,2025-08-01,2025-09-01,2025-09-06,31,36,5,0,100.0,Medium
PO_001642,SUP_009,FAB_012,14687,11.07,162585.09,2024-12-20,2025-01-18,2025-01-18,29,29,0,1,90.44,Low
PO_001643,SUP_015,FAB_008,14385,13.31,191464.35,2025-06-07,2025-06-24,2025-06-25,17,18,1,0,92.12,Medium
PO_001644,SUP_003,FAB_014,11002,19.82,218059.64,2024-09-25,2024-10-18,2024-10-25,23,30,7,0,98.59,Medium
PO_001645,SUP_024,FAB_028,12922,18.15,234534.3,2025-06-25,2025-07-10,2025-07-15,15,20,5,0,91.27,Medium
PO_001646,SUP_025,FAB_020,7018,9.52,66811.36,2024-11-09,2024-12-15,2024-12-15,36,36,0,1,100.0,Low
PO_001647,SUP_018,FAB_005,9546,7.22,68922.12,2025-04-28,2025-06-06,2025-06-12,39,45,6,0,93.8,Medium
PO_001648,SUP_003,FAB_022,17335,5.47,94822.45,2025-09-06,2025-10-07,2025-10-13,31,37,6,0,93.71,Medium
PO_001649,SUP_020,FAB_010,15957,5.04,80423.28,2024-05-04,2024-06-03,2024-06-15,30,42,12,0,98.48,High
PO_001650,SUP_001,FAB_006,6431,18.61,119680.91,2025-05-06,2025-06-15,2025-06-16,40,41,1,0,99.98,Medium
PO_001651,SUP_002,FAB_025,14931,18.91,282345.21,2025-10-19,2025-11-14,2025-11-18,26,30,4,0,92.61,Medium
PO_001652,SUP_012,FAB_027,13511,12.77,172535.47,2025-04-23,2025-05-28,2025-05-28,35,35,0,1,94.89,Low
PO_001653,SUP_016,FAB_025,6447,19.48,125587.56,2025-05-03,2025-05-19,2025-05-21,16,18,2,0,87.78,Medium
PO_001654,SUP_011,FAB_019,2632,15.83,41664.56,2024-02-02,2024-02-18,2024-02-18,16,16,0,1,95.92,Low
PO_001655,SUP_008,FAB_025,14440,16.9,244036.0,2025-04-05,2025-05-06,2025-05-06,31,31,0,1,95.03,Low
PO_001656,SUP_008,FAB_023,17375,6.73,116933.75,2025-05-30,2025-07-01,2025-07-04,32,35,3,0,97.0,Medium
PO_001657,SUP_003,FAB_014,11694,19.82,231775.08,2024-07-22,2024-08-14,2024-08-18,23,27,4,0,84.78,High
PO_001658,SUP_017,FAB_029,15033,9.81,147473.73,2025-02-27,2025-04-02,2025-04-13,34,45,11,0,95.6,High
PO_001659,SUP_018,FAB_005,18393,7.22,132797.46,2024-07-11,2024-08-19,2024-08-20,39,40,1,0,90.58,Medium
PO_001660,SUP_002,FAB_013,13596,13.79,187488.84,2024-03-17,2024-04-03,2024-04-06,17,20,3,0,93.54,Medium
PO_001661,SUP_019,FAB_003,13246,16.33,216307.18,2025-06-22,2025-07-20,2025-07-21,28,29,1,0,91.12,Medium
PO_001662,SUP_007,FAB_028,17053,17.07,291094.71,2024-11-14,2024-12-05,2024-12-12,21,28,7,0,99.72,Medium
PO_001663,SUP_015,FAB_010,13709,5.34,73206.06,2024-06-08,2024-06-23,2024-06-27,15,19,4,0,93.04,Medium
PO_001664,SUP_007,FAB_023,6513,6.79,44223.27,2024-02-14,2024-03-13,2024-03-15,28,30,2,0,98.74,Medium
PO_001665,SUP_017,FAB_018,16001,10.55,168810.55,2025-10-18,2025-11-19,2025-11-28,32,41,9,0,86.8,High
PO_001666,SUP_019,FAB_015,13893,14.82,205894.26,2025-08-27,2025-09-24,2025-09-27,28,31,3,0,92.6,Medium
PO_001667,SUP_022,FAB_030,7277,18.31,133241.87,2025-04-27,2025-05-23,2025-05-25,26,28,2,0,99.12,Medium
PO_001668,SUP_025,FAB_012,15682,13.62,213588.84,2024-09-23,2024-10-11,2024-10-13,18,20,2,0,93.92,Medium
PO_001669,SUP_012,FAB_005,10961,7.19,78809.59,2024-10-29,2024-11-15,2024-11-15,17,17,0,1,93.24,Low
PO_001670,SUP_009,FAB_001,5310,10.99,58356.9,2024-01-28,2024-03-01,2024-03-01,33,33,0,1,92.06,Low
PO_001671,SUP_018,FAB_005,19922,7.22,143836.84,2025-08-14,2025-09-22,2025-09-23,39,40,1,0,100.0,Medium
PO_001672,SUP_013,FAB_023,16057,6.49,104209.93,2024-06-30,2024-07-20,2024-07-28,20,28,8,0,90.95,High
PO_001673,SUP_019,FAB_002,7762,15.11,117283.82,2025-11-11,2025-12-12,2025-12-12,31,31,0,1,91.55,Low
PO_001674,SUP_021,FAB_021,14119,13.21,186511.99,2024-11-19,2024-12-05,2024-12-07,16,18,2,0,92.89,Medium
PO_001675,SUP_001,FAB_017,16934,11.59,196265.06,2025-04-08,2025-05-13,2025-05-13,35,35,0,1,100.0,Low
PO_001676,SUP_009,FAB_015,18274,13.73,250902.02,2024-10-09,2024-11-06,2024-11-10,28,32,4,0,93.84,Medium
PO_001677,SUP_009,FAB_019,13600,17.77,241672.0,2025-04-23,2025-05-15,2025-05-17,22,24,2,0,94.63,Medium
PO_001678,SUP_015,FAB_006,17984,15.2,273356.8,2025-02-18,2025-03-18,2025-03-26,28,36,8,0,88.63,High
PO_001679,SUP_013,FAB_024,19929,5.18,103232.22,2024-04-14,2024-05-13,2024-05-15,29,31,2,0,93.06,Medium
PO_001680,SUP_002,FAB_003,8444,16.83,142112.52,2024-09-24,2024-10-16,2024-10-16,22,22,0,1,92.2,Low
PO_001681,SUP_023,FAB_019,1525,15.67,23896.75,2025-07-09,2025-07-25,2025-07-25,16,16,0,1,96.24,Low
PO_001682,SUP_006,FAB_014,5670,16.46,93328.2,2024-05-29,2024-06-18,2024-06-18,20,20,0,1,97.49,Low
PO_001683,SUP_014,FAB_003,10475,14.68,153773.0,2024-04-09,2024-05-16,2024-05-23,37,44,7,0,94.88,Medium
PO_001684,SUP_002,FAB_028,1360,16.61,22589.6,2025-08-11,2025-09-08,2025-09-08,28,28,0,1,93.99,Low
PO_001685,SUP_023,FAB_022,1080,5.21,5626.8,2024-05-20,2024-06-19,2024-06-24,30,35,5,0,97.2,Medium
PO_001686,SUP_024,FAB_004,3241,7.78,25214.98,2024-03-20,2024-04-23,2024-04-28,34,39,5,0,95.51,Medium
PO_001687,SUP_007,FAB_016,8116,4.91,39849.56,2025-03-20,2025-04-15,2025-04-25,26,36,10,0,89.79,High
PO_001688,SUP_025,FAB_005,1720,6.69,11506.8,2024-02-29,2024-03-21,2024-03-21,21,21,0,1,94.31,Low
PO_001689,SUP_023,FAB_019,11556,15.67,181082.52,2025-04-08,2025-04-24,2025-04-25,16,17,1,0,96.37,Medium
PO_001690,SUP_023,FAB_022,17121,5.21,89200.41,2025-06-13,2025-07-13,2025-07-19,30,36,6,0,89.77,Medium
PO_001691,SUP_002,FAB_028,8182,16.61,135903.02,2025-11-21,2025-12-19,2025-12-20,28,29,1,0,87.35,Medium
PO_001692,SUP_003,FAB_028,18735,18.9,354091.5,2025-01-15,2025-01-30,2025-02-06,15,22,7,0,90.49,Medium
PO_001693,SUP_025,FAB_015,1744,13.15,22933.6,2024-06-05,2024-07-07,2024-07-11,32,36,4,0,99.75,Medium
PO_001694,SUP_024,FAB_020,14958,8.15,121907.7,2024-11-05,2024-12-09,2024-12-09,34,34,0,1,95.53,Low
PO_001695,SUP_019,FAB_002,687,15.11,10380.57,2025-08-08,2025-09-08,2025-09-08,31,31,0,1,95.82,Low
PO_001696,SUP_015,FAB_006,10321,15.2,156879.2,2024-01-13,2024-02-10,2024-02-12,28,30,2,0,95.37,Medium
PO_001697,SUP_023,FAB_017,18234,9.24,168482.16,2025-05-14,2025-06-20,2025-06-22,37,39,2,0,93.34,Medium
PO_001698,SUP_010,FAB_024,5570,4.93,27460.1,2024-02-29,2024-03-29,2024-04-04,29,35,6,0,85.12,Medium
PO_001699,SUP_018,FAB_007,10638,7.44,79146.72,2025-05-17,2025-06-23,2025-06-24,37,38,1,0,96.03,Medium
PO_001700,SUP_003,FAB_006,13209,16.44,217155.96,2025-10-12,2025-11-08,2025-11-25,27,44,17,0,90.65,High
PO_001701,SUP_018,FAB_015,12332,13.28,163768.96,2025-08-10,2025-08-25,2025-08-27,15,17,2,0,100.0,Medium
PO_001702,SUP_017,FAB_007,1095,6.62,7248.9,2025-07-25,2025-08-15,2025-08-19,21,25,4,0,89.36,Medium
PO_001703,SUP_017,FAB_007,18908,6.62,125170.96,2025-07-21,2025-08-11,2025-08-15,21,25,4,0,94.95,Medium
PO_001704,SUP_015,FAB_007,6362,8.43,53631.66,2024-12-25,2025-02-01,2025-02-03,38,40,2,0,88.37,Medium
PO_001705,SUP_022,FAB_025,2297,18.59,42701.23,2025-03-19,2025-04-08,2025-04-11,20,23,3,0,93.48,Medium
PO_001706,SUP_021,FAB_019,13807,17.9,247145.3,2024-02-16,2024-03-15,2024-03-16,28,29,1,0,100.0,Medium
PO_001707,SUP_016,FAB_012,14539,13.37,194386.43,2024-10-16,2024-11-12,2024-11-18,27,33,6,0,93.57,Medium
PO_001708,SUP_024,FAB_003,13700,16.11,220707.0,2025-05-26,2025-06-10,2025-06-16,15,21,6,0,90.52,Medium
PO_001709,SUP_014,FAB_018,18264,11.55,210949.2,2024-06-03,2024-07-12,2024-07-19,39,46,7,0,88.07,Medium
PO_001710,SUP_002,FAB_005,13559,6.1,82709.9,2025-06-03,2025-07-02,2025-07-08,29,35,6,0,98.13,Medium
PO_001711,SUP_020,FAB_010,2496,5.04,12579.84,2024-07-27,2024-08-26,2024-09-02,30,37,7,0,90.57,Medium
PO_001712,SUP_014,FAB_014,16693,17.09,285283.37,2025-08-27,2025-09-25,2025-10-07,29,41,12,0,85.94,High
PO_001713,SUP_004,FAB_002,9588,12.42,119082.96,2024-04-13,2024-04-30,2024-05-04,17,21,4,0,93.05,Medium
PO_001714,SUP_009,FAB_020,15058,8.32,125282.56,2024-09-21,2024-10-06,2024-10-12,15,21,6,0,95.52,Medium
PO_001715,SUP_024,FAB_025,11311,19.85,224523.35,2025-01-08,2025-01-24,2025-01-27,16,19,3,0,88.68,Medium
PO_001716,SUP_020,FAB_027,7467,10.12,75566.04,2025-08-01,2025-08-22,2025-08-22,21,21,0,1,95.74,Low
PO_001717,SUP_025,FAB_002,7182,14.8,106293.6,2024-09-13,2024-10-03,2024-10-03,20,20,0,1,97.37,Low
PO_001718,SUP_002,FAB_030,12480,15.39,192067.2,2025-05-27,2025-07-03,2025-07-05,37,39,2,0,93.57,Medium
PO_001719,SUP_005,FAB_016,19413,5.84,113371.92,2024-04-05,2024-05-03,2024-05-03,28,28,0,1,100.0,Low
PO_001720,SUP_001,FAB_001,9753,9.92,96749.76,2024-08-23,2024-09-07,2024-09-07,15,15,0,1,95.76,Low
PO_001721,SUP_024,FAB_028,7604,18.15,138012.6,2025-04-22,2025-05-07,2025-05-09,15,17,2,0,88.86,Medium
PO_001722,SUP_002,FAB_005,9587,6.1,58480.7,2024-03-10,2024-04-08,2024-04-08,29,29,0,1,97.34,Low
PO_001723,SUP_001,FAB_006,12553,18.61,233611.33,2025-10-19,2025-11-28,2025-12-01,40,43,3,0,94.56,Medium
PO_001724,SUP_021,FAB_014,15110,20.05,302955.5,2024-06-03,2024-06-26,2024-06-26,23,23,0,1,93.35,Low
PO_001725,SUP_025,FAB_015,17861,13.15,234872.15,2024-04-19,2024-05-21,2024-05-24,32,35,3,0,98.33,Medium
PO_001726,SUP_022,FAB_001,6250,9.5,59375.0,2024-05-24,2024-06-13,2024-06-14,20,21,1,0,99.98,Medium
PO_001727,SUP_008,FAB_021,13914,12.27,170724.78,2024-09-26,2024-10-14,2024-10-20,18,24,6,0,95.56,Medium
PO_001728,SUP_018,FAB_019,15603,15.93,248555.79,2025-06-18,2025-07-18,2025-07-19,30,31,1,0,93.58,Medium
PO_001729,SUP_014,FAB_018,15025,11.55,173538.75,2024-11-11,2024-12-20,2024-12-23,39,42,3,0,89.88,Medium
PO_001730,SUP_007,FAB_028,17789,17.07,303658.23,2025-03-24,2025-04-14,2025-04-17,21,24,3,0,86.55,Medium
PO_001731,SUP_009,FAB_019,12842,17.77,228202.34,2024-07-14,2024-08-05,2024-08-10,22,27,5,0,98.38,Medium
PO_001732,SUP_024,FAB_028,5315,18.15,96467.25,2025-09-16,2025-10-01,2025-10-02,15,16,1,0,90.63,Medium
PO_001733,SUP_010,FAB_015,9038,12.31,111257.78,2024-05-30,2024-07-04,2024-07-06,35,37,2,0,91.9,Medium
PO_001734,SUP_001,FAB_007,9566,8.25,78919.5,2025-05-16,2025-06-20,2025-06-21,35,36,1,0,96.19,Medium
PO_001735,SUP_005,FAB_014,10446,19.38,202443.48,2025-09-21,2025-10-23,2025-10-23,32,32,0,1,93.97,Low
PO_001736,SUP_008,FAB_005,8405,6.91,58078.55,2025-07-03,2025-08-09,2025-08-12,37,40,3,0,90.8,Medium
PO_001737,SUP_024,FAB_029,18922,9.81,185624.82,2024-06-08,2024-07-04,2024-07-06,26,28,2,0,98.57,Medium
PO_001738,SUP_011,FAB_001,15608,9.83,153426.64,2025-08-13,2025-09-20,2025-09-21,38,39,1,0,90.95,Medium
PO_001739,SUP_016,FAB_012,14539,13.37,194386.43,2024-07-16,2024-08-12,2024-08-14,27,29,2,0,93.66,Medium
PO_001740,SUP_019,FAB_010,2700,4.57,12339.0,2024-01-02,2024-02-01,2024-02-01,30,30,0,1,92.73,Low
PO_001741,SUP_012,FAB_008,4139,13.43,55586.77,2024-06-11,2024-07-16,2024-07-19,35,38,3,0,99.49,Medium
PO_001742,SUP_003,FAB_028,7889,18.9,149102.1,2024-10-21,2024-11-05,2024-11-06,15,16,1,0,93.16,Medium
PO_001743,SUP_002,FAB_022,7464,5.07,37842.48,2025-01-10,2025-02-03,2025-02-03,24,24,0,1,94.76,Low
PO_001744,SUP_022,FAB_007,10545,8.25,86996.25,2024-07-07,2024-08-05,2024-08-05,29,29,0,1,89.57,Low
PO_001745,SUP_015,FAB_007,8887,8.43,74917.41,2025-10-01,2025-11-08,2025-11-12,38,42,4,0,91.03,Medium
PO_001746,SUP_009,FAB_005,11980,7.36,88172.8,2024-12-19,2025-01-14,2025-01-14,26,26,0,1,91.26,Low
PO_001747,SUP_015,FAB_008,5470,13.31,72805.7,2025-02-17,2025-03-06,2025-03-06,17,17,0,1,87.86,Low
PO_001748,SUP_002,FAB_025,19760,18.91,373661.6,2024-11-04,2024-11-30,2024-12-01,26,27,1,0,89.9,Medium
PO_001749,SUP_023,FAB_020,14158,8.76,124024.08,2025-08-30,2025-10-03,2025-10-04,34,35,1,0,91.73,Medium
PO_001750,SUP_007,FAB_019,9121,16.0,145936.0,2025-03-07,2025-04-16,2025-04-24,40,48,8,0,90.4,High
PO_001751,SUP_012,FAB_021,18399,12.26,225571.74,2024-09-11,2024-09-26,2024-09-27,15,16,1,0,92.07,Medium
PO_001752,SUP_024,FAB_020,7803,8.15,63594.45,2025-08-19,2025-09-22,2025-10-07,34,49,15,0,89.89,High
PO_001753,SUP_008,FAB_028,16875,16.49,278268.75,2024-04-23,2024-05-19,2024-05-25,26,32,6,0,90.15,Medium
PO_001754,SUP_006,FAB_014,6995,16.46,115137.7,2024-04-14,2024-05-04,2024-05-08,20,24,4,0,89.38,Medium
PO_001755,SUP_024,FAB_004,2575,7.78,20033.5,2025-03-03,2025-04-06,2025-04-08,34,36,2,0,97.74,Medium
PO_001756,SUP_007,FAB_028,3593,17.07,61332.51,2024-09-12,2024-10-03,2024-10-04,21,22,1,0,95.8,Medium
PO_001757,SUP_006,FAB_010,11629,5.13,59656.77,2025-07-25,2025-08-20,2025-09-04,26,41,15,0,88.32,High
PO_001758,SUP_018,FAB_007,18549,7.44,138004.56,2024-03-28,2024-05-04,2024-05-07,37,40,3,0,96.94,Medium
PO_001759,SUP_014,FAB_009,14622,8.16,119315.52,2025-02-24,2025-03-15,2025-03-22,19,26,7,0,87.89,Medium
PO_001760,SUP_008,FAB_011,11868,5.27,62544.36,2025-09-30,2025-10-21,2025-10-23,21,23,2,0,100.0,Medium
PO_001761,SUP_007,FAB_016,18200,4.91,89362.0,2024-04-01,2024-04-27,2024-05-06,26,35,9,0,86.8,High
PO_001762,SUP_009,FAB_025,17017,19.05,324173.85,2024-10-28,2024-11-15,2024-11-19,18,22,4,0,92.07,Medium
PO_001763,SUP_014,FAB_018,15459,11.55,178551.45,2024-02-08,2024-03-18,2024-03-27,39,48,9,0,87.53,High
PO_001764,SUP_018,FAB_017,16624,11.15,185357.6,2024-03-15,2024-04-14,2024-04-19,30,35,5,0,98.51,Medium
PO_001765,SUP_020,FAB_009,2042,9.98,20379.16,2025-06-12,2025-06-29,2025-06-30,17,18,1,0,94.39,Medium
PO_001766,SUP_024,FAB_021,12569,11.96,150325.24,2024-11-18,2024-12-05,2024-12-09,17,21,4,0,96.34,Medium
PO_001767,SUP_013,FAB_016,12268,5.34,65511.12,2024-09-22,2024-10-07,2024-10-11,15,19,4,0,95.46,Medium
PO_001768,SUP_010,FAB_018,2447,11.86,29021.42,2025-11-18,2025-12-05,2025-12-09,17,21,4,0,87.19,Medium
PO_001769,SUP_014,FAB_009,15699,8.16,128103.84,2024-10-05,2024-10-24,2024-11-08,19,34,15,0,95.83,High
PO_001770,SUP_016,FAB_021,6661,13.4,89257.4,2024-10-26,2024-11-18,2024-11-18,23,23,0,1,93.58,Low
PO_001771,SUP_009,FAB_001,18053,10.99,198402.47,2025-03-11,2025-04-13,2025-04-17,33,37,4,0,94.28,Medium
PO_001772,SUP_012,FAB_027,15574,12.77,198879.98,2025-09-19,2025-10-24,2025-10-26,35,37,2,0,92.65,Medium
PO_001773,SUP_025,FAB_008,2781,13.68,38044.08,2025-07-25,2025-08-28,2025-08-29,34,35,1,0,90.13,Medium
PO_001774,SUP_004,FAB_015,7088,13.72,97247.36,2025-09-24,2025-10-18,2025-10-21,24,27,3,0,91.63,Medium
PO_001775,SUP_002,FAB_030,13464,15.39,207210.96,2024-09-12,2024-10-19,2024-10-21,37,39,2,0,95.41,Medium
PO_001776,SUP_018,FAB_014,8776,19.73,173150.48,2024-03-07,2024-03-26,2024-03-28,19,21,2,0,92.28,Medium
PO_001777,SUP_016,FAB_022,13582,5.51,74836.82,2024-06-02,2024-07-09,2024-07-11,37,39,2,0,88.84,Medium
PO_001778,SUP_004,FAB_018,15119,12.22,184754.18,2025-01-23,2025-02-06,2025-02-10,14,18,4,0,98.24,Medium
PO_001779,SUP_022,FAB_020,6544,10.02,65570.88,2024-06-08,2024-07-06,2024-07-07,28,29,1,0,98.1,Medium
PO_001780,SUP_019,FAB_010,13194,4.57,60296.58,2025-05-24,2025-06-23,2025-07-01,30,38,8,0,92.18,High
PO_001781,SUP_015,FAB_001,19504,11.17,217859.68,2025-09-20,2025-10-29,2025-10-30,39,40,1,0,96.81,Medium
PO_001782,SUP_022,FAB_030,2805,18.31,51359.55,2024-04-20,2024-05-16,2024-05-17,26,27,1,0,100.0,Medium
PO_001783,SUP_011,FAB_001,13492,9.83,132626.36,2025-03-02,2025-04-09,2025-04-11,38,40,2,0,95.47,Medium
PO_001784,SUP_009,FAB_008,3343,14.7,49142.1,2025-05-31,2025-06-23,2025-06-29,23,29,6,0,91.48,Medium
PO_001785,SUP_022,FAB_011,19283,6.02,116083.66,2025-07-07,2025-07-21,2025-07-27,14,20,6,0,94.8,Medium
PO_001786,SUP_006,FAB_001,8207,9.25,75914.75,2025-12-01,2026-01-05,2026-01-08,35,38,3,0,93.53,Medium
PO_001787,SUP_017,FAB_018,3513,10.55,37062.15,2024-04-04,2024-05-06,2024-05-13,32,39,7,0,88.98,Medium
PO_001788,SUP_012,FAB_027,14928,12.77,190630.56,2025-10-15,2025-11-19,2025-11-20,35,36,1,0,97.73,Medium
PO_001789,SUP_022,FAB_025,9491,18.59,176437.69,2024-04-19,2024-05-09,2024-05-10,20,21,1,0,96.23,Medium
PO_001790,SUP_014,FAB_019,1290,16.12,20794.8,2025-11-03,2025-12-08,2025-12-17,35,44,9,0,95.53,High
PO_001791,SUP_004,FAB_022,10554,5.07,53508.78,2024-07-21,2024-08-10,2024-08-11,20,21,1,0,99.89,Medium
PO_001792,SUP_011,FAB_020,6950,8.32,57824.0,2025-08-10,2025-09-18,2025-09-22,39,43,4,0,90.17,Medium
PO_001793,SUP_005,FAB_014,4782,19.38,92675.16,2025-02-22,2025-03-26,2025-03-27,32,33,1,0,94.41,Medium
PO_001794,SUP_018,FAB_014,1393,19.73,27483.89,2025-05-31,2025-06-19,2025-06-21,19,21,2,0,99.48,Medium
PO_001795,SUP_021,FAB_010,13818,4.79,66188.22,2024-07-02,2024-08-10,2024-08-11,39,40,1,0,94.13,Medium
PO_001796,SUP_011,FAB_019,5503,15.83,87112.49,2025-03-02,2025-03-18,2025-03-19,16,17,1,0,96.84,Medium
PO_001797,SUP_021,FAB_019,16715,17.9,299198.5,2025-07-09,2025-08-06,2025-08-11,28,33,5,0,98.31,Medium
PO_001798,SUP_025,FAB_025,17726,17.52,310559.52,2025-05-04,2025-05-29,2025-06-01,25,28,3,0,94.48,Medium
PO_001799,SUP_022,FAB_020,765,10.02,7665.3,2025-08-02,2025-08-30,2025-08-31,28,29,1,0,98.84,Medium
PO_001800,SUP_003,FAB_025,1294,18.52,23964.88,2024-05-04,2024-06-06,2024-06-12,33,39,6,0,92.52,Medium
PO_001801,SUP_012,FAB_027,1722,12.77,21989.94,2025-07-19,2025-08-23,2025-08-24,35,36,1,0,96.53,Medium
PO_001802,SUP_012,FAB_016,3177,5.69,18077.13,2025-02-01,2025-02-17,2025-02-19,16,18,2,0,91.63,Medium
PO_001803,SUP_002,FAB_028,8598,16.61,142812.78,2025-03-15,2025-04-12,2025-04-13,28,29,1,0,95.74,Medium
PO_001804,SUP_006,FAB_010,1606,5.13,8238.78,2024-01-23,2024-02-18,2024-02-19,26,27,1,0,87.59,Medium
PO_001805,SUP_016,FAB_021,12479,13.4,167218.6,2024-06-28,2024-07-21,2024-07-25,23,27,4,0,89.48,Medium
PO_001806,SUP_006,FAB_007,10347,7.38,76360.86,2025-10-08,2025-10-28,2025-10-29,20,21,1,0,90.16,Medium
PO_001807,SUP_019,FAB_019,19274,14.46,278702.04,2024-07-19,2024-08-19,2024-08-31,31,43,12,0,89.96,High
PO_001808,SUP_004,FAB_011,18725,6.56,122836.0,2024-07-21,2024-08-22,2024-08-25,32,35,3,0,89.38,Medium
PO_001809,SUP_009,FAB_012,12286,11.07,136006.02,2024-02-18,2024-03-18,2024-03-23,29,34,5,0,91.57,Medium
PO_001810,SUP_023,FAB_025,532,20.24,10767.68,2024-07-31,2024-08-16,2024-08-18,16,18,2,0,89.6,Medium
PO_001811,SUP_017,FAB_029,16940,9.81,166181.4,2024-06-23,2024-07-27,2024-08-06,34,44,10,0,86.45,High
PO_001812,SUP_006,FAB_018,3485,11.78,41053.3,2025-01-03,2025-02-09,2025-02-17,37,45,8,0,91.67,High
PO_001813,SUP_010,FAB_005,17875,6.79,121371.25,2025-03-08,2025-03-27,2025-04-08,19,31,12,0,90.68,High
PO_001814,SUP_025,FAB_005,6067,6.69,40588.23,2025-11-17,2025-12-08,2025-12-11,21,24,3,0,95.41,Medium
PO_001815,SUP_023,FAB_022,11483,5.21,59826.43,2024-04-14,2024-05-14,2024-05-18,30,34,4,0,91.72,Medium
PO_001816,SUP_024,FAB_021,2474,11.96,29589.04,2024-05-01,2024-05-18,2024-05-25,17,24,7,0,96.46,Medium
PO_001817,SUP_003,FAB_014,8031,19.82,159174.42,2024-06-20,2024-07-13,2024-07-21,23,31,8,0,94.13,High
PO_001818,SUP_012,FAB_008,3617,13.43,48576.31,2025-11-26,2025-12-31,2026-01-01,35,36,1,0,91.06,Medium
PO_001819,SUP_023,FAB_025,12120,20.24,245308.8,2024-11-27,2024-12-13,2024-12-15,16,18,2,0,98.83,Medium
PO_001820,SUP_016,FAB_025,16004,19.48,311757.92,2025-10-04,2025-10-20,2025-10-21,16,17,1,0,95.58,Medium
PO_001821,SUP_002,FAB_025,6956,18.91,131537.96,2024-05-12,2024-06-07,2024-06-07,26,26,0,1,94.88,Low
PO_001822,SUP_007,FAB_012,15993,10.96,175283.28,2025-09-07,2025-09-29,2025-10-05,22,28,6,0,97.45,Medium
PO_001823,SUP_014,FAB_017,1922,11.32,21757.04,2025-10-08,2025-11-06,2025-11-06,29,29,0,1,93.49,Low
PO_001824,SUP_019,FAB_010,15945,4.57,72868.65,2024-02-25,2024-03-26,2024-04-13,30,48,18,0,92.85,High
PO_001825,SUP_014,FAB_001,15345,11.57,177541.65,2024-04-07,2024-05-05,2024-05-07,28,30,2,0,85.79,Medium
PO_001826,SUP_018,FAB_024,9693,5.25,50888.25,2024-12-03,2024-12-19,2024-12-20,16,17,1,0,96.03,Medium
PO_001827,SUP_019,FAB_012,17889,12.38,221465.82,2024-05-18,2024-06-27,2024-07-08,40,51,11,0,91.74,High
PO_001828,SUP_010,FAB_018,6320,11.86,74955.2,2024-08-01,2024-08-18,2024-08-22,17,21,4,0,86.56,Medium
PO_001829,SUP_012,FAB_028,7515,16.72,125650.8,2025-04-26,2025-05-16,2025-05-21,20,25,5,0,97.61,Medium
PO_001830,SUP_008,FAB_025,1854,16.9,31332.6,2024-07-31,2024-08-31,2024-09-03,31,34,3,0,95.95,Medium
PO_001831,SUP_004,FAB_011,19923,6.56,130694.88,2024-01-28,2024-02-29,2024-03-09,32,41,9,0,95.69,High
PO_001832,SUP_008,FAB_027,12423,12.68,157523.64,2024-03-02,2024-03-16,2024-03-21,14,19,5,0,98.67,Medium
PO_001833,SUP_013,FAB_021,18210,12.18,221797.8,2024-01-03,2024-02-04,2024-02-08,32,36,4,0,96.44,Medium
PO_001834,SUP_022,FAB_005,16469,7.26,119564.94,2024-04-16,2024-05-09,2024-05-10,23,24,1,0,86.8,Medium
PO_001835,SUP_007,FAB_018,879,10.76,9458.04,2024-04-30,2024-05-17,2024-05-18,17,18,1,0,92.65,Medium
PO_001836,SUP_017,FAB_021,12114,13.27,160752.78,2025-09-14,2025-10-12,2025-10-15,28,31,3,0,95.81,Medium
PO_001837,SUP_009,FAB_010,11351,5.01,56868.51,2024-11-24,2024-12-18,2024-12-22,24,28,4,0,91.39,Medium
PO_001838,SUP_019,FAB_014,3752,19.06,71513.12,2025-08-17,2025-09-02,2025-09-04,16,18,2,0,95.43,Medium
PO_001839,SUP_023,FAB_025,18525,20.24,374946.0,2024-11-30,2024-12-16,2024-12-28,16,28,12,0,88.21,High
PO_001840,SUP_007,FAB_018,19046,10.76,204934.96,2025-04-28,2025-05-15,2025-05-22,17,24,7,0,86.64,Medium
PO_001841,SUP_008,FAB_001,2414,9.4,22691.6,2024-08-07,2024-08-26,2024-08-28,19,21,2,0,92.28,Medium
PO_001842,SUP_010,FAB_005,15845,6.79,107587.55,2024-06-12,2024-07-01,2024-07-03,19,21,2,0,90.62,Medium
PO_001843,SUP_016,FAB_014,4507,20.14,90770.98,2025-10-26,2025-11-22,2025-11-24,27,29,2,0,93.65,Medium
PO_001844,SUP_005,FAB_007,9442,7.27,68643.34,2024-01-09,2024-01-30,2024-01-31,21,22,1,0,96.9,Medium
PO_001845,SUP_006,FAB_016,17510,4.91,85974.1,2024-05-22,2024-06-29,2024-07-02,38,41,3,0,95.91,Medium
PO_001846,SUP_010,FAB_015,12219,12.31,150415.89,2025-11-06,2025-12-11,2025-12-18,35,42,7,0,91.47,Medium
PO_001847,SUP_024,FAB_026,9829,14.09,138490.61,2025-03-06,2025-04-14,2025-05-04,39,59,20,0,96.42,High
PO_001848,SUP_020,FAB_030,940,15.13,14222.2,2025-02-03,2025-02-22,2025-02-25,19,22,3,0,89.28,Medium
PO_001849,SUP_014,FAB_009,9727,8.16,79372.32,2024-04-29,2024-05-18,2024-05-29,19,30,11,0,91.67,High
PO_001850,SUP_007,FAB_018,19599,10.76,210885.24,2024-09-03,2024-09-20,2024-09-20,17,17,0,1,92.41,Low
PO_001851,SUP_019,FAB_013,7676,12.25,94031.0,2025-04-03,2025-04-17,2025-04-22,14,19,5,0,87.73,Medium
PO_001852,SUP_015,FAB_012,11454,12.48,142945.92,2024-12-08,2025-01-11,2025-01-13,34,36,2,0,95.79,Medium
PO_001853,SUP_011,FAB_011,5763,6.37,36710.31,2024-03-05,2024-03-31,2024-03-31,26,26,0,1,90.84,Low
PO_001854,SUP_011,FAB_030,12328,15.43,190221.04,2025-01-16,2025-02-02,2025-02-03,17,18,1,0,93.51,Medium
PO_001855,SUP_020,FAB_027,2348,10.12,23761.76,2025-10-29,2025-11-19,2025-11-21,21,23,2,0,96.11,Medium
PO_001856,SUP_016,FAB_029,6069,9.89,60022.41,2025-03-26,2025-04-13,2025-04-16,18,21,3,0,92.44,Medium
PO_001857,SUP_013,FAB_013,15309,13.87,212335.83,2024-04-24,2024-05-14,2024-05-14,20,20,0,1,95.48,Low
PO_001858,SUP_022,FAB_021,6645,13.91,92431.95,2025-02-03,2025-02-25,2025-02-28,22,25,3,0,100.0,Medium
PO_001859,SUP_025,FAB_024,16197,5.42,87787.74,2024-03-08,2024-03-28,2024-03-30,20,22,2,0,97.24,Medium
PO_001860,SUP_005,FAB_007,19247,7.27,139925.69,2025-06-01,2025-06-22,2025-06-24,21,23,2,0,96.09,Medium
PO_001861,SUP_013,FAB_025,9408,18.47,173765.76,2025-09-13,2025-10-14,2025-10-24,31,41,10,0,89.79,High
PO_001862,SUP_025,FAB_005,10936,6.69,73161.84,2024-03-15,2024-04-05,2024-04-07,21,23,2,0,94.5,Medium
PO_001863,SUP_010,FAB_025,7431,19.23,142898.13,2024-10-05,2024-11-06,2024-11-13,32,39,7,0,89.89,Medium
PO_001864,SUP_011,FAB_002,3555,14.61,51938.55,2024-08-15,2024-09-02,2024-09-03,18,19,1,0,100.0,Medium
PO_001865,SUP_011,FAB_021,1525,13.4,20435.0,2025-03-22,2025-04-30,2025-05-04,39,43,4,0,94.45,Medium
PO_001866,SUP_015,FAB_010,7564,5.34,40391.76,2024-08-09,2024-08-24,2024-08-24,15,15,0,1,86.42,Low
PO_001867,SUP_003,FAB_023,13742,7.68,105538.56,2025-07-08,2025-07-22,2025-07-23,14,15,1,0,96.22,Medium
PO_001868,SUP_022,FAB_030,16994,18.31,311160.14,2024-07-23,2024-08-18,2024-08-19,26,27,1,0,93.32,Medium
PO_001869,SUP_012,FAB_027,6933,12.77,88534.41,2025-08-29,2025-10-03,2025-10-03,35,35,0,1,99.41,Low
PO_001870,SUP_009,FAB_008,13023,14.7,191438.1,2025-11-13,2025-12-06,2025-12-07,23,24,1,0,94.55,Medium
PO_001871,SUP_024,FAB_020,8144,8.15,66373.6,2024-01-09,2024-02-12,2024-02-12,34,34,0,1,95.94,Low
PO_001872,SUP_007,FAB_028,8867,17.07,151359.69,2024-09-28,2024-10-19,2024-11-02,21,35,14,0,87.7,High
PO_001873,SUP_011,FAB_021,12815,13.4,171721.0,2024-03-08,2024-04-16,2024-04-16,39,39,0,1,94.57,Low
PO_001874,SUP_017,FAB_020,12646,8.11,102559.06,2025-01-16,2025-02-11,2025-02-12,26,27,1,0,92.9,Medium
PO_001875,SUP_012,FAB_021,12882,12.26,157933.32,2024-08-08,2024-08-23,2024-08-24,15,16,1,0,91.99,Medium
PO_001876,SUP_022,FAB_015,16806,14.68,246712.08,2024-02-29,2024-04-03,2024-04-04,34,35,1,0,100.0,Medium
PO_001877,SUP_020,FAB_006,5978,15.75,94153.5,2025-04-15,2025-04-30,2025-05-04,15,19,4,0,92.59,Medium
PO_001878,SUP_003,FAB_022,16860,5.47,92224.2,2024-02-11,2024-03-13,2024-03-19,31,37,6,0,88.54,Medium
PO_001879,SUP_020,FAB_018,5717,10.58,60485.86,2024-11-28,2024-12-22,2025-01-02,24,35,11,0,93.02,High
PO_001880,SUP_012,FAB_028,8678,16.72,145096.16,2025-05-27,2025-06-16,2025-06-18,20,22,2,0,88.98,Medium
PO_001881,SUP_020,FAB_004,3600,8.06,29016.0,2024-12-23,2025-01-15,2025-01-20,23,28,5,0,92.8,Medium
PO_001882,SUP_013,FAB_023,5724,6.49,37148.76,2025-06-28,2025-07-18,2025-07-31,20,33,13,0,94.24,High
PO_001883,SUP_019,FAB_015,19129,14.82,283491.78,2025-04-13,2025-05-11,2025-05-12,28,29,1,0,92.75,Medium
PO_001884,SUP_020,FAB_009,14438,9.98,144091.24,2024-04-17,2024-05-04,2024-05-08,17,21,4,0,87.06,Medium
PO_001885,SUP_022,FAB_021,17402,13.91,242061.82,2024-10-10,2024-11-01,2024-11-04,22,25,3,0,99.34,Medium
PO_001886,SUP_025,FAB_015,16098,13.15,211688.7,2024-10-26,2024-11-27,2024-11-27,32,32,0,1,90.92,Low
PO_001887,SUP_019,FAB_013,12876,12.25,157731.0,2024-03-23,2024-04-06,2024-04-06,14,14,0,1,93.36,Low
PO_001888,SUP_005,FAB_026,6237,13.45,83887.65,2025-03-24,2025-05-01,2025-05-03,38,40,2,0,100.0,Medium
PO_001889,SUP_008,FAB_005,11406,6.91,78815.46,2024-01-08,2024-02-14,2024-02-16,37,39,2,0,94.77,Medium
PO_001890,SUP_018,FAB_015,11586,13.28,153862.08,2024-01-29,2024-02-13,2024-02-16,15,18,3,0,99.02,Medium
PO_001891,SUP_004,FAB_022,7098,5.07,35986.86,2025-03-07,2025-03-27,2025-03-27,20,20,0,1,89.33,Low
PO_001892,SUP_016,FAB_025,2360,19.48,45972.8,2025-09-15,2025-10-01,2025-10-05,16,20,4,0,97.75,Medium
PO_001893,SUP_005,FAB_014,6746,19.38,130737.48,2025-01-31,2025-03-04,2025-03-05,32,33,1,0,100.0,Medium
PO_001894,SUP_025,FAB_009,4253,8.15,34661.95,2024-06-24,2024-07-21,2024-07-24,27,30,3,0,98.16,Medium
PO_001895,SUP_008,FAB_011,6744,5.27,35540.88,2024-02-12,2024-03-04,2024-03-05,21,22,1,0,93.57,Medium
PO_001896,SUP_014,FAB_014,3022,17.09,51645.98,2025-05-14,2025-06-12,2025-07-07,29,54,25,0,93.17,High
PO_001897,SUP_019,FAB_016,14353,5.34,76645.02,2025-01-03,2025-01-26,2025-01-28,23,25,2,0,94.19,Medium
PO_001898,SUP_019,FAB_002,1536,15.11,23208.96,2024-05-06,2024-06-06,2024-06-06,31,31,0,1,85.04,Low
PO_001899,SUP_017,FAB_017,6291,11.31,71151.21,2025-06-25,2025-07-21,2025-07-21,26,26,0,1,93.91,Low
PO_001900,SUP_013,FAB_025,2078,18.47,38380.66,2025-10-13,2025-11-13,2025-12-13,31,61,30,0,92.69,High
PO_001901,SUP_004,FAB_011,15551,6.56,102014.56,2025-04-12,2025-05-14,2025-05-14,32,32,0,1,96.58,Low
PO_001902,SUP_004,FAB_014,5775,19.52,112728.0,2024-04-02,2024-04-22,2024-05-09,20,37,17,0,90.84,High
PO_001903,SUP_009,FAB_020,5612,8.32,46691.84,2024-03-27,2024-04-11,2024-04-13,15,17,2,0,96.03,Medium
PO_001904,SUP_016,FAB_012,5223,13.37,69831.51,2024-05-10,2024-06-06,2024-06-08,27,29,2,0,94.68,Medium
PO_001905,SUP_022,FAB_005,15870,7.26,115216.2,2025-03-20,2025-04-12,2025-04-12,23,23,0,1,96.66,Low
PO_001906,SUP_019,FAB_028,9473,16.65,157725.45,2024-06-03,2024-07-08,2024-07-11,35,38,3,0,98.85,Medium
PO_001907,SUP_002,FAB_006,11733,14.77,173296.41,2024-03-21,2024-04-17,2024-04-20,27,30,3,0,96.56,Medium
PO_001908,SUP_012,FAB_017,6233,9.86,61457.38,2024-11-12,2024-12-10,2024-12-10,28,28,0,1,100.0,Low
PO_001909,SUP_023,FAB_006,5323,14.79,78727.17,2025-03-12,2025-04-16,2025-04-20,35,39,4,0,86.6,Medium
PO_001910,SUP_005,FAB_021,14993,11.74,176017.82,2024-09-08,2024-09-29,2024-10-04,21,26,5,0,94.5,Medium
PO_001911,SUP_022,FAB_025,19127,18.59,355570.93,2024-01-21,2024-02-10,2024-02-18,20,28,8,0,99.19,High
PO_001912,SUP_009,FAB_025,8799,19.05,167620.95,2024-04-23,2024-05-11,2024-05-13,18,20,2,0,93.94,Medium
PO_001913,SUP_024,FAB_025,7571,19.85,150284.35,2025-10-23,2025-11-08,2025-11-08,16,16,0,1,85.28,Low
PO_001914,SUP_012,FAB_030,4354,15.33,66746.82,2024-06-30,2024-07-27,2024-07-30,27,30,3,0,94.07,Medium
PO_001915,SUP_025,FAB_020,4936,9.52,46990.72,2024-10-14,2024-11-19,2024-11-21,36,38,2,0,92.25,Medium
PO_001916,SUP_021,FAB_005,13445,7.53,101240.85,2024-04-07,2024-05-05,2024-05-08,28,31,3,0,100.0,Medium
PO_001917,SUP_015,FAB_021,15861,13.5,214123.5,2024-10-21,2024-11-14,2024-11-17,24,27,3,0,96.21,Medium
PO_001918,SUP_008,FAB_006,13716,16.71,229194.36,2025-09-18,2025-10-24,2025-10-30,36,42,6,0,96.22,Medium
PO_001919,SUP_012,FAB_022,14553,4.72,68690.16,2025-05-02,2025-05-29,2025-05-29,27,27,0,1,94.2,Low
PO_001920,SUP_013,FAB_025,3499,18.47,64626.53,2025-03-05,2025-04-05,2025-04-11,31,37,6,0,94.19,Medium
PO_001921,SUP_020,FAB_010,994,5.04,5009.76,2024-07-29,2024-08-28,2024-09-04,30,37,7,0,90.24,Medium
PO_001922,SUP_022,FAB_007,11361,8.25,93728.25,2025-03-13,2025-04-11,2025-04-11,29,29,0,1,96.87,Low
PO_001923,SUP_008,FAB_025,19697,16.9,332879.3,2025-02-28,2025-03-31,2025-04-02,31,33,2,0,98.91,Medium
PO_001924,SUP_004,FAB_018,13782,12.22,168416.04,2024-03-28,2024-04-11,2024-04-17,14,20,6,0,95.9,Medium
PO_001925,SUP_011,FAB_001,11545,9.83,113487.35,2024-10-24,2024-12-01,2024-12-02,38,39,1,0,100.0,Medium
PO_001926,SUP_021,FAB_010,13543,4.79,64870.97,2024-05-12,2024-06-20,2024-06-23,39,42,3,0,91.78,Medium
PO_001927,SUP_019,FAB_003,5906,16.33,96444.98,2025-06-12,2025-07-10,2025-07-10,28,28,0,1,89.25,Low
PO_001928,SUP_022,FAB_011,17995,6.02,108329.9,2024-12-11,2024-12-25,2024-12-30,14,19,5,0,97.82,Medium
PO_001929,SUP_005,FAB_026,4473,13.45,60161.85,2024-11-10,2024-12-18,2024-12-18,38,38,0,1,100.0,Low
PO_001930,SUP_008,FAB_001,3603,9.4,33868.2,2024-06-20,2024-07-09,2024-07-12,19,22,3,0,95.89,Medium
PO_001931,SUP_016,FAB_021,5614,13.4,75227.6,2025-04-17,2025-05-10,2025-05-12,23,25,2,0,98.74,Medium
PO_001932,SUP_007,FAB_018,12415,10.76,133585.4,2025-01-24,2025-02-10,2025-02-14,17,21,4,0,97.03,Medium
PO_001933,SUP_014,FAB_019,12668,16.12,204208.16,2025-03-29,2025-05-03,2025-05-06,35,38,3,0,90.65,Medium
PO_001934,SUP_011,FAB_002,3799,14.61,55503.39,2024-03-22,2024-04-09,2024-04-11,18,20,2,0,93.15,Medium
PO_001935,SUP_014,FAB_003,12025,14.68,176527.0,2025-07-05,2025-08-11,2025-08-14,37,40,3,0,95.43,Medium
PO_001936,SUP_023,FAB_006,15499,14.79,229230.21,2025-11-14,2025-12-19,2025-12-29,35,45,10,0,88.72,High
PO_001937,SUP_011,FAB_019,19925,15.83,315412.75,2024-02-18,2024-03-05,2024-03-05,16,16,0,1,92.6,Low
PO_001938,SUP_010,FAB_006,3180,16.62,52851.6,2024-07-27,2024-09-01,2024-09-09,36,44,8,0,96.5,High
PO_001939,SUP_007,FAB_023,6942,6.79,47136.18,2025-10-08,2025-11-05,2025-11-05,28,28,0,1,98.37,Low
PO_001940,SUP_021,FAB_017,11948,10.83,129396.84,2025-10-15,2025-11-21,2025-11-21,37,37,0,1,94.12,Low
PO_001941,SUP_014,FAB_018,2323,11.55,26830.65,2025-02-14,2025-03-25,2025-03-27,39,41,2,0,89.34,Medium
PO_001942,SUP_016,FAB_022,15875,5.51,87471.25,2025-05-30,2025-07-06,2025-07-08,37,39,2,0,96.0,Medium
PO_001943,SUP_016,FAB_021,13517,13.4,181127.8,2024-10-09,2024-11-01,2024-11-03,23,25,2,0,99.9,Medium
PO_001944,SUP_009,FAB_012,6586,11.07,72907.02,2024-07-16,2024-08-14,2024-08-16,29,31,2,0,93.95,Medium
PO_001945,SUP_012,FAB_028,12000,16.72,200640.0,2025-09-23,2025-10-13,2025-10-16,20,23,3,0,97.58,Medium
PO_001946,SUP_005,FAB_014,2812,19.38,54496.56,2024-07-25,2024-08-26,2024-08-27,32,33,1,0,93.93,Medium
PO_001947,SUP_023,FAB_023,12346,7.03,86792.38,2025-02-18,2025-03-22,2025-03-26,32,36,4,0,94.06,Medium
PO_001948,SUP_003,FAB_016,14990,4.92,73750.8,2025-07-19,2025-08-22,2025-08-24,34,36,2,0,90.96,Medium
PO_001949,SUP_003,FAB_006,15994,16.44,262941.36,2025-05-11,2025-06-07,2025-06-08,27,28,1,0,88.65,Medium
PO_001950,SUP_021,FAB_015,2842,15.16,43084.72,2024-11-06,2024-11-28,2024-11-29,22,23,1,0,92.26,Medium
PO_001951,SUP_011,FAB_011,4696,6.37,29913.52,2025-04-21,2025-05-17,2025-05-20,26,29,3,0,100.0,Medium
PO_001952,SUP_020,FAB_030,16457,15.13,248994.41,2024-08-14,2024-09-02,2024-09-03,19,20,1,0,91.44,Medium
PO_001953,SUP_021,FAB_007,2045,7.73,15807.85,2025-05-04,2025-06-08,2025-06-09,35,36,1,0,89.68,Medium
PO_001954,SUP_020,FAB_005,2633,6.02,15850.66,2024-11-22,2024-12-23,2024-12-26,31,34,3,0,94.18,Medium
PO_001955,SUP_013,FAB_025,16058,18.47,296591.26,2024-10-04,2024-11-04,2024-11-10,31,37,6,0,90.23,Medium
PO_001956,SUP_013,FAB_022,4632,5.44,25198.08,2025-03-06,2025-04-15,2025-04-17,40,42,2,0,94.89,Medium
PO_001957,SUP_016,FAB_022,13247,5.51,72990.97,2025-09-09,2025-10-16,2025-10-19,37,40,3,0,100.0,Medium
PO_001958,SUP_023,FAB_007,7020,8.16,57283.2,2024-09-23,2024-10-15,2024-10-19,22,26,4,0,86.21,Medium
PO_001959,SUP_012,FAB_016,10349,5.69,58885.81,2024-12-23,2025-01-08,2025-01-10,16,18,2,0,96.07,Medium
PO_001960,SUP_020,FAB_006,7107,15.75,111935.25,2025-01-31,2025-02-15,2025-02-25,15,25,10,0,93.98,High
PO_001961,SUP_013,FAB_016,3278,5.34,17504.52,2024-01-29,2024-02-13,2024-02-16,15,18,3,0,91.44,Medium
PO_001962,SUP_008,FAB_025,10819,16.9,182841.1,2024-03-24,2024-04-24,2024-04-24,31,31,0,1,94.57,Low
PO_001963,SUP_012,FAB_030,6856,15.33,105102.48,2025-07-12,2025-08-08,2025-08-10,27,29,2,0,96.96,Medium
PO_001964,SUP_023,FAB_025,3199,20.24,64747.76,2024-01-30,2024-02-15,2024-02-21,16,22,6,0,91.32,Medium
PO_001965,SUP_012,FAB_028,3859,16.72,64522.48,2024-12-08,2024-12-28,2024-12-30,20,22,2,0,94.66,Medium
PO_001966,SUP_003,FAB_022,11822,5.47,64666.34,2024-04-24,2024-05-25,2024-05-29,31,35,4,0,93.1,Medium
PO_001967,SUP_002,FAB_025,13060,18.91,246964.6,2024-08-29,2024-09-24,2024-09-26,26,28,2,0,91.13,Medium
PO_001968,SUP_013,FAB_025,10676,18.47,197185.72,2024-03-17,2024-04-17,2024-04-22,31,36,5,0,96.45,Medium
PO_001969,SUP_016,FAB_029,11461,9.89,113349.29,2024-12-18,2025-01-05,2025-01-09,18,22,4,0,93.06,Medium
PO_001970,SUP_003,FAB_018,11323,10.14,114815.22,2024-05-02,2024-05-28,2024-05-28,26,26,0,1,91.06,Low
PO_001971,SUP_017,FAB_007,4705,6.62,31147.1,2024-07-23,2024-08-13,2024-08-19,21,27,6,0,88.85,Medium
PO_001972,SUP_015,FAB_006,9959,15.2,151376.8,2024-06-18,2024-07-16,2024-07-16,28,28,0,1,89.31,Low
PO_001973,SUP_002,FAB_025,6475,18.91,122442.25,2025-08-11,2025-09-06,2025-09-09,26,29,3,0,89.51,Medium
PO_001974,SUP_003,FAB_018,14307,10.14,145072.98,2024-10-07,2024-11-02,2024-11-04,26,28,2,0,94.02,Medium
PO_001975,SUP_017,FAB_023,5856,7.59,44447.04,2025-07-07,2025-07-21,2025-07-25,14,18,4,0,92.85,Medium
PO_001976,SUP_010,FAB_005,5999,6.79,40733.21,2024-04-30,2024-05-19,2024-06-09,19,40,21,0,94.19,High
PO_001977,SUP_006,FAB_010,14310,5.13,73410.3,2024-12-06,2025-01-01,2025-01-12,26,37,11,0,96.67,High
PO_001978,SUP_005,FAB_003,2739,17.05,46699.95,2025-03-14,2025-04-22,2025-04-23,39,40,1,0,96.66,Medium
PO_001979,SUP_019,FAB_011,1207,5.61,6771.27,2024-12-16,2024-12-31,2025-01-01,15,16,1,0,92.67,Medium
PO_001980,SUP_018,FAB_024,682,5.25,3580.5,2025-04-06,2025-04-22,2025-04-24,16,18,2,0,92.15,Medium
PO_001981,SUP_009,FAB_025,9035,19.05,172116.75,2024-03-31,2024-04-18,2024-04-26,18,26,8,0,97.93,High
PO_001982,SUP_011,FAB_022,12345,5.56,68638.2,2024-01-05,2024-02-07,2024-02-11,33,37,4,0,92.32,Medium
PO_001983,SUP_018,FAB_024,15604,5.25,81921.0,2024-06-30,2024-07-16,2024-07-16,16,16,0,1,94.55,Low
PO_001984,SUP_005,FAB_019,7860,16.25,127725.0,2025-06-19,2025-07-16,2025-07-16,27,27,0,1,98.14,Low
PO_001985,SUP_012,FAB_008,19843,13.43,266491.49,2024-12-12,2025-01-16,2025-01-18,35,37,2,0,96.18,Medium
PO_001986,SUP_012,FAB_017,10060,9.86,99191.6,2024-06-18,2024-07-16,2024-07-16,28,28,0,1,91.25,Low
PO_001987,SUP_015,FAB_012,18347,12.48,228970.56,2025-03-28,2025-05-01,2025-05-03,34,36,2,0,98.98,Medium
PO_001988,SUP_003,FAB_018,11222,10.14,113791.08,2025-05-29,2025-06-24,2025-06-24,26,26,0,1,94.0,Low
PO_001989,SUP_004,FAB_022,5101,5.07,25862.07,2025-08-06,2025-08-26,2025-08-30,20,24,4,0,92.24,Medium
PO_001990,SUP_005,FAB_030,8572,15.73,134837.56,2024-01-20,2024-02-11,2024-02-12,22,23,1,0,91.99,Medium
PO_001991,SUP_002,FAB_022,9954,5.07,50466.78,2024-06-02,2024-06-26,2024-06-26,24,24,0,1,97.42,Low
PO_001992,SUP_024,FAB_020,1577,8.15,12852.55,2025-05-24,2025-06-27,2025-07-06,34,43,9,0,99.09,High
PO_001993,SUP_010,FAB_006,3123,16.62,51904.26,2024-01-13,2024-02-18,2024-02-26,36,44,8,0,93.02,High
PO_001994,SUP_023,FAB_017,8579,9.24,79269.96,2024-05-04,2024-06-10,2024-06-22,37,49,12,0,93.69,High
PO_001995,SUP_005,FAB_012,9392,13.26,124537.92,2024-06-06,2024-07-03,2024-07-05,27,29,2,0,94.16,Medium
PO_001996,SUP_002,FAB_004,4572,7.87,35981.64,2024-02-03,2024-03-03,2024-03-06,29,32,3,0,95.21,Medium
PO_001997,SUP_010,FAB_005,13059,6.79,88670.61,2024-12-21,2025-01-09,2025-01-15,19,25,6,0,92.6,Medium
PO_001998,SUP_021,FAB_014,7733,20.05,155046.65,2025-09-30,2025-10-23,2025-10-25,23,25,2,0,96.05,Medium
PO_001999,SUP_002,FAB_022,1564,5.07,7929.48,2024-08-24,2024-09-17,2024-09-18,24,25,1,0,95.77,Medium
PO_002000,SUP_015,FAB_009,3045,8.22,25029.9,2024-11-28,2025-01-03,2025-01-07,36,40,4,0,93.44,Medium
PO_002001,SUP_007,FAB_011,11278,5.74,64735.72,2025-09-25,2025-10-31,2025-11-05,36,41,5,0,97.42,Medium
PO_002002,SUP_021,FAB_003,13786,17.73,244425.78,2024-02-24,2024-03-15,2024-03-24,20,29,9,0,91.3,High
PO_002003,SUP_005,FAB_014,8360,19.38,162016.8,2025-07-05,2025-08-06,2025-08-09,32,35,3,0,100.0,Medium
PO_002004,SUP_017,FAB_007,9767,6.62,64657.54,2024-10-22,2024-11-12,2024-11-18,21,27,6,0,88.83,Medium
PO_002005,SUP_023,FAB_022,11992,5.21,62478.32,2025-05-16,2025-06-15,2025-06-15,30,30,0,1,99.86,Low
PO_002006,SUP_018,FAB_017,1747,11.15,19479.05,2024-11-16,2024-12-16,2024-12-19,30,33,3,0,95.37,Medium
PO_002007,SUP_015,FAB_007,10753,8.43,90647.79,2025-06-25,2025-08-02,2025-08-04,38,40,2,0,90.44,Medium
PO_002008,SUP_002,FAB_003,8490,16.83,142886.7,2024-12-26,2025-01-17,2025-01-18,22,23,1,0,93.67,Medium
PO_002009,SUP_019,FAB_016,2933,5.34,15662.22,2025-03-18,2025-04-10,2025-04-11,23,24,1,0,88.01,Medium
PO_002010,SUP_001,FAB_004,15639,7.06,110411.34,2024-12-17,2025-01-09,2025-01-10,23,24,1,0,100.0,Medium
PO_002011,SUP_015,FAB_009,1117,8.22,9181.74,2024-02-19,2024-03-26,2024-03-26,36,36,0,1,93.89,Low
PO_002012,SUP_017,FAB_021,9861,13.27,130855.47,2024-12-29,2025-01-26,2025-01-27,28,29,1,0,94.8,Medium
PO_002013,SUP_024,FAB_020,13884,8.15,113154.6,2024-03-26,2024-04-29,2024-04-29,34,34,0,1,92.72,Low
PO_002014,SUP_005,FAB_007,12933,7.27,94022.91,2025-01-19,2025-02-09,2025-02-10,21,22,1,0,95.68,Medium
PO_002015,SUP_022,FAB_011,9612,6.02,57864.24,2025-07-22,2025-08-05,2025-08-05,14,14,0,1,93.3,Low
PO_002016,SUP_019,FAB_028,15584,16.65,259473.6,2024-08-04,2024-09-08,2024-09-11,35,38,3,0,91.22,Medium
PO_002017,SUP_015,FAB_002,9310,15.2,141512.0,2024-08-11,2024-09-19,2024-09-28,39,48,9,0,91.26,High
PO_002018,SUP_002,FAB_025,4940,18.91,93415.4,2025-11-18,2025-12-14,2025-12-17,26,29,3,0,92.19,Medium
PO_002019,SUP_013,FAB_025,10220,18.47,188763.4,2025-09-09,2025-10-10,2025-10-12,31,33,2,0,87.54,Medium
PO_002020,SUP_013,FAB_024,6445,5.18,33385.1,2024-09-10,2024-10-09,2024-10-17,29,37,8,0,91.4,High
PO_002021,SUP_017,FAB_015,18240,14.49,264297.6,2025-06-14,2025-07-06,2025-07-14,22,30,8,0,88.96,High
PO_002022,SUP_022,FAB_011,5915,6.02,35608.3,2025-01-01,2025-01-15,2025-01-15,14,14,0,1,93.85,Low
PO_002023,SUP_001,FAB_025,948,16.86,15983.28,2024-01-20,2024-02-16,2024-02-16,27,27,0,1,100.0,Low
PO_002024,SUP_012,FAB_026,830,11.82,9810.6,2024-01-11,2024-01-28,2024-01-28,17,17,0,1,96.68,Low
PO_002025,SUP_025,FAB_024,10394,5.42,56335.48,2025-02-22,2025-03-14,2025-03-15,20,21,1,0,98.17,Medium
PO_002026,SUP_018,FAB_012,7500,13.73,102975.0,2025-02-23,2025-03-28,2025-04-03,33,39,6,0,98.62,Medium
PO_002027,SUP_009,FAB_008,15803,14.7,232304.1,2024-03-21,2024-04-13,2024-04-16,23,26,3,0,100.0,Medium
PO_002028,SUP_020,FAB_010,9457,5.04,47663.28,2024-12-12,2025-01-11,2025-01-14,30,33,3,0,90.64,Medium
PO_002029,SUP_009,FAB_005,16745,7.36,123243.2,2025-06-04,2025-06-30,2025-06-30,26,26,0,1,89.35,Low
PO_002030,SUP_023,FAB_024,19449,4.32,84019.68,2025-02-10,2025-03-13,2025-03-19,31,37,6,0,93.05,Medium
PO_002031,SUP_024,FAB_020,7972,8.15,64971.8,2024-06-12,2024-07-16,2024-07-22,34,40,6,0,92.46,Medium
PO_002032,SUP_008,FAB_005,2144,6.91,14815.04,2025-03-12,2025-04-18,2025-05-01,37,50,13,0,100.0,High
PO_002033,SUP_005,FAB_003,15479,17.05,263916.95,2025-05-05,2025-06-13,2025-06-14,39,40,1,0,99.86,Medium
PO_002034,SUP_013,FAB_024,3685,5.18,19088.3,2025-01-04,2025-02-02,2025-02-08,29,35,6,0,93.92,Medium
PO_002035,SUP_016,FAB_025,1164,19.48,22674.72,2024-10-07,2024-10-23,2024-10-24,16,17,1,0,94.63,Medium
PO_002036,SUP_025,FAB_008,3019,13.68,41299.92,2025-03-03,2025-04-06,2025-04-08,34,36,2,0,100.0,Medium
PO_002037,SUP_001,FAB_006,4955,18.61,92212.55,2025-02-09,2025-03-21,2025-03-23,40,42,2,0,95.56,Medium
PO_002038,SUP_016,FAB_021,4683,13.4,62752.2,2024-06-19,2024-07-12,2024-07-15,23,26,3,0,90.26,Medium
PO_002039,SUP_013,FAB_015,5784,13.25,76638.0,2024-11-22,2024-12-28,2025-01-04,36,43,7,0,91.23,Medium
PO_002040,SUP_006,FAB_010,11187,5.13,57389.31,2024-07-11,2024-08-06,2024-08-10,26,30,4,0,88.47,Medium
PO_002041,SUP_022,FAB_015,17367,14.68,254947.56,2024-08-16,2024-09-19,2024-09-20,34,35,1,0,96.39,Medium
PO_002042,SUP_021,FAB_005,2634,7.53,19834.02,2025-11-21,2025-12-19,2025-12-19,28,28,0,1,93.53,Low
PO_002043,SUP_007,FAB_002,12011,15.33,184128.63,2024-01-09,2024-01-24,2024-01-26,15,17,2,0,94.86,Medium
PO_002044,SUP_010,FAB_024,1864,4.93,9189.52,2025-04-25,2025-05-24,2025-05-28,29,33,4,0,92.33,Medium
PO_002045,SUP_021,FAB_010,15944,4.79,76371.76,2025-01-27,2025-03-07,2025-03-07,39,39,0,1,93.04,Low
PO_002046,SUP_008,FAB_024,7507,4.27,32054.89,2024-04-13,2024-05-17,2024-05-18,34,35,1,0,96.99,Medium
PO_002047,SUP_015,FAB_001,5821,11.17,65020.57,2024-01-27,2024-03-06,2024-03-12,39,45,6,0,96.67,Medium
PO_002048,SUP_001,FAB_025,8842,16.86,149076.12,2024-07-06,2024-08-02,2024-08-03,27,28,1,0,92.21,Medium
PO_002049,SUP_013,FAB_024,12960,5.18,67132.8,2024-06-18,2024-07-17,2024-07-21,29,33,4,0,94.46,Medium
PO_002050,SUP_025,FAB_012,17834,13.62,242899.08,2024-12-23,2025-01-10,2025-01-10,18,18,0,1,97.76,Low
PO_002051,SUP_023,FAB_016,15436,5.8,89528.8,2024-08-30,2024-09-29,2024-09-30,30,31,1,0,96.98,Medium
PO_002052,SUP_016,FAB_025,15168,19.48,295472.64,2024-11-21,2024-12-07,2024-12-16,16,25,9,0,89.61,High
PO_002053,SUP_012,FAB_023,13363,7.53,100623.39,2025-06-08,2025-07-03,2025-07-11,25,33,8,0,99.67,High
PO_002054,SUP_021,FAB_021,9346,13.21,123460.66,2025-02-23,2025-03-11,2025-03-12,16,17,1,0,89.21,Medium
PO_002055,SUP_019,FAB_016,13710,5.34,73211.4,2024-05-19,2024-06-11,2024-06-17,23,29,6,0,94.95,Medium
PO_002056,SUP_007,FAB_011,12231,5.74,70205.94,2024-03-26,2024-05-01,2024-05-08,36,43,7,0,96.54,Medium
PO_002057,SUP_019,FAB_028,6583,16.65,109606.95,2024-03-05,2024-04-09,2024-04-10,35,36,1,0,97.53,Medium
PO_002058,SUP_008,FAB_024,17573,4.27,75036.71,2025-10-21,2025-11-24,2025-11-25,34,35,1,0,95.18,Medium
PO_002059,SUP_015,FAB_018,2409,12.21,29413.89,2024-05-29,2024-06-28,2024-07-01,30,33,3,0,94.76,Medium
PO_002060,SUP_001,FAB_004,10078,7.06,71150.68,2024-01-02,2024-01-25,2024-01-25,23,23,0,1,98.79,Low
PO_002061,SUP_007,FAB_004,10800,8.1,87480.0,2025-11-02,2025-11-18,2025-11-24,16,22,6,0,95.41,Medium
PO_002062,SUP_025,FAB_002,3014,14.8,44607.2,2025-03-08,2025-03-28,2025-03-28,20,20,0,1,100.0,Low
PO_002063,SUP_020,FAB_004,5732,8.06,46199.92,2025-11-27,2025-12-20,2025-12-25,23,28,5,0,93.34,Medium
PO_002064,SUP_025,FAB_025,9837,17.52,172344.24,2024-09-03,2024-09-28,2024-10-03,25,30,5,0,97.86,Medium
PO_002065,SUP_004,FAB_019,5350,15.3,81855.0,2025-04-17,2025-05-13,2025-05-14,26,27,1,0,96.58,Medium
PO_002066,SUP_005,FAB_030,3788,15.73,59585.24,2025-09-01,2025-09-23,2025-09-25,22,24,2,0,100.0,Medium
PO_002067,SUP_010,FAB_025,12649,19.23,243240.27,2025-09-12,2025-10-14,2025-10-15,32,33,1,0,92.32,Medium
PO_002068,SUP_008,FAB_005,6911,6.91,47755.01,2024-05-08,2024-06-14,2024-06-14,37,37,0,1,94.39,Low
PO_002069,SUP_015,FAB_012,18441,12.48,230143.68,2024-05-04,2024-06-07,2024-06-12,34,39,5,0,94.7,Medium
PO_002070,SUP_025,FAB_008,19263,13.68,263517.84,2024-01-25,2024-02-28,2024-02-28,34,34,0,1,95.69,Low
PO_002071,SUP_003,FAB_016,9363,4.92,46065.96,2025-02-04,2025-03-10,2025-03-10,34,34,0,1,94.82,Low
PO_002072,SUP_003,FAB_006,13985,16.44,229913.4,2024-02-23,2024-03-21,2024-03-23,27,29,2,0,88.71,Medium
PO_002073,SUP_019,FAB_016,5512,5.34,29434.08,2025-06-02,2025-06-25,2025-06-27,23,25,2,0,100.0,Medium
PO_002074,SUP_006,FAB_010,15914,5.13,81638.82,2025-08-17,2025-09-12,2025-09-15,26,29,3,0,94.57,Medium
PO_002075,SUP_019,FAB_015,1257,14.82,18628.74,2024-05-29,2024-06-26,2024-06-28,28,30,2,0,92.35,Medium
PO_002076,SUP_012,FAB_026,8036,11.82,94985.52,2024-05-05,2024-05-22,2024-05-25,17,20,3,0,96.13,Medium
PO_002077,SUP_024,FAB_004,9024,7.78,70206.72,2025-08-09,2025-09-12,2025-09-18,34,40,6,0,93.46,Medium
PO_002078,SUP_018,FAB_012,12569,13.73,172572.37,2024-04-08,2024-05-11,2024-05-11,33,33,0,1,98.31,Low
PO_002079,SUP_023,FAB_025,15614,20.24,316027.36,2025-05-01,2025-05-17,2025-05-28,16,27,11,0,90.98,High
PO_002080,SUP_001,FAB_025,12211,16.86,205877.46,2025-01-31,2025-02-27,2025-02-28,27,28,1,0,98.88,Medium
PO_002081,SUP_018,FAB_028,12753,16.57,211317.21,2025-04-29,2025-05-22,2025-05-27,23,28,5,0,98.07,Medium
PO_002082,SUP_016,FAB_029,1445,9.89,14291.05,2024-05-08,2024-05-26,2024-06-02,18,25,7,0,93.69,Medium
PO_002083,SUP_021,FAB_014,8320,20.05,166816.0,2024-03-26,2024-04-18,2024-04-20,23,25,2,0,89.26,Medium
PO_002084,SUP_001,FAB_017,13520,11.59,156696.8,2024-06-10,2024-07-15,2024-07-16,35,36,1,0,94.74,Medium
PO_002085,SUP_023,FAB_006,18204,14.79,269237.16,2024-08-14,2024-09-18,2024-09-19,35,36,1,0,93.66,Medium
PO_002086,SUP_010,FAB_016,6613,4.77,31544.01,2025-09-29,2025-10-19,2025-10-28,20,29,9,0,89.26,High
PO_002087,SUP_012,FAB_030,17997,15.33,275894.01,2025-11-03,2025-11-30,2025-12-01,27,28,1,0,95.36,Medium
PO_002088,SUP_004,FAB_017,7974,11.49,91621.26,2024-04-19,2024-05-21,2024-05-21,32,32,0,1,94.94,Low
PO_002089,SUP_007,FAB_002,6218,15.33,95321.94,2024-09-08,2024-09-23,2024-10-01,15,23,8,0,88.31,High
PO_002090,SUP_021,FAB_017,11561,10.83,125205.63,2025-07-18,2025-08-24,2025-08-27,37,40,3,0,92.31,Medium
PO_002091,SUP_015,FAB_024,12206,5.13,62616.78,2024-05-19,2024-06-06,2024-06-08,18,20,2,0,96.14,Medium
PO_002092,SUP_009,FAB_019,2090,17.77,37139.3,2025-07-09,2025-07-31,2025-07-31,22,22,0,1,99.85,Low
PO_002093,SUP_013,FAB_015,2723,13.25,36079.75,2024-03-11,2024-04-16,2024-05-05,36,55,19,0,93.73,High
PO_002094,SUP_011,FAB_001,19953,9.83,196137.99,2025-04-17,2025-05-25,2025-05-25,38,38,0,1,94.14,Low
PO_002095,SUP_008,FAB_025,16076,16.9,271684.4,2024-12-12,2025-01-12,2025-01-14,31,33,2,0,97.78,Medium
PO_002096,SUP_021,FAB_005,1245,7.53,9374.85,2025-05-17,2025-06-14,2025-06-14,28,28,0,1,98.88,Low
PO_002097,SUP_022,FAB_021,10952,13.91,152342.32,2025-07-17,2025-08-08,2025-08-10,22,24,2,0,99.5,Medium
PO_002098,SUP_003,FAB_023,1130,7.68,8678.4,2025-06-03,2025-06-17,2025-06-18,14,15,1,0,94.71,Medium
PO_002099,SUP_012,FAB_008,12549,13.43,168533.07,2025-09-11,2025-10-16,2025-10-16,35,35,0,1,98.92,Low
PO_002100,SUP_001,FAB_007,19973,8.25,164777.25,2025-05-10,2025-06-14,2025-06-14,35,35,0,1,99.35,Low
PO_002101,SUP_001,FAB_007,8217,8.25,67790.25,2025-01-10,2025-02-14,2025-02-14,35,35,0,1,100.0,Low
PO_002102,SUP_011,FAB_015,18814,13.68,257375.52,2025-06-17,2025-07-16,2025-07-16,29,29,0,1,100.0,Low
PO_002103,SUP_007,FAB_002,5059,15.33,77554.47,2024-10-11,2024-10-26,2024-10-26,15,15,0,1,93.61,Low
PO_002104,SUP_005,FAB_007,10151,7.27,73797.77,2025-10-22,2025-11-12,2025-11-12,21,21,0,1,99.64,Low
PO_002105,SUP_006,FAB_007,4044,7.38,29844.72,2025-03-21,2025-04-10,2025-04-11,20,21,1,0,93.32,Medium
PO_002106,SUP_017,FAB_017,16195,11.31,183165.45,2024-05-15,2024-06-10,2024-06-13,26,29,3,0,85.09,Medium
PO_002107,SUP_006,FAB_018,19835,11.78,233656.3,2025-10-19,2025-11-25,2025-11-28,37,40,3,0,91.05,Medium
PO_002108,SUP_008,FAB_021,16994,12.27,208516.38,2024-03-10,2024-03-28,2024-03-28,18,18,0,1,92.74,Low
PO_002109,SUP_018,FAB_012,7931,13.73,108892.63,2025-09-25,2025-10-28,2025-11-01,33,37,4,0,98.63,Medium
PO_002110,SUP_018,FAB_007,9320,7.44,69340.8,2024-02-09,2024-03-17,2024-03-17,37,37,0,1,93.59,Low
PO_002111,SUP_013,FAB_015,11451,13.25,151725.75,2024-08-20,2024-09-25,2024-10-02,36,43,7,0,98.99,Medium
PO_002112,SUP_001,FAB_001,12047,9.92,119506.24,2025-04-18,2025-05-03,2025-05-03,15,15,0,1,100.0,Low
PO_002113,SUP_010,FAB_025,6449,19.23,124014.27,2024-05-09,2024-06-10,2024-06-13,32,35,3,0,91.61,Medium
PO_002114,SUP_019,FAB_028,11082,16.65,184515.3,2025-04-04,2025-05-09,2025-05-10,35,36,1,0,95.48,Medium
PO_002115,SUP_011,FAB_019,9915,15.83,156954.45,2024-05-27,2024-06-12,2024-06-12,16,16,0,1,100.0,Low
PO_002116,SUP_019,FAB_014,7048,19.06,134334.88,2025-02-04,2025-02-20,2025-02-22,16,18,2,0,96.32,Medium
PO_002117,SUP_004,FAB_002,15060,12.42,187045.2,2025-01-08,2025-01-25,2025-01-26,17,18,1,0,90.6,Medium
PO_002118,SUP_021,FAB_017,17099,10.83,185182.17,2025-11-03,2025-12-10,2025-12-10,37,37,0,1,86.09,Low
PO_002119,SUP_006,FAB_007,1153,7.38,8509.14,2024-12-29,2025-01-18,2025-01-19,20,21,1,0,93.6,Medium
PO_002120,SUP_022,FAB_001,10981,9.5,104319.5,2024-06-21,2024-07-11,2024-07-11,20,20,0,1,96.64,Low
PO_002121,SUP_001,FAB_018,1659,11.04,18315.36,2025-10-26,2025-11-13,2025-11-13,18,18,0,1,99.2,Low
PO_002122,SUP_008,FAB_027,8845,12.68,112154.6,2024-04-08,2024-04-22,2024-04-25,14,17,3,0,94.46,Medium
PO_002123,SUP_018,FAB_011,19565,5.86,114650.9,2025-04-10,2025-05-08,2025-05-10,28,30,2,0,94.05,Medium
PO_002124,SUP_002,FAB_003,19509,16.83,328336.47,2025-05-25,2025-06-16,2025-06-17,22,23,1,0,96.4,Medium
PO_002125,SUP_025,FAB_006,10879,16.41,178524.39,2025-04-23,2025-05-10,2025-05-13,17,20,3,0,97.06,Medium
PO_002126,SUP_006,FAB_018,14214,11.78,167440.92,2024-01-14,2024-02-20,2024-02-26,37,43,6,0,88.14,Medium
PO_002127,SUP_003,FAB_023,4127,7.68,31695.36,2024-03-17,2024-03-31,2024-04-03,14,17,3,0,93.87,Medium
PO_002128,SUP_025,FAB_009,794,8.15,6471.1,2025-05-29,2025-06-25,2025-06-27,27,29,2,0,94.77,Medium
PO_002129,SUP_014,FAB_018,12494,11.55,144305.7,2024-06-02,2024-07-11,2024-07-12,39,40,1,0,96.17,Medium
PO_002130,SUP_010,FAB_005,18311,6.79,124331.69,2024-03-11,2024-03-30,2024-04-02,19,22,3,0,90.85,Medium
PO_002131,SUP_013,FAB_010,19245,5.1,98149.5,2024-10-20,2024-11-16,2024-11-17,27,28,1,0,88.31,Medium
PO_002132,SUP_024,FAB_003,13110,16.11,211202.1,2025-10-13,2025-10-28,2025-10-28,15,15,0,1,96.66,Low
PO_002133,SUP_021,FAB_014,10853,20.05,217602.65,2025-09-07,2025-09-30,2025-09-30,23,23,0,1,98.85,Low
PO_002134,SUP_011,FAB_015,10592,13.68,144898.56,2024-01-06,2024-02-04,2024-02-05,29,30,1,0,94.81,Medium
PO_002135,SUP_018,FAB_007,5168,7.44,38449.92,2024-03-08,2024-04-14,2024-04-17,37,40,3,0,96.47,Medium
PO_002136,SUP_009,FAB_001,12938,10.99,142188.62,2024-03-14,2024-04-16,2024-04-22,33,39,6,0,92.5,Medium
PO_002137,SUP_021,FAB_003,9537,17.73,169091.01,2025-10-02,2025-10-22,2025-10-22,20,20,0,1,94.4,Low
PO_002138,SUP_008,FAB_021,8235,12.27,101043.45,2025-04-27,2025-05-15,2025-05-17,18,20,2,0,98.6,Medium
PO_002139,SUP_010,FAB_025,1255,19.23,24133.65,2025-08-13,2025-09-14,2025-09-14,32,32,0,1,96.42,Low
PO_002140,SUP_003,FAB_018,3745,10.14,37974.3,2024-07-05,2024-07-31,2024-08-08,26,34,8,0,92.65,High
PO_002141,SUP_018,FAB_019,12640,15.93,201355.2,2025-01-30,2025-03-01,2025-03-01,30,30,0,1,92.72,Low
PO_002142,SUP_014,FAB_011,19945,6.09,121465.05,2025-10-27,2025-11-19,2025-11-22,23,26,3,0,97.06,Medium
PO_002143,SUP_023,FAB_024,12561,4.32,54263.52,2024-05-30,2024-06-30,2024-07-04,31,35,4,0,91.97,Medium
PO_002144,SUP_002,FAB_027,10796,11.4,123074.4,2025-10-01,2025-11-01,2025-11-03,31,33,2,0,94.68,Medium
PO_002145,SUP_017,FAB_018,14459,10.55,152542.45,2024-08-06,2024-09-07,2024-09-12,32,37,5,0,90.2,Medium
PO_002146,SUP_005,FAB_007,3064,7.27,22275.28,2025-05-20,2025-06-10,2025-06-12,21,23,2,0,94.89,Medium
PO_002147,SUP_014,FAB_019,14015,16.12,225921.8,2024-04-28,2024-06-02,2024-06-08,35,41,6,0,84.12,High
PO_002148,SUP_010,FAB_018,13518,11.86,160323.48,2025-05-19,2025-06-05,2025-06-12,17,24,7,0,92.96,Medium
PO_002149,SUP_020,FAB_030,10617,15.13,160635.21,2024-04-01,2024-04-20,2024-05-01,19,30,11,0,88.33,High
PO_002150,SUP_015,FAB_007,9200,8.43,77556.0,2025-06-15,2025-07-23,2025-07-23,38,38,0,1,95.6,Low
PO_002151,SUP_015,FAB_010,8124,5.34,43382.16,2024-04-11,2024-04-26,2024-04-29,15,18,3,0,90.81,Medium
PO_002152,SUP_017,FAB_007,11455,6.62,75832.1,2025-04-16,2025-05-07,2025-05-11,21,25,4,0,93.37,Medium
PO_002153,SUP_021,FAB_014,17034,20.05,341531.7,2024-03-27,2024-04-19,2024-04-20,23,24,1,0,93.55,Medium
PO_002154,SUP_013,FAB_026,12235,11.83,144740.05,2024-05-20,2024-06-21,2024-06-25,32,36,4,0,89.37,Medium
PO_002155,SUP_003,FAB_016,14150,4.92,69618.0,2024-03-01,2024-04-04,2024-04-13,34,43,9,0,91.16,High
PO_002156,SUP_008,FAB_005,13461,6.91,93015.51,2024-11-15,2024-12-22,2024-12-22,37,37,0,1,92.57,Low
PO_002157,SUP_001,FAB_010,8777,5.36,47044.72,2025-09-15,2025-10-10,2025-10-11,25,26,1,0,98.48,Medium
PO_002158,SUP_023,FAB_017,1623,9.24,14996.52,2024-02-17,2024-03-25,2024-03-27,37,39,2,0,97.63,Medium
PO_002159,SUP_016,FAB_025,7833,19.48,152586.84,2025-07-17,2025-08-02,2025-08-04,16,18,2,0,93.2,Medium
PO_002160,SUP_020,FAB_005,4186,6.02,25199.72,2024-02-12,2024-03-14,2024-03-18,31,35,4,0,93.84,Medium
PO_002161,SUP_005,FAB_007,15227,7.27,110700.29,2025-10-01,2025-10-22,2025-10-25,21,24,3,0,96.1,Medium
PO_002162,SUP_019,FAB_014,9871,19.06,188141.26,2024-09-23,2024-10-09,2024-10-12,16,19,3,0,91.44,Medium
PO_002163,SUP_005,FAB_019,12831,16.25,208503.75,2025-04-02,2025-04-29,2025-05-02,27,30,3,0,97.5,Medium
PO_002164,SUP_008,FAB_005,12425,6.91,85856.75,2025-09-19,2025-10-26,2025-10-28,37,39,2,0,93.85,Medium
PO_002165,SUP_015,FAB_018,14790,12.21,180585.9,2024-03-24,2024-04-23,2024-05-03,30,40,10,0,88.41,High
PO_002166,SUP_017,FAB_005,10481,6.39,66973.59,2025-05-18,2025-06-17,2025-06-26,30,39,9,0,92.17,High
PO_002167,SUP_016,FAB_022,15809,5.51,87107.59,2025-07-07,2025-08-13,2025-08-14,37,38,1,0,93.94,Medium
PO_002168,SUP_010,FAB_015,3414,12.31,42026.34,2025-11-06,2025-12-11,2025-12-14,35,38,3,0,92.34,Medium
PO_002169,SUP_014,FAB_011,10280,6.09,62605.2,2025-03-19,2025-04-11,2025-04-13,23,25,2,0,91.79,Medium
PO_002170,SUP_009,FAB_008,19398,14.7,285150.6,2025-10-31,2025-11-23,2025-11-24,23,24,1,0,100.0,Medium
PO_002171,SUP_024,FAB_003,534,16.11,8602.74,2024-06-07,2024-06-22,2024-07-02,15,25,10,0,93.65,High
PO_002172,SUP_004,FAB_019,8658,15.3,132467.4,2024-09-10,2024-10-06,2024-10-09,26,29,3,0,86.07,Medium
PO_002173,SUP_006,FAB_001,818,9.25,7566.5,2024-12-19,2025-01-23,2025-01-25,35,37,2,0,93.75,Medium
PO_002174,SUP_013,FAB_024,5974,5.18,30945.32,2024-03-21,2024-04-19,2024-04-30,29,40,11,0,99.79,High
PO_002175,SUP_021,FAB_003,16319,17.73,289335.87,2025-07-30,2025-08-19,2025-08-20,20,21,1,0,99.22,Medium
PO_002176,SUP_013,FAB_010,12441,5.1,63449.1,2025-10-11,2025-11-07,2025-11-08,27,28,1,0,91.59,Medium
PO_002177,SUP_019,FAB_013,18364,12.25,224959.0,2024-07-31,2024-08-14,2024-08-19,14,19,5,0,94.59,Medium
PO_002178,SUP_001,FAB_007,5531,8.25,45630.75,2024-05-22,2024-06-26,2024-06-26,35,35,0,1,98.46,Low
PO_002179,SUP_010,FAB_005,872,6.79,5920.88,2025-04-22,2025-05-11,2025-05-14,19,22,3,0,92.98,Medium
PO_002180,SUP_011,FAB_027,16317,11.21,182913.57,2025-04-06,2025-05-03,2025-05-05,27,29,2,0,94.49,Medium
PO_002181,SUP_005,FAB_030,9892,15.73,155601.16,2025-06-10,2025-07-02,2025-07-05,22,25,3,0,96.38,Medium
PO_002182,SUP_016,FAB_025,4647,19.48,90523.56,2024-03-14,2024-03-30,2024-03-31,16,17,1,0,91.02,Medium
PO_002183,SUP_012,FAB_005,4889,7.19,35151.91,2025-01-18,2025-02-04,2025-02-06,17,19,2,0,92.01,Medium
PO_002184,SUP_003,FAB_006,16663,16.44,273939.72,2024-02-05,2024-03-03,2024-03-06,27,30,3,0,97.88,Medium
PO_002185,SUP_016,FAB_014,5622,20.14,113227.08,2025-01-30,2025-02-26,2025-03-01,27,30,3,0,87.64,Medium
PO_002186,SUP_005,FAB_017,12109,10.84,131261.56,2025-07-26,2025-08-27,2025-09-01,32,37,5,0,98.79,Medium
PO_002187,SUP_022,FAB_020,1204,10.02,12064.08,2025-11-03,2025-12-01,2025-12-04,28,31,3,0,99.82,Medium
PO_002188,SUP_009,FAB_010,3908,5.01,19579.08,2025-04-09,2025-05-03,2025-05-03,24,24,0,1,98.2,Low
PO_002189,SUP_013,FAB_015,10660,13.25,141245.0,2025-11-08,2025-12-14,2025-12-18,36,40,4,0,93.43,Medium
PO_002190,SUP_011,FAB_011,18645,6.37,118768.65,2025-02-23,2025-03-21,2025-03-21,26,26,0,1,93.13,Low
PO_002191,SUP_025,FAB_014,7298,17.33,126474.34,2025-06-14,2025-06-28,2025-07-02,14,18,4,0,93.65,Medium
PO_002192,SUP_007,FAB_028,14936,17.07,254957.52,2025-06-21,2025-07-12,2025-07-12,21,21,0,1,89.79,Low
PO_002193,SUP_016,FAB_021,11597,13.4,155399.8,2024-07-11,2024-08-03,2024-08-10,23,30,7,0,99.63,Medium
PO_002194,SUP_025,FAB_015,18206,13.15,239408.9,2025-10-04,2025-11-05,2025-11-08,32,35,3,0,91.0,Medium
PO_002195,SUP_002,FAB_023,2023,7.36,14889.28,2025-02-08,2025-03-18,2025-03-19,38,39,1,0,95.26,Medium
PO_002196,SUP_020,FAB_030,15721,15.13,237858.73,2025-08-09,2025-08-28,2025-08-30,19,21,2,0,90.56,Medium
PO_002197,SUP_009,FAB_001,4874,10.99,53565.26,2024-09-16,2024-10-19,2024-10-20,33,34,1,0,94.97,Medium
PO_002198,SUP_004,FAB_015,18189,13.72,249553.08,2024-04-29,2024-05-23,2024-05-25,24,26,2,0,93.74,Medium
PO_002199,SUP_010,FAB_022,14249,5.48,78084.52,2025-02-24,2025-03-13,2025-03-21,17,25,8,0,90.49,High
PO_002200,SUP_010,FAB_016,17913,4.77,85445.01,2024-11-09,2024-11-29,2024-12-04,20,25,5,0,92.72,Medium
PO_002201,SUP_023,FAB_020,5519,8.76,48346.44,2025-09-04,2025-10-08,2025-10-08,34,34,0,1,92.06,Low
PO_002202,SUP_002,FAB_022,5289,5.07,26815.23,2024-09-02,2024-09-26,2024-09-26,24,24,0,1,100.0,Low
PO_002203,SUP_004,FAB_022,18941,5.07,96030.87,2024-03-19,2024-04-08,2024-04-08,20,20,0,1,96.64,Low
PO_002204,SUP_003,FAB_022,6173,5.47,33766.31,2024-06-23,2024-07-24,2024-07-26,31,33,2,0,94.82,Medium
PO_002205,SUP_013,FAB_020,6667,8.4,56002.8,2024-12-02,2025-01-08,2025-01-11,37,40,3,0,95.98,Medium
PO_002206,SUP_015,FAB_009,13810,8.22,113518.2,2024-08-07,2024-09-12,2024-09-19,36,43,7,0,90.5,Medium
PO_002207,SUP_024,FAB_003,2359,16.11,38003.49,2025-09-28,2025-10-13,2025-10-13,15,15,0,1,92.75,Low
PO_002208,SUP_013,FAB_026,15941,11.83,188582.03,2025-01-01,2025-02-02,2025-02-09,32,39,7,0,92.01,Medium
PO_002209,SUP_011,FAB_019,12325,15.83,195104.75,2025-09-03,2025-09-19,2025-09-21,16,18,2,0,90.5,Medium
PO_002210,SUP_004,FAB_018,16415,12.22,200591.3,2025-08-30,2025-09-13,2025-09-22,14,23,9,0,93.77,High
PO_002211,SUP_010,FAB_011,1497,6.57,9835.29,2025-02-06,2025-02-21,2025-02-22,15,16,1,0,93.73,Medium
PO_002212,SUP_008,FAB_025,7354,16.9,124282.6,2025-06-04,2025-07-05,2025-07-05,31,31,0,1,92.02,Low
PO_002213,SUP_013,FAB_020,1891,8.4,15884.4,2025-02-16,2025-03-25,2025-04-08,37,51,14,0,90.88,High
PO_002214,SUP_001,FAB_025,2954,16.86,49804.44,2025-04-01,2025-04-28,2025-04-28,27,27,0,1,98.25,Low
PO_002215,SUP_019,FAB_019,8049,14.46,116388.54,2024-07-28,2024-08-28,2024-09-01,31,35,4,0,93.24,Medium
PO_002216,SUP_013,FAB_022,19263,5.44,104790.72,2024-04-05,2024-05-15,2024-05-17,40,42,2,0,89.22,Medium
PO_002217,SUP_015,FAB_006,4333,15.2,65861.6,2025-08-07,2025-09-04,2025-09-05,28,29,1,0,94.25,Medium
PO_002218,SUP_003,FAB_025,17378,18.52,321840.56,2025-11-14,2025-12-17,2025-12-27,33,43,10,0,95.45,High
PO_002219,SUP_019,FAB_024,6908,5.38,37165.04,2024-08-18,2024-09-01,2024-09-07,14,20,6,0,92.4,Medium
PO_002220,SUP_019,FAB_028,6305,16.65,104978.25,2024-11-06,2024-12-11,2024-12-16,35,40,5,0,91.86,Medium
PO_002221,SUP_007,FAB_026,17525,14.05,246226.25,2025-10-26,2025-11-11,2025-11-14,16,19,3,0,92.13,Medium
PO_002222,SUP_020,FAB_030,5252,15.13,79462.76,2024-08-16,2024-09-04,2024-09-05,19,20,1,0,92.57,Medium
PO_002223,SUP_011,FAB_027,14753,11.21,165381.13,2025-07-19,2025-08-15,2025-08-19,27,31,4,0,98.75,Medium
PO_002224,SUP_024,FAB_004,17603,7.78,136951.34,2024-07-30,2024-09-02,2024-09-03,34,35,1,0,94.17,Medium
PO_002225,SUP_008,FAB_024,2754,4.27,11759.58,2024-05-30,2024-07-03,2024-07-15,34,46,12,0,96.29,High
PO_002226,SUP_002,FAB_028,17144,16.61,284761.84,2025-06-01,2025-06-29,2025-06-30,28,29,1,0,92.36,Medium
PO_002227,SUP_023,FAB_025,6358,20.24,128685.92,2025-11-14,2025-11-30,2025-12-03,16,19,3,0,95.59,Medium
PO_002228,SUP_012,FAB_023,19627,7.53,147791.31,2025-06-22,2025-07-17,2025-07-18,25,26,1,0,93.34,Medium
PO_002229,SUP_018,FAB_017,8531,11.15,95120.65,2024-05-24,2024-06-23,2024-06-26,30,33,3,0,96.26,Medium
PO_002230,SUP_019,FAB_002,903,15.11,13644.33,2024-10-02,2024-11-02,2024-11-09,31,38,7,0,93.58,Medium
PO_002231,SUP_019,FAB_013,9073,12.25,111144.25,2024-02-02,2024-02-16,2024-02-19,14,17,3,0,86.46,Medium
PO_002232,SUP_024,FAB_015,17396,12.36,215014.56,2024-07-30,2024-08-26,2024-08-28,27,29,2,0,93.17,Medium
PO_002233,SUP_019,FAB_002,10307,15.11,155738.77,2024-11-09,2024-12-10,2024-12-10,31,31,0,1,91.46,Low
PO_002234,SUP_012,FAB_016,16438,5.69,93532.22,2024-10-21,2024-11-06,2024-11-08,16,18,2,0,95.93,Medium
PO_002235,SUP_009,FAB_001,8895,10.99,97756.05,2025-06-28,2025-07-31,2025-08-02,33,35,2,0,95.97,Medium
PO_002236,SUP_003,FAB_028,14797,18.9,279663.3,2025-07-05,2025-07-20,2025-07-31,15,26,11,0,84.67,High
PO_002237,SUP_012,FAB_026,14349,11.82,169605.18,2025-07-20,2025-08-06,2025-08-06,17,17,0,1,95.63,Low
PO_002238,SUP_008,FAB_023,7886,6.73,53072.78,2025-09-11,2025-10-13,2025-10-19,32,38,6,0,95.31,Medium
PO_002239,SUP_014,FAB_001,6119,11.57,70796.83,2025-08-09,2025-09-06,2025-09-15,28,37,9,0,90.58,High
PO_002240,SUP_001,FAB_004,5231,7.06,36930.86,2025-02-03,2025-02-26,2025-02-28,23,25,2,0,89.83,Medium
PO_002241,SUP_016,FAB_014,16627,20.14,334867.78,2024-05-03,2024-05-30,2024-05-31,27,28,1,0,98.35,Medium
PO_002242,SUP_017,FAB_020,6809,8.11,55220.99,2024-09-24,2024-10-20,2024-11-03,26,40,14,0,88.39,High
PO_002243,SUP_021,FAB_015,17091,15.16,259099.56,2025-07-21,2025-08-12,2025-08-15,22,25,3,0,91.29,Medium
PO_002244,SUP_018,FAB_019,3854,15.93,61394.22,2024-11-13,2024-12-13,2024-12-13,30,30,0,1,94.11,Low
PO_002245,SUP_001,FAB_001,17589,9.92,174482.88,2024-10-30,2024-11-14,2024-11-16,15,17,2,0,97.67,Medium
PO_002246,SUP_015,FAB_021,9484,13.5,128034.0,2024-06-28,2024-07-22,2024-07-24,24,26,2,0,99.06,Medium
PO_002247,SUP_009,FAB_001,7485,10.99,82260.15,2024-09-27,2024-10-30,2024-11-01,33,35,2,0,89.72,Medium
PO_002248,SUP_003,FAB_018,5947,10.14,60302.58,2024-05-31,2024-06-26,2024-06-26,26,26,0,1,89.08,Low
PO_002249,SUP_023,FAB_007,7540,8.16,61526.4,2025-06-29,2025-07-21,2025-07-25,22,26,4,0,94.08,Medium
PO_002250,SUP_006,FAB_008,19829,16.35,324204.15,2024-07-25,2024-09-02,2024-09-08,39,45,6,0,95.04,Medium
PO_002251,SUP_010,FAB_025,14070,19.23,270566.1,2025-05-10,2025-06-11,2025-06-19,32,40,8,0,90.32,High
PO_002252,SUP_002,FAB_030,2512,15.39,38659.68,2024-01-04,2024-02-10,2024-02-12,37,39,2,0,93.8,Medium
PO_002253,SUP_008,FAB_025,6899,16.9,116593.1,2025-02-28,2025-03-31,2025-03-31,31,31,0,1,91.32,Low
PO_002254,SUP_017,FAB_029,19206,9.81,188410.86,2024-01-22,2024-02-25,2024-02-26,34,35,1,0,91.99,Medium
PO_002255,SUP_020,FAB_027,8768,10.12,88732.16,2024-06-22,2024-07-13,2024-07-13,21,21,0,1,91.74,Low
PO_002256,SUP_014,FAB_003,12919,14.68,189650.92,2024-02-27,2024-04-04,2024-04-08,37,41,4,0,92.91,Medium
PO_002257,SUP_013,FAB_010,11270,5.1,57477.0,2024-02-08,2024-03-06,2024-03-14,27,35,8,0,88.43,High
PO_002258,SUP_016,FAB_012,12525,13.37,167459.25,2025-04-25,2025-05-22,2025-05-27,27,32,5,0,96.56,Medium
PO_002259,SUP_024,FAB_029,5931,9.81,58183.11,2024-12-03,2024-12-29,2025-01-02,26,30,4,0,98.94,Medium
PO_002260,SUP_021,FAB_021,3256,13.21,43011.76,2025-02-21,2025-03-09,2025-03-09,16,16,0,1,98.81,Low
PO_002261,SUP_005,FAB_030,16934,15.73,266371.82,2024-10-07,2024-10-29,2024-10-29,22,22,0,1,100.0,Low
PO_002262,SUP_019,FAB_013,8960,12.25,109760.0,2025-04-09,2025-04-23,2025-04-23,14,14,0,1,89.96,Low
PO_002263,SUP_008,FAB_023,8687,6.73,58463.51,2024-03-18,2024-04-19,2024-04-20,32,33,1,0,89.67,Medium
PO_002264,SUP_009,FAB_008,8701,14.7,127904.7,2025-03-07,2025-03-30,2025-03-30,23,23,0,1,91.58,Low
PO_002265,SUP_017,FAB_007,18760,6.62,124191.2,2024-06-20,2024-07-11,2024-07-15,21,25,4,0,87.41,Medium
PO_002266,SUP_013,FAB_020,11896,8.4,99926.4,2025-05-26,2025-07-02,2025-07-06,37,41,4,0,93.4,Medium
PO_002267,SUP_022,FAB_001,2264,9.5,21508.0,2025-03-15,2025-04-04,2025-04-08,20,24,4,0,96.38,Medium
PO_002268,SUP_023,FAB_023,11018,7.03,77456.54,2025-03-05,2025-04-06,2025-04-10,32,36,4,0,88.36,Medium
PO_002269,SUP_004,FAB_014,8479,19.52,165510.08,2024-06-27,2024-07-17,2024-07-17,20,20,0,1,88.98,Low
PO_002270,SUP_010,FAB_018,1518,11.86,18003.48,2024-01-26,2024-02-12,2024-02-12,17,17,0,1,100.0,Low
PO_002271,SUP_011,FAB_002,7602,14.61,111065.22,2025-04-09,2025-04-27,2025-05-08,18,29,11,0,95.5,High
PO_002272,SUP_018,FAB_024,10110,5.25,53077.5,2024-12-28,2025-01-13,2025-01-20,16,23,7,0,100.0,Medium
PO_002273,SUP_013,FAB_016,5200,5.34,27768.0,2024-03-03,2024-03-18,2024-03-22,15,19,4,0,91.5,Medium
PO_002274,SUP_007,FAB_026,3783,14.05,53151.15,2024-10-11,2024-10-27,2024-10-27,16,16,0,1,87.51,Low
PO_002275,SUP_018,FAB_019,16612,15.93,264629.16,2025-08-28,2025-09-27,2025-09-29,30,32,2,0,93.86,Medium
PO_002276,SUP_021,FAB_014,2133,20.05,42766.65,2025-07-22,2025-08-14,2025-08-15,23,24,1,0,92.9,Medium
PO_002277,SUP_002,FAB_019,3116,17.14,53408.24,2024-12-19,2025-01-08,2025-01-10,20,22,2,0,92.92,Medium
PO_002278,SUP_025,FAB_016,17164,5.26,90282.64,2025-10-08,2025-10-23,2025-10-24,15,16,1,0,100.0,Medium
PO_002279,SUP_007,FAB_016,7588,4.91,37257.08,2025-07-31,2025-08-26,2025-09-01,26,32,6,0,93.46,Medium
PO_002280,SUP_023,FAB_016,5101,5.8,29585.8,2025-11-26,2025-12-26,2026-01-04,30,39,9,0,94.22,High
PO_002281,SUP_006,FAB_001,1544,9.25,14282.0,2025-09-07,2025-10-12,2025-10-17,35,40,5,0,99.91,Medium
PO_002282,SUP_014,FAB_003,6040,14.68,88667.2,2024-06-15,2024-07-22,2024-07-22,37,37,0,1,89.53,Low
PO_002283,SUP_013,FAB_021,15546,12.18,189350.28,2024-03-24,2024-04-25,2024-05-05,32,42,10,0,90.73,High
PO_002284,SUP_005,FAB_019,14904,16.25,242190.0,2024-06-21,2024-07-18,2024-07-19,27,28,1,0,98.18,Medium
PO_002285,SUP_015,FAB_018,10475,12.21,127899.75,2024-09-18,2024-10-18,2024-10-21,30,33,3,0,89.98,Medium
PO_002286,SUP_017,FAB_018,5520,10.55,58236.0,2024-05-18,2024-06-19,2024-07-08,32,51,19,0,97.4,High
PO_002287,SUP_016,FAB_012,8295,13.37,110904.15,2024-05-11,2024-06-07,2024-06-12,27,32,5,0,95.46,Medium
PO_002288,SUP_010,FAB_018,8474,11.86,100501.64,2025-01-12,2025-01-29,2025-01-29,17,17,0,1,91.72,Low
PO_002289,SUP_010,FAB_025,6058,19.23,116495.34,2025-04-03,2025-05-05,2025-05-08,32,35,3,0,93.83,Medium
PO_002290,SUP_025,FAB_005,19270,6.69,128916.3,2024-03-08,2024-03-29,2024-04-03,21,26,5,0,99.54,Medium
PO_002291,SUP_012,FAB_023,13124,7.53,98823.72,2024-02-06,2024-03-02,2024-03-02,25,25,0,1,100.0,Low
PO_002292,SUP_012,FAB_021,2172,12.26,26628.72,2024-12-19,2025-01-03,2025-01-03,15,15,0,1,96.98,Low
PO_002293,SUP_002,FAB_023,7467,7.36,54957.12,2024-07-14,2024-08-21,2024-08-24,38,41,3,0,99.68,Medium
PO_002294,SUP_017,FAB_020,2363,8.11,19163.93,2024-01-19,2024-02-14,2024-02-23,26,35,9,0,95.02,High
PO_002295,SUP_007,FAB_026,12399,14.05,174205.95,2024-12-17,2025-01-02,2025-01-02,16,16,0,1,90.78,Low
PO_002296,SUP_009,FAB_026,13587,14.0,190218.0,2024-08-27,2024-09-12,2024-09-15,16,19,3,0,92.61,Medium
PO_002297,SUP_018,FAB_024,2341,5.25,12290.25,2024-07-04,2024-07-20,2024-07-23,16,19,3,0,98.25,Medium
PO_002298,SUP_014,FAB_001,6684,11.57,77333.88,2025-06-25,2025-07-23,2025-07-30,28,35,7,0,88.09,Medium
PO_002299,SUP_021,FAB_021,10949,13.21,144636.29,2025-11-06,2025-11-22,2025-11-30,16,24,8,0,93.62,High
PO_002300,SUP_001,FAB_017,1567,11.59,18161.53,2025-08-23,2025-09-27,2025-09-29,35,37,2,0,98.37,Medium
PO_002301,SUP_007,FAB_011,19598,5.74,112492.52,2024-05-17,2024-06-22,2024-06-30,36,44,8,0,92.25,High
PO_002302,SUP_002,FAB_004,19439,7.87,152984.93,2024-01-05,2024-02-03,2024-02-03,29,29,0,1,93.26,Low
PO_002303,SUP_007,FAB_011,2827,5.74,16226.98,2024-01-01,2024-02-06,2024-02-06,36,36,0,1,90.47,Low
PO_002304,SUP_019,FAB_016,11407,5.34,60913.38,2025-08-20,2025-09-12,2025-09-16,23,27,4,0,92.63,Medium
PO_002305,SUP_025,FAB_015,14770,13.15,194225.5,2025-11-03,2025-12-05,2025-12-05,32,32,0,1,100.0,Low
PO_002306,SUP_011,FAB_015,15467,13.68,211588.56,2025-07-02,2025-07-31,2025-07-31,29,29,0,1,99.47,Low
PO_002307,SUP_010,FAB_022,18839,5.48,103237.72,2024-02-20,2024-03-08,2024-03-16,17,25,8,0,95.75,High
PO_002308,SUP_018,FAB_017,14692,11.15,163815.8,2024-05-27,2024-06-26,2024-06-26,30,30,0,1,98.77,Low
PO_002309,SUP_002,FAB_025,10784,18.91,203925.44,2024-06-28,2024-07-24,2024-07-25,26,27,1,0,93.84,Medium
PO_002310,SUP_003,FAB_016,19143,4.92,94183.56,2024-04-01,2024-05-05,2024-05-11,34,40,6,0,92.85,Medium
PO_002311,SUP_010,FAB_016,17125,4.77,81686.25,2025-03-30,2025-04-19,2025-04-25,20,26,6,0,94.8,Medium
PO_002312,SUP_012,FAB_022,14915,4.72,70398.8,2024-08-03,2024-08-30,2024-08-30,27,27,0,1,94.84,Low
PO_002313,SUP_015,FAB_001,9166,11.17,102384.22,2024-06-11,2024-07-20,2024-07-20,39,39,0,1,91.23,Low
PO_002314,SUP_023,FAB_019,5118,15.67,80199.06,2024-02-21,2024-03-08,2024-03-14,16,22,6,0,93.21,Medium
PO_002315,SUP_021,FAB_010,7591,4.79,36360.89,2025-05-06,2025-06-14,2025-06-15,39,40,1,0,89.11,Medium
PO_002316,SUP_011,FAB_022,16688,5.56,92785.28,2024-02-07,2024-03-11,2024-03-14,33,36,3,0,95.76,Medium
PO_002317,SUP_015,FAB_001,8658,11.17,96709.86,2024-05-30,2024-07-08,2024-07-13,39,44,5,0,89.85,Medium
PO_002318,SUP_015,FAB_002,19284,15.2,293116.8,2025-01-01,2025-02-09,2025-02-12,39,42,3,0,93.18,Medium
PO_002319,SUP_011,FAB_021,3409,13.4,45680.6,2025-05-02,2025-06-10,2025-06-10,39,39,0,1,96.0,Low
PO_002320,SUP_011,FAB_001,846,9.83,8316.18,2025-04-30,2025-06-07,2025-06-07,38,38,0,1,96.43,Low
PO_002321,SUP_008,FAB_023,13968,6.73,94004.64,2025-03-28,2025-04-29,2025-05-05,32,38,6,0,98.18,Medium
PO_002322,SUP_011,FAB_020,15545,8.32,129334.4,2024-12-25,2025-02-02,2025-02-04,39,41,2,0,100.0,Medium
PO_002323,SUP_021,FAB_005,19282,7.53,145193.46,2025-01-11,2025-02-08,2025-02-08,28,28,0,1,96.54,Low
PO_002324,SUP_019,FAB_010,16856,4.57,77031.92,2025-04-20,2025-05-20,2025-05-26,30,36,6,0,97.09,Medium
PO_002325,SUP_013,FAB_026,541,11.83,6400.03,2024-11-15,2024-12-17,2024-12-18,32,33,1,0,99.03,Medium
PO_002326,SUP_007,FAB_026,17736,14.05,249190.8,2025-11-13,2025-11-29,2025-12-02,16,19,3,0,92.58,Medium
PO_002327,SUP_011,FAB_020,8403,8.32,69912.96,2024-06-21,2024-07-30,2024-07-31,39,40,1,0,95.32,Medium
PO_002328,SUP_001,FAB_025,3599,16.86,60679.14,2025-01-07,2025-02-03,2025-02-04,27,28,1,0,99.32,Medium
PO_002329,SUP_013,FAB_015,14412,13.25,190959.0,2024-07-14,2024-08-19,2024-08-25,36,42,6,0,93.26,Medium
PO_002330,SUP_017,FAB_017,5066,11.31,57296.46,2024-09-12,2024-10-08,2024-10-10,26,28,2,0,91.4,Medium
PO_002331,SUP_004,FAB_014,15085,19.52,294459.2,2024-09-06,2024-09-26,2024-10-05,20,29,9,0,86.87,High
PO_002332,SUP_015,FAB_010,2675,5.34,14284.5,2024-06-28,2024-07-13,2024-07-18,15,20,5,0,94.56,Medium
PO_002333,SUP_016,FAB_022,13798,5.51,76026.98,2025-03-22,2025-04-28,2025-05-04,37,43,6,0,94.13,Medium
PO_002334,SUP_008,FAB_027,5399,12.68,68459.32,2025-02-01,2025-02-15,2025-02-16,14,15,1,0,91.63,Medium
PO_002335,SUP_008,FAB_027,19989,12.68,253460.52,2024-02-10,2024-02-24,2024-03-04,14,23,9,0,87.55,High
PO_002336,SUP_019,FAB_012,16324,12.38,202091.12,2024-06-21,2024-07-31,2024-08-01,40,41,1,0,100.0,Medium
PO_002337,SUP_015,FAB_018,12816,12.21,156483.36,2024-07-13,2024-08-12,2024-08-14,30,32,2,0,93.63,Medium
PO_002338,SUP_001,FAB_010,4276,5.36,22919.36,2024-03-01,2024-03-26,2024-03-27,25,26,1,0,97.89,Medium
PO_002339,SUP_009,FAB_008,14362,14.7,211121.4,2025-05-28,2025-06-20,2025-07-02,23,35,12,0,96.21,High
PO_002340,SUP_005,FAB_007,4579,7.27,33289.33,2025-11-03,2025-11-24,2025-11-26,21,23,2,0,97.34,Medium
PO_002341,SUP_019,FAB_010,11115,4.57,50795.55,2024-11-14,2024-12-14,2024-12-22,30,38,8,0,88.56,High
PO_002342,SUP_015,FAB_024,8705,5.13,44656.65,2025-11-13,2025-12-01,2025-12-03,18,20,2,0,91.92,Medium
PO_002343,SUP_023,FAB_007,9874,8.16,80571.84,2025-11-04,2025-11-26,2025-12-01,22,27,5,0,91.73,Medium
PO_002344,SUP_009,FAB_026,9676,14.0,135464.0,2024-09-29,2024-10-15,2024-10-18,16,19,3,0,96.93,Medium
PO_002345,SUP_019,FAB_014,11985,19.06,228434.1,2025-11-05,2025-11-21,2025-11-23,16,18,2,0,96.36,Medium
PO_002346,SUP_021,FAB_007,5180,7.73,40041.4,2025-10-30,2025-12-04,2025-12-06,35,37,2,0,91.64,Medium
PO_002347,SUP_010,FAB_011,6834,6.57,44899.38,2025-03-27,2025-04-11,2025-04-16,15,20,5,0,93.37,Medium
PO_002348,SUP_020,FAB_018,14577,10.58,154224.66,2024-11-09,2024-12-03,2024-12-08,24,29,5,0,88.26,Medium
PO_002349,SUP_007,FAB_016,13321,4.91,65406.11,2025-07-22,2025-08-17,2025-08-21,26,30,4,0,98.1,Medium
PO_002350,SUP_001,FAB_004,7939,7.06,56049.34,2024-04-19,2024-05-12,2024-05-13,23,24,1,0,99.81,Medium
PO_002351,SUP_010,FAB_011,18849,6.57,123837.93,2025-08-28,2025-09-12,2025-09-16,15,19,4,0,95.02,Medium
PO_002352,SUP_001,FAB_025,16742,16.86,282270.12,2024-05-01,2024-05-28,2024-05-28,27,27,0,1,100.0,Low
PO_002353,SUP_008,FAB_024,5128,4.27,21896.56,2024-12-23,2025-01-26,2025-01-29,34,37,3,0,98.67,Medium
PO_002354,SUP_011,FAB_015,4046,13.68,55349.28,2025-02-06,2025-03-07,2025-03-08,29,30,1,0,92.74,Medium
PO_002355,SUP_009,FAB_015,12786,13.73,175551.78,2025-03-11,2025-04-08,2025-04-09,28,29,1,0,97.36,Medium
PO_002356,SUP_020,FAB_030,11910,15.13,180198.3,2024-08-22,2024-09-10,2024-09-17,19,26,7,0,86.14,Medium
PO_002357,SUP_025,FAB_012,10417,13.62,141879.54,2024-09-14,2024-10-02,2024-10-08,18,24,6,0,92.07,Medium
PO_002358,SUP_021,FAB_017,9107,10.83,98628.81,2024-02-15,2024-03-23,2024-03-28,37,42,5,0,91.49,Medium
PO_002359,SUP_002,FAB_004,19596,7.87,154220.52,2024-06-04,2024-07-03,2024-07-06,29,32,3,0,93.95,Medium
PO_002360,SUP_006,FAB_016,7321,4.91,35946.11,2024-01-12,2024-02-19,2024-02-21,38,40,2,0,96.18,Medium
PO_002361,SUP_017,FAB_015,4344,14.49,62944.56,2024-08-21,2024-09-12,2024-09-12,22,22,0,1,87.25,Low
PO_002362,SUP_013,FAB_024,5896,5.18,30541.28,2025-11-14,2025-12-13,2025-12-13,29,29,0,1,92.41,Low
PO_002363,SUP_011,FAB_019,16538,15.83,261796.54,2024-01-14,2024-01-30,2024-01-30,16,16,0,1,92.52,Low
PO_002364,SUP_022,FAB_005,16932,7.26,122926.32,2025-08-17,2025-09-09,2025-09-12,23,26,3,0,100.0,Medium
PO_002365,SUP_020,FAB_009,7566,9.98,75508.68,2024-02-07,2024-02-24,2024-03-02,17,24,7,0,89.69,Medium
PO_002366,SUP_007,FAB_002,1998,15.33,30629.34,2025-04-02,2025-04-17,2025-04-22,15,20,5,0,90.88,Medium
PO_002367,SUP_019,FAB_003,3146,16.33,51374.18,2024-10-22,2024-11-19,2024-11-21,28,30,2,0,90.01,Medium
PO_002368,SUP_022,FAB_015,5361,14.68,78699.48,2024-10-29,2024-12-02,2024-12-02,34,34,0,1,99.15,Low
PO_002369,SUP_008,FAB_001,10525,9.4,98935.0,2025-11-06,2025-11-25,2025-11-27,19,21,2,0,97.77,Medium
PO_002370,SUP_002,FAB_006,15464,14.77,228403.28,2025-02-05,2025-03-04,2025-03-06,27,29,2,0,94.59,Medium
PO_002371,SUP_013,FAB_021,3710,12.18,45187.8,2025-04-13,2025-05-15,2025-05-18,32,35,3,0,89.7,Medium
PO_002372,SUP_001,FAB_004,15755,7.06,111230.3,2024-01-23,2024-02-15,2024-02-17,23,25,2,0,98.69,Medium
PO_002373,SUP_006,FAB_001,8885,9.25,82186.25,2024-11-23,2024-12-28,2025-01-04,35,42,7,0,92.76,Medium
PO_002374,SUP_023,FAB_024,17964,4.32,77604.48,2025-03-05,2025-04-05,2025-04-08,31,34,3,0,94.95,Medium
PO_002375,SUP_025,FAB_025,12627,17.52,221225.04,2025-09-29,2025-10-24,2025-10-26,25,27,2,0,93.37,Medium
PO_002376,SUP_014,FAB_011,6317,6.09,38470.53,2024-09-20,2024-10-13,2024-10-19,23,29,6,0,88.77,Medium
PO_002377,SUP_014,FAB_011,8771,6.09,53415.39,2025-01-30,2025-02-22,2025-02-22,23,23,0,1,91.23,Low
PO_002378,SUP_002,FAB_013,2268,13.79,31275.72,2024-05-26,2024-06-12,2024-06-15,17,20,3,0,94.87,Medium
PO_002379,SUP_013,FAB_013,13688,13.87,189852.56,2024-01-30,2024-02-19,2024-02-29,20,30,10,0,94.7,High
PO_002380,SUP_011,FAB_027,19781,11.21,221745.01,2024-07-30,2024-08-26,2024-08-29,27,30,3,0,89.37,Medium
PO_002381,SUP_004,FAB_019,746,15.3,11413.8,2024-10-03,2024-10-29,2024-11-07,26,35,9,0,85.95,High
PO_002382,SUP_010,FAB_029,17758,8.48,150587.84,2024-06-20,2024-07-05,2024-07-08,15,18,3,0,92.61,Medium
PO_002383,SUP_007,FAB_019,3356,16.0,53696.0,2024-07-16,2024-08-25,2024-08-25,40,40,0,1,87.33,Low
PO_002384,SUP_025,FAB_002,7186,14.8,106352.8,2024-09-13,2024-10-03,2024-10-05,20,22,2,0,97.86,Medium
PO_002385,SUP_010,FAB_005,16046,6.79,108952.34,2024-01-05,2024-01-24,2024-01-28,19,23,4,0,90.27,Medium
PO_002386,SUP_011,FAB_019,18308,15.83,289815.64,2024-10-16,2024-11-01,2024-11-03,16,18,2,0,94.67,Medium
PO_002387,SUP_012,FAB_030,16173,15.33,247932.09,2024-10-11,2024-11-07,2024-11-09,27,29,2,0,97.17,Medium
PO_002388,SUP_005,FAB_014,18850,19.38,365313.0,2024-09-05,2024-10-07,2024-10-07,32,32,0,1,96.2,Low
PO_002389,SUP_013,FAB_013,10445,13.87,144872.15,2025-08-04,2025-08-24,2025-08-27,20,23,3,0,91.42,Medium
PO_002390,SUP_022,FAB_005,4213,7.26,30586.38,2025-06-05,2025-06-28,2025-06-28,23,23,0,1,93.57,Low
PO_002391,SUP_003,FAB_014,18677,19.82,370178.14,2025-04-28,2025-05-21,2025-05-23,23,25,2,0,90.38,Medium
PO_002392,SUP_011,FAB_002,8879,14.61,129722.19,2025-04-04,2025-04-22,2025-04-23,18,19,1,0,96.26,Medium
PO_002393,SUP_014,FAB_001,9536,11.57,110331.52,2025-04-20,2025-05-18,2025-05-25,28,35,7,0,100.0,Medium
PO_002394,SUP_002,FAB_028,9215,16.61,153061.15,2025-08-12,2025-09-09,2025-09-10,28,29,1,0,97.11,Medium
PO_002395,SUP_008,FAB_006,6161,16.71,102950.31,2025-03-21,2025-04-26,2025-04-28,36,38,2,0,97.86,Medium
PO_002396,SUP_015,FAB_007,15283,8.43,128835.69,2024-04-23,2024-05-31,2024-06-02,38,40,2,0,91.13,Medium
PO_002397,SUP_011,FAB_020,8452,8.32,70320.64,2024-07-02,2024-08-10,2024-08-13,39,42,3,0,88.4,Medium
PO_002398,SUP_025,FAB_012,2087,13.62,28424.94,2025-06-22,2025-07-10,2025-07-15,18,23,5,0,99.29,Medium
PO_002399,SUP_016,FAB_021,19410,13.4,260094.0,2025-07-13,2025-08-05,2025-08-05,23,23,0,1,97.3,Low
PO_002400,SUP_013,FAB_024,9014,5.18,46692.52,2024-05-01,2024-05-30,2024-06-06,29,36,7,0,94.89,Medium
PO_002401,SUP_010,FAB_024,12299,4.93,60634.07,2025-05-03,2025-06-01,2025-06-14,29,42,13,0,92.71,High
PO_002402,SUP_022,FAB_011,2983,6.02,17957.66,2025-06-10,2025-06-24,2025-06-24,14,14,0,1,95.82,Low
PO_002403,SUP_015,FAB_002,7744,15.2,117708.8,2024-11-10,2024-12-19,2024-12-23,39,43,4,0,89.74,Medium
PO_002404,SUP_010,FAB_005,6035,6.79,40977.65,2024-11-08,2024-11-27,2024-11-29,19,21,2,0,93.61,Medium
PO_002405,SUP_023,FAB_018,3423,12.17,41657.91,2024-03-11,2024-04-07,2024-04-11,27,31,4,0,93.94,Medium
PO_002406,SUP_015,FAB_007,1987,8.43,16750.41,2025-01-17,2025-02-24,2025-02-26,38,40,2,0,92.99,Medium
PO_002407,SUP_018,FAB_004,18497,7.39,136692.83,2025-06-27,2025-07-27,2025-07-28,30,31,1,0,94.11,Medium
PO_002408,SUP_001,FAB_017,18286,11.59,211934.74,2025-07-02,2025-08-06,2025-08-07,35,36,1,0,96.39,Medium
PO_002409,SUP_010,FAB_011,6322,6.57,41535.54,2025-06-05,2025-06-20,2025-06-23,15,18,3,0,96.64,Medium
PO_002410,SUP_002,FAB_028,18561,16.61,308298.21,2025-04-29,2025-05-27,2025-05-27,28,28,0,1,96.03,Low
PO_002411,SUP_011,FAB_030,5128,15.43,79125.04,2024-09-22,2024-10-09,2024-10-09,17,17,0,1,91.02,Low
PO_002412,SUP_018,FAB_008,18926,14.6,276319.6,2024-01-19,2024-02-04,2024-02-06,16,18,2,0,93.03,Medium
PO_002413,SUP_023,FAB_028,13816,15.73,217325.68,2025-11-14,2025-12-08,2025-12-17,24,33,9,0,95.72,High
PO_002414,SUP_001,FAB_007,11842,8.25,97696.5,2025-02-05,2025-03-12,2025-03-14,35,37,2,0,96.99,Medium
PO_002415,SUP_011,FAB_019,13852,15.83,219277.16,2025-05-14,2025-05-30,2025-05-31,16,17,1,0,97.41,Medium
PO_002416,SUP_024,FAB_025,13858,19.85,275081.3,2025-07-16,2025-08-01,2025-08-05,16,20,4,0,87.96,Medium
PO_002417,SUP_025,FAB_005,10057,6.69,67281.33,2025-12-01,2025-12-22,2025-12-22,21,21,0,1,95.29,Low
PO_002418,SUP_007,FAB_002,1359,15.33,20833.47,2025-08-05,2025-08-20,2025-08-23,15,18,3,0,95.01,Medium
PO_002419,SUP_005,FAB_019,7683,16.25,124848.75,2025-07-08,2025-08-04,2025-08-06,27,29,2,0,98.32,Medium
PO_002420,SUP_025,FAB_008,982,13.68,13433.76,2024-03-15,2024-04-18,2024-04-18,34,34,0,1,99.71,Low
PO_002421,SUP_022,FAB_020,6443,10.02,64558.86,2025-03-19,2025-04-16,2025-04-16,28,28,0,1,93.46,Low
PO_002422,SUP_013,FAB_024,13827,5.18,71623.86,2024-01-16,2024-02-14,2024-02-18,29,33,4,0,96.1,Medium
PO_002423,SUP_013,FAB_020,4119,8.4,34599.6,2025-06-01,2025-07-08,2025-07-11,37,40,3,0,94.71,Medium
PO_002424,SUP_022,FAB_015,7425,14.68,108999.0,2024-09-25,2024-10-29,2024-11-01,34,37,3,0,91.24,Medium
PO_002425,SUP_009,FAB_009,10428,10.06,104905.68,2024-03-01,2024-04-09,2024-04-12,39,42,3,0,94.32,Medium
PO_002426,SUP_023,FAB_016,7104,5.8,41203.2,2024-06-14,2024-07-14,2024-07-21,30,37,7,0,90.34,Medium
PO_002427,SUP_025,FAB_002,12125,14.8,179450.0,2024-03-12,2024-04-01,2024-04-01,20,20,0,1,96.83,Low
PO_002428,SUP_002,FAB_013,9798,13.79,135114.42,2025-01-07,2025-01-24,2025-01-28,17,21,4,0,94.52,Medium
PO_002429,SUP_023,FAB_022,1448,5.21,7544.08,2024-05-17,2024-06-16,2024-06-16,30,30,0,1,96.23,Low
PO_002430,SUP_001,FAB_025,2366,16.86,39890.76,2025-09-06,2025-10-03,2025-10-04,27,28,1,0,94.55,Medium
PO_002431,SUP_015,FAB_024,1496,5.13,7674.48,2025-11-19,2025-12-07,2025-12-14,18,25,7,0,89.47,Medium
PO_002432,SUP_009,FAB_010,12520,5.01,62725.2,2024-10-15,2024-11-08,2024-11-09,24,25,1,0,96.84,Medium
PO_002433,SUP_011,FAB_020,6445,8.32,53622.4,2024-09-16,2024-10-25,2024-10-28,39,42,3,0,88.98,Medium
PO_002434,SUP_002,FAB_004,8289,7.87,65234.43,2024-04-26,2024-05-25,2024-05-30,29,34,5,0,94.36,Medium
PO_002435,SUP_025,FAB_020,964,9.52,9177.28,2025-04-13,2025-05-19,2025-05-21,36,38,2,0,98.57,Medium
PO_002436,SUP_011,FAB_001,2483,9.83,24407.89,2024-04-17,2024-05-25,2024-05-25,38,38,0,1,95.78,Low
PO_002437,SUP_015,FAB_010,9119,5.34,48695.46,2024-04-23,2024-05-08,2024-05-09,15,16,1,0,92.33,Medium
PO_002438,SUP_011,FAB_011,4793,6.37,30531.41,2025-10-28,2025-11-23,2025-11-24,26,27,1,0,92.72,Medium
PO_002439,SUP_003,FAB_022,15217,5.47,83236.99,2025-06-02,2025-07-03,2025-07-05,31,33,2,0,93.19,Medium
PO_002440,SUP_010,FAB_029,1355,8.48,11490.4,2025-08-09,2025-08-24,2025-08-30,15,21,6,0,88.55,Medium
PO_002441,SUP_002,FAB_006,16147,14.77,238491.19,2024-06-14,2024-07-11,2024-07-15,27,31,4,0,97.44,Medium
PO_002442,SUP_021,FAB_017,17317,10.83,187543.11,2024-04-12,2024-05-19,2024-05-24,37,42,5,0,95.66,Medium
PO_002443,SUP_005,FAB_003,1630,17.05,27791.5,2025-09-14,2025-10-23,2025-10-23,39,39,0,1,100.0,Low
PO_002444,SUP_016,FAB_014,2267,20.14,45657.38,2025-02-03,2025-03-02,2025-03-04,27,29,2,0,97.54,Medium
PO_002445,SUP_024,FAB_028,6397,18.15,116105.55,2024-01-03,2024-01-18,2024-01-20,15,17,2,0,88.52,Medium
PO_002446,SUP_006,FAB_016,8608,4.91,42265.28,2024-06-09,2024-07-17,2024-07-21,38,42,4,0,100.0,Medium
PO_002447,SUP_007,FAB_016,16119,4.91,79144.29,2024-08-04,2024-08-30,2024-09-10,26,37,11,0,83.02,High
PO_002448,SUP_019,FAB_013,2153,12.25,26374.25,2025-03-22,2025-04-05,2025-04-06,14,15,1,0,87.0,Medium
PO_002449,SUP_021,FAB_005,8360,7.53,62950.8,2024-09-15,2024-10-13,2024-10-16,28,31,3,0,91.59,Medium
PO_002450,SUP_005,FAB_017,9559,10.84,103619.56,2024-09-06,2024-10-08,2024-10-08,32,32,0,1,93.9,Low
PO_002451,SUP_019,FAB_019,14471,14.46,209250.66,2024-06-02,2024-07-03,2024-07-09,31,37,6,0,87.57,Medium
PO_002452,SUP_017,FAB_020,19101,8.11,154909.11,2025-08-21,2025-09-16,2025-09-21,26,31,5,0,89.19,Medium
PO_002453,SUP_013,FAB_015,1897,13.25,25135.25,2024-07-13,2024-08-18,2024-08-25,36,43,7,0,95.25,Medium
PO_002454,SUP_014,FAB_018,19658,11.55,227049.9,2024-10-29,2024-12-07,2024-12-11,39,43,4,0,90.28,Medium
PO_002455,SUP_012,FAB_030,18236,15.33,279557.88,2024-04-29,2024-05-26,2024-05-29,27,30,3,0,97.27,Medium
PO_002456,SUP_018,FAB_014,3688,19.73,72764.24,2025-11-05,2025-11-24,2025-11-28,19,23,4,0,95.36,Medium
PO_002457,SUP_003,FAB_022,3284,5.47,17963.48,2024-06-10,2024-07-11,2024-07-11,31,31,0,1,91.55,Low
PO_002458,SUP_017,FAB_018,19318,10.55,203804.9,2025-05-07,2025-06-08,2025-06-20,32,44,12,0,92.7,High
PO_002459,SUP_012,FAB_005,14332,7.19,103047.08,2024-09-16,2024-10-03,2024-10-04,17,18,1,0,99.3,Medium
PO_002460,SUP_007,FAB_004,748,8.1,6058.8,2025-04-21,2025-05-07,2025-05-08,16,17,1,0,100.0,Medium
PO_002461,SUP_008,FAB_011,4737,5.27,24963.99,2024-02-14,2024-03-06,2024-03-07,21,22,1,0,94.96,Medium
PO_002462,SUP_024,FAB_021,11574,11.96,138425.04,2024-04-21,2024-05-08,2024-05-17,17,26,9,0,93.32,High
PO_002463,SUP_014,FAB_009,11359,8.16,92689.44,2025-07-01,2025-07-20,2025-07-25,19,24,5,0,95.82,Medium
PO_002464,SUP_016,FAB_029,12554,9.89,124159.06,2024-08-22,2024-09-09,2024-09-15,18,24,6,0,95.08,Medium
PO_002465,SUP_017,FAB_013,7510,11.71,87942.1,2024-03-06,2024-04-12,2024-04-27,37,52,15,0,94.92,High
PO_002466,SUP_013,FAB_015,10900,13.25,144425.0,2024-10-20,2024-11-25,2024-11-25,36,36,0,1,95.25,Low
PO_002467,SUP_002,FAB_019,3331,17.14,57093.34,2025-08-03,2025-08-23,2025-08-25,20,22,2,0,92.87,Medium
PO_002468,SUP_015,FAB_001,8799,11.17,98284.83,2024-10-21,2024-11-29,2024-11-29,39,39,0,1,89.12,Low
PO_002469,SUP_007,FAB_026,13876,14.05,194957.8,2025-07-16,2025-08-01,2025-08-04,16,19,3,0,92.79,Medium
PO_002470,SUP_001,FAB_007,18293,8.25,150917.25,2024-03-26,2024-04-30,2024-04-30,35,35,0,1,94.59,Low
PO_002471,SUP_015,FAB_001,6959,11.17,77732.03,2024-02-06,2024-03-16,2024-03-18,39,41,2,0,94.5,Medium
PO_002472,SUP_001,FAB_007,3866,8.25,31894.5,2024-01-09,2024-02-13,2024-02-14,35,36,1,0,98.71,Medium
PO_002473,SUP_018,FAB_011,1975,5.86,11573.5,2025-06-21,2025-07-19,2025-07-28,28,37,9,0,97.36,High
PO_002474,SUP_020,FAB_018,7835,10.58,82894.3,2024-02-24,2024-03-19,2024-03-24,24,29,5,0,92.66,Medium
PO_002475,SUP_022,FAB_011,17834,6.02,107360.68,2025-03-05,2025-03-19,2025-03-20,14,15,1,0,93.21,Medium
PO_002476,SUP_009,FAB_008,18243,14.7,268172.1,2025-09-05,2025-09-28,2025-10-01,23,26,3,0,100.0,Medium
PO_002477,SUP_011,FAB_027,19010,11.21,213102.1,2024-02-26,2024-03-24,2024-03-25,27,28,1,0,92.4,Medium
PO_002478,SUP_025,FAB_025,8236,17.52,144294.72,2025-02-22,2025-03-19,2025-03-20,25,26,1,0,91.97,Medium
PO_002479,SUP_014,FAB_014,7172,17.09,122569.48,2025-10-14,2025-11-12,2025-11-15,29,32,3,0,86.74,Medium
PO_002480,SUP_017,FAB_021,15564,13.27,206534.28,2024-01-29,2024-02-26,2024-03-04,28,35,7,0,91.93,Medium
PO_002481,SUP_023,FAB_028,7616,15.73,119799.68,2025-02-25,2025-03-21,2025-03-21,24,24,0,1,95.76,Low
PO_002482,SUP_008,FAB_021,3449,12.27,42319.23,2025-03-16,2025-04-03,2025-04-03,18,18,0,1,94.54,Low
PO_002483,SUP_014,FAB_018,5552,11.55,64125.6,2024-05-25,2024-07-03,2024-07-07,39,43,4,0,91.47,Medium
PO_002484,SUP_002,FAB_003,8043,16.83,135363.69,2024-12-12,2025-01-03,2025-01-04,22,23,1,0,93.47,Medium
PO_002485,SUP_025,FAB_002,19398,14.8,287090.4,2024-09-08,2024-09-28,2024-09-29,20,21,1,0,90.4,Medium
PO_002486,SUP_018,FAB_015,14699,13.28,195202.72,2025-02-06,2025-02-21,2025-02-28,15,22,7,0,96.47,Medium
PO_002487,SUP_008,FAB_001,5607,9.4,52705.8,2025-08-09,2025-08-28,2025-08-29,19,20,1,0,96.71,Medium
PO_002488,SUP_009,FAB_025,7286,19.05,138798.3,2025-08-07,2025-08-25,2025-08-26,18,19,1,0,96.54,Medium
PO_002489,SUP_022,FAB_007,18509,8.25,152699.25,2025-05-20,2025-06-18,2025-06-18,29,29,0,1,100.0,Low
PO_002490,SUP_016,FAB_014,9231,20.14,185912.34,2024-01-10,2024-02-06,2024-02-13,27,34,7,0,93.87,Medium
PO_002491,SUP_004,FAB_017,17922,11.49,205923.78,2024-01-21,2024-02-22,2024-02-22,32,32,0,1,99.54,Low
PO_002492,SUP_020,FAB_030,4723,15.13,71458.99,2024-02-16,2024-03-06,2024-03-09,19,22,3,0,96.92,Medium
PO_002493,SUP_002,FAB_004,17161,7.87,135057.07,2024-12-02,2024-12-31,2025-01-01,29,30,1,0,91.59,Medium
PO_002494,SUP_022,FAB_001,6262,9.5,59489.0,2025-01-15,2025-02-04,2025-02-09,20,25,5,0,98.96,Medium
PO_002495,SUP_008,FAB_011,10187,5.27,53685.49,2024-11-18,2024-12-09,2024-12-19,21,31,10,0,95.11,High
PO_002496,SUP_008,FAB_006,14381,16.71,240306.51,2025-06-24,2025-07-30,2025-07-30,36,36,0,1,93.49,Low
PO_002497,SUP_012,FAB_030,10112,15.33,155016.96,2025-04-15,2025-05-12,2025-05-12,27,27,0,1,90.59,Low
PO_002498,SUP_015,FAB_024,19961,5.13,102399.93,2025-09-06,2025-09-24,2025-10-02,18,26,8,0,88.93,High
PO_002499,SUP_012,FAB_027,3574,12.77,45639.98,2025-05-08,2025-06-12,2025-06-12,35,35,0,1,98.73,Low
PO_002500,SUP_025,FAB_025,5813,17.52,101843.76,2025-04-20,2025-05-15,2025-05-20,25,30,5,0,98.88,Medium
PO_002501,SUP_012,FAB_021,17424,12.26,213618.24,2024-01-28,2024-02-12,2024-02-12,15,15,0,1,94.79,Low
PO_002502,SUP_005,FAB_012,6330,13.26,83935.8,2025-11-28,2025-12-25,2025-12-26,27,28,1,0,100.0,Medium
PO_002503,SUP_023,FAB_022,15381,5.21,80135.01,2024-06-17,2024-07-17,2024-07-21,30,34,4,0,96.47,Medium
PO_002504,SUP_005,FAB_021,8771,11.74,102971.54,2024-03-17,2024-04-07,2024-04-09,21,23,2,0,100.0,Medium
PO_002505,SUP_021,FAB_003,19585,17.73,347242.05,2025-06-21,2025-07-11,2025-07-16,20,25,5,0,99.38,Medium
PO_002506,SUP_025,FAB_006,15435,16.41,253288.35,2025-01-11,2025-01-28,2025-01-28,17,17,0,1,90.39,Low
PO_002507,SUP_009,FAB_019,12876,17.77,228806.52,2024-05-27,2024-06-18,2024-06-19,22,23,1,0,94.29,Medium
PO_002508,SUP_016,FAB_029,5506,9.89,54454.34,2024-12-13,2024-12-31,2025-01-04,18,22,4,0,95.06,Medium
PO_002509,SUP_012,FAB_028,14787,16.72,247238.64,2025-04-30,2025-05-20,2025-05-20,20,20,0,1,94.84,Low
PO_002510,SUP_009,FAB_015,8468,13.73,116265.64,2024-11-09,2024-12-07,2024-12-07,28,28,0,1,93.78,Low
PO_002511,SUP_005,FAB_012,5036,13.26,66777.36,2024-03-23,2024-04-19,2024-04-22,27,30,3,0,97.12,Medium
PO_002512,SUP_002,FAB_013,9385,13.79,129419.15,2024-06-08,2024-06-25,2024-06-30,17,22,5,0,100.0,Medium
PO_002513,SUP_004,FAB_018,13126,12.22,160399.72,2025-05-03,2025-05-17,2025-05-24,14,21,7,0,93.46,Medium
PO_002514,SUP_012,FAB_017,16757,9.86,165224.02,2024-10-18,2024-11-15,2024-11-16,28,29,1,0,97.53,Medium
PO_002515,SUP_009,FAB_010,17738,5.01,88867.38,2025-11-08,2025-12-02,2025-12-02,24,24,0,1,97.25,Low
PO_002516,SUP_002,FAB_005,14871,6.1,90713.1,2024-04-15,2024-05-14,2024-05-15,29,30,1,0,96.22,Medium
PO_002517,SUP_001,FAB_006,2894,18.61,53857.34,2025-11-09,2025-12-19,2025-12-20,40,41,1,0,98.0,Medium
PO_002518,SUP_012,FAB_008,1360,13.43,18264.8,2024-11-16,2024-12-21,2024-12-23,35,37,2,0,97.35,Medium
PO_002519,SUP_006,FAB_008,16237,16.35,265474.95,2025-03-27,2025-05-05,2025-05-07,39,41,2,0,96.43,Medium
PO_002520,SUP_017,FAB_021,8349,13.27,110791.23,2024-01-20,2024-02-17,2024-02-25,28,36,8,0,89.44,High
PO_002521,SUP_007,FAB_011,16950,5.74,97293.0,2025-10-18,2025-11-23,2025-11-26,36,39,3,0,95.54,Medium
PO_002522,SUP_016,FAB_014,12501,20.14,251770.14,2025-07-15,2025-08-11,2025-08-15,27,31,4,0,94.95,Medium
PO_002523,SUP_011,FAB_002,5881,14.61,85921.41,2024-10-01,2024-10-19,2024-10-20,18,19,1,0,92.53,Medium
PO_002524,SUP_021,FAB_010,7798,4.79,37352.42,2024-02-16,2024-03-26,2024-03-27,39,40,1,0,99.6,Medium
PO_002525,SUP_018,FAB_012,10813,13.73,148462.49,2025-01-10,2025-02-12,2025-02-15,33,36,3,0,98.34,Medium
PO_002526,SUP_010,FAB_016,16988,4.77,81032.76,2024-03-23,2024-04-12,2024-04-12,20,20,0,1,93.73,Low
PO_002527,SUP_014,FAB_003,17431,14.68,255887.08,2025-02-04,2025-03-13,2025-03-22,37,46,9,0,97.03,High
PO_002528,SUP_015,FAB_002,6813,15.2,103557.6,2025-05-31,2025-07-09,2025-07-16,39,46,7,0,96.2,Medium
PO_002529,SUP_012,FAB_030,4750,15.33,72817.5,2025-01-17,2025-02-13,2025-02-14,27,28,1,0,100.0,Medium
PO_002530,SUP_004,FAB_014,9727,19.52,189871.04,2024-07-24,2024-08-13,2024-08-19,20,26,6,0,89.61,Medium
PO_002531,SUP_011,FAB_011,13458,6.37,85727.46,2024-12-26,2025-01-21,2025-01-23,26,28,2,0,96.34,Medium
PO_002532,SUP_017,FAB_018,19166,10.55,202201.3,2025-05-06,2025-06-07,2025-06-17,32,42,10,0,87.74,High
PO_002533,SUP_012,FAB_026,12575,11.82,148636.5,2024-04-24,2024-05-11,2024-05-12,17,18,1,0,100.0,Medium
PO_002534,SUP_022,FAB_015,664,14.68,9747.52,2025-05-03,2025-06-06,2025-06-07,34,35,1,0,98.83,Medium
PO_002535,SUP_008,FAB_011,12570,5.27,66243.9,2025-01-31,2025-02-21,2025-02-28,21,28,7,0,97.31,Medium
PO_002536,SUP_004,FAB_015,4858,13.72,66651.76,2025-02-09,2025-03-05,2025-03-10,24,29,5,0,90.78,Medium
PO_002537,SUP_014,FAB_017,6051,11.32,68497.32,2024-05-13,2024-06-11,2024-06-13,29,31,2,0,88.46,Medium
PO_002538,SUP_006,FAB_008,13193,16.35,215705.55,2025-07-26,2025-09-03,2025-09-04,39,40,1,0,93.29,Medium
PO_002539,SUP_009,FAB_001,10680,10.99,117373.2,2024-06-07,2024-07-10,2024-07-11,33,34,1,0,95.79,Medium
PO_002540,SUP_003,FAB_014,1357,19.82,26895.74,2025-08-31,2025-09-23,2025-09-24,23,24,1,0,94.33,Medium
PO_002541,SUP_009,FAB_025,5195,19.05,98964.75,2024-06-29,2024-07-17,2024-07-17,18,18,0,1,92.66,Low
PO_002542,SUP_020,FAB_009,3421,9.98,34141.58,2024-08-22,2024-09-08,2024-09-08,17,17,0,1,94.21,Low
PO_002543,SUP_015,FAB_009,14528,8.22,119420.16,2024-02-26,2024-04-02,2024-04-05,36,39,3,0,92.59,Medium
PO_002544,SUP_017,FAB_020,11547,8.11,93646.17,2025-05-02,2025-05-28,2025-06-12,26,41,15,0,92.15,High
PO_002545,SUP_008,FAB_025,15387,16.9,260040.3,2025-09-18,2025-10-19,2025-10-24,31,36,5,0,100.0,Medium
PO_002546,SUP_018,FAB_005,5803,7.22,41897.66,2025-05-05,2025-06-13,2025-06-13,39,39,0,1,97.44,Low
PO_002547,SUP_007,FAB_018,2114,10.76,22746.64,2024-05-14,2024-05-31,2024-06-04,17,21,4,0,92.7,Medium
PO_002548,SUP_020,FAB_005,8098,6.02,48749.96,2025-05-22,2025-06-22,2025-06-27,31,36,5,0,95.62,Medium
PO_002549,SUP_017,FAB_015,4873,14.49,70609.77,2025-10-01,2025-10-23,2025-11-04,22,34,12,0,97.17,High
PO_002550,SUP_009,FAB_009,11227,10.06,112943.62,2024-07-19,2024-08-27,2024-08-27,39,39,0,1,95.84,Low
PO_002551,SUP_010,FAB_006,9087,16.62,151025.94,2024-08-09,2024-09-14,2024-09-23,36,45,9,0,98.83,High
PO_002552,SUP_011,FAB_001,5764,9.83,56660.12,2024-05-26,2024-07-03,2024-07-06,38,41,3,0,99.45,Medium
PO_002553,SUP_018,FAB_015,1296,13.28,17210.88,2024-09-22,2024-10-07,2024-10-08,15,16,1,0,100.0,Medium
PO_002554,SUP_008,FAB_027,15822,12.68,200622.96,2025-02-23,2025-03-09,2025-03-10,14,15,1,0,98.29,Medium
PO_002555,SUP_018,FAB_028,7730,16.57,128086.1,2025-09-17,2025-10-10,2025-10-11,23,24,1,0,99.7,Medium
PO_002556,SUP_015,FAB_009,9492,8.22,78024.24,2024-10-11,2024-11-16,2024-11-18,36,38,2,0,84.91,High
PO_002557,SUP_005,FAB_003,12713,17.05,216756.65,2025-04-10,2025-05-19,2025-05-20,39,40,1,0,96.61,Medium
PO_002558,SUP_006,FAB_014,5390,16.46,88719.4,2025-07-26,2025-08-15,2025-08-27,20,32,12,0,94.03,High
PO_002559,SUP_003,FAB_023,5687,7.68,43676.16,2025-02-01,2025-02-15,2025-02-18,14,17,3,0,91.05,Medium
PO_002560,SUP_006,FAB_007,4235,7.38,31254.3,2025-06-03,2025-06-23,2025-06-25,20,22,2,0,93.71,Medium
PO_002561,SUP_003,FAB_016,13969,4.92,68727.48,2025-04-30,2025-06-03,2025-06-13,34,44,10,0,95.37,High
PO_002562,SUP_022,FAB_023,19664,7.57,148856.48,2025-02-17,2025-03-11,2025-03-11,22,22,0,1,92.63,Low
PO_002563,SUP_012,FAB_026,16688,11.82,197252.16,2025-09-30,2025-10-17,2025-10-17,17,17,0,1,88.57,Low
PO_002564,SUP_007,FAB_016,6082,4.91,29862.62,2025-05-17,2025-06-12,2025-06-26,26,40,14,0,88.94,High
PO_002565,SUP_006,FAB_018,4735,11.78,55778.3,2024-12-18,2025-01-24,2025-01-27,37,40,3,0,96.54,Medium
PO_002566,SUP_019,FAB_012,19158,12.38,237176.04,2025-08-01,2025-09-10,2025-09-12,40,42,2,0,90.33,Medium
PO_002567,SUP_025,FAB_002,17126,14.8,253464.8,2024-10-17,2024-11-06,2024-11-07,20,21,1,0,93.86,Medium
PO_002568,SUP_011,FAB_002,18571,14.61,271322.31,2025-01-24,2025-02-11,2025-02-13,18,20,2,0,95.46,Medium
PO_002569,SUP_024,FAB_029,617,9.81,6052.77,2024-03-23,2024-04-18,2024-04-24,26,32,6,0,88.68,Medium
PO_002570,SUP_001,FAB_025,16879,16.86,284579.94,2025-04-30,2025-05-27,2025-05-30,27,30,3,0,95.49,Medium
PO_002571,SUP_010,FAB_016,11982,4.77,57154.14,2025-11-02,2025-11-22,2025-11-29,20,27,7,0,99.58,Medium
PO_002572,SUP_023,FAB_017,12428,9.24,114834.72,2025-03-21,2025-04-27,2025-04-29,37,39,2,0,94.4,Medium
PO_002573,SUP_014,FAB_019,5427,16.12,87483.24,2024-06-15,2024-07-20,2024-07-21,35,36,1,0,90.86,Medium
PO_002574,SUP_005,FAB_007,4560,7.27,33151.2,2025-04-01,2025-04-22,2025-04-23,21,22,1,0,89.89,Medium
PO_002575,SUP_020,FAB_005,2818,6.02,16964.36,2024-10-30,2024-11-30,2024-12-08,31,39,8,0,83.79,High
PO_002576,SUP_012,FAB_027,14405,12.77,183951.85,2025-05-23,2025-06-27,2025-06-30,35,38,3,0,95.18,Medium
PO_002577,SUP_024,FAB_015,9107,12.36,112562.52,2025-10-29,2025-11-25,2025-11-27,27,29,2,0,95.12,Medium
PO_002578,SUP_008,FAB_006,4447,16.71,74309.37,2025-07-06,2025-08-11,2025-08-14,36,39,3,0,93.54,Medium
PO_002579,SUP_013,FAB_010,18219,5.1,92916.9,2024-01-24,2024-02-20,2024-03-02,27,38,11,0,92.81,High
PO_002580,SUP_017,FAB_007,10774,6.62,71323.88,2024-01-31,2024-02-21,2024-02-29,21,29,8,0,95.78,High
PO_002581,SUP_010,FAB_021,11637,13.79,160474.23,2025-06-27,2025-08-06,2025-08-15,40,49,9,0,97.91,High
PO_002582,SUP_014,FAB_009,7002,8.16,57136.32,2025-07-06,2025-07-25,2025-07-26,19,20,1,0,88.84,Medium
PO_002583,SUP_003,FAB_028,4444,18.9,83991.6,2024-10-09,2024-10-24,2024-10-24,15,15,0,1,95.74,Low
PO_002584,SUP_008,FAB_002,13770,12.75,175567.5,2024-06-11,2024-06-30,2024-07-04,19,23,4,0,93.9,Medium
PO_002585,SUP_002,FAB_028,3675,16.61,61041.75,2025-11-01,2025-11-29,2025-11-29,28,28,0,1,89.6,Low
PO_002586,SUP_015,FAB_001,17194,11.17,192056.98,2025-09-25,2025-11-03,2025-11-04,39,40,1,0,92.79,Medium
PO_002587,SUP_020,FAB_009,9916,9.98,98961.68,2024-04-10,2024-04-27,2024-04-28,17,18,1,0,90.7,Medium
PO_002588,SUP_009,FAB_008,16202,14.7,238169.4,2025-08-04,2025-08-27,2025-09-01,23,28,5,0,92.47,Medium
PO_002589,SUP_014,FAB_014,11949,17.09,204208.41,2025-05-25,2025-06-23,2025-06-30,29,36,7,0,87.33,Medium
PO_002590,SUP_002,FAB_019,12655,17.14,216906.7,2025-06-20,2025-07-10,2025-07-10,20,20,0,1,92.47,Low
PO_002591,SUP_005,FAB_014,3412,19.38,66124.56,2025-10-17,2025-11-18,2025-11-22,32,36,4,0,100.0,Medium
PO_002592,SUP_022,FAB_011,3875,6.02,23327.5,2025-07-17,2025-07-31,2025-08-01,14,15,1,0,92.17,Medium
PO_002593,SUP_017,FAB_017,13519,11.31,152899.89,2024-08-15,2024-09-10,2024-10-01,26,47,21,0,86.7,High
PO_002594,SUP_021,FAB_015,14574,15.16,220941.84,2025-09-09,2025-10-01,2025-10-04,22,25,3,0,94.29,Medium
PO_002595,SUP_006,FAB_008,1176,16.35,19227.6,2025-04-14,2025-05-23,2025-05-29,39,45,6,0,91.14,Medium
PO_002596,SUP_018,FAB_017,13544,11.15,151015.6,2025-02-23,2025-03-25,2025-03-28,30,33,3,0,97.39,Medium
PO_002597,SUP_021,FAB_010,19087,4.79,91426.73,2025-09-18,2025-10-27,2025-10-27,39,39,0,1,95.94,Low
PO_002598,SUP_013,FAB_022,6996,5.44,38058.24,2025-11-13,2025-12-23,2026-01-02,40,50,10,0,91.95,High
PO_002599,SUP_015,FAB_021,14743,13.5,199030.5,2024-04-23,2024-05-17,2024-05-22,24,29,5,0,88.69,Medium
PO_002600,SUP_013,FAB_013,15561,13.87,215831.07,2024-07-24,2024-08-13,2024-08-19,20,26,6,0,91.26,Medium
PO_002601,SUP_018,FAB_007,5321,7.44,39588.24,2025-10-12,2025-11-18,2025-11-18,37,37,0,1,97.25,Low
PO_002602,SUP_025,FAB_014,15914,17.33,275789.62,2024-04-13,2024-04-27,2024-04-27,14,14,0,1,94.64,Low
PO_002603,SUP_022,FAB_025,10419,18.59,193689.21,2024-12-31,2025-01-20,2025-01-21,20,21,1,0,91.04,Medium
PO_002604,SUP_002,FAB_019,18229,17.14,312445.06,2024-08-04,2024-08-24,2024-08-27,20,23,3,0,96.89,Medium
PO_002605,SUP_012,FAB_008,19125,13.43,256848.75,2024-03-26,2024-04-30,2024-04-30,35,35,0,1,92.24,Low
PO_002606,SUP_011,FAB_011,18214,6.37,116023.18,2025-11-10,2025-12-06,2025-12-06,26,26,0,1,97.21,Low
PO_002607,SUP_005,FAB_014,15620,19.38,302715.6,2024-08-25,2024-09-26,2024-09-29,32,35,3,0,98.22,Medium
PO_002608,SUP_013,FAB_024,5474,5.18,28355.32,2024-11-28,2024-12-27,2025-01-03,29,36,7,0,94.02,Medium
PO_002609,SUP_008,FAB_021,2846,12.27,34920.42,2024-10-02,2024-10-20,2024-10-21,18,19,1,0,87.08,Medium
PO_002610,SUP_023,FAB_023,11009,7.03,77393.27,2024-10-18,2024-11-19,2024-11-20,32,33,1,0,94.46,Medium
PO_002611,SUP_013,FAB_020,14179,8.4,119103.6,2024-01-19,2024-02-25,2024-02-25,37,37,0,1,90.71,Low
PO_002612,SUP_010,FAB_006,14569,16.62,242136.78,2025-11-14,2025-12-20,2025-12-24,36,40,4,0,97.57,Medium
PO_002613,SUP_022,FAB_020,2040,10.02,20440.8,2025-04-22,2025-05-20,2025-05-20,28,28,0,1,88.57,Low
PO_002614,SUP_017,FAB_018,14634,10.55,154388.7,2024-09-28,2024-10-30,2024-11-03,32,36,4,0,90.26,Medium
PO_002615,SUP_013,FAB_024,1315,5.18,6811.7,2024-08-14,2024-09-12,2024-09-15,29,32,3,0,85.2,Medium
PO_002616,SUP_022,FAB_005,15986,7.26,116058.36,2025-08-03,2025-08-26,2025-08-27,23,24,1,0,100.0,Medium
PO_002617,SUP_025,FAB_025,2849,17.52,49914.48,2025-06-13,2025-07-08,2025-07-09,25,26,1,0,100.0,Medium
PO_002618,SUP_014,FAB_014,10725,17.09,183290.25,2024-11-06,2024-12-05,2024-12-10,29,34,5,0,89.76,Medium
PO_002619,SUP_018,FAB_004,16729,7.39,123627.31,2024-02-08,2024-03-09,2024-03-09,30,30,0,1,92.23,Low
PO_002620,SUP_025,FAB_012,15538,13.62,211627.56,2024-01-27,2024-02-14,2024-02-14,18,18,0,1,95.09,Low
PO_002621,SUP_018,FAB_007,10637,7.44,79139.28,2024-12-11,2025-01-17,2025-01-24,37,44,7,0,92.73,Medium
PO_002622,SUP_009,FAB_008,9537,14.7,140193.9,2025-07-26,2025-08-18,2025-08-20,23,25,2,0,91.76,Medium
PO_002623,SUP_013,FAB_021,6248,12.18,76100.64,2024-05-05,2024-06-06,2024-06-16,32,42,10,0,96.25,High
PO_002624,SUP_017,FAB_007,8207,6.62,54330.34,2024-11-30,2024-12-21,2024-12-29,21,29,8,0,89.31,High
PO_002625,SUP_005,FAB_014,9769,19.38,189323.22,2025-08-17,2025-09-18,2025-09-20,32,34,2,0,98.05,Medium
PO_002626,SUP_015,FAB_008,16084,13.31,214078.04,2024-12-29,2025-01-15,2025-01-25,17,27,10,0,92.29,High
PO_002627,SUP_007,FAB_004,18982,8.1,153754.2,2025-08-17,2025-09-02,2025-09-16,16,30,14,0,93.04,High
PO_002628,SUP_003,FAB_023,6761,7.68,51924.48,2025-01-16,2025-01-30,2025-02-08,14,23,9,0,95.07,High
PO_002629,SUP_009,FAB_015,6981,13.73,95849.13,2025-05-27,2025-06-24,2025-06-25,28,29,1,0,96.15,Medium
PO_002630,SUP_024,FAB_020,10580,8.15,86227.0,2025-07-30,2025-09-02,2025-09-04,34,36,2,0,95.47,Medium
PO_002631,SUP_004,FAB_011,14258,6.56,93532.48,2024-03-26,2024-04-27,2024-05-01,32,36,4,0,94.04,Medium
PO_002632,SUP_022,FAB_020,6207,10.02,62194.14,2025-10-15,2025-11-12,2025-11-14,28,30,2,0,100.0,Medium
PO_002633,SUP_025,FAB_005,11750,6.69,78607.5,2024-12-01,2024-12-22,2024-12-23,21,22,1,0,98.41,Medium
PO_002634,SUP_011,FAB_019,11679,15.83,184878.57,2025-11-07,2025-11-23,2025-11-23,16,16,0,1,98.27,Low
PO_002635,SUP_010,FAB_011,6360,6.57,41785.2,2024-07-09,2024-07-24,2024-07-28,15,19,4,0,96.56,Medium
PO_002636,SUP_023,FAB_025,2911,20.24,58918.64,2024-11-04,2024-11-20,2024-11-21,16,17,1,0,97.1,Medium
PO_002637,SUP_020,FAB_006,13566,15.75,213664.5,2024-07-22,2024-08-06,2024-08-07,15,16,1,0,94.28,Medium
PO_002638,SUP_016,FAB_021,4841,13.4,64869.4,2025-07-03,2025-07-26,2025-07-31,23,28,5,0,92.63,Medium
PO_002639,SUP_025,FAB_015,15884,13.15,208874.6,2025-07-12,2025-08-13,2025-08-13,32,32,0,1,98.74,Low
PO_002640,SUP_009,FAB_008,4541,14.7,66752.7,2024-03-17,2024-04-09,2024-04-10,23,24,1,0,92.57,Medium
PO_002641,SUP_012,FAB_005,14371,7.19,103327.49,2024-05-12,2024-05-29,2024-05-30,17,18,1,0,94.85,Medium
PO_002642,SUP_005,FAB_014,11110,19.38,215311.8,2025-10-13,2025-11-14,2025-11-15,32,33,1,0,100.0,Medium
PO_002643,SUP_024,FAB_029,18249,9.81,179022.69,2025-10-25,2025-11-20,2025-11-30,26,36,10,0,89.76,High
PO_002644,SUP_006,FAB_016,8077,4.91,39658.07,2025-10-28,2025-12-05,2025-12-09,38,42,4,0,97.95,Medium
PO_002645,SUP_001,FAB_010,19380,5.36,103876.8,2024-04-15,2024-05-10,2024-05-10,25,25,0,1,94.53,Low
PO_002646,SUP_005,FAB_019,7654,16.25,124377.5,2024-12-22,2025-01-18,2025-01-19,27,28,1,0,97.38,Medium
PO_002647,SUP_002,FAB_004,2380,7.87,18730.6,2025-05-31,2025-06-29,2025-07-03,29,33,4,0,93.92,Medium
PO_002648,SUP_017,FAB_018,8453,10.55,89179.15,2024-06-09,2024-07-11,2024-07-12,32,33,1,0,89.36,Medium
PO_002649,SUP_023,FAB_007,7057,8.16,57585.12,2024-05-29,2024-06-20,2024-06-30,22,32,10,0,95.22,High
PO_002650,SUP_018,FAB_028,7967,16.57,132013.19,2025-11-21,2025-12-14,2025-12-14,23,23,0,1,91.19,Low
PO_002651,SUP_013,FAB_026,11272,11.83,133347.76,2025-08-28,2025-09-29,2025-10-06,32,39,7,0,87.96,Medium
PO_002652,SUP_020,FAB_018,3087,10.58,32660.46,2025-02-24,2025-03-20,2025-03-26,24,30,6,0,87.18,Medium
PO_002653,SUP_012,FAB_022,13142,4.72,62030.24,2025-11-06,2025-12-03,2025-12-03,27,27,0,1,93.56,Low
PO_002654,SUP_005,FAB_021,3874,11.74,45480.76,2024-02-26,2024-03-18,2024-03-18,21,21,0,1,89.99,Low
PO_002655,SUP_025,FAB_006,15801,16.41,259294.41,2024-10-19,2024-11-05,2024-11-08,17,20,3,0,95.55,Medium
PO_002656,SUP_011,FAB_030,13048,15.43,201330.64,2024-10-23,2024-11-09,2024-11-09,17,17,0,1,91.94,Low
PO_002657,SUP_021,FAB_021,8775,13.21,115917.75,2024-08-04,2024-08-20,2024-08-23,16,19,3,0,90.1,Medium
PO_002658,SUP_010,FAB_024,5049,4.93,24891.57,2024-01-11,2024-02-09,2024-02-09,29,29,0,1,98.52,Low
PO_002659,SUP_010,FAB_029,14502,8.48,122976.96,2024-05-04,2024-05-19,2024-05-26,15,22,7,0,88.64,Medium
PO_002660,SUP_008,FAB_025,2701,16.9,45646.9,2024-02-27,2024-03-29,2024-04-02,31,35,4,0,89.91,Medium
PO_002661,SUP_017,FAB_015,9311,14.49,134916.39,2025-11-09,2025-12-01,2025-12-01,22,22,0,1,95.56,Low
PO_002662,SUP_022,FAB_005,18551,7.26,134680.26,2025-02-19,2025-03-14,2025-03-18,23,27,4,0,89.46,Medium
PO_002663,SUP_007,FAB_011,11056,5.74,63461.44,2025-05-22,2025-06-27,2025-07-01,36,40,4,0,90.16,Medium
PO_002664,SUP_002,FAB_019,18050,17.14,309377.0,2024-07-02,2024-07-22,2024-07-23,20,21,1,0,92.63,Medium
PO_002665,SUP_025,FAB_025,10801,17.52,189233.52,2025-04-12,2025-05-07,2025-05-08,25,26,1,0,98.87,Medium
PO_002666,SUP_016,FAB_022,17910,5.51,98684.1,2025-05-13,2025-06-19,2025-06-23,37,41,4,0,100.0,Medium
PO_002667,SUP_023,FAB_028,16207,15.73,254936.11,2024-12-06,2024-12-30,2025-01-04,24,29,5,0,93.92,Medium
PO_002668,SUP_009,FAB_005,11191,7.36,82365.76,2024-01-08,2024-02-03,2024-02-05,26,28,2,0,98.89,Medium
PO_002669,SUP_017,FAB_015,15453,14.49,223913.97,2024-04-17,2024-05-09,2024-05-18,22,31,9,0,90.87,High
PO_002670,SUP_002,FAB_025,17365,18.91,328372.15,2024-03-20,2024-04-15,2024-04-16,26,27,1,0,92.54,Medium
PO_002671,SUP_021,FAB_007,1002,7.73,7745.46,2024-07-01,2024-08-05,2024-08-09,35,39,4,0,95.5,Medium
PO_002672,SUP_008,FAB_027,12751,12.68,161682.68,2024-12-15,2024-12-29,2025-01-04,14,20,6,0,89.02,Medium
PO_002673,SUP_011,FAB_022,1792,5.56,9963.52,2025-07-09,2025-08-11,2025-08-12,33,34,1,0,98.52,Medium
PO_002674,SUP_010,FAB_006,10333,16.62,171734.46,2024-08-21,2024-09-26,2024-09-28,36,38,2,0,92.58,Medium
PO_002675,SUP_013,FAB_026,5863,11.83,69359.29,2024-07-21,2024-08-22,2024-08-31,32,41,9,0,90.39,High
PO_002676,SUP_013,FAB_026,10029,11.83,118643.07,2024-10-05,2024-11-06,2024-11-08,32,34,2,0,90.45,Medium
PO_002677,SUP_005,FAB_014,19472,19.38,377367.36,2025-04-21,2025-05-23,2025-05-24,32,33,1,0,94.3,Medium
PO_002678,SUP_012,FAB_005,5636,7.19,40522.84,2025-05-17,2025-06-03,2025-06-03,17,17,0,1,95.99,Low
PO_002679,SUP_024,FAB_025,12014,19.85,238477.9,2025-10-21,2025-11-06,2025-11-09,16,19,3,0,90.85,Medium
PO_002680,SUP_015,FAB_009,12548,8.22,103144.56,2024-11-29,2025-01-04,2025-01-04,36,36,0,1,91.7,Low
PO_002681,SUP_014,FAB_009,14581,8.16,118980.96,2025-04-08,2025-04-27,2025-05-02,19,24,5,0,92.26,Medium
PO_002682,SUP_012,FAB_016,2514,5.69,14304.66,2025-05-10,2025-05-26,2025-05-27,16,17,1,0,96.62,Medium
PO_002683,SUP_023,FAB_028,2516,15.73,39576.68,2025-08-23,2025-09-16,2025-09-18,24,26,2,0,98.5,Medium
PO_002684,SUP_004,FAB_002,3264,12.42,40538.88,2025-10-20,2025-11-06,2025-11-10,17,21,4,0,97.55,Medium
PO_002685,SUP_010,FAB_018,14149,11.86,167807.14,2024-03-18,2024-04-04,2024-04-05,17,18,1,0,97.77,Medium
PO_002686,SUP_002,FAB_013,16298,13.79,224749.42,2024-02-12,2024-02-29,2024-03-04,17,21,4,0,93.84,Medium
PO_002687,SUP_015,FAB_010,17966,5.34,95938.44,2024-10-10,2024-10-25,2024-10-27,15,17,2,0,93.76,Medium
PO_002688,SUP_012,FAB_017,14771,9.86,145642.06,2024-01-31,2024-02-28,2024-03-06,28,35,7,0,96.36,Medium
PO_002689,SUP_021,FAB_019,10210,17.9,182759.0,2024-12-21,2025-01-18,2025-01-18,28,28,0,1,96.23,Low
PO_002690,SUP_022,FAB_021,13458,13.91,187200.78,2025-05-12,2025-06-03,2025-06-05,22,24,2,0,99.11,Medium
PO_002691,SUP_021,FAB_015,12454,15.16,188802.64,2025-07-23,2025-08-14,2025-08-14,22,22,0,1,89.69,Low
PO_002692,SUP_022,FAB_020,1153,10.02,11553.06,2025-10-23,2025-11-20,2025-11-23,28,31,3,0,99.15,Medium
PO_002693,SUP_005,FAB_016,19568,5.84,114277.12,2024-11-15,2024-12-13,2024-12-17,28,32,4,0,100.0,Medium
PO_002694,SUP_025,FAB_020,18391,9.52,175082.32,2024-08-11,2024-09-16,2024-09-18,36,38,2,0,95.58,Medium
PO_002695,SUP_003,FAB_022,1257,5.47,6875.79,2024-03-08,2024-04-08,2024-04-10,31,33,2,0,98.86,Medium
PO_002696,SUP_006,FAB_018,7109,11.78,83744.02,2024-07-24,2024-08-30,2024-08-31,37,38,1,0,91.4,Medium
PO_002697,SUP_022,FAB_005,11605,7.26,84252.3,2025-08-09,2025-09-01,2025-09-01,23,23,0,1,98.3,Low
PO_002698,SUP_014,FAB_009,1847,8.16,15071.52,2025-04-21,2025-05-10,2025-05-16,19,25,6,0,93.63,Medium
PO_002699,SUP_004,FAB_011,11524,6.56,75597.44,2024-10-30,2024-12-01,2024-12-06,32,37,5,0,95.88,Medium
PO_002700,SUP_003,FAB_022,3311,5.47,18111.17,2024-03-15,2024-04-15,2024-05-11,31,57,26,0,97.67,High
PO_002701,SUP_020,FAB_010,18824,5.04,94872.96,2024-07-14,2024-08-13,2024-08-22,30,39,9,0,89.26,High
PO_002702,SUP_020,FAB_009,5550,9.98,55389.0,2024-10-17,2024-11-03,2024-11-07,17,21,4,0,91.03,Medium
PO_002703,SUP_023,FAB_019,4251,15.67,66613.17,2024-01-21,2024-02-06,2024-02-08,16,18,2,0,96.89,Medium
PO_002704,SUP_004,FAB_022,4796,5.07,24315.72,2024-10-06,2024-10-26,2024-11-02,20,27,7,0,93.46,Medium
PO_002705,SUP_020,FAB_005,14350,6.02,86387.0,2024-10-27,2024-11-27,2024-11-29,31,33,2,0,93.09,Medium
PO_002706,SUP_013,FAB_013,832,13.87,11539.84,2025-01-22,2025-02-11,2025-02-19,20,28,8,0,95.24,High
PO_002707,SUP_010,FAB_011,7846,6.57,51548.22,2024-10-25,2024-11-09,2024-11-19,15,25,10,0,91.55,High
PO_002708,SUP_016,FAB_025,17675,19.48,344309.0,2025-10-13,2025-10-29,2025-10-31,16,18,2,0,90.38,Medium
PO_002709,SUP_010,FAB_016,2193,4.77,10460.61,2025-10-26,2025-11-15,2025-11-17,20,22,2,0,86.2,Medium
PO_002710,SUP_017,FAB_020,8702,8.11,70573.22,2024-03-06,2024-04-01,2024-04-07,26,32,6,0,91.87,Medium
PO_002711,SUP_013,FAB_025,1831,18.47,33818.57,2024-05-23,2024-06-23,2024-06-29,31,37,6,0,92.73,Medium
PO_002712,SUP_021,FAB_019,12369,17.9,221405.1,2024-04-04,2024-05-02,2024-05-03,28,29,1,0,94.22,Medium
PO_002713,SUP_017,FAB_017,3772,11.31,42661.32,2025-08-04,2025-08-30,2025-09-11,26,38,12,0,90.4,High
PO_002714,SUP_003,FAB_016,906,4.92,4457.52,2024-05-24,2024-06-27,2024-07-03,34,40,6,0,89.14,Medium
PO_002715,SUP_012,FAB_005,10191,7.19,73273.29,2024-10-12,2024-10-29,2024-10-30,17,18,1,0,92.41,Medium
PO_002716,SUP_012,FAB_023,3111,7.53,23425.83,2024-07-12,2024-08-06,2024-08-10,25,29,4,0,95.07,Medium
PO_002717,SUP_010,FAB_022,13394,5.48,73399.12,2024-03-23,2024-04-09,2024-04-26,17,34,17,0,93.01,High
PO_002718,SUP_008,FAB_002,14302,12.75,182350.5,2025-04-24,2025-05-13,2025-05-16,19,22,3,0,93.18,Medium
PO_002719,SUP_019,FAB_028,5000,16.65,83250.0,2025-03-17,2025-04-21,2025-04-25,35,39,4,0,94.26,Medium
PO_002720,SUP_016,FAB_022,17654,5.51,97273.54,2025-10-31,2025-12-07,2025-12-09,37,39,2,0,96.65,Medium
PO_002721,SUP_020,FAB_009,16128,9.98,160957.44,2025-04-26,2025-05-13,2025-05-18,17,22,5,0,98.95,Medium
PO_002722,SUP_018,FAB_008,6465,14.6,94389.0,2024-01-01,2024-01-17,2024-01-18,16,17,1,0,85.5,Medium
PO_002723,SUP_011,FAB_002,16737,14.61,244527.57,2025-07-28,2025-08-15,2025-08-15,18,18,0,1,93.16,Low
PO_002724,SUP_002,FAB_027,8635,11.4,98439.0,2025-10-09,2025-11-09,2025-11-09,31,31,0,1,93.45,Low
PO_002725,SUP_015,FAB_018,4702,12.21,57411.42,2024-10-24,2024-11-23,2024-11-29,30,36,6,0,87.13,Medium
PO_002726,SUP_025,FAB_009,18196,8.15,148297.4,2024-08-11,2024-09-07,2024-09-08,27,28,1,0,95.96,Medium
PO_002727,SUP_019,FAB_011,12139,5.61,68099.79,2025-02-22,2025-03-09,2025-03-11,15,17,2,0,97.85,Medium
PO_002728,SUP_010,FAB_024,4215,4.93,20779.95,2024-04-12,2024-05-11,2024-05-17,29,35,6,0,85.82,Medium
PO_002729,SUP_018,FAB_019,13226,15.93,210690.18,2025-10-04,2025-11-03,2025-11-03,30,30,0,1,100.0,Low
PO_002730,SUP_018,FAB_012,4485,13.73,61579.05,2025-04-05,2025-05-08,2025-05-10,33,35,2,0,99.3,Medium
PO_002731,SUP_010,FAB_021,7765,13.79,107079.35,2024-08-26,2024-10-05,2024-10-09,40,44,4,0,97.87,Medium
PO_002732,SUP_020,FAB_010,17305,5.04,87217.2,2025-04-23,2025-05-23,2025-05-25,30,32,2,0,94.25,Medium
PO_002733,SUP_015,FAB_024,3464,5.13,17770.32,2025-08-01,2025-08-19,2025-08-21,18,20,2,0,89.48,Medium
PO_002734,SUP_018,FAB_004,4467,7.39,33011.13,2025-06-12,2025-07-12,2025-07-13,30,31,1,0,95.95,Medium
PO_002735,SUP_016,FAB_012,8360,13.37,111773.2,2025-06-02,2025-06-29,2025-06-30,27,28,1,0,96.09,Medium
PO_002736,SUP_017,FAB_029,15765,9.81,154654.65,2025-07-17,2025-08-20,2025-08-23,34,37,3,0,91.3,Medium
PO_002737,SUP_004,FAB_019,8438,15.3,129101.4,2024-07-11,2024-08-06,2024-08-06,26,26,0,1,90.18,Low
PO_002738,SUP_013,FAB_013,6109,13.87,84731.83,2025-03-22,2025-04-11,2025-04-15,20,24,4,0,87.9,Medium
PO_002739,SUP_002,FAB_004,17228,7.87,135584.36,2025-05-01,2025-05-30,2025-06-04,29,34,5,0,100.0,Medium
PO_002740,SUP_018,FAB_008,13914,14.6,203144.4,2024-08-06,2024-08-22,2024-08-23,16,17,1,0,94.8,Medium
PO_002741,SUP_013,FAB_015,15255,13.25,202128.75,2025-04-21,2025-05-27,2025-05-31,36,40,4,0,89.71,Medium
PO_002742,SUP_015,FAB_009,8353,8.22,68661.66,2024-02-29,2024-04-05,2024-04-08,36,39,3,0,91.34,Medium
PO_002743,SUP_011,FAB_015,13545,13.68,185295.6,2024-02-02,2024-03-02,2024-03-03,29,30,1,0,95.21,Medium
PO_002744,SUP_013,FAB_016,6859,5.34,36627.06,2025-02-09,2025-02-24,2025-02-27,15,18,3,0,87.79,Medium
PO_002745,SUP_019,FAB_002,4391,15.11,66348.01,2025-05-09,2025-06-09,2025-06-12,31,34,3,0,93.84,Medium
PO_002746,SUP_025,FAB_016,18944,5.26,99645.44,2024-05-15,2024-05-30,2024-05-31,15,16,1,0,96.76,Medium
PO_002747,SUP_021,FAB_015,17495,15.16,265224.2,2025-03-07,2025-03-29,2025-03-29,22,22,0,1,98.21,Low
PO_002748,SUP_022,FAB_021,782,13.91,10877.62,2025-11-29,2025-12-21,2025-12-21,22,22,0,1,91.64,Low
PO_002749,SUP_025,FAB_005,10609,6.69,70974.21,2025-04-01,2025-04-22,2025-04-23,21,22,1,0,95.46,Medium
PO_002750,SUP_014,FAB_001,15785,11.57,182632.45,2024-08-31,2024-09-28,2024-09-30,28,30,2,0,93.29,Medium
PO_002751,SUP_023,FAB_020,4730,8.76,41434.8,2025-05-11,2025-06-14,2025-06-20,34,40,6,0,93.2,Medium
PO_002752,SUP_010,FAB_021,11998,13.79,165452.42,2024-07-03,2024-08-12,2024-08-26,40,54,14,0,92.45,High
PO_002753,SUP_009,FAB_009,17681,10.06,177870.86,2025-10-09,2025-11-17,2025-11-20,39,42,3,0,96.16,Medium
PO_002754,SUP_011,FAB_002,17429,14.61,254637.69,2024-06-07,2024-06-25,2024-06-30,18,23,5,0,94.75,Medium
PO_002755,SUP_004,FAB_022,837,5.07,4243.59,2025-08-30,2025-09-19,2025-09-21,20,22,2,0,94.47,Medium
PO_002756,SUP_015,FAB_002,11823,15.2,179709.6,2024-02-25,2024-04-04,2024-04-07,39,42,3,0,100.0,Medium
PO_002757,SUP_008,FAB_001,15756,9.4,148106.4,2024-11-09,2024-11-28,2024-12-02,19,23,4,0,91.85,Medium
PO_002758,SUP_021,FAB_021,19926,13.21,263222.46,2025-09-16,2025-10-02,2025-10-02,16,16,0,1,98.45,Low
PO_002759,SUP_013,FAB_022,636,5.44,3459.84,2024-12-04,2025-01-13,2025-01-15,40,42,2,0,93.38,Medium
PO_002760,SUP_010,FAB_016,17108,4.77,81605.16,2024-02-13,2024-03-04,2024-03-10,20,26,6,0,94.85,Medium
PO_002761,SUP_023,FAB_019,19091,15.67,299155.97,2025-07-25,2025-08-10,2025-08-12,16,18,2,0,95.48,Medium
PO_002762,SUP_008,FAB_021,15874,12.27,194773.98,2024-03-01,2024-03-19,2024-03-20,18,19,1,0,94.33,Medium
PO_002763,SUP_012,FAB_026,15613,11.82,184545.66,2025-09-01,2025-09-18,2025-09-19,17,18,1,0,96.56,Medium
PO_002764,SUP_001,FAB_018,2762,11.04,30492.48,2025-09-06,2025-09-24,2025-09-26,18,20,2,0,99.77,Medium
PO_002765,SUP_011,FAB_030,3455,15.43,53310.65,2025-10-05,2025-10-22,2025-10-24,17,19,2,0,98.89,Medium
PO_002766,SUP_007,FAB_019,12205,16.0,195280.0,2025-06-23,2025-08-02,2025-08-03,40,41,1,0,92.93,Medium
PO_002767,SUP_017,FAB_021,18644,13.27,247405.88,2024-08-10,2024-09-07,2024-09-09,28,30,2,0,94.66,Medium
PO_002768,SUP_004,FAB_014,8822,19.52,172205.44,2025-01-01,2025-01-21,2025-01-21,20,20,0,1,93.98,Low
PO_002769,SUP_013,FAB_023,6493,6.49,42139.57,2024-09-23,2024-10-13,2024-10-16,20,23,3,0,91.88,Medium
PO_002770,SUP_018,FAB_004,10753,7.39,79464.67,2024-10-10,2024-11-09,2024-11-09,30,30,0,1,98.05,Low
PO_002771,SUP_016,FAB_014,13844,20.14,278818.16,2025-04-21,2025-05-18,2025-05-23,27,32,5,0,92.7,Medium
PO_002772,SUP_010,FAB_011,16453,6.57,108096.21,2024-12-10,2024-12-25,2025-01-02,15,23,8,0,90.68,High
PO_002773,SUP_013,FAB_013,5408,13.87,75008.96,2024-04-04,2024-04-24,2024-04-26,20,22,2,0,90.19,Medium
PO_002774,SUP_010,FAB_021,991,13.79,13665.89,2025-06-27,2025-08-06,2025-08-07,40,41,1,0,95.83,Medium
PO_002775,SUP_006,FAB_018,6448,11.78,75957.44,2024-04-15,2024-05-22,2024-05-27,37,42,5,0,90.76,Medium
PO_002776,SUP_001,FAB_017,19825,11.59,229771.75,2024-04-15,2024-05-20,2024-05-20,35,35,0,1,100.0,Low
PO_002777,SUP_008,FAB_021,9752,12.27,119657.04,2024-08-07,2024-08-25,2024-08-27,18,20,2,0,97.16,Medium
PO_002778,SUP_011,FAB_030,18414,15.43,284128.02,2025-10-18,2025-11-04,2025-11-05,17,18,1,0,96.3,Medium
PO_002779,SUP_019,FAB_003,1139,16.33,18599.87,2024-06-28,2024-07-26,2024-07-28,28,30,2,0,94.79,Medium
PO_002780,SUP_016,FAB_025,1327,19.48,25849.96,2025-06-28,2025-07-14,2025-07-23,16,25,9,0,91.74,High
PO_002781,SUP_023,FAB_028,14041,15.73,220864.93,2025-05-08,2025-06-01,2025-06-01,24,24,0,1,91.82,Low
PO_002782,SUP_023,FAB_017,4231,9.24,39094.44,2025-09-24,2025-10-31,2025-11-04,37,41,4,0,94.29,Medium
PO_002783,SUP_003,FAB_022,3651,5.47,19970.97,2025-08-28,2025-09-28,2025-09-28,31,31,0,1,86.88,Low
PO_002784,SUP_023,FAB_023,3976,7.03,27951.28,2025-02-21,2025-03-25,2025-04-04,32,42,10,0,93.04,High
PO_002785,SUP_006,FAB_008,2125,16.35,34743.75,2025-08-27,2025-10-05,2025-10-06,39,40,1,0,95.1,Medium
PO_002786,SUP_017,FAB_015,4300,14.49,62307.0,2024-05-18,2024-06-09,2024-06-12,22,25,3,0,90.81,Medium
PO_002787,SUP_021,FAB_021,13212,13.21,174530.52,2025-07-24,2025-08-09,2025-08-10,16,17,1,0,100.0,Medium
PO_002788,SUP_011,FAB_030,19341,15.43,298431.63,2025-03-24,2025-04-10,2025-04-10,17,17,0,1,98.93,Low
PO_002789,SUP_018,FAB_004,11619,7.39,85864.41,2024-09-03,2024-10-03,2024-10-03,30,30,0,1,89.8,Low
PO_002790,SUP_022,FAB_001,19567,9.5,185886.5,2025-11-22,2025-12-12,2025-12-12,20,20,0,1,98.78,Low
PO_002791,SUP_015,FAB_001,11125,11.17,124266.25,2024-08-10,2024-09-18,2024-09-30,39,51,12,0,97.06,High
PO_002792,SUP_009,FAB_026,4810,14.0,67340.0,2024-06-22,2024-07-08,2024-07-10,16,18,2,0,93.08,Medium
PO_002793,SUP_017,FAB_023,16342,7.59,124035.78,2024-01-26,2024-02-09,2024-02-17,14,22,8,0,95.14,High
PO_002794,SUP_011,FAB_020,18520,8.32,154086.4,2025-03-19,2025-04-27,2025-04-28,39,40,1,0,96.71,Medium
PO_002795,SUP_017,FAB_013,11788,11.71,138037.48,2025-06-02,2025-07-09,2025-07-27,37,55,18,0,87.21,High
PO_002796,SUP_007,FAB_011,6095,5.74,34985.3,2025-04-23,2025-05-29,2025-06-05,36,43,7,0,91.27,Medium
PO_002797,SUP_018,FAB_004,3156,7.39,23322.84,2024-08-02,2024-09-01,2024-09-05,30,34,4,0,100.0,Medium
PO_002798,SUP_014,FAB_019,8259,16.12,133135.08,2025-02-27,2025-04-03,2025-04-12,35,44,9,0,90.82,High
PO_002799,SUP_023,FAB_018,16279,12.17,198115.43,2025-03-17,2025-04-13,2025-04-17,27,31,4,0,91.26,Medium
PO_002800,SUP_017,FAB_013,19698,11.71,230663.58,2025-01-08,2025-02-14,2025-02-20,37,43,6,0,95.44,Medium
PO_002801,SUP_019,FAB_016,4594,5.34,24531.96,2025-08-28,2025-09-20,2025-09-23,23,26,3,0,88.34,Medium
PO_002802,SUP_014,FAB_001,10356,11.57,119818.92,2025-09-24,2025-10-22,2025-10-25,28,31,3,0,93.94,Medium
PO_002803,SUP_012,FAB_027,4522,12.77,57745.94,2025-08-10,2025-09-14,2025-09-14,35,35,0,1,96.46,Low
PO_002804,SUP_007,FAB_012,18970,10.96,207911.2,2025-10-01,2025-10-23,2025-11-04,22,34,12,0,96.71,High
PO_002805,SUP_002,FAB_028,14268,16.61,236991.48,2024-10-29,2024-11-26,2024-12-02,28,34,6,0,97.86,Medium
PO_002806,SUP_015,FAB_009,17594,8.22,144622.68,2024-05-05,2024-06-10,2024-06-15,36,41,5,0,93.1,Medium
PO_002807,SUP_008,FAB_011,4368,5.27,23019.36,2025-10-11,2025-11-01,2025-11-10,21,30,9,0,91.83,High
PO_002808,SUP_018,FAB_028,10890,16.57,180447.3,2025-09-09,2025-10-02,2025-10-02,23,23,0,1,95.34,Low
PO_002809,SUP_010,FAB_029,16630,8.48,141022.4,2025-05-24,2025-06-08,2025-06-10,15,17,2,0,86.7,Medium
PO_002810,SUP_004,FAB_022,17334,5.07,87883.38,2024-03-23,2024-04-12,2024-04-30,20,38,18,0,89.1,High
PO_002811,SUP_003,FAB_022,8776,5.47,48004.72,2025-02-09,2025-03-12,2025-03-14,31,33,2,0,97.46,Medium
PO_002812,SUP_006,FAB_015,12705,13.95,177234.75,2025-07-25,2025-08-11,2025-08-18,17,24,7,0,92.85,Medium
PO_002813,SUP_013,FAB_020,15478,8.4,130015.2,2024-08-02,2024-09-08,2024-09-14,37,43,6,0,84.32,High
PO_002814,SUP_015,FAB_010,15429,5.34,82390.86,2025-01-02,2025-01-17,2025-01-21,15,19,4,0,93.93,Medium
PO_002815,SUP_008,FAB_025,1997,16.9,33749.3,2025-04-14,2025-05-15,2025-05-16,31,32,1,0,94.26,Medium
PO_002816,SUP_019,FAB_015,1142,14.82,16924.44,2024-01-05,2024-02-02,2024-02-03,28,29,1,0,89.7,Medium
PO_002817,SUP_002,FAB_022,16294,5.07,82610.58,2025-06-18,2025-07-12,2025-07-13,24,25,1,0,97.08,Medium
PO_002818,SUP_001,FAB_006,6186,18.61,115121.46,2025-06-16,2025-07-26,2025-07-26,40,40,0,1,96.78,Low
PO_002819,SUP_008,FAB_025,4218,16.9,71284.2,2025-08-26,2025-09-26,2025-09-29,31,34,3,0,98.13,Medium
PO_002820,SUP_001,FAB_010,16809,5.36,90096.24,2024-12-06,2024-12-31,2024-12-31,25,25,0,1,98.97,Low
PO_002821,SUP_010,FAB_005,19628,6.79,133274.12,2024-05-13,2024-06-01,2024-06-05,19,23,4,0,94.18,Medium
PO_002822,SUP_015,FAB_001,6733,11.17,75207.61,2024-01-14,2024-02-22,2024-02-22,39,39,0,1,94.92,Low
PO_002823,SUP_020,FAB_030,8698,15.13,131600.74,2025-02-26,2025-03-17,2025-03-22,19,24,5,0,91.98,Medium
PO_002824,SUP_025,FAB_002,11761,14.8,174062.8,2025-06-29,2025-07-19,2025-07-24,20,25,5,0,95.27,Medium
PO_002825,SUP_014,FAB_019,17050,16.12,274846.0,2025-03-16,2025-04-20,2025-04-27,35,42,7,0,88.58,Medium
PO_002826,SUP_001,FAB_025,7627,16.86,128591.22,2025-08-12,2025-09-08,2025-09-08,27,27,0,1,98.16,Low
PO_002827,SUP_009,FAB_025,8604,19.05,163906.2,2024-04-02,2024-04-20,2024-04-20,18,18,0,1,96.6,Low
PO_002828,SUP_023,FAB_023,6434,7.03,45231.02,2024-11-08,2024-12-10,2024-12-15,32,37,5,0,87.16,Medium
PO_002829,SUP_009,FAB_009,18210,10.06,183192.6,2025-04-01,2025-05-10,2025-05-15,39,44,5,0,93.94,Medium
PO_002830,SUP_010,FAB_015,1387,12.31,17073.97,2025-09-28,2025-11-02,2025-11-03,35,36,1,0,89.53,Medium
PO_002831,SUP_006,FAB_014,15944,16.46,262438.24,2024-07-05,2024-07-25,2024-07-27,20,22,2,0,93.75,Medium
PO_002832,SUP_005,FAB_007,1651,7.27,12002.77,2025-02-15,2025-03-08,2025-03-10,21,23,2,0,100.0,Medium
PO_002833,SUP_016,FAB_014,17723,20.14,356941.22,2025-06-30,2025-07-27,2025-07-29,27,29,2,0,94.91,Medium
PO_002834,SUP_016,FAB_025,2557,19.48,49810.36,2025-11-17,2025-12-03,2025-12-03,16,16,0,1,92.3,Low
PO_002835,SUP_022,FAB_020,10188,10.02,102083.76,2025-04-19,2025-05-17,2025-05-19,28,30,2,0,99.9,Medium
PO_002836,SUP_025,FAB_002,17092,14.8,252961.6,2024-10-23,2024-11-12,2024-11-17,20,25,5,0,100.0,Medium
PO_002837,SUP_018,FAB_015,6702,13.28,89002.56,2024-04-21,2024-05-06,2024-05-10,15,19,4,0,93.52,Medium
PO_002838,SUP_022,FAB_011,6361,6.02,38293.22,2025-02-10,2025-02-24,2025-02-26,14,16,2,0,94.51,Medium
PO_002839,SUP_025,FAB_005,10055,6.69,67267.95,2025-05-07,2025-05-28,2025-05-29,21,22,1,0,94.57,Medium
PO_002840,SUP_011,FAB_019,8611,15.83,136312.13,2025-07-24,2025-08-09,2025-08-09,16,16,0,1,100.0,Low
PO_002841,SUP_022,FAB_001,14793,9.5,140533.5,2025-06-19,2025-07-09,2025-07-09,20,20,0,1,89.71,Low
PO_002842,SUP_006,FAB_016,17319,4.91,85036.29,2024-01-06,2024-02-13,2024-02-13,38,38,0,1,98.8,Low
PO_002843,SUP_018,FAB_024,18881,5.25,99125.25,2024-04-16,2024-05-02,2024-05-05,16,19,3,0,97.78,Medium
PO_002844,SUP_010,FAB_022,4619,5.48,25312.12,2025-02-22,2025-03-11,2025-03-14,17,20,3,0,92.36,Medium
PO_002845,SUP_021,FAB_007,3433,7.73,26537.09,2025-06-15,2025-07-20,2025-07-26,35,41,6,0,94.18,Medium
PO_002846,SUP_019,FAB_002,612,15.11,9247.32,2025-04-16,2025-05-17,2025-05-21,31,35,4,0,97.46,Medium
PO_002847,SUP_024,FAB_021,19015,11.96,227419.4,2024-02-08,2024-02-25,2024-03-01,17,22,5,0,92.76,Medium
PO_002848,SUP_008,FAB_027,1990,12.68,25233.2,2025-03-27,2025-04-10,2025-04-13,14,17,3,0,87.8,Medium
PO_002849,SUP_014,FAB_001,15003,11.57,173584.71,2024-11-01,2024-11-29,2024-11-30,28,29,1,0,90.9,Medium
PO_002850,SUP_008,FAB_025,17490,16.9,295581.0,2024-12-23,2025-01-23,2025-01-23,31,31,0,1,99.98,Low
PO_002851,SUP_011,FAB_019,3973,15.83,62892.59,2025-10-28,2025-11-13,2025-11-15,16,18,2,0,100.0,Medium
PO_002852,SUP_006,FAB_018,1529,11.78,18011.62,2024-03-19,2024-04-25,2024-04-29,37,41,4,0,97.9,Medium
PO_002853,SUP_006,FAB_016,15343,4.91,75334.13,2025-11-26,2026-01-03,2026-01-06,38,41,3,0,94.03,Medium
PO_002854,SUP_024,FAB_015,11009,12.36,136071.24,2024-04-19,2024-05-16,2024-05-17,27,28,1,0,93.14,Medium
PO_002855,SUP_014,FAB_019,14735,16.12,237528.2,2025-04-12,2025-05-17,2025-05-19,35,37,2,0,88.14,Medium
PO_002856,SUP_023,FAB_006,13062,14.79,193186.98,2025-11-04,2025-12-09,2025-12-13,35,39,4,0,84.39,High
PO_002857,SUP_022,FAB_011,18473,6.02,111207.46,2024-09-10,2024-09-24,2024-09-26,14,16,2,0,94.15,Medium
PO_002858,SUP_010,FAB_011,10116,6.57,66462.12,2024-05-11,2024-05-26,2024-05-31,15,20,5,0,93.66,Medium
PO_002859,SUP_003,FAB_025,12944,18.52,239722.88,2025-09-22,2025-10-25,2025-10-29,33,37,4,0,90.84,Medium
PO_002860,SUP_009,FAB_020,582,8.32,4842.24,2024-09-06,2024-09-21,2024-09-24,15,18,3,0,97.49,Medium
PO_002861,SUP_019,FAB_003,12453,16.33,203357.49,2025-08-09,2025-09-06,2025-09-08,28,30,2,0,92.56,Medium
PO_002862,SUP_004,FAB_018,3268,12.22,39934.96,2024-03-18,2024-04-01,2024-04-01,14,14,0,1,98.05,Low
PO_002863,SUP_002,FAB_028,2237,16.61,37156.57,2024-04-03,2024-05-01,2024-05-03,28,30,2,0,93.36,Medium
PO_002864,SUP_015,FAB_009,9684,8.22,79602.48,2024-04-01,2024-05-07,2024-05-09,36,38,2,0,97.85,Medium
PO_002865,SUP_013,FAB_020,11043,8.4,92761.2,2024-06-22,2024-07-29,2024-07-30,37,38,1,0,97.39,Medium
PO_002866,SUP_019,FAB_014,745,19.06,14199.7,2024-08-19,2024-09-04,2024-09-04,16,16,0,1,95.07,Low
PO_002867,SUP_011,FAB_001,17255,9.83,169616.65,2025-05-31,2025-07-08,2025-07-09,38,39,1,0,95.04,Medium
PO_002868,SUP_021,FAB_005,5393,7.53,40609.29,2025-08-06,2025-09-03,2025-09-04,28,29,1,0,91.47,Medium
PO_002869,SUP_013,FAB_026,5737,11.83,67868.71,2025-02-24,2025-03-28,2025-03-29,32,33,1,0,92.53,Medium
PO_002870,SUP_005,FAB_026,11308,13.45,152092.6,2025-03-29,2025-05-06,2025-05-06,38,38,0,1,98.99,Low
PO_002871,SUP_019,FAB_010,4461,4.57,20386.77,2025-02-15,2025-03-17,2025-03-17,30,30,0,1,100.0,Low
PO_002872,SUP_016,FAB_021,5243,13.4,70256.2,2024-03-20,2024-04-12,2024-04-20,23,31,8,0,88.19,High
PO_002873,SUP_001,FAB_004,7508,7.06,53006.48,2024-01-12,2024-02-04,2024-02-04,23,23,0,1,94.7,Low
PO_002874,SUP_018,FAB_004,9067,7.39,67005.13,2024-10-19,2024-11-18,2024-11-18,30,30,0,1,93.09,Low
PO_002875,SUP_002,FAB_019,2362,17.14,40484.68,2024-10-17,2024-11-06,2024-11-08,20,22,2,0,99.47,Medium
PO_002876,SUP_005,FAB_016,17372,5.84,101452.48,2025-07-20,2025-08-17,2025-08-20,28,31,3,0,98.39,Medium
PO_002877,SUP_003,FAB_010,14909,4.41,65748.69,2024-10-24,2024-11-08,2024-11-11,15,18,3,0,93.34,Medium
PO_002878,SUP_017,FAB_005,13347,6.39,85287.33,2025-09-01,2025-10-01,2025-10-20,30,49,19,0,95.84,High
PO_002879,SUP_021,FAB_017,14667,10.83,158843.61,2024-04-10,2024-05-17,2024-05-18,37,38,1,0,95.78,Medium
PO_002880,SUP_020,FAB_005,754,6.02,4539.08,2025-10-26,2025-11-26,2025-11-29,31,34,3,0,88.62,Medium
PO_002881,SUP_012,FAB_030,11043,15.33,169289.19,2025-08-27,2025-09-23,2025-09-23,27,27,0,1,99.51,Low
PO_002882,SUP_002,FAB_019,2673,17.14,45815.22,2024-06-26,2024-07-16,2024-07-17,20,21,1,0,95.73,Medium
PO_002883,SUP_012,FAB_005,8472,7.19,60913.68,2025-05-17,2025-06-03,2025-06-04,17,18,1,0,91.24,Medium
PO_002884,SUP_009,FAB_015,13977,13.73,191904.21,2025-04-25,2025-05-23,2025-05-27,28,32,4,0,95.88,Medium
PO_002885,SUP_023,FAB_006,16067,14.79,237630.93,2024-05-18,2024-06-22,2024-06-26,35,39,4,0,96.56,Medium
PO_002886,SUP_023,FAB_016,16834,5.8,97637.2,2024-02-03,2024-03-04,2024-03-07,30,33,3,0,96.35,Medium
PO_002887,SUP_009,FAB_025,11169,19.05,212769.45,2025-04-09,2025-04-27,2025-04-27,18,18,0,1,98.49,Low
PO_002888,SUP_004,FAB_018,17503,12.22,213886.66,2025-03-23,2025-04-06,2025-04-14,14,22,8,0,90.27,High
PO_002889,SUP_018,FAB_017,11830,11.15,131904.5,2024-12-16,2025-01-15,2025-01-15,30,30,0,1,97.81,Low
PO_002890,SUP_009,FAB_009,5547,10.06,55802.82,2024-01-05,2024-02-13,2024-02-15,39,41,2,0,95.62,Medium
PO_002891,SUP_020,FAB_005,11195,6.02,67393.9,2024-10-02,2024-11-02,2024-11-17,31,46,15,0,89.6,High
PO_002892,SUP_018,FAB_014,18740,19.73,369740.2,2024-08-10,2024-08-29,2024-09-10,19,31,12,0,88.58,High
PO_002893,SUP_006,FAB_026,15551,12.79,198897.29,2024-11-12,2024-11-28,2024-12-06,16,24,8,0,86.22,High
PO_002894,SUP_005,FAB_016,13610,5.84,79482.4,2025-09-12,2025-10-10,2025-10-10,28,28,0,1,91.38,Low
PO_002895,SUP_010,FAB_006,1934,16.62,32143.08,2025-03-11,2025-04-16,2025-04-18,36,38,2,0,94.35,Medium
PO_002896,SUP_012,FAB_017,10367,9.86,102218.62,2025-05-24,2025-06-21,2025-06-22,28,29,1,0,93.07,Medium
PO_002897,SUP_018,FAB_028,14055,16.57,232891.35,2024-09-14,2024-10-07,2024-10-08,23,24,1,0,93.77,Medium
PO_002898,SUP_010,FAB_018,2475,11.86,29353.5,2025-01-16,2025-02-02,2025-02-11,17,26,9,0,94.69,High
PO_002899,SUP_013,FAB_010,530,5.1,2703.0,2025-10-15,2025-11-11,2025-11-15,27,31,4,0,88.71,Medium
PO_002900,SUP_019,FAB_024,9867,5.38,53084.46,2024-09-27,2024-10-11,2024-10-12,14,15,1,0,97.51,Medium
PO_002901,SUP_005,FAB_017,928,10.84,10059.52,2025-07-18,2025-08-19,2025-08-20,32,33,1,0,89.7,Medium
PO_002902,SUP_025,FAB_020,8662,9.52,82462.24,2024-07-12,2024-08-17,2024-08-18,36,37,1,0,93.0,Medium
PO_002903,SUP_012,FAB_017,13273,9.86,130871.78,2025-08-21,2025-09-18,2025-09-18,28,28,0,1,100.0,Low
PO_002904,SUP_001,FAB_006,5354,18.61,99637.94,2024-03-17,2024-04-26,2024-04-26,40,40,0,1,92.23,Low
PO_002905,SUP_011,FAB_030,11391,15.43,175763.13,2025-11-25,2025-12-12,2025-12-14,17,19,2,0,91.6,Medium
PO_002906,SUP_002,FAB_022,5000,5.07,25350.0,2025-02-22,2025-03-18,2025-03-18,24,24,0,1,89.96,Low
PO_002907,SUP_009,FAB_015,1836,13.73,25208.28,2025-10-28,2025-11-25,2025-11-25,28,28,0,1,96.38,Low
PO_002908,SUP_017,FAB_029,13639,9.81,133798.59,2024-11-01,2024-12-05,2024-12-08,34,37,3,0,89.02,Medium
PO_002909,SUP_004,FAB_002,10595,12.42,131589.9,2025-11-18,2025-12-05,2025-12-08,17,20,3,0,92.81,Medium
PO_002910,SUP_020,FAB_006,3785,15.75,59613.75,2025-03-09,2025-03-24,2025-03-26,15,17,2,0,93.94,Medium
PO_002911,SUP_001,FAB_024,5068,4.4,22299.2,2024-07-08,2024-08-05,2024-08-07,28,30,2,0,99.05,Medium
PO_002912,SUP_015,FAB_018,859,12.21,10488.39,2024-07-17,2024-08-16,2024-08-16,30,30,0,1,90.44,Low
PO_002913,SUP_023,FAB_025,9061,20.24,183394.64,2025-01-19,2025-02-04,2025-02-06,16,18,2,0,88.36,Medium
PO_002914,SUP_019,FAB_024,18160,5.38,97700.8,2025-10-17,2025-10-31,2025-11-01,14,15,1,0,82.77,High
PO_002915,SUP_009,FAB_005,9799,7.36,72120.64,2024-08-23,2024-09-18,2024-09-20,26,28,2,0,99.65,Medium
PO_002916,SUP_025,FAB_016,17643,5.26,92802.18,2025-11-15,2025-11-30,2025-11-30,15,15,0,1,94.83,Low
PO_002917,SUP_014,FAB_009,19884,8.16,162253.44,2024-12-12,2024-12-31,2025-01-08,19,27,8,0,90.95,High
PO_002918,SUP_013,FAB_024,8748,5.18,45314.64,2025-05-24,2025-06-22,2025-06-29,29,36,7,0,96.19,Medium
PO_002919,SUP_016,FAB_029,15147,9.89,149803.83,2024-03-20,2024-04-07,2024-04-13,18,24,6,0,95.49,Medium
PO_002920,SUP_010,FAB_006,13121,16.62,218071.02,2024-02-03,2024-03-10,2024-03-13,36,39,3,0,92.06,Medium
PO_002921,SUP_011,FAB_022,9105,5.56,50623.8,2025-06-23,2025-07-26,2025-08-04,33,42,9,0,95.82,High
PO_002922,SUP_018,FAB_004,1511,7.39,11166.29,2025-01-11,2025-02-10,2025-02-11,30,31,1,0,96.04,Medium
PO_002923,SUP_007,FAB_019,15844,16.0,253504.0,2024-08-28,2024-10-07,2024-10-13,40,46,6,0,100.0,Medium
PO_002924,SUP_012,FAB_028,11224,16.72,187665.28,2025-07-11,2025-07-31,2025-08-01,20,21,1,0,88.42,Medium
PO_002925,SUP_004,FAB_019,16896,15.3,258508.8,2024-09-25,2024-10-21,2024-10-29,26,34,8,0,87.1,High
PO_002926,SUP_015,FAB_012,9179,12.48,114553.92,2024-12-18,2025-01-21,2025-01-24,34,37,3,0,97.97,Medium
PO_002927,SUP_019,FAB_016,9178,5.34,49010.52,2025-07-23,2025-08-15,2025-08-25,23,33,10,0,95.19,High
PO_002928,SUP_003,FAB_025,4555,18.52,84358.6,2024-05-09,2024-06-11,2024-06-18,33,40,7,0,86.1,Medium
PO_002929,SUP_004,FAB_017,10708,11.49,123034.92,2025-02-18,2025-03-22,2025-03-31,32,41,9,0,94.93,High
PO_002930,SUP_010,FAB_029,3587,8.48,30417.76,2025-11-18,2025-12-03,2025-12-11,15,23,8,0,95.1,High
PO_002931,SUP_022,FAB_030,11151,18.31,204174.81,2025-04-15,2025-05-11,2025-05-16,26,31,5,0,92.53,Medium
PO_002932,SUP_024,FAB_015,1979,12.36,24460.44,2025-08-22,2025-09-18,2025-09-22,27,31,4,0,82.42,High
PO_002933,SUP_009,FAB_005,17976,7.36,132303.36,2024-05-14,2024-06-09,2024-06-09,26,26,0,1,98.36,Low
PO_002934,SUP_012,FAB_028,16102,16.72,269225.44,2024-05-14,2024-06-03,2024-06-05,20,22,2,0,97.93,Medium
PO_002935,SUP_018,FAB_024,19100,5.25,100275.0,2024-01-08,2024-01-24,2024-01-24,16,16,0,1,100.0,Low
PO_002936,SUP_010,FAB_018,17754,11.86,210562.44,2025-08-04,2025-08-21,2025-08-31,17,27,10,0,93.67,High
PO_002937,SUP_023,FAB_020,6078,8.76,53243.28,2025-08-25,2025-09-28,2025-10-03,34,39,5,0,93.61,Medium
PO_002938,SUP_018,FAB_012,1484,13.73,20375.32,2024-08-04,2024-09-06,2024-09-08,33,35,2,0,91.45,Medium
PO_002939,SUP_023,FAB_024,4420,4.32,19094.4,2025-07-16,2025-08-16,2025-08-21,31,36,5,0,99.81,Medium
PO_002940,SUP_007,FAB_012,18069,10.96,198036.24,2024-04-18,2024-05-10,2024-05-16,22,28,6,0,93.27,Medium
PO_002941,SUP_009,FAB_019,6645,17.77,118081.65,2025-01-04,2025-01-26,2025-01-27,22,23,1,0,92.51,Medium
PO_002942,SUP_002,FAB_013,12446,13.79,171630.34,2025-07-09,2025-07-26,2025-07-26,17,17,0,1,95.32,Low
PO_002943,SUP_011,FAB_021,3605,13.4,48307.0,2024-01-21,2024-02-29,2024-02-29,39,39,0,1,100.0,Low
PO_002944,SUP_016,FAB_012,7833,13.37,104727.21,2025-08-05,2025-09-01,2025-09-02,27,28,1,0,90.05,Medium
PO_002945,SUP_023,FAB_028,2321,15.73,36509.33,2025-08-11,2025-09-04,2025-09-05,24,25,1,0,92.77,Medium
PO_002946,SUP_024,FAB_004,18053,7.78,140452.34,2025-06-26,2025-07-30,2025-08-01,34,36,2,0,97.82,Medium
PO_002947,SUP_022,FAB_030,624,18.31,11425.44,2024-08-24,2024-09-19,2024-09-22,26,29,3,0,96.08,Medium
PO_002948,SUP_021,FAB_010,6095,4.79,29195.05,2025-10-17,2025-11-25,2025-11-26,39,40,1,0,95.55,Medium
PO_002949,SUP_013,FAB_010,12266,5.1,62556.6,2024-10-29,2024-11-25,2024-12-01,27,33,6,0,85.98,Medium
PO_002950,SUP_021,FAB_010,5919,4.79,28352.01,2025-05-31,2025-07-09,2025-07-12,39,42,3,0,98.41,Medium
PO_002951,SUP_015,FAB_001,14529,11.17,162288.93,2024-11-02,2024-12-11,2024-12-12,39,40,1,0,92.83,Medium
PO_002952,SUP_011,FAB_019,9185,15.83,145398.55,2024-09-18,2024-10-04,2024-10-04,16,16,0,1,93.97,Low
PO_002953,SUP_016,FAB_012,10177,13.37,136066.49,2025-05-09,2025-06-05,2025-06-06,27,28,1,0,97.75,Medium
PO_002954,SUP_012,FAB_021,13764,12.26,168746.64,2025-11-07,2025-11-22,2025-11-23,15,16,1,0,100.0,Medium
PO_002955,SUP_018,FAB_011,14595,5.86,85526.7,2025-11-02,2025-11-30,2025-12-01,28,29,1,0,99.65,Medium
PO_002956,SUP_008,FAB_011,3436,5.27,18107.72,2024-10-30,2024-11-20,2024-11-23,21,24,3,0,92.74,Medium
PO_002957,SUP_008,FAB_027,6472,12.68,82064.96,2024-12-05,2024-12-19,2024-12-20,14,15,1,0,100.0,Medium
PO_002958,SUP_017,FAB_021,17883,13.27,237307.41,2024-12-05,2025-01-02,2025-01-05,28,31,3,0,83.37,High
PO_002959,SUP_001,FAB_017,16401,11.59,190087.59,2025-09-19,2025-10-24,2025-10-24,35,35,0,1,97.93,Low
PO_002960,SUP_008,FAB_001,8404,9.4,78997.6,2024-11-06,2024-11-25,2024-11-28,19,22,3,0,94.52,Medium
PO_002961,SUP_005,FAB_019,15565,16.25,252931.25,2024-02-24,2024-03-22,2024-03-22,27,27,0,1,100.0,Low
PO_002962,SUP_002,FAB_013,19386,13.79,267332.94,2025-03-31,2025-04-17,2025-04-19,17,19,2,0,98.81,Medium
PO_002963,SUP_020,FAB_018,11954,10.58,126473.32,2024-04-04,2024-04-28,2024-05-04,24,30,6,0,92.17,Medium
PO_002964,SUP_008,FAB_002,5148,12.75,65637.0,2024-09-18,2024-10-07,2024-10-07,19,19,0,1,99.1,Low
PO_002965,SUP_005,FAB_012,2916,13.26,38666.16,2025-10-22,2025-11-18,2025-11-18,27,27,0,1,98.29,Low
PO_002966,SUP_019,FAB_014,14967,19.06,285271.02,2025-09-13,2025-09-29,2025-10-08,16,25,9,0,89.27,High
PO_002967,SUP_005,FAB_019,10623,16.25,172623.75,2024-06-30,2024-07-27,2024-07-27,27,27,0,1,96.22,Low
PO_002968,SUP_013,FAB_010,9917,5.1,50576.7,2024-12-06,2025-01-02,2025-01-05,27,30,3,0,95.03,Medium
PO_002969,SUP_025,FAB_012,1814,13.62,24706.68,2025-08-25,2025-09-12,2025-09-12,18,18,0,1,95.93,Low
PO_002970,SUP_011,FAB_022,5062,5.56,28144.72,2024-02-17,2024-03-21,2024-03-25,33,37,4,0,94.93,Medium
PO_002971,SUP_015,FAB_008,8352,13.31,111165.12,2024-03-03,2024-03-20,2024-03-27,17,24,7,0,96.24,Medium
PO_002972,SUP_005,FAB_017,3328,10.84,36075.52,2025-10-01,2025-11-02,2025-11-03,32,33,1,0,95.73,Medium
PO_002973,SUP_024,FAB_015,11982,12.36,148097.52,2024-06-22,2024-07-19,2024-07-25,27,33,6,0,90.46,Medium
PO_002974,SUP_006,FAB_018,5030,11.78,59253.4,2025-07-06,2025-08-12,2025-08-14,37,39,2,0,90.33,Medium
PO_002975,SUP_018,FAB_028,11699,16.57,193852.43,2024-01-01,2024-01-24,2024-01-26,23,25,2,0,99.94,Medium
PO_002976,SUP_015,FAB_018,5300,12.21,64713.0,2024-11-03,2024-12-03,2024-12-09,30,36,6,0,95.44,Medium
PO_002977,SUP_021,FAB_021,15522,13.21,205045.62,2024-04-13,2024-04-29,2024-05-01,16,18,2,0,99.48,Medium
PO_002978,SUP_017,FAB_013,12390,11.71,145086.9,2024-06-20,2024-07-27,2024-08-01,37,42,5,0,85.24,Medium
PO_002979,SUP_022,FAB_005,16723,7.26,121408.98,2025-01-21,2025-02-13,2025-02-14,23,24,1,0,97.05,Medium
PO_002980,SUP_002,FAB_028,8509,16.61,141334.49,2025-01-30,2025-02-27,2025-02-27,28,28,0,1,92.45,Low
PO_002981,SUP_009,FAB_008,12935,14.7,190144.5,2025-06-21,2025-07-14,2025-07-15,23,24,1,0,96.85,Medium
PO_002982,SUP_023,FAB_028,16320,15.73,256713.6,2024-01-26,2024-02-19,2024-02-20,24,25,1,0,94.56,Medium
PO_002983,SUP_018,FAB_008,19698,14.6,287590.8,2025-07-19,2025-08-04,2025-08-07,16,19,3,0,95.66,Medium
PO_002984,SUP_020,FAB_006,19652,15.75,309519.0,2024-01-12,2024-01-27,2024-02-05,15,24,9,0,93.53,High
PO_002985,SUP_006,FAB_007,9847,7.38,72670.86,2024-12-29,2025-01-18,2025-01-25,20,27,7,0,98.38,Medium
PO_002986,SUP_016,FAB_029,1871,9.89,18504.19,2025-07-07,2025-07-25,2025-07-28,18,21,3,0,100.0,Medium
PO_002987,SUP_002,FAB_030,6924,15.39,106560.36,2025-09-27,2025-11-03,2025-11-03,37,37,0,1,96.09,Low
PO_002988,SUP_002,FAB_005,8736,6.1,53289.6,2025-04-28,2025-05-27,2025-05-29,29,31,2,0,91.31,Medium
PO_002989,SUP_017,FAB_020,6413,8.11,52009.43,2024-02-25,2024-03-22,2024-03-28,26,32,6,0,87.87,Medium
PO_002990,SUP_009,FAB_009,15672,10.06,157660.32,2025-03-06,2025-04-14,2025-04-15,39,40,1,0,92.81,Medium
PO_002991,SUP_014,FAB_014,19345,17.09,330606.05,2025-01-08,2025-02-06,2025-02-11,29,34,5,0,88.17,Medium
PO_002992,SUP_019,FAB_003,7045,16.33,115044.85,2025-02-12,2025-03-12,2025-03-15,28,31,3,0,94.66,Medium
PO_002993,SUP_003,FAB_025,18271,18.52,338378.92,2025-09-21,2025-10-24,2025-10-26,33,35,2,0,95.41,Medium
PO_002994,SUP_013,FAB_025,5445,18.47,100569.15,2024-07-09,2024-08-09,2024-08-21,31,43,12,0,90.76,High
PO_002995,SUP_016,FAB_023,5927,6.9,40896.3,2025-06-24,2025-07-22,2025-07-27,28,33,5,0,92.76,Medium
PO_002996,SUP_016,FAB_029,19194,9.89,189828.66,2025-06-03,2025-06-21,2025-06-30,18,27,9,0,90.33,High
PO_002997,SUP_012,FAB_005,15823,7.19,113767.37,2025-06-19,2025-07-06,2025-07-06,17,17,0,1,97.52,Low
PO_002998,SUP_025,FAB_008,6780,13.68,92750.4,2024-07-04,2024-08-07,2024-08-09,34,36,2,0,96.25,Medium
PO_002999,SUP_020,FAB_004,13073,8.06,105368.38,2025-08-15,2025-09-07,2025-09-14,23,30,7,0,92.64,Medium
PO_003000,SUP_013,FAB_023,16241,6.49,105404.09,2024-02-15,2024-03-06,2024-03-20,20,34,14,0,97.77,High
PO_003001,SUP_017,FAB_021,7743,13.27,102749.61,2025-02-19,2025-03-19,2025-03-23,28,32,4,0,93.12,Medium
PO_003002,SUP_018,FAB_004,15782,7.39,116628.98,2024-12-31,2025-01-30,2025-02-01,30,32,2,0,98.21,Medium
PO_003003,SUP_003,FAB_010,16930,4.41,74661.3,2025-06-20,2025-07-05,2025-07-07,15,17,2,0,92.18,Medium
PO_003004,SUP_023,FAB_017,2603,9.24,24051.72,2024-08-05,2024-09-11,2024-09-13,37,39,2,0,94.75,Medium
PO_003005,SUP_018,FAB_004,12434,7.39,91887.26,2024-06-25,2024-07-25,2024-07-28,30,33,3,0,98.24,Medium
PO_003006,SUP_008,FAB_015,18510,13.41,248219.1,2025-11-22,2025-12-20,2025-12-24,28,32,4,0,93.75,Medium
PO_003007,SUP_020,FAB_010,12005,5.04,60505.2,2025-09-26,2025-10-26,2025-11-02,30,37,7,0,85.5,Medium
PO_003008,SUP_025,FAB_014,1473,17.33,25527.09,2025-05-09,2025-05-23,2025-05-23,14,14,0,1,95.64,Low
PO_003009,SUP_011,FAB_001,14181,9.83,139399.23,2024-12-30,2025-02-06,2025-02-11,38,43,5,0,94.54,Medium
PO_003010,SUP_016,FAB_021,12175,13.4,163145.0,2024-11-20,2024-12-13,2024-12-18,23,28,5,0,97.84,Medium
PO_003011,SUP_009,FAB_025,19014,19.05,362216.7,2024-02-28,2024-03-17,2024-03-22,18,23,5,0,96.07,Medium
PO_003012,SUP_003,FAB_006,2359,16.44,38781.96,2025-08-29,2025-09-25,2025-09-28,27,30,3,0,97.08,Medium
PO_003013,SUP_013,FAB_020,12091,8.4,101564.4,2024-08-07,2024-09-13,2024-09-20,37,44,7,0,85.61,Medium
PO_003014,SUP_016,FAB_029,19463,9.89,192489.07,2025-06-05,2025-06-23,2025-06-29,18,24,6,0,99.58,Medium
PO_003015,SUP_022,FAB_011,10130,6.02,60982.6,2025-10-19,2025-11-02,2025-11-02,14,14,0,1,99.12,Low
PO_003016,SUP_009,FAB_026,16243,14.0,227402.0,2024-01-09,2024-01-25,2024-01-27,16,18,2,0,84.63,High
PO_003017,SUP_010,FAB_011,10191,6.57,66954.87,2025-04-29,2025-05-14,2025-05-15,15,16,1,0,84.58,High
PO_003018,SUP_003,FAB_025,2534,18.52,46929.68,2024-08-14,2024-09-16,2024-09-28,33,45,12,0,95.6,High
PO_003019,SUP_024,FAB_004,9736,7.78,75746.08,2024-01-03,2024-02-06,2024-02-09,34,37,3,0,88.33,Medium
PO_003020,SUP_007,FAB_018,11454,10.76,123245.04,2024-05-17,2024-06-03,2024-06-08,17,22,5,0,91.03,Medium
PO_003021,SUP_024,FAB_015,19551,12.36,241650.36,2024-09-29,2024-10-26,2024-10-28,27,29,2,0,80.88,High
PO_003022,SUP_025,FAB_025,2765,17.52,48442.8,2025-08-18,2025-09-12,2025-09-14,25,27,2,0,99.02,Medium
PO_003023,SUP_021,FAB_021,4140,13.21,54689.4,2024-10-16,2024-11-01,2024-11-04,16,19,3,0,95.8,Medium
PO_003024,SUP_010,FAB_018,11430,11.86,135559.8,2025-07-02,2025-07-19,2025-07-21,17,19,2,0,97.46,Medium
PO_003025,SUP_009,FAB_001,6220,10.99,68357.8,2025-10-01,2025-11-03,2025-11-05,33,35,2,0,95.65,Medium
PO_003026,SUP_012,FAB_022,15331,4.72,72362.32,2024-01-31,2024-02-27,2024-02-28,27,28,1,0,95.16,Medium
PO_003027,SUP_010,FAB_024,18156,4.93,89509.08,2024-06-21,2024-07-20,2024-07-20,29,29,0,1,93.26,Low
PO_003028,SUP_011,FAB_030,1571,15.43,24240.53,2025-02-20,2025-03-09,2025-03-09,17,17,0,1,93.39,Low
PO_003029,SUP_016,FAB_021,18916,13.4,253474.4,2024-02-05,2024-02-28,2024-03-01,23,25,2,0,90.56,Medium
PO_003030,SUP_014,FAB_019,17493,16.12,281987.16,2025-02-19,2025-03-26,2025-03-28,35,37,2,0,87.47,Medium
PO_003031,SUP_004,FAB_019,7481,15.3,114459.3,2025-02-04,2025-03-02,2025-03-03,26,27,1,0,95.7,Medium
PO_003032,SUP_002,FAB_019,14494,17.14,248427.16,2024-06-10,2024-06-30,2024-07-01,20,21,1,0,96.86,Medium
PO_003033,SUP_005,FAB_017,4470,10.84,48454.8,2024-08-24,2024-09-25,2024-09-27,32,34,2,0,96.13,Medium
PO_003034,SUP_025,FAB_002,4036,14.8,59732.8,2024-08-23,2024-09-12,2024-09-17,20,25,5,0,96.77,Medium
PO_003035,SUP_019,FAB_024,1820,5.38,9791.6,2025-04-12,2025-04-26,2025-04-26,14,14,0,1,87.6,Low
PO_003036,SUP_005,FAB_021,3042,11.74,35713.08,2025-02-20,2025-03-13,2025-03-13,21,21,0,1,94.08,Low
PO_003037,SUP_002,FAB_003,19993,16.83,336482.19,2024-12-31,2025-01-22,2025-01-23,22,23,1,0,90.47,Medium
PO_003038,SUP_018,FAB_014,5818,19.73,114789.14,2024-03-13,2024-04-01,2024-04-06,19,24,5,0,96.63,Medium
PO_003039,SUP_018,FAB_007,12079,7.44,89867.76,2025-02-11,2025-03-20,2025-03-24,37,41,4,0,89.03,Medium
PO_003040,SUP_023,FAB_007,1321,8.16,10779.36,2024-12-25,2025-01-16,2025-01-20,22,26,4,0,94.79,Medium
PO_003041,SUP_002,FAB_028,13004,16.61,215996.44,2025-08-15,2025-09-12,2025-09-12,28,28,0,1,96.73,Low
PO_003042,SUP_009,FAB_005,18011,7.36,132560.96,2025-04-27,2025-05-23,2025-05-23,26,26,0,1,96.89,Low
PO_003043,SUP_006,FAB_018,8044,11.78,94758.32,2024-12-05,2025-01-11,2025-01-19,37,45,8,0,91.83,High
PO_003044,SUP_012,FAB_005,5013,7.19,36043.47,2025-02-23,2025-03-12,2025-03-16,17,21,4,0,95.31,Medium
PO_003045,SUP_022,FAB_001,18984,9.5,180348.0,2024-03-04,2024-03-24,2024-03-25,20,21,1,0,94.3,Medium
PO_003046,SUP_013,FAB_026,19049,11.83,225349.67,2024-02-12,2024-03-15,2024-03-17,32,34,2,0,91.82,Medium
PO_003047,SUP_003,FAB_023,2777,7.68,21327.36,2024-11-06,2024-11-20,2024-11-28,14,22,8,0,94.94,High
PO_003048,SUP_009,FAB_012,17033,11.07,188555.31,2025-09-26,2025-10-25,2025-10-29,29,33,4,0,97.13,Medium
PO_003049,SUP_018,FAB_005,16484,7.22,119014.48,2025-01-04,2025-02-12,2025-02-16,39,43,4,0,95.79,Medium
PO_003050,SUP_012,FAB_017,10217,9.86,100739.62,2025-05-30,2025-06-27,2025-06-27,28,28,0,1,99.67,Low
PO_003051,SUP_002,FAB_022,9590,5.07,48621.3,2024-03-26,2024-04-19,2024-04-19,24,24,0,1,100.0,Low
PO_003052,SUP_022,FAB_015,4065,14.68,59674.2,2025-08-23,2025-09-26,2025-09-27,34,35,1,0,96.64,Medium
PO_003053,SUP_001,FAB_004,19236,7.06,135806.16,2024-10-19,2024-11-11,2024-11-13,23,25,2,0,96.8,Medium
PO_003054,SUP_017,FAB_005,16561,6.39,105824.79,2024-12-07,2025-01-06,2025-01-09,30,33,3,0,89.86,Medium
PO_003055,SUP_023,FAB_007,14809,8.16,120841.44,2024-08-23,2024-09-14,2024-09-14,22,22,0,1,91.48,Low
PO_003056,SUP_002,FAB_006,8302,14.77,122620.54,2025-06-11,2025-07-08,2025-07-11,27,30,3,0,97.65,Medium
PO_003057,SUP_017,FAB_020,15032,8.11,121909.52,2025-08-25,2025-09-20,2025-09-21,26,27,1,0,92.47,Medium
PO_003058,SUP_022,FAB_001,7935,9.5,75382.5,2024-08-09,2024-08-29,2024-08-31,20,22,2,0,92.73,Medium
PO_003059,SUP_006,FAB_016,6489,4.91,31860.99,2024-08-18,2024-09-25,2024-09-29,38,42,4,0,93.23,Medium
PO_003060,SUP_005,FAB_021,11864,11.74,139283.36,2025-02-18,2025-03-11,2025-03-11,21,21,0,1,100.0,Low
PO_003061,SUP_004,FAB_018,19548,12.22,238876.56,2024-04-06,2024-04-20,2024-04-28,14,22,8,0,95.78,High
PO_003062,SUP_022,FAB_030,2196,18.31,40208.76,2025-04-10,2025-05-06,2025-05-08,26,28,2,0,91.05,Medium
PO_003063,SUP_001,FAB_010,3931,5.36,21070.16,2024-02-07,2024-03-03,2024-03-03,25,25,0,1,98.25,Low
PO_003064,SUP_009,FAB_012,16775,11.07,185699.25,2024-06-03,2024-07-02,2024-07-10,29,37,8,0,99.18,High
PO_003065,SUP_007,FAB_012,13919,10.96,152552.24,2024-09-15,2024-10-07,2024-10-12,22,27,5,0,95.23,Medium
PO_003066,SUP_019,FAB_003,12765,16.33,208452.45,2025-01-22,2025-02-19,2025-03-03,28,40,12,0,96.59,High
PO_003067,SUP_023,FAB_016,6577,5.8,38146.6,2025-09-01,2025-10-01,2025-10-09,30,38,8,0,90.74,High
PO_003068,SUP_024,FAB_003,5974,16.11,96241.14,2024-04-08,2024-04-23,2024-04-28,15,20,5,0,92.89,Medium
PO_003069,SUP_025,FAB_012,4993,13.62,68004.66,2024-05-20,2024-06-07,2024-06-07,18,18,0,1,95.87,Low
PO_003070,SUP_006,FAB_018,3187,11.78,37542.86,2024-02-29,2024-04-06,2024-04-08,37,39,2,0,86.61,Medium
PO_003071,SUP_010,FAB_029,13375,8.48,113420.0,2025-09-24,2025-10-09,2025-10-12,15,18,3,0,93.05,Medium
PO_003072,SUP_024,FAB_026,10211,14.09,143872.99,2024-07-29,2024-09-06,2024-09-08,39,41,2,0,93.64,Medium
PO_003073,SUP_003,FAB_006,15638,16.44,257088.72,2025-09-19,2025-10-16,2025-10-19,27,30,3,0,91.72,Medium
PO_003074,SUP_022,FAB_023,12965,7.57,98145.05,2024-05-23,2024-06-14,2024-06-21,22,29,7,0,97.11,Medium
PO_003075,SUP_019,FAB_012,14845,12.38,183781.1,2024-02-23,2024-04-03,2024-04-04,40,41,1,0,93.0,Medium
PO_003076,SUP_020,FAB_004,8718,8.06,70267.08,2025-02-23,2025-03-18,2025-03-21,23,26,3,0,98.84,Medium
PO_003077,SUP_023,FAB_022,9346,5.21,48692.66,2025-06-16,2025-07-16,2025-07-20,30,34,4,0,97.45,Medium
PO_003078,SUP_018,FAB_028,16525,16.57,273819.25,2025-06-12,2025-07-05,2025-07-08,23,26,3,0,91.96,Medium
PO_003079,SUP_013,FAB_021,5085,12.18,61935.3,2025-04-15,2025-05-17,2025-05-24,32,39,7,0,90.26,Medium
PO_003080,SUP_014,FAB_018,17280,11.55,199584.0,2025-04-01,2025-05-10,2025-05-21,39,50,11,0,90.09,High
PO_003081,SUP_019,FAB_002,8077,15.11,122043.47,2024-11-26,2024-12-27,2024-12-28,31,32,1,0,94.06,Medium
PO_003082,SUP_007,FAB_016,18273,4.91,89720.43,2025-11-27,2025-12-23,2025-12-31,26,34,8,0,86.49,High
PO_003083,SUP_003,FAB_010,14271,4.41,62935.11,2024-12-30,2025-01-14,2025-01-16,15,17,2,0,89.98,Medium
PO_003084,SUP_021,FAB_005,18617,7.53,140186.01,2024-07-03,2024-07-31,2024-08-09,28,37,9,0,93.46,High
PO_003085,SUP_022,FAB_025,7371,18.59,137026.89,2025-01-20,2025-02-09,2025-02-10,20,21,1,0,93.76,Medium
PO_003086,SUP_006,FAB_007,6760,7.38,49888.8,2024-02-04,2024-02-24,2024-02-25,20,21,1,0,96.88,Medium
PO_003087,SUP_020,FAB_009,14131,9.98,141027.38,2024-05-13,2024-05-30,2024-06-03,17,21,4,0,92.61,Medium
PO_003088,SUP_010,FAB_005,15326,6.79,104063.54,2025-04-10,2025-04-29,2025-04-30,19,20,1,0,93.83,Medium
PO_003089,SUP_011,FAB_019,15359,15.83,243132.97,2025-10-08,2025-10-24,2025-10-24,16,16,0,1,97.78,Low
PO_003090,SUP_008,FAB_023,17162,6.73,115500.26,2025-09-05,2025-10-07,2025-10-11,32,36,4,0,91.16,Medium
PO_003091,SUP_001,FAB_004,6451,7.06,45544.06,2025-07-15,2025-08-07,2025-08-07,23,23,0,1,100.0,Low
PO_003092,SUP_025,FAB_016,6915,5.26,36372.9,2025-07-29,2025-08-13,2025-08-13,15,15,0,1,99.99,Low
PO_003093,SUP_008,FAB_011,18234,5.27,96093.18,2024-04-10,2024-05-01,2024-05-03,21,23,2,0,91.68,Medium
PO_003094,SUP_002,FAB_019,5525,17.14,94698.5,2025-08-31,2025-09-20,2025-09-20,20,20,0,1,90.4,Low
PO_003095,SUP_011,FAB_001,18040,9.83,177333.2,2024-11-18,2024-12-26,2024-12-27,38,39,1,0,99.63,Medium
PO_003096,SUP_011,FAB_001,13201,9.83,129765.83,2024-05-22,2024-06-29,2024-06-29,38,38,0,1,99.69,Low
PO_003097,SUP_003,FAB_014,8345,19.82,165397.9,2024-04-11,2024-05-04,2024-05-17,23,36,13,0,97.6,High
PO_003098,SUP_008,FAB_006,3186,16.71,53238.06,2025-01-19,2025-02-24,2025-02-24,36,36,0,1,92.81,Low
PO_003099,SUP_022,FAB_007,12714,8.25,104890.5,2025-03-17,2025-04-15,2025-04-18,29,32,3,0,96.71,Medium
PO_003100,SUP_009,FAB_009,12550,10.06,126253.0,2024-02-26,2024-04-05,2024-04-06,39,40,1,0,93.75,Medium
PO_003101,SUP_002,FAB_030,4679,15.39,72009.81,2024-05-12,2024-06-18,2024-06-19,37,38,1,0,92.77,Medium
PO_003102,SUP_001,FAB_024,13825,4.4,60830.0,2025-05-13,2025-06-10,2025-06-11,28,29,1,0,96.84,Medium
PO_003103,SUP_005,FAB_026,18996,13.45,255496.2,2025-02-16,2025-03-26,2025-03-29,38,41,3,0,93.97,Medium
PO_003104,SUP_022,FAB_011,19736,6.02,118810.72,2025-08-05,2025-08-19,2025-08-19,14,14,0,1,98.38,Low
PO_003105,SUP_001,FAB_018,2745,11.04,30304.8,2025-04-05,2025-04-23,2025-04-23,18,18,0,1,94.37,Low
PO_003106,SUP_004,FAB_022,19072,5.07,96695.04,2024-03-14,2024-04-03,2024-04-10,20,27,7,0,91.76,Medium
PO_003107,SUP_008,FAB_001,13122,9.4,123346.8,2024-09-25,2024-10-14,2024-10-18,19,23,4,0,88.29,Medium
PO_003108,SUP_024,FAB_025,13700,19.85,271945.0,2025-09-08,2025-09-24,2025-10-04,16,26,10,0,94.19,High
PO_003109,SUP_011,FAB_021,10048,13.4,134643.2,2025-07-04,2025-08-12,2025-08-13,39,40,1,0,98.09,Medium
PO_003110,SUP_023,FAB_017,16372,9.24,151277.28,2024-04-06,2024-05-13,2024-05-18,37,42,5,0,95.12,Medium
PO_003111,SUP_023,FAB_025,3378,20.24,68370.72,2024-06-30,2024-07-16,2024-07-19,16,19,3,0,88.83,Medium
PO_003112,SUP_008,FAB_005,11120,6.91,76839.2,2025-02-14,2025-03-23,2025-03-24,37,38,1,0,96.1,Medium
PO_003113,SUP_009,FAB_001,15204,10.99,167091.96,2024-08-29,2024-10-01,2024-10-04,33,36,3,0,94.68,Medium
PO_003114,SUP_015,FAB_006,18334,15.2,278676.8,2025-01-19,2025-02-16,2025-02-17,28,29,1,0,92.86,Medium
PO_003115,SUP_004,FAB_022,4738,5.07,24021.66,2025-04-14,2025-05-04,2025-05-09,20,25,5,0,92.01,Medium
PO_003116,SUP_025,FAB_015,16374,13.15,215318.1,2024-10-31,2024-12-02,2024-12-04,32,34,2,0,94.08,Medium
PO_003117,SUP_025,FAB_016,6711,5.26,35299.86,2024-12-23,2025-01-07,2025-01-08,15,16,1,0,91.12,Medium
PO_003118,SUP_008,FAB_021,15370,12.27,188589.9,2025-03-20,2025-04-07,2025-04-18,18,29,11,0,96.6,High
PO_003119,SUP_016,FAB_023,11727,6.9,80916.3,2025-09-22,2025-10-20,2025-10-24,28,32,4,0,92.89,Medium
PO_003120,SUP_025,FAB_020,7754,9.52,73818.08,2025-08-04,2025-09-09,2025-09-14,36,41,5,0,94.89,Medium
PO_003121,SUP_007,FAB_018,13950,10.76,150102.0,2024-06-04,2024-06-21,2024-06-22,17,18,1,0,91.75,Medium
PO_003122,SUP_001,FAB_025,3110,16.86,52434.6,2025-06-08,2025-07-05,2025-07-05,27,27,0,1,100.0,Low
PO_003123,SUP_017,FAB_017,7914,11.31,89507.34,2024-12-15,2025-01-10,2025-01-19,26,35,9,0,86.63,High
PO_003124,SUP_017,FAB_020,5227,8.11,42390.97,2024-09-27,2024-10-23,2024-10-29,26,32,6,0,92.42,Medium
PO_003125,SUP_002,FAB_003,19461,16.83,327528.63,2024-03-19,2024-04-10,2024-04-14,22,26,4,0,100.0,Medium
PO_003126,SUP_017,FAB_017,12947,11.31,146430.57,2024-04-17,2024-05-13,2024-06-04,26,48,22,0,90.26,High
PO_003127,SUP_008,FAB_025,13152,16.9,222268.8,2024-04-02,2024-05-03,2024-05-06,31,34,3,0,94.58,Medium
PO_003128,SUP_020,FAB_006,6600,15.75,103950.0,2025-02-09,2025-02-24,2025-02-27,15,18,3,0,92.76,Medium
PO_003129,SUP_020,FAB_009,14130,9.98,141017.4,2025-06-17,2025-07-04,2025-07-04,17,17,0,1,91.72,Low
PO_003130,SUP_009,FAB_005,3338,7.36,24567.68,2025-06-12,2025-07-08,2025-07-09,26,27,1,0,97.52,Medium
PO_003131,SUP_019,FAB_002,4755,15.11,71848.05,2024-08-16,2024-09-16,2024-09-22,31,37,6,0,94.74,Medium
PO_003132,SUP_010,FAB_021,6185,13.79,85291.15,2024-09-20,2024-10-30,2024-11-01,40,42,2,0,88.75,Medium
PO_003133,SUP_007,FAB_019,12098,16.0,193568.0,2025-04-19,2025-05-29,2025-05-31,40,42,2,0,87.93,Medium
PO_003134,SUP_002,FAB_019,13808,17.14,236669.12,2024-11-01,2024-11-21,2024-11-21,20,20,0,1,89.98,Low
PO_003135,SUP_019,FAB_013,19625,12.25,240406.25,2024-06-19,2024-07-03,2024-07-06,14,17,3,0,93.42,Medium
PO_003136,SUP_012,FAB_027,6493,12.77,82915.61,2025-09-13,2025-10-18,2025-10-23,35,40,5,0,96.2,Medium
PO_003137,SUP_011,FAB_019,6162,15.83,97544.46,2024-02-13,2024-02-29,2024-03-01,16,17,1,0,90.83,Medium
PO_003138,SUP_003,FAB_028,13118,18.9,247930.2,2025-03-29,2025-04-13,2025-04-16,15,18,3,0,97.71,Medium
PO_003139,SUP_025,FAB_024,8585,5.42,46530.7,2025-07-13,2025-08-02,2025-08-05,20,23,3,0,100.0,Medium
PO_003140,SUP_021,FAB_005,12546,7.53,94471.38,2025-05-25,2025-06-22,2025-06-28,28,34,6,0,92.64,Medium
PO_003141,SUP_006,FAB_015,6950,13.95,96952.5,2025-01-03,2025-01-20,2025-01-22,17,19,2,0,95.31,Medium
PO_003142,SUP_002,FAB_005,10266,6.1,62622.6,2024-02-05,2024-03-05,2024-03-06,29,30,1,0,94.86,Medium
PO_003143,SUP_018,FAB_019,10920,15.93,173955.6,2024-08-15,2024-09-14,2024-09-18,30,34,4,0,96.58,Medium
PO_003144,SUP_018,FAB_028,18941,16.57,313852.37,2025-07-19,2025-08-11,2025-08-11,23,23,0,1,87.89,Low
PO_003145,SUP_007,FAB_016,14512,4.91,71253.92,2024-12-04,2024-12-30,2025-01-09,26,36,10,0,95.39,High
PO_003146,SUP_004,FAB_011,12231,6.56,80235.36,2024-12-11,2025-01-12,2025-01-12,32,32,0,1,95.62,Low
PO_003147,SUP_021,FAB_015,4378,15.16,66370.48,2024-01-15,2024-02-06,2024-02-07,22,23,1,0,96.7,Medium
PO_003148,SUP_022,FAB_005,13385,7.26,97175.1,2024-04-07,2024-04-30,2024-05-01,23,24,1,0,96.0,Medium
PO_003149,SUP_018,FAB_015,2883,13.28,38286.24,2025-03-19,2025-04-03,2025-04-04,15,16,1,0,100.0,Medium
PO_003150,SUP_025,FAB_014,8285,17.33,143579.05,2025-07-29,2025-08-12,2025-08-12,14,14,0,1,90.92,Low
PO_003151,SUP_001,FAB_017,19257,11.59,223188.63,2024-10-20,2024-11-24,2024-11-24,35,35,0,1,97.46,Low
PO_003152,SUP_018,FAB_024,9325,5.25,48956.25,2025-08-15,2025-08-31,2025-09-05,16,21,5,0,95.07,Medium
PO_003153,SUP_011,FAB_002,10596,14.61,154807.56,2024-04-28,2024-05-16,2024-05-18,18,20,2,0,96.07,Medium
PO_003154,SUP_015,FAB_021,8537,13.5,115249.5,2025-10-27,2025-11-20,2025-11-20,24,24,0,1,94.17,Low
PO_003155,SUP_007,FAB_004,553,8.1,4479.3,2024-06-30,2024-07-16,2024-07-20,16,20,4,0,92.63,Medium
PO_003156,SUP_018,FAB_028,9935,16.57,164622.95,2025-09-08,2025-10-01,2025-10-04,23,26,3,0,98.39,Medium
PO_003157,SUP_005,FAB_007,7180,7.27,52198.6,2025-04-17,2025-05-08,2025-05-11,21,24,3,0,96.11,Medium
PO_003158,SUP_011,FAB_011,4952,6.37,31544.24,2025-03-10,2025-04-05,2025-04-05,26,26,0,1,97.26,Low
PO_003159,SUP_024,FAB_029,3707,9.81,36365.67,2024-07-09,2024-08-04,2024-08-09,26,31,5,0,92.42,Medium
PO_003160,SUP_014,FAB_001,18769,11.57,217157.33,2025-11-12,2025-12-10,2025-12-13,28,31,3,0,92.9,Medium
PO_003161,SUP_017,FAB_020,17769,8.11,144106.59,2024-05-22,2024-06-17,2024-06-23,26,32,6,0,97.2,Medium
PO_003162,SUP_002,FAB_004,5824,7.87,45834.88,2025-05-09,2025-06-07,2025-06-09,29,31,2,0,94.17,Medium
PO_003163,SUP_008,FAB_001,11098,9.4,104321.2,2024-08-05,2024-08-24,2024-08-25,19,20,1,0,97.09,Medium
PO_003164,SUP_023,FAB_018,5893,12.17,71717.81,2025-11-12,2025-12-09,2025-12-11,27,29,2,0,92.64,Medium
PO_003165,SUP_023,FAB_028,14054,15.73,221069.42,2024-06-14,2024-07-08,2024-07-13,24,29,5,0,100.0,Medium
PO_003166,SUP_022,FAB_007,13397,8.25,110525.25,2024-03-06,2024-04-04,2024-04-04,29,29,0,1,92.2,Low
PO_003167,SUP_012,FAB_023,6640,7.53,49999.2,2024-02-02,2024-02-27,2024-03-02,25,29,4,0,96.83,Medium
PO_003168,SUP_022,FAB_005,11170,7.26,81094.2,2025-03-21,2025-04-13,2025-04-13,23,23,0,1,98.06,Low
PO_003169,SUP_008,FAB_021,19492,12.27,239166.84,2024-02-18,2024-03-07,2024-03-09,18,20,2,0,94.76,Medium
PO_003170,SUP_002,FAB_004,15070,7.87,118600.9,2025-02-11,2025-03-12,2025-03-12,29,29,0,1,97.51,Low
PO_003171,SUP_010,FAB_015,10314,12.31,126965.34,2025-04-19,2025-05-24,2025-05-25,35,36,1,0,93.57,Medium
PO_003172,SUP_004,FAB_017,13226,11.49,151966.74,2025-11-09,2025-12-11,2025-12-18,32,39,7,0,100.0,Medium
PO_003173,SUP_004,FAB_019,15269,15.3,233615.7,2024-05-16,2024-06-11,2024-06-12,26,27,1,0,93.92,Medium
PO_003174,SUP_008,FAB_021,5666,12.27,69521.82,2024-11-08,2024-11-26,2024-11-29,18,21,3,0,97.58,Medium
PO_003175,SUP_009,FAB_025,11830,19.05,225361.5,2024-11-01,2024-11-19,2024-11-23,18,22,4,0,98.06,Medium
PO_003176,SUP_011,FAB_020,17571,8.32,146190.72,2024-11-15,2024-12-24,2024-12-24,39,39,0,1,94.41,Low
PO_003177,SUP_025,FAB_008,13497,13.68,184638.96,2025-03-11,2025-04-14,2025-04-16,34,36,2,0,94.52,Medium
PO_003178,SUP_025,FAB_024,6787,5.42,36785.54,2024-01-23,2024-02-12,2024-02-12,20,20,0,1,97.26,Low
PO_003179,SUP_007,FAB_016,18204,4.91,89381.64,2024-11-08,2024-12-04,2024-12-08,26,30,4,0,94.03,Medium
PO_003180,SUP_021,FAB_005,16912,7.53,127347.36,2024-08-17,2024-09-14,2024-09-17,28,31,3,0,98.52,Medium
PO_003181,SUP_019,FAB_011,1779,5.61,9980.19,2025-11-19,2025-12-04,2025-12-10,15,21,6,0,89.93,Medium
PO_003182,SUP_023,FAB_020,3488,8.76,30554.88,2024-07-20,2024-08-23,2024-08-25,34,36,2,0,94.25,Medium
PO_003183,SUP_025,FAB_008,5305,13.68,72572.4,2024-03-21,2024-04-24,2024-04-24,34,34,0,1,89.95,Low
PO_003184,SUP_020,FAB_009,9304,9.98,92853.92,2024-05-29,2024-06-15,2024-06-19,17,21,4,0,91.94,Medium
PO_003185,SUP_002,FAB_030,6695,15.39,103036.05,2024-08-30,2024-10-06,2024-10-06,37,37,0,1,94.58,Low
PO_003186,SUP_010,FAB_021,9167,13.79,126412.93,2024-12-10,2025-01-19,2025-01-25,40,46,6,0,96.33,Medium
PO_003187,SUP_003,FAB_023,8460,7.68,64972.8,2025-05-11,2025-05-25,2025-05-26,14,15,1,0,89.36,Medium
PO_003188,SUP_024,FAB_020,12482,8.15,101728.3,2024-01-14,2024-02-17,2024-02-21,34,38,4,0,93.15,Medium
PO_003189,SUP_015,FAB_024,5400,5.13,27702.0,2024-04-13,2024-05-01,2024-05-03,18,20,2,0,97.99,Medium
PO_003190,SUP_003,FAB_016,526,4.92,2587.92,2024-08-28,2024-10-01,2024-10-02,34,35,1,0,94.23,Medium
PO_003191,SUP_005,FAB_021,5343,11.74,62726.82,2024-09-28,2024-10-19,2024-10-20,21,22,1,0,97.92,Medium
PO_003192,SUP_009,FAB_019,8693,17.77,154474.61,2024-04-08,2024-04-30,2024-04-30,22,22,0,1,100.0,Low
PO_003193,SUP_003,FAB_016,8271,4.92,40693.32,2024-08-23,2024-09-26,2024-09-26,34,34,0,1,87.57,Low
PO_003194,SUP_008,FAB_015,5345,13.41,71676.45,2025-10-09,2025-11-06,2025-11-08,28,30,2,0,92.52,Medium
PO_003195,SUP_008,FAB_005,6381,6.91,44092.71,2024-09-25,2024-11-01,2024-11-02,37,38,1,0,95.37,Medium
PO_003196,SUP_009,FAB_005,11226,7.36,82623.36,2025-04-27,2025-05-23,2025-05-25,26,28,2,0,98.55,Medium
PO_003197,SUP_023,FAB_024,16317,4.32,70489.44,2025-07-23,2025-08-23,2025-09-01,31,40,9,0,93.17,High
PO_003198,SUP_002,FAB_028,7472,16.61,124109.92,2024-08-04,2024-09-01,2024-09-04,28,31,3,0,100.0,Medium
PO_003199,SUP_015,FAB_002,16399,15.2,249264.8,2025-08-29,2025-10-07,2025-10-10,39,42,3,0,86.21,Medium
PO_003200,SUP_004,FAB_017,8610,11.49,98928.9,2025-05-04,2025-06-05,2025-06-07,32,34,2,0,95.84,Medium
PO_003201,SUP_006,FAB_007,617,7.38,4553.46,2025-06-30,2025-07-20,2025-07-24,20,24,4,0,87.43,Medium
PO_003202,SUP_019,FAB_011,13524,5.61,75869.64,2024-07-21,2024-08-05,2024-08-12,15,22,7,0,95.36,Medium
PO_003203,SUP_009,FAB_008,17284,14.7,254074.8,2024-05-24,2024-06-16,2024-06-18,23,25,2,0,97.81,Medium
PO_003204,SUP_004,FAB_015,19686,13.72,270091.92,2025-07-09,2025-08-02,2025-08-08,24,30,6,0,95.04,Medium
PO_003205,SUP_018,FAB_015,18378,13.28,244059.84,2024-12-24,2025-01-08,2025-01-11,15,18,3,0,100.0,Medium
PO_003206,SUP_016,FAB_029,4863,9.89,48095.07,2024-10-15,2024-11-02,2024-11-03,18,19,1,0,92.71,Medium
PO_003207,SUP_014,FAB_011,19279,6.09,117409.11,2025-02-11,2025-03-06,2025-03-06,23,23,0,1,87.91,Low
PO_003208,SUP_001,FAB_001,15372,9.92,152490.24,2024-06-30,2024-07-15,2024-07-15,15,15,0,1,96.75,Low
PO_003209,SUP_015,FAB_024,3392,5.13,17400.96,2024-03-24,2024-04-11,2024-04-13,18,20,2,0,91.59,Medium
PO_003210,SUP_013,FAB_016,3591,5.34,19175.94,2024-07-26,2024-08-10,2024-08-21,15,26,11,0,91.0,High
PO_003211,SUP_017,FAB_023,6223,7.59,47232.57,2024-01-02,2024-01-16,2024-01-21,14,19,5,0,94.14,Medium
PO_003212,SUP_006,FAB_014,18535,16.46,305086.1,2024-04-17,2024-05-07,2024-05-11,20,24,4,0,91.37,Medium
PO_003213,SUP_020,FAB_004,11112,8.06,89562.72,2024-09-15,2024-10-08,2024-10-09,23,24,1,0,86.3,Medium
PO_003214,SUP_003,FAB_028,5519,18.9,104309.1,2025-02-14,2025-03-01,2025-03-02,15,16,1,0,95.48,Medium
PO_003215,SUP_008,FAB_024,19470,4.27,83136.9,2024-12-28,2025-01-31,2025-02-02,34,36,2,0,97.19,Medium
PO_003216,SUP_005,FAB_021,1142,11.74,13407.08,2024-01-16,2024-02-06,2024-02-06,21,21,0,1,98.46,Low
PO_003217,SUP_014,FAB_019,2914,16.12,46973.68,2025-09-30,2025-11-04,2025-11-04,35,35,0,1,92.34,Low
PO_003218,SUP_002,FAB_027,14588,11.4,166303.2,2025-06-10,2025-07-11,2025-07-12,31,32,1,0,100.0,Medium
PO_003219,SUP_020,FAB_004,10448,8.06,84210.88,2025-03-13,2025-04-05,2025-04-06,23,24,1,0,88.09,Medium
PO_003220,SUP_012,FAB_027,18207,12.77,232503.39,2025-05-04,2025-06-08,2025-06-10,35,37,2,0,97.19,Medium
PO_003221,SUP_001,FAB_010,8145,5.36,43657.2,2025-03-28,2025-04-22,2025-04-23,25,26,1,0,97.51,Medium
PO_003222,SUP_011,FAB_015,11440,13.68,156499.2,2025-03-15,2025-04-13,2025-04-17,29,33,4,0,99.39,Medium
PO_003223,SUP_016,FAB_029,3403,9.89,33655.67,2025-03-04,2025-03-22,2025-03-23,18,19,1,0,92.36,Medium
PO_003224,SUP_003,FAB_010,18755,4.41,82709.55,2024-05-04,2024-05-19,2024-05-26,15,22,7,0,94.1,Medium
PO_003225,SUP_024,FAB_026,10627,14.09,149734.43,2024-07-18,2024-08-26,2024-08-29,39,42,3,0,96.31,Medium
PO_003226,SUP_007,FAB_019,15723,16.0,251568.0,2025-10-31,2025-12-10,2025-12-16,40,46,6,0,98.49,Medium
PO_003227,SUP_010,FAB_021,11909,13.79,164225.11,2024-09-15,2024-10-25,2024-10-28,40,43,3,0,94.38,Medium
PO_003228,SUP_010,FAB_024,15695,4.93,77376.35,2024-10-08,2024-11-06,2024-11-07,29,30,1,0,91.05,Medium
PO_003229,SUP_003,FAB_025,675,18.52,12501.0,2024-05-06,2024-06-08,2024-06-17,33,42,9,0,93.93,High
PO_003230,SUP_020,FAB_018,10497,10.58,111058.26,2024-02-19,2024-03-14,2024-03-16,24,26,2,0,95.75,Medium
PO_003231,SUP_010,FAB_016,12694,4.77,60550.38,2025-10-25,2025-11-14,2025-11-18,20,24,4,0,98.19,Medium
PO_003232,SUP_011,FAB_022,4904,5.56,27266.24,2024-12-12,2025-01-14,2025-01-17,33,36,3,0,91.88,Medium
PO_003233,SUP_019,FAB_016,9120,5.34,48700.8,2024-08-14,2024-09-06,2024-09-08,23,25,2,0,87.5,Medium
PO_003234,SUP_011,FAB_011,5569,6.37,35474.53,2025-02-07,2025-03-05,2025-03-06,26,27,1,0,90.99,Medium
PO_003235,SUP_004,FAB_019,8145,15.3,124618.5,2025-01-09,2025-02-04,2025-02-07,26,29,3,0,98.47,Medium
PO_003236,SUP_012,FAB_022,2213,4.72,10445.36,2025-09-18,2025-10-15,2025-10-15,27,27,0,1,92.65,Low
PO_003237,SUP_008,FAB_006,6181,16.71,103284.51,2025-03-17,2025-04-22,2025-04-24,36,38,2,0,95.74,Medium
PO_003238,SUP_011,FAB_002,7253,14.61,105966.33,2025-02-16,2025-03-06,2025-03-09,18,21,3,0,93.26,Medium
PO_003239,SUP_019,FAB_015,19891,14.82,294784.62,2024-03-01,2024-03-29,2024-03-29,28,28,0,1,90.87,Low
PO_003240,SUP_004,FAB_019,8335,15.3,127525.5,2025-01-24,2025-02-19,2025-02-20,26,27,1,0,90.03,Medium
PO_003241,SUP_005,FAB_016,18436,5.84,107666.24,2024-02-18,2024-03-17,2024-03-18,28,29,1,0,96.55,Medium
PO_003242,SUP_014,FAB_018,15427,11.55,178181.85,2025-05-03,2025-06-11,2025-06-13,39,41,2,0,86.59,Medium
PO_003243,SUP_021,FAB_003,13084,17.73,231979.32,2024-08-29,2024-09-18,2024-09-20,20,22,2,0,94.9,Medium
PO_003244,SUP_023,FAB_020,1386,8.76,12141.36,2024-08-19,2024-09-22,2024-09-25,34,37,3,0,92.85,Medium
PO_003245,SUP_023,FAB_007,6295,8.16,51367.2,2025-05-20,2025-06-11,2025-06-20,22,31,9,0,90.85,High
PO_003246,SUP_005,FAB_014,4348,19.38,84264.24,2025-06-21,2025-07-23,2025-07-27,32,36,4,0,92.92,Medium
PO_003247,SUP_003,FAB_028,8780,18.9,165942.0,2024-08-05,2024-08-20,2024-08-21,15,16,1,0,96.71,Medium
PO_003248,SUP_012,FAB_026,18308,11.82,216400.56,2024-09-05,2024-09-22,2024-09-28,17,23,6,0,96.24,Medium
PO_003249,SUP_017,FAB_029,5418,9.81,53150.58,2025-04-11,2025-05-15,2025-05-24,34,43,9,0,89.44,High
PO_003250,SUP_006,FAB_001,11832,9.25,109446.0,2024-01-09,2024-02-13,2024-02-15,35,37,2,0,96.99,Medium
PO_003251,SUP_023,FAB_023,15000,7.03,105450.0,2025-10-27,2025-11-28,2025-11-28,32,32,0,1,94.52,Low
PO_003252,SUP_005,FAB_021,1856,11.74,21789.44,2025-07-16,2025-08-06,2025-08-07,21,22,1,0,96.35,Medium
PO_003253,SUP_002,FAB_003,13998,16.83,235586.34,2024-01-17,2024-02-08,2024-02-12,22,26,4,0,96.96,Medium
PO_003254,SUP_019,FAB_019,9999,14.46,144585.54,2024-10-19,2024-11-19,2024-11-21,31,33,2,0,97.77,Medium
PO_003255,SUP_001,FAB_018,5882,11.04,64937.28,2025-09-29,2025-10-17,2025-10-18,18,19,1,0,96.25,Medium
PO_003256,SUP_012,FAB_008,15617,13.43,209736.31,2025-02-16,2025-03-23,2025-03-23,35,35,0,1,100.0,Low
PO_003257,SUP_017,FAB_017,672,11.31,7600.32,2024-08-06,2024-09-01,2024-09-01,26,26,0,1,96.09,Low
PO_003258,SUP_006,FAB_007,8822,7.38,65106.36,2025-03-08,2025-03-28,2025-03-30,20,22,2,0,95.48,Medium
PO_003259,SUP_018,FAB_028,3801,16.57,62982.57,2025-11-08,2025-12-01,2025-12-02,23,24,1,0,93.56,Medium
PO_003260,SUP_013,FAB_025,2881,18.47,53212.07,2025-05-26,2025-06-26,2025-07-13,31,48,17,0,94.45,High
PO_003261,SUP_017,FAB_013,8451,11.71,98961.21,2025-07-10,2025-08-16,2025-08-19,37,40,3,0,98.31,Medium
PO_003262,SUP_020,FAB_027,13644,10.12,138077.28,2024-07-28,2024-08-18,2024-08-20,21,23,2,0,93.78,Medium
PO_003263,SUP_012,FAB_023,11984,7.53,90239.52,2024-12-10,2025-01-04,2025-01-07,25,28,3,0,94.36,Medium
PO_003264,SUP_015,FAB_006,14208,15.2,215961.6,2024-07-26,2024-08-23,2024-08-29,28,34,6,0,93.89,Medium
PO_003265,SUP_021,FAB_005,3631,7.53,27341.43,2024-12-28,2025-01-25,2025-01-26,28,29,1,0,97.01,Medium
PO_003266,SUP_022,FAB_007,10872,8.25,89694.0,2025-10-09,2025-11-07,2025-11-09,29,31,2,0,100.0,Medium
PO_003267,SUP_013,FAB_020,6749,8.4,56691.6,2024-01-28,2024-03-05,2024-03-06,37,38,1,0,91.63,Medium
PO_003268,SUP_013,FAB_022,10323,5.44,56157.12,2024-03-20,2024-04-29,2024-05-01,40,42,2,0,88.17,Medium
PO_003269,SUP_024,FAB_003,17570,16.11,283052.7,2025-01-28,2025-02-12,2025-02-13,15,16,1,0,93.96,Medium
PO_003270,SUP_015,FAB_001,3463,11.17,38681.71,2024-01-29,2024-03-08,2024-03-11,39,42,3,0,90.34,Medium
PO_003271,SUP_021,FAB_010,16290,4.79,78029.1,2025-11-02,2025-12-11,2025-12-14,39,42,3,0,96.73,Medium
PO_003272,SUP_015,FAB_024,12933,5.13,66346.29,2025-04-18,2025-05-06,2025-05-13,18,25,7,0,87.46,Medium
PO_003273,SUP_001,FAB_007,6387,8.25,52692.75,2025-06-04,2025-07-09,2025-07-10,35,36,1,0,95.05,Medium
PO_003274,SUP_005,FAB_019,2514,16.25,40852.5,2025-09-19,2025-10-16,2025-10-19,27,30,3,0,96.71,Medium
PO_003275,SUP_002,FAB_005,11498,6.1,70137.8,2024-02-20,2024-03-20,2024-03-23,29,32,3,0,100.0,Medium
PO_003276,SUP_009,FAB_001,9715,10.99,106767.85,2025-07-22,2025-08-24,2025-08-28,33,37,4,0,100.0,Medium
PO_003277,SUP_021,FAB_007,8004,7.73,61870.92,2025-04-07,2025-05-12,2025-05-12,35,35,0,1,99.32,Low
PO_003278,SUP_020,FAB_005,2781,6.02,16741.62,2024-03-12,2024-04-12,2024-04-12,31,31,0,1,92.39,Low
PO_003279,SUP_024,FAB_003,5289,16.11,85205.79,2025-08-30,2025-09-14,2025-09-21,15,22,7,0,93.63,Medium
PO_003280,SUP_008,FAB_027,1580,12.68,20034.4,2025-01-19,2025-02-02,2025-02-05,14,17,3,0,97.95,Medium
PO_003281,SUP_001,FAB_001,8244,9.92,81780.48,2024-05-06,2024-05-21,2024-05-21,15,15,0,1,100.0,Low
PO_003282,SUP_005,FAB_019,9204,16.25,149565.0,2025-10-18,2025-11-14,2025-11-15,27,28,1,0,96.82,Medium
PO_003283,SUP_018,FAB_015,15549,13.28,206490.72,2025-08-02,2025-08-17,2025-08-18,15,16,1,0,96.87,Medium
PO_003284,SUP_014,FAB_001,2713,11.57,31389.41,2024-11-12,2024-12-10,2024-12-14,28,32,4,0,96.05,Medium
PO_003285,SUP_022,FAB_015,8047,14.68,118129.96,2025-08-15,2025-09-18,2025-09-19,34,35,1,0,92.99,Medium
PO_003286,SUP_018,FAB_019,9083,15.93,144692.19,2024-05-26,2024-06-25,2024-06-26,30,31,1,0,94.35,Medium
PO_003287,SUP_012,FAB_021,11422,12.26,140033.72,2025-05-10,2025-05-25,2025-05-26,15,16,1,0,95.75,Medium
PO_003288,SUP_024,FAB_026,16765,14.09,236218.85,2025-11-01,2025-12-10,2025-12-11,39,40,1,0,93.18,Medium
PO_003289,SUP_024,FAB_028,11962,18.15,217110.3,2024-03-29,2024-04-13,2024-04-14,15,16,1,0,97.68,Medium
PO_003290,SUP_025,FAB_024,7622,5.42,41311.24,2025-06-16,2025-07-06,2025-07-10,20,24,4,0,93.57,Medium
PO_003291,SUP_013,FAB_024,6335,5.18,32815.3,2025-11-21,2025-12-20,2025-12-21,29,30,1,0,99.84,Medium
PO_003292,SUP_025,FAB_012,9915,13.62,135042.3,2024-10-20,2024-11-07,2024-11-15,18,26,8,0,99.21,High
PO_003293,SUP_015,FAB_021,10361,13.5,139873.5,2024-06-14,2024-07-08,2024-07-10,24,26,2,0,90.28,Medium
PO_003294,SUP_007,FAB_019,8160,16.0,130560.0,2024-09-13,2024-10-23,2024-10-30,40,47,7,0,98.33,Medium
PO_003295,SUP_014,FAB_017,11125,11.32,125935.0,2024-09-25,2024-10-24,2024-10-26,29,31,2,0,97.37,Medium
PO_003296,SUP_007,FAB_011,13860,5.74,79556.4,2024-06-16,2024-07-22,2024-07-25,36,39,3,0,94.56,Medium
PO_003297,SUP_001,FAB_001,14114,9.92,140010.88,2025-11-23,2025-12-08,2025-12-09,15,16,1,0,100.0,Medium
PO_003298,SUP_012,FAB_008,13854,13.43,186059.22,2025-01-15,2025-02-19,2025-02-24,35,40,5,0,100.0,Medium
PO_003299,SUP_017,FAB_005,15867,6.39,101390.13,2024-11-20,2024-12-20,2024-12-31,30,41,11,0,93.39,High
PO_003300,SUP_024,FAB_025,9825,19.85,195026.25,2024-01-12,2024-01-28,2024-02-04,16,23,7,0,94.43,Medium
PO_003301,SUP_014,FAB_017,3488,11.32,39484.16,2025-04-20,2025-05-19,2025-05-20,29,30,1,0,94.82,Medium
PO_003302,SUP_021,FAB_003,5930,17.73,105138.9,2024-02-14,2024-03-05,2024-03-05,20,20,0,1,87.58,Low
PO_003303,SUP_012,FAB_023,10628,7.53,80028.84,2024-10-18,2024-11-12,2024-11-12,25,25,0,1,99.41,Low
PO_003304,SUP_008,FAB_028,647,16.49,10669.03,2024-08-28,2024-09-23,2024-09-30,26,33,7,0,93.59,Medium
PO_003305,SUP_023,FAB_024,2073,4.32,8955.36,2024-06-02,2024-07-03,2024-07-10,31,38,7,0,87.42,Medium
PO_003306,SUP_025,FAB_016,1218,5.26,6406.68,2024-11-26,2024-12-11,2024-12-11,15,15,0,1,93.61,Low
PO_003307,SUP_003,FAB_016,12116,4.92,59610.72,2025-09-08,2025-10-12,2025-10-18,34,40,6,0,94.84,Medium
PO_003308,SUP_001,FAB_017,9814,11.59,113744.26,2024-05-20,2024-06-24,2024-06-24,35,35,0,1,89.98,Low
PO_003309,SUP_014,FAB_018,4102,11.55,47378.1,2024-11-14,2024-12-23,2024-12-27,39,43,4,0,91.7,Medium
PO_003310,SUP_003,FAB_006,3969,16.44,65250.36,2024-01-11,2024-02-07,2024-02-13,27,33,6,0,94.5,Medium
PO_003311,SUP_021,FAB_019,14095,17.9,252300.5,2025-04-26,2025-05-24,2025-05-26,28,30,2,0,92.28,Medium
PO_003312,SUP_022,FAB_020,19515,10.02,195540.3,2024-09-20,2024-10-18,2024-10-19,28,29,1,0,95.4,Medium
PO_003313,SUP_013,FAB_015,7921,13.25,104953.25,2024-07-15,2024-08-20,2024-08-20,36,36,0,1,93.19,Low
PO_003314,SUP_006,FAB_018,4924,11.78,58004.72,2024-02-29,2024-04-06,2024-04-12,37,43,6,0,93.17,Medium
PO_003315,SUP_022,FAB_005,7786,7.26,56526.36,2024-05-05,2024-05-28,2024-05-29,23,24,1,0,99.21,Medium
PO_003316,SUP_022,FAB_005,805,7.26,5844.3,2024-01-17,2024-02-09,2024-02-09,23,23,0,1,92.95,Low
PO_003317,SUP_021,FAB_010,13364,4.79,64013.56,2025-10-20,2025-11-28,2025-12-02,39,43,4,0,91.84,Medium
PO_003318,SUP_025,FAB_005,11226,6.69,75101.94,2024-06-07,2024-06-28,2024-07-01,21,24,3,0,97.28,Medium
PO_003319,SUP_003,FAB_006,6811,16.44,111972.84,2024-06-05,2024-07-02,2024-07-11,27,36,9,0,97.74,High
PO_003320,SUP_025,FAB_012,2633,13.62,35861.46,2024-04-08,2024-04-26,2024-04-28,18,20,2,0,90.78,Medium
PO_003321,SUP_011,FAB_030,8008,15.43,123563.44,2024-06-15,2024-07-02,2024-07-02,17,17,0,1,87.32,Low
PO_003322,SUP_021,FAB_010,8592,4.79,41155.68,2024-01-15,2024-02-23,2024-02-24,39,40,1,0,94.17,Medium
PO_003323,SUP_012,FAB_023,9826,7.53,73989.78,2024-06-19,2024-07-14,2024-07-15,25,26,1,0,100.0,Medium
PO_003324,SUP_015,FAB_024,10528,5.13,54008.64,2024-11-11,2024-11-29,2024-11-30,18,19,1,0,87.53,Medium
PO_003325,SUP_002,FAB_003,2821,16.83,47477.43,2024-10-12,2024-11-03,2024-11-15,22,34,12,0,97.18,High
PO_003326,SUP_023,FAB_025,19278,20.24,390186.72,2024-04-15,2024-05-01,2024-05-04,16,19,3,0,91.76,Medium
PO_003327,SUP_002,FAB_019,15339,17.14,262910.46,2024-04-24,2024-05-14,2024-05-17,20,23,3,0,94.27,Medium
PO_003328,SUP_001,FAB_025,16752,16.86,282438.72,2025-08-18,2025-09-14,2025-09-14,27,27,0,1,98.07,Low
PO_003329,SUP_025,FAB_020,6590,9.52,62736.8,2025-10-08,2025-11-13,2025-11-17,36,40,4,0,94.24,Medium
PO_003330,SUP_012,FAB_030,7145,15.33,109532.85,2024-09-03,2024-09-30,2024-10-04,27,31,4,0,95.2,Medium
PO_003331,SUP_023,FAB_025,7912,20.24,160138.88,2025-09-21,2025-10-07,2025-10-14,16,23,7,0,96.58,Medium
PO_003332,SUP_021,FAB_007,19704,7.73,152311.92,2024-05-14,2024-06-18,2024-06-23,35,40,5,0,88.1,Medium
PO_003333,SUP_019,FAB_013,12646,12.25,154913.5,2024-07-24,2024-08-07,2024-08-07,14,14,0,1,87.66,Low
PO_003334,SUP_013,FAB_024,12582,5.18,65174.76,2025-07-16,2025-08-14,2025-08-16,29,31,2,0,97.02,Medium
PO_003335,SUP_006,FAB_026,3946,12.79,50469.34,2025-02-06,2025-02-22,2025-03-06,16,28,12,0,97.2,High
PO_003336,SUP_002,FAB_027,3695,11.4,42123.0,2025-08-25,2025-09-25,2025-09-25,31,31,0,1,96.02,Low
PO_003337,SUP_025,FAB_025,5987,17.52,104892.24,2024-01-17,2024-02-11,2024-02-11,25,25,0,1,95.28,Low
PO_003338,SUP_008,FAB_011,6816,5.27,35920.32,2025-03-05,2025-03-26,2025-04-02,21,28,7,0,90.16,Medium
PO_003339,SUP_013,FAB_026,12317,11.83,145710.11,2025-07-25,2025-08-26,2025-08-27,32,33,1,0,89.04,Medium
PO_003340,SUP_013,FAB_024,9476,5.18,49085.68,2024-04-27,2024-05-26,2024-06-02,29,36,7,0,96.01,Medium
PO_003341,SUP_013,FAB_025,2347,18.47,43349.09,2025-04-14,2025-05-15,2025-05-16,31,32,1,0,94.08,Medium
PO_003342,SUP_010,FAB_006,12194,16.62,202664.28,2024-05-13,2024-06-18,2024-06-18,36,36,0,1,89.18,Low
PO_003343,SUP_023,FAB_020,17603,8.76,154202.28,2025-10-01,2025-11-04,2025-11-07,34,37,3,0,87.62,Medium
PO_003344,SUP_021,FAB_010,3220,4.79,15423.8,2025-11-09,2025-12-18,2025-12-24,39,45,6,0,92.11,Medium
PO_003345,SUP_002,FAB_022,2649,5.07,13430.43,2025-10-19,2025-11-12,2025-11-18,24,30,6,0,94.77,Medium
PO_003346,SUP_025,FAB_025,14609,17.52,255949.68,2024-05-30,2024-06-24,2024-06-29,25,30,5,0,100.0,Medium
PO_003347,SUP_024,FAB_025,13735,19.85,272639.75,2024-04-26,2024-05-12,2024-05-12,16,16,0,1,94.84,Low
PO_003348,SUP_023,FAB_017,4133,9.24,38188.92,2025-05-08,2025-06-14,2025-06-16,37,39,2,0,91.19,Medium
PO_003349,SUP_018,FAB_028,3325,16.57,55095.25,2025-11-18,2025-12-11,2025-12-17,23,29,6,0,100.0,Medium
PO_003350,SUP_019,FAB_028,7715,16.65,128454.75,2024-05-23,2024-06-27,2024-07-13,35,51,16,0,97.47,High
PO_003351,SUP_019,FAB_012,5880,12.38,72794.4,2024-07-17,2024-08-26,2024-08-29,40,43,3,0,88.79,Medium
PO_003352,SUP_017,FAB_029,7111,9.81,69758.91,2024-03-22,2024-04-25,2024-05-03,34,42,8,0,96.72,High
PO_003353,SUP_013,FAB_025,14462,18.47,267113.14,2025-05-29,2025-06-29,2025-06-30,31,32,1,0,88.64,Medium
PO_003354,SUP_003,FAB_006,18308,16.44,300983.52,2025-06-18,2025-07-15,2025-07-21,27,33,6,0,90.95,Medium
PO_003355,SUP_002,FAB_004,12527,7.87,98587.49,2024-05-02,2024-05-31,2024-06-03,29,32,3,0,95.55,Medium
PO_003356,SUP_011,FAB_020,4466,8.32,37157.12,2025-02-15,2025-03-26,2025-03-27,39,40,1,0,100.0,Medium
PO_003357,SUP_011,FAB_022,7104,5.56,39498.24,2024-05-30,2024-07-02,2024-07-04,33,35,2,0,92.59,Medium
PO_003358,SUP_018,FAB_019,15738,15.93,250706.34,2024-04-11,2024-05-11,2024-05-11,30,30,0,1,96.4,Low
PO_003359,SUP_012,FAB_028,12520,16.72,209334.4,2024-11-06,2024-11-26,2024-11-26,20,20,0,1,93.57,Low
PO_003360,SUP_020,FAB_009,4928,9.98,49181.44,2025-05-03,2025-05-20,2025-05-22,17,19,2,0,92.52,Medium
PO_003361,SUP_004,FAB_017,13854,11.49,159182.46,2025-10-02,2025-11-03,2025-11-07,32,36,4,0,88.54,Medium
PO_003362,SUP_023,FAB_016,10763,5.8,62425.4,2024-04-26,2024-05-26,2024-05-26,30,30,0,1,93.56,Low
PO_003363,SUP_024,FAB_026,13338,14.09,187932.42,2024-02-11,2024-03-21,2024-03-21,39,39,0,1,97.52,Low
PO_003364,SUP_010,FAB_011,7421,6.57,48755.97,2024-12-31,2025-01-15,2025-01-16,15,16,1,0,92.34,Medium
PO_003365,SUP_002,FAB_003,1396,16.83,23494.68,2024-02-28,2024-03-21,2024-03-23,22,24,2,0,93.14,Medium
PO_003366,SUP_020,FAB_005,17346,6.02,104422.92,2025-02-14,2025-03-17,2025-03-17,31,31,0,1,94.26,Low
PO_003367,SUP_022,FAB_030,19420,18.31,355580.2,2025-05-02,2025-05-28,2025-05-29,26,27,1,0,98.54,Medium
PO_003368,SUP_001,FAB_004,10513,7.06,74221.78,2024-10-31,2024-11-23,2024-11-24,23,24,1,0,96.18,Medium
PO_003369,SUP_002,FAB_005,14765,6.1,90066.5,2024-05-19,2024-06-17,2024-06-17,29,29,0,1,92.89,Low
PO_003370,SUP_023,FAB_024,12654,4.32,54665.28,2025-03-21,2025-04-21,2025-04-22,31,32,1,0,90.55,Medium
PO_003371,SUP_023,FAB_028,11192,15.73,176050.16,2024-07-14,2024-08-07,2024-08-08,24,25,1,0,97.24,Medium
PO_003372,SUP_006,FAB_008,4881,16.35,79804.35,2024-02-02,2024-03-12,2024-03-13,39,40,1,0,96.82,Medium
PO_003373,SUP_013,FAB_015,7653,13.25,101402.25,2025-06-12,2025-07-18,2025-07-18,36,36,0,1,95.38,Low
PO_003374,SUP_010,FAB_018,9695,11.86,114982.7,2024-08-08,2024-08-25,2024-08-25,17,17,0,1,91.85,Low
PO_003375,SUP_012,FAB_005,11741,7.19,84417.79,2024-10-01,2024-10-18,2024-10-18,17,17,0,1,100.0,Low
PO_003376,SUP_015,FAB_006,1137,15.2,17282.4,2025-08-01,2025-08-29,2025-09-03,28,33,5,0,91.19,Medium
PO_003377,SUP_020,FAB_009,14950,9.98,149201.0,2024-10-06,2024-10-23,2024-10-30,17,24,7,0,93.88,Medium
PO_003378,SUP_007,FAB_018,8196,10.76,88188.96,2024-10-18,2024-11-04,2024-11-11,17,24,7,0,96.49,Medium
PO_003379,SUP_023,FAB_023,10448,7.03,73449.44,2024-04-01,2024-05-03,2024-05-04,32,33,1,0,95.5,Medium
PO_003380,SUP_013,FAB_020,15580,8.4,130872.0,2025-07-12,2025-08-18,2025-08-24,37,43,6,0,91.97,Medium
PO_003381,SUP_009,FAB_001,17090,10.99,187819.1,2025-10-26,2025-11-28,2025-12-03,33,38,5,0,100.0,Medium
PO_003382,SUP_004,FAB_015,972,13.72,13335.84,2024-02-19,2024-03-14,2024-03-26,24,36,12,0,93.82,High
PO_003383,SUP_025,FAB_006,16398,16.41,269091.18,2024-03-12,2024-03-29,2024-04-01,17,20,3,0,100.0,Medium
PO_003384,SUP_023,FAB_018,6517,12.17,79311.89,2024-03-12,2024-04-08,2024-04-13,27,32,5,0,92.07,Medium
PO_003385,SUP_005,FAB_026,1224,13.45,16462.8,2025-04-07,2025-05-15,2025-05-15,38,38,0,1,100.0,Low
PO_003386,SUP_019,FAB_024,3853,5.38,20729.14,2024-09-15,2024-09-29,2024-09-29,14,14,0,1,96.66,Low
PO_003387,SUP_002,FAB_003,2999,16.83,50473.17,2025-07-10,2025-08-01,2025-08-02,22,23,1,0,99.59,Medium
PO_003388,SUP_018,FAB_012,5402,13.73,74169.46,2024-07-30,2024-09-01,2024-09-07,33,39,6,0,100.0,Medium
PO_003389,SUP_007,FAB_011,17989,5.74,103256.86,2025-02-28,2025-04-05,2025-04-10,36,41,5,0,95.73,Medium
PO_003390,SUP_002,FAB_019,1795,17.14,30766.3,2024-09-26,2024-10-16,2024-10-17,20,21,1,0,100.0,Medium
PO_003391,SUP_020,FAB_005,5586,6.02,33627.72,2025-11-28,2025-12-29,2026-01-02,31,35,4,0,92.93,Medium
PO_003392,SUP_017,FAB_021,2361,13.27,31330.47,2024-03-12,2024-04-09,2024-04-13,28,32,4,0,92.58,Medium
PO_003393,SUP_023,FAB_024,19212,4.32,82995.84,2024-02-24,2024-03-26,2024-03-30,31,35,4,0,89.13,Medium
PO_003394,SUP_015,FAB_010,1249,5.34,6669.66,2025-03-01,2025-03-16,2025-03-24,15,23,8,0,90.08,High
PO_003395,SUP_009,FAB_008,11097,14.7,163125.9,2024-11-05,2024-11-28,2024-12-01,23,26,3,0,98.46,Medium
PO_003396,SUP_021,FAB_005,16696,7.53,125720.88,2024-08-28,2024-09-25,2024-09-28,28,31,3,0,94.98,Medium
PO_003397,SUP_014,FAB_009,10538,8.16,85990.08,2024-03-01,2024-03-20,2024-03-28,19,27,8,0,93.83,High
PO_003398,SUP_024,FAB_028,12957,18.15,235169.55,2024-03-30,2024-04-14,2024-04-14,15,15,0,1,94.91,Low
PO_003399,SUP_018,FAB_007,14719,7.44,109509.36,2024-11-04,2024-12-11,2024-12-17,37,43,6,0,96.0,Medium
PO_003400,SUP_020,FAB_009,17597,9.98,175618.06,2024-04-24,2024-05-11,2024-05-15,17,21,4,0,89.97,Medium
PO_003401,SUP_011,FAB_015,17276,13.68,236335.68,2025-06-06,2025-07-05,2025-07-10,29,34,5,0,100.0,Medium
PO_003402,SUP_008,FAB_024,19636,4.27,83845.72,2025-05-28,2025-07-01,2025-07-09,34,42,8,0,93.2,High
PO_003403,SUP_023,FAB_028,15497,15.73,243767.81,2024-10-07,2024-10-31,2024-11-03,24,27,3,0,95.44,Medium
PO_003404,SUP_019,FAB_015,7878,14.82,116751.96,2024-04-15,2024-05-13,2024-05-25,28,40,12,0,90.41,High
PO_003405,SUP_010,FAB_006,10746,16.62,178598.52,2025-04-27,2025-06-02,2025-06-04,36,38,2,0,93.65,Medium
PO_003406,SUP_009,FAB_010,15394,5.01,77123.94,2025-11-07,2025-12-01,2025-12-02,24,25,1,0,96.37,Medium
PO_003407,SUP_010,FAB_016,5720,4.77,27284.4,2024-07-26,2024-08-15,2024-08-16,20,21,1,0,97.82,Medium
PO_003408,SUP_023,FAB_016,18607,5.8,107920.6,2025-01-02,2025-02-01,2025-02-13,30,42,12,0,89.87,High
PO_003409,SUP_017,FAB_021,5083,13.27,67451.41,2024-03-25,2024-04-22,2024-04-24,28,30,2,0,94.85,Medium
PO_003410,SUP_010,FAB_011,7004,6.57,46016.28,2024-06-29,2024-07-14,2024-07-18,15,19,4,0,92.2,Medium
PO_003411,SUP_012,FAB_017,2783,9.86,27440.38,2024-02-08,2024-03-07,2024-03-07,28,28,0,1,90.92,Low
PO_003412,SUP_013,FAB_013,13743,13.87,190615.41,2025-02-13,2025-03-05,2025-03-11,20,26,6,0,96.58,Medium
PO_003413,SUP_005,FAB_014,19969,19.38,386999.22,2024-11-04,2024-12-06,2024-12-06,32,32,0,1,92.06,Low
PO_003414,SUP_002,FAB_013,16069,13.79,221591.51,2024-12-07,2024-12-24,2024-12-26,17,19,2,0,100.0,Medium
PO_003415,SUP_003,FAB_023,8503,7.68,65303.04,2025-04-08,2025-04-22,2025-04-29,14,21,7,0,92.66,Medium
PO_003416,SUP_007,FAB_004,15931,8.1,129041.1,2025-10-27,2025-11-12,2025-11-16,16,20,4,0,91.43,Medium
PO_003417,SUP_020,FAB_027,15939,10.12,161302.68,2024-12-21,2025-01-11,2025-01-15,21,25,4,0,88.81,Medium
PO_003418,SUP_012,FAB_030,15464,15.33,237063.12,2024-07-14,2024-08-10,2024-08-11,27,28,1,0,97.54,Medium
PO_003419,SUP_017,FAB_013,2390,11.71,27986.9,2025-01-06,2025-02-12,2025-02-27,37,52,15,0,94.58,High
PO_003420,SUP_019,FAB_028,19483,16.65,324391.95,2025-01-31,2025-03-07,2025-03-10,35,38,3,0,91.59,Medium
PO_003421,SUP_019,FAB_024,5121,5.38,27550.98,2024-03-18,2024-04-01,2024-04-02,14,15,1,0,91.75,Medium
PO_003422,SUP_021,FAB_007,824,7.73,6369.52,2024-09-16,2024-10-21,2024-10-21,35,35,0,1,89.25,Low
PO_003423,SUP_020,FAB_006,16304,15.75,256788.0,2025-05-05,2025-05-20,2025-05-20,15,15,0,1,96.35,Low
PO_003424,SUP_014,FAB_014,3940,17.09,67334.6,2025-03-15,2025-04-13,2025-04-18,29,34,5,0,86.95,Medium
PO_003425,SUP_021,FAB_003,16436,17.73,291410.28,2024-06-20,2024-07-10,2024-07-13,20,23,3,0,95.61,Medium
PO_003426,SUP_003,FAB_014,13907,19.82,275636.74,2024-08-23,2024-09-15,2024-09-24,23,32,9,0,99.81,High
PO_003427,SUP_013,FAB_015,8426,13.25,111644.5,2024-05-20,2024-06-25,2024-06-28,36,39,3,0,90.78,Medium
PO_003428,SUP_015,FAB_018,10333,12.21,126165.93,2025-07-09,2025-08-08,2025-08-10,30,32,2,0,96.03,Medium
PO_003429,SUP_014,FAB_011,5783,6.09,35218.47,2025-05-11,2025-06-03,2025-06-12,23,32,9,0,95.76,High
PO_003430,SUP_015,FAB_009,4778,8.22,39275.16,2024-05-02,2024-06-07,2024-06-08,36,37,1,0,94.68,Medium
PO_003431,SUP_024,FAB_026,1640,14.09,23107.6,2024-12-07,2025-01-15,2025-01-17,39,41,2,0,86.51,Medium
PO_003432,SUP_024,FAB_020,17641,8.15,143774.15,2025-02-07,2025-03-13,2025-03-26,34,47,13,0,95.41,High
PO_003433,SUP_005,FAB_003,18214,17.05,310548.7,2024-07-17,2024-08-25,2024-08-29,39,43,4,0,93.12,Medium
PO_003434,SUP_006,FAB_008,2103,16.35,34384.05,2025-05-27,2025-07-05,2025-07-09,39,43,4,0,96.96,Medium
PO_003435,SUP_013,FAB_015,4695,13.25,62208.75,2025-02-08,2025-03-16,2025-03-25,36,45,9,0,91.49,High
PO_003436,SUP_018,FAB_019,1676,15.93,26698.68,2024-04-11,2024-05-11,2024-05-11,30,30,0,1,90.53,Low
PO_003437,SUP_004,FAB_014,11770,19.52,229750.4,2024-12-24,2025-01-13,2025-01-22,20,29,9,0,96.01,High
PO_003438,SUP_002,FAB_022,12311,5.07,62416.77,2024-02-04,2024-02-28,2024-03-01,24,26,2,0,96.57,Medium
PO_003439,SUP_022,FAB_021,3408,13.91,47405.28,2025-01-06,2025-01-28,2025-01-29,22,23,1,0,100.0,Medium
PO_003440,SUP_021,FAB_005,11061,7.53,83289.33,2024-08-04,2024-09-01,2024-09-05,28,32,4,0,88.59,Medium
PO_003441,SUP_007,FAB_026,17213,14.05,241842.65,2024-11-16,2024-12-02,2024-12-07,16,21,5,0,94.18,Medium
PO_003442,SUP_003,FAB_023,7308,7.68,56125.44,2024-04-23,2024-05-07,2024-05-07,14,14,0,1,88.42,Low
PO_003443,SUP_011,FAB_030,6780,15.43,104615.4,2024-11-06,2024-11-23,2024-11-24,17,18,1,0,93.36,Medium
PO_003444,SUP_024,FAB_021,17230,11.96,206070.8,2025-01-21,2025-02-07,2025-02-12,17,22,5,0,93.07,Medium
PO_003445,SUP_018,FAB_014,10564,19.73,208427.72,2025-05-18,2025-06-06,2025-06-07,19,20,1,0,95.85,Medium
PO_003446,SUP_005,FAB_017,12914,10.84,139987.76,2025-09-24,2025-10-26,2025-10-26,32,32,0,1,97.5,Low
PO_003447,SUP_022,FAB_023,13787,7.57,104367.59,2025-12-01,2025-12-23,2025-12-24,22,23,1,0,94.5,Medium
PO_003448,SUP_023,FAB_006,8486,14.79,125507.94,2024-10-08,2024-11-12,2024-11-14,35,37,2,0,95.68,Medium
PO_003449,SUP_014,FAB_014,4522,17.09,77280.98,2025-03-29,2025-04-27,2025-05-02,29,34,5,0,88.53,Medium
PO_003450,SUP_002,FAB_005,6554,6.1,39979.4,2024-04-19,2024-05-18,2024-05-19,29,30,1,0,95.75,Medium
PO_003451,SUP_009,FAB_015,2908,13.73,39926.84,2024-12-08,2025-01-05,2025-01-13,28,36,8,0,99.23,High
PO_003452,SUP_011,FAB_030,17990,15.43,277585.7,2025-03-28,2025-04-14,2025-04-14,17,17,0,1,90.83,Low
PO_003453,SUP_008,FAB_011,6438,5.27,33928.26,2024-01-06,2024-01-27,2024-01-30,21,24,3,0,92.55,Medium
PO_003454,SUP_008,FAB_002,957,12.75,12201.75,2025-07-21,2025-08-09,2025-08-12,19,22,3,0,88.56,Medium
PO_003455,SUP_014,FAB_014,14739,17.09,251889.51,2025-05-28,2025-06-26,2025-07-03,29,36,7,0,88.75,Medium
PO_003456,SUP_021,FAB_003,15248,17.73,270347.04,2024-06-16,2024-07-06,2024-07-06,20,20,0,1,91.81,Low
PO_003457,SUP_019,FAB_014,13430,19.06,255975.8,2024-09-14,2024-09-30,2024-10-04,16,20,4,0,86.37,Medium
PO_003458,SUP_003,FAB_016,4546,4.92,22366.32,2025-09-07,2025-10-11,2025-10-25,34,48,14,0,93.42,High
PO_003459,SUP_010,FAB_022,9034,5.48,49506.32,2024-05-03,2024-05-20,2024-05-23,17,20,3,0,96.67,Medium
PO_003460,SUP_015,FAB_021,19468,13.5,262818.0,2025-04-16,2025-05-10,2025-05-16,24,30,6,0,92.47,Medium
PO_003461,SUP_008,FAB_001,10558,9.4,99245.2,2024-08-08,2024-08-27,2024-08-31,19,23,4,0,96.43,Medium
PO_003462,SUP_013,FAB_021,14795,12.18,180203.1,2025-11-03,2025-12-05,2025-12-12,32,39,7,0,94.94,Medium
PO_003463,SUP_009,FAB_010,6227,5.01,31197.27,2025-04-08,2025-05-02,2025-05-11,24,33,9,0,99.51,High
PO_003464,SUP_008,FAB_023,3246,6.73,21845.58,2024-06-03,2024-07-05,2024-07-07,32,34,2,0,99.13,Medium
PO_003465,SUP_010,FAB_006,2845,16.62,47283.9,2024-08-31,2024-10-06,2024-10-09,36,39,3,0,92.04,Medium
PO_003466,SUP_001,FAB_025,15993,16.86,269641.98,2024-04-14,2024-05-11,2024-05-11,27,27,0,1,100.0,Low
PO_003467,SUP_004,FAB_015,10276,13.72,140986.72,2025-01-17,2025-02-10,2025-02-11,24,25,1,0,94.91,Medium
PO_003468,SUP_002,FAB_006,3395,14.77,50144.15,2025-09-19,2025-10-16,2025-10-16,27,27,0,1,96.34,Low
PO_003469,SUP_024,FAB_020,7070,8.15,57620.5,2024-05-25,2024-06-28,2024-07-02,34,38,4,0,97.97,Medium
PO_003470,SUP_025,FAB_006,6557,16.41,107600.37,2025-04-14,2025-05-01,2025-05-01,17,17,0,1,95.88,Low
PO_003471,SUP_019,FAB_028,19500,16.65,324675.0,2025-05-29,2025-07-03,2025-07-13,35,45,10,0,100.0,High
PO_003472,SUP_020,FAB_027,10789,10.12,109184.68,2025-08-22,2025-09-12,2025-09-17,21,26,5,0,90.55,Medium
PO_003473,SUP_019,FAB_024,9836,5.38,52917.68,2024-03-16,2024-03-30,2024-04-04,14,19,5,0,92.75,Medium
PO_003474,SUP_019,FAB_003,13788,16.33,225158.04,2025-02-16,2025-03-16,2025-03-25,28,37,9,0,87.86,High
PO_003475,SUP_004,FAB_002,2564,12.42,31844.88,2024-06-22,2024-07-09,2024-07-11,17,19,2,0,89.92,Medium
PO_003476,SUP_007,FAB_012,2708,10.96,29679.68,2024-12-06,2024-12-28,2025-01-02,22,27,5,0,94.58,Medium
PO_003477,SUP_012,FAB_028,13943,16.72,233126.96,2025-08-24,2025-09-13,2025-09-17,20,24,4,0,94.42,Medium
PO_003478,SUP_023,FAB_025,4047,20.24,81911.28,2024-02-14,2024-03-01,2024-03-05,16,20,4,0,97.6,Medium
PO_003479,SUP_008,FAB_015,18766,13.41,251652.06,2024-12-08,2025-01-05,2025-01-09,28,32,4,0,92.03,Medium
PO_003480,SUP_005,FAB_026,3808,13.45,51217.6,2025-11-28,2026-01-05,2026-01-08,38,41,3,0,98.63,Medium
PO_003481,SUP_009,FAB_015,3230,13.73,44347.9,2025-09-24,2025-10-22,2025-10-23,28,29,1,0,94.01,Medium
PO_003482,SUP_025,FAB_008,15014,13.68,205391.52,2025-03-09,2025-04-12,2025-04-17,34,39,5,0,100.0,Medium
PO_003483,SUP_012,FAB_008,13954,13.43,187402.22,2024-10-14,2024-11-18,2024-11-19,35,36,1,0,94.9,Medium
PO_003484,SUP_011,FAB_015,13676,13.68,187087.68,2025-05-05,2025-06-03,2025-06-09,29,35,6,0,93.23,Medium
PO_003485,SUP_005,FAB_019,4417,16.25,71776.25,2024-03-25,2024-04-21,2024-04-28,27,34,7,0,96.06,Medium
PO_003486,SUP_025,FAB_020,19323,9.52,183954.96,2025-03-03,2025-04-08,2025-04-09,36,37,1,0,99.69,Medium
PO_003487,SUP_002,FAB_003,2941,16.83,49497.03,2024-10-28,2024-11-19,2024-11-23,22,26,4,0,93.47,Medium
PO_003488,SUP_022,FAB_005,1767,7.26,12828.42,2024-02-20,2024-03-14,2024-03-16,23,25,2,0,93.67,Medium
PO_003489,SUP_008,FAB_023,10471,6.73,70469.83,2024-11-23,2024-12-25,2024-12-26,32,33,1,0,88.45,Medium
PO_003490,SUP_018,FAB_004,13003,7.39,96092.17,2025-06-02,2025-07-02,2025-07-02,30,30,0,1,95.51,Low
PO_003491,SUP_010,FAB_021,3474,13.79,47906.46,2024-12-10,2025-01-19,2025-01-21,40,42,2,0,90.56,Medium
PO_003492,SUP_022,FAB_021,14979,13.91,208357.89,2025-10-16,2025-11-07,2025-11-11,22,26,4,0,100.0,Medium
PO_003493,SUP_008,FAB_027,10273,12.68,130261.64,2024-08-23,2024-09-06,2024-09-06,14,14,0,1,99.17,Low
PO_003494,SUP_004,FAB_011,13423,6.56,88054.88,2025-04-10,2025-05-12,2025-05-13,32,33,1,0,88.67,Medium
PO_003495,SUP_019,FAB_015,4161,14.82,61666.02,2024-12-05,2025-01-02,2025-01-03,28,29,1,0,92.64,Medium
PO_003496,SUP_018,FAB_005,4947,7.22,35717.34,2025-06-13,2025-07-22,2025-07-25,39,42,3,0,96.89,Medium
PO_003497,SUP_011,FAB_030,7241,15.43,111728.63,2025-10-19,2025-11-05,2025-11-05,17,17,0,1,96.35,Low
PO_003498,SUP_008,FAB_006,5367,16.71,89682.57,2025-03-12,2025-04-17,2025-04-19,36,38,2,0,95.83,Medium
PO_003499,SUP_002,FAB_019,9809,17.14,168126.26,2024-06-09,2024-06-29,2024-06-29,20,20,0,1,97.39,Low
PO_003500,SUP_009,FAB_019,14645,17.77,260241.65,2025-09-19,2025-10-11,2025-10-12,22,23,1,0,98.61,Medium
PO_003501,SUP_001,FAB_017,5518,11.59,63953.62,2024-07-06,2024-08-10,2024-08-12,35,37,2,0,95.21,Medium
PO_003502,SUP_014,FAB_018,13029,11.55,150484.95,2025-03-03,2025-04-11,2025-04-14,39,42,3,0,87.81,Medium
PO_003503,SUP_023,FAB_017,10269,9.24,94885.56,2024-01-05,2024-02-11,2024-02-11,37,37,0,1,93.62,Low
PO_003504,SUP_009,FAB_025,1565,19.05,29813.25,2025-09-01,2025-09-19,2025-09-23,18,22,4,0,95.84,Medium
PO_003505,SUP_010,FAB_029,2800,8.48,23744.0,2024-09-24,2024-10-09,2024-10-11,15,17,2,0,95.11,Medium
PO_003506,SUP_024,FAB_020,3867,8.15,31516.05,2025-05-05,2025-06-08,2025-06-09,34,35,1,0,93.19,Medium
PO_003507,SUP_008,FAB_005,13704,6.91,94694.64,2024-06-28,2024-08-04,2024-08-07,37,40,3,0,93.41,Medium
PO_003508,SUP_024,FAB_015,11920,12.36,147331.2,2025-03-19,2025-04-15,2025-04-20,27,32,5,0,93.73,Medium
PO_003509,SUP_018,FAB_008,6823,14.6,99615.8,2024-06-08,2024-06-24,2024-06-25,16,17,1,0,87.42,Medium
PO_003510,SUP_010,FAB_029,596,8.48,5054.08,2024-04-03,2024-04-18,2024-04-20,15,17,2,0,94.44,Medium
PO_003511,SUP_006,FAB_007,19737,7.38,145659.06,2024-01-18,2024-02-07,2024-02-10,20,23,3,0,87.82,Medium
PO_003512,SUP_016,FAB_014,2733,20.14,55042.62,2025-08-16,2025-09-12,2025-09-13,27,28,1,0,90.22,Medium
PO_003513,SUP_025,FAB_015,2003,13.15,26339.45,2025-08-31,2025-10-02,2025-10-02,32,32,0,1,90.55,Low
PO_003514,SUP_015,FAB_009,9563,8.22,78607.86,2024-12-02,2025-01-07,2025-01-09,36,38,2,0,91.33,Medium
PO_003515,SUP_023,FAB_019,12930,15.67,202613.1,2025-05-16,2025-06-01,2025-06-05,16,20,4,0,90.01,Medium
PO_003516,SUP_019,FAB_014,13229,19.06,252144.74,2025-01-05,2025-01-21,2025-01-24,16,19,3,0,92.58,Medium
PO_003517,SUP_004,FAB_015,19607,13.72,269008.04,2024-06-05,2024-06-29,2024-07-04,24,29,5,0,93.88,Medium
PO_003518,SUP_003,FAB_006,13502,16.44,221972.88,2025-02-18,2025-03-17,2025-03-19,27,29,2,0,91.46,Medium
PO_003519,SUP_012,FAB_008,16792,13.43,225516.56,2024-04-19,2024-05-24,2024-05-26,35,37,2,0,98.82,Medium
PO_003520,SUP_011,FAB_030,9353,15.43,144316.79,2025-09-05,2025-09-22,2025-09-22,17,17,0,1,100.0,Low
PO_003521,SUP_016,FAB_014,13338,20.14,268627.32,2024-07-12,2024-08-08,2024-08-08,27,27,0,1,96.82,Low
PO_003522,SUP_023,FAB_025,14956,20.24,302709.44,2025-03-21,2025-04-06,2025-04-07,16,17,1,0,91.1,Medium
PO_003523,SUP_018,FAB_024,17300,5.25,90825.0,2024-11-10,2024-11-26,2024-11-26,16,16,0,1,94.67,Low
PO_003524,SUP_015,FAB_010,11349,5.34,60603.66,2025-05-11,2025-05-26,2025-05-31,15,20,5,0,93.46,Medium
PO_003525,SUP_006,FAB_010,9819,5.13,50371.47,2025-08-04,2025-08-30,2025-09-11,26,38,12,0,93.17,High
PO_003526,SUP_025,FAB_006,9071,16.41,148855.11,2024-05-05,2024-05-22,2024-05-24,17,19,2,0,98.69,Medium
PO_003527,SUP_009,FAB_001,4843,10.99,53224.57,2024-12-21,2025-01-23,2025-01-23,33,33,0,1,93.6,Low
PO_003528,SUP_010,FAB_011,4155,6.57,27298.35,2025-11-15,2025-11-30,2025-12-06,15,21,6,0,94.57,Medium
PO_003529,SUP_011,FAB_019,15562,15.83,246346.46,2024-08-12,2024-08-28,2024-08-29,16,17,1,0,98.86,Medium
PO_003530,SUP_005,FAB_021,814,11.74,9556.36,2025-05-09,2025-05-30,2025-05-30,21,21,0,1,100.0,Low
PO_003531,SUP_014,FAB_003,3147,14.68,46197.96,2025-05-20,2025-06-26,2025-06-27,37,38,1,0,99.64,Medium
PO_003532,SUP_002,FAB_025,18843,18.91,356321.13,2025-01-01,2025-01-27,2025-01-31,26,30,4,0,96.21,Medium
PO_003533,SUP_017,FAB_023,7872,7.59,59748.48,2024-12-25,2025-01-08,2025-01-09,14,15,1,0,87.61,Medium
PO_003534,SUP_017,FAB_023,13315,7.59,101060.85,2024-09-07,2024-09-21,2024-09-26,14,19,5,0,82.6,High
PO_003535,SUP_003,FAB_014,7214,19.82,142981.48,2024-01-12,2024-02-04,2024-02-04,23,23,0,1,92.25,Low
PO_003536,SUP_010,FAB_016,17064,4.77,81395.28,2025-10-22,2025-11-11,2025-11-12,20,21,1,0,90.93,Medium
PO_003537,SUP_021,FAB_005,1788,7.53,13463.64,2024-01-15,2024-02-12,2024-02-14,28,30,2,0,87.35,Medium
PO_003538,SUP_011,FAB_011,6598,6.37,42029.26,2025-01-29,2025-02-24,2025-02-26,26,28,2,0,98.79,Medium
PO_003539,SUP_019,FAB_028,12320,16.65,205128.0,2024-02-05,2024-03-11,2024-03-16,35,40,5,0,91.2,Medium
PO_003540,SUP_021,FAB_010,3548,4.79,16994.92,2025-07-14,2025-08-22,2025-08-25,39,42,3,0,100.0,Medium
PO_003541,SUP_016,FAB_022,1741,5.51,9592.91,2025-09-25,2025-11-01,2025-11-12,37,48,11,0,90.01,High
PO_003542,SUP_001,FAB_017,19030,11.59,220557.7,2024-02-27,2024-04-02,2024-04-03,35,36,1,0,95.7,Medium
PO_003543,SUP_019,FAB_003,11102,16.33,181295.66,2025-11-18,2025-12-16,2025-12-18,28,30,2,0,92.78,Medium
PO_003544,SUP_019,FAB_024,10844,5.38,58340.72,2025-07-26,2025-08-09,2025-08-10,14,15,1,0,94.33,Medium
PO_003545,SUP_024,FAB_020,11116,8.15,90595.4,2025-09-30,2025-11-03,2025-11-04,34,35,1,0,92.72,Medium
PO_003546,SUP_007,FAB_002,14183,15.33,217425.39,2024-08-12,2024-08-27,2024-09-02,15,21,6,0,92.81,Medium
PO_003547,SUP_013,FAB_010,12238,5.1,62413.8,2024-12-27,2025-01-23,2025-01-30,27,34,7,0,90.83,Medium
PO_003548,SUP_025,FAB_009,6673,8.15,54384.95,2025-06-22,2025-07-19,2025-07-21,27,29,2,0,98.68,Medium
PO_003549,SUP_025,FAB_008,15337,13.68,209810.16,2025-10-16,2025-11-19,2025-11-21,34,36,2,0,96.32,Medium
PO_003550,SUP_008,FAB_011,6403,5.27,33743.81,2024-04-07,2024-04-28,2024-04-30,21,23,2,0,91.15,Medium
PO_003551,SUP_013,FAB_013,9832,13.87,136369.84,2025-04-10,2025-04-30,2025-05-07,20,27,7,0,92.96,Medium
PO_003552,SUP_005,FAB_021,15249,11.74,179023.26,2024-01-18,2024-02-08,2024-02-08,21,21,0,1,94.29,Low
PO_003553,SUP_018,FAB_011,1504,5.86,8813.44,2025-06-03,2025-07-01,2025-07-04,28,31,3,0,99.35,Medium
PO_003554,SUP_018,FAB_015,4903,13.28,65111.84,2025-06-12,2025-06-27,2025-06-27,15,15,0,1,95.18,Low
PO_003555,SUP_014,FAB_011,13877,6.09,84510.93,2024-08-07,2024-08-30,2024-09-05,23,29,6,0,93.24,Medium
PO_003556,SUP_025,FAB_008,19610,13.68,268264.8,2024-01-13,2024-02-16,2024-02-16,34,34,0,1,94.94,Low
PO_003557,SUP_021,FAB_017,1236,10.83,13385.88,2024-01-04,2024-02-10,2024-02-13,37,40,3,0,100.0,Medium
PO_003558,SUP_018,FAB_017,7206,11.15,80346.9,2025-02-23,2025-03-25,2025-03-25,30,30,0,1,96.42,Low
PO_003559,SUP_003,FAB_028,14554,18.9,275070.6,2024-09-16,2024-10-01,2024-10-10,15,24,9,0,96.47,High
PO_003560,SUP_010,FAB_024,15657,4.93,77189.01,2024-10-02,2024-10-31,2024-10-31,29,29,0,1,85.73,Low
PO_003561,SUP_024,FAB_020,14618,8.15,119136.7,2025-06-04,2025-07-08,2025-07-08,34,34,0,1,88.59,Low
PO_003562,SUP_022,FAB_030,6043,18.31,110647.33,2024-03-19,2024-04-14,2024-04-17,26,29,3,0,100.0,Medium
PO_003563,SUP_003,FAB_010,5031,4.41,22186.71,2024-05-29,2024-06-13,2024-06-15,15,17,2,0,89.22,Medium
PO_003564,SUP_001,FAB_018,16510,11.04,182270.4,2025-10-29,2025-11-16,2025-11-16,18,18,0,1,97.02,Low
PO_003565,SUP_019,FAB_011,19812,5.61,111145.32,2025-04-20,2025-05-05,2025-05-10,15,20,5,0,90.74,Medium
PO_003566,SUP_010,FAB_021,14376,13.79,198245.04,2024-11-16,2024-12-26,2025-01-01,40,46,6,0,86.82,Medium
PO_003567,SUP_013,FAB_024,7296,5.18,37793.28,2024-02-10,2024-03-10,2024-03-22,29,41,12,0,89.71,High
PO_003568,SUP_005,FAB_016,4246,5.84,24796.64,2025-05-11,2025-06-08,2025-06-09,28,29,1,0,99.14,Medium
PO_003569,SUP_025,FAB_025,16013,17.52,280547.76,2024-02-12,2024-03-08,2024-03-10,25,27,2,0,100.0,Medium
PO_003570,SUP_017,FAB_013,2365,11.71,27694.15,2025-11-30,2026-01-06,2026-01-10,37,41,4,0,94.5,Medium
PO_003571,SUP_011,FAB_030,8159,15.43,125893.37,2024-09-29,2024-10-16,2024-10-18,17,19,2,0,95.33,Medium
PO_003572,SUP_009,FAB_019,12318,17.77,218890.86,2025-04-27,2025-05-19,2025-05-20,22,23,1,0,99.76,Medium
PO_003573,SUP_011,FAB_020,9501,8.32,79048.32,2025-03-20,2025-04-28,2025-04-30,39,41,2,0,94.24,Medium
PO_003574,SUP_017,FAB_007,10913,6.62,72244.06,2024-06-21,2024-07-12,2024-07-17,21,26,5,0,91.64,Medium
PO_003575,SUP_019,FAB_028,8441,16.65,140542.65,2024-06-11,2024-07-16,2024-07-17,35,36,1,0,90.33,Medium
PO_003576,SUP_008,FAB_028,1653,16.49,27257.97,2025-07-05,2025-07-31,2025-08-01,26,27,1,0,94.66,Medium
PO_003577,SUP_019,FAB_011,1630,5.61,9144.3,2024-06-30,2024-07-15,2024-07-20,15,20,5,0,93.31,Medium
PO_003578,SUP_007,FAB_028,11896,17.07,203064.72,2025-03-20,2025-04-10,2025-04-10,21,21,0,1,92.45,Low
PO_003579,SUP_005,FAB_026,4416,13.45,59395.2,2024-08-19,2024-09-26,2024-09-27,38,39,1,0,98.37,Medium
PO_003580,SUP_019,FAB_002,7682,15.11,116075.02,2024-07-21,2024-08-21,2024-08-27,31,37,6,0,92.78,Medium
PO_003581,SUP_006,FAB_016,8287,4.91,40689.17,2025-01-27,2025-03-06,2025-03-11,38,43,5,0,91.54,Medium
PO_003582,SUP_023,FAB_007,12622,8.16,102995.52,2025-05-08,2025-05-30,2025-05-31,22,23,1,0,92.72,Medium
PO_003583,SUP_021,FAB_015,14762,15.16,223791.92,2024-03-20,2024-04-11,2024-04-19,22,30,8,0,89.34,High
PO_003584,SUP_025,FAB_016,1794,5.26,9436.44,2024-10-07,2024-10-22,2024-10-23,15,16,1,0,95.55,Medium
PO_003585,SUP_025,FAB_009,1498,8.15,12208.7,2025-11-10,2025-12-07,2025-12-07,27,27,0,1,94.18,Low
PO_003586,SUP_006,FAB_008,11748,16.35,192079.8,2025-07-06,2025-08-14,2025-08-14,39,39,0,1,95.14,Low
PO_003587,SUP_010,FAB_005,16173,6.79,109814.67,2024-04-16,2024-05-05,2024-05-08,19,22,3,0,96.28,Medium
PO_003588,SUP_002,FAB_022,11754,5.07,59592.78,2025-11-02,2025-11-26,2025-11-27,24,25,1,0,98.36,Medium
PO_003589,SUP_014,FAB_019,4484,16.12,72282.08,2024-08-14,2024-09-18,2024-09-19,35,36,1,0,91.37,Medium
PO_003590,SUP_023,FAB_020,19240,8.76,168542.4,2024-05-19,2024-06-22,2024-06-22,34,34,0,1,90.09,Low
PO_003591,SUP_003,FAB_014,6993,19.82,138601.26,2024-11-04,2024-11-27,2024-11-28,23,24,1,0,94.58,Medium
PO_003592,SUP_010,FAB_024,3055,4.93,15061.15,2025-06-10,2025-07-09,2025-07-13,29,33,4,0,97.54,Medium
PO_003593,SUP_024,FAB_029,14418,9.81,141440.58,2025-07-08,2025-08-03,2025-08-10,26,33,7,0,93.61,Medium
PO_003594,SUP_015,FAB_007,14764,8.43,124460.52,2025-04-01,2025-05-09,2025-05-12,38,41,3,0,89.84,Medium
PO_003595,SUP_019,FAB_019,9416,14.46,136155.36,2024-07-08,2024-08-08,2024-08-12,31,35,4,0,96.88,Medium
PO_003596,SUP_004,FAB_011,8892,6.56,58331.52,2024-11-29,2024-12-31,2025-01-02,32,34,2,0,95.33,Medium
PO_003597,SUP_004,FAB_014,19500,19.52,380640.0,2024-03-02,2024-03-22,2024-03-24,20,22,2,0,96.49,Medium
PO_003598,SUP_004,FAB_019,10812,15.3,165423.6,2025-02-09,2025-03-07,2025-03-08,26,27,1,0,94.66,Medium
PO_003599,SUP_010,FAB_022,10099,5.48,55342.52,2024-03-05,2024-03-22,2024-04-04,17,30,13,0,97.57,High
PO_003600,SUP_011,FAB_001,14678,9.83,144284.74,2025-11-03,2025-12-11,2025-12-11,38,38,0,1,92.97,Low
PO_003601,SUP_017,FAB_023,10830,7.59,82199.7,2024-02-26,2024-03-11,2024-03-16,14,19,5,0,88.36,Medium
PO_003602,SUP_019,FAB_016,12335,5.34,65868.9,2025-03-25,2025-04-17,2025-04-25,23,31,8,0,95.81,High
PO_003603,SUP_002,FAB_005,2662,6.1,16238.2,2025-10-26,2025-11-24,2025-11-25,29,30,1,0,93.72,Medium
PO_003604,SUP_013,FAB_025,10281,18.47,189890.07,2024-08-16,2024-09-16,2024-09-24,31,39,8,0,95.75,High
PO_003605,SUP_015,FAB_009,16062,8.22,132029.64,2024-09-23,2024-10-29,2024-10-31,36,38,2,0,91.28,Medium
PO_003606,SUP_021,FAB_021,17389,13.21,229708.69,2024-07-13,2024-07-29,2024-07-30,16,17,1,0,94.64,Medium
PO_003607,SUP_016,FAB_009,6288,8.41,52882.08,2024-06-08,2024-07-16,2024-07-27,38,49,11,0,89.97,High
PO_003608,SUP_016,FAB_014,11308,20.14,227743.12,2024-10-07,2024-11-03,2024-11-03,27,27,0,1,93.73,Low
PO_003609,SUP_025,FAB_020,11674,9.52,111136.48,2024-08-20,2024-09-25,2024-09-26,36,37,1,0,99.37,Medium
PO_003610,SUP_011,FAB_021,17226,13.4,230828.4,2025-10-25,2025-12-03,2025-12-05,39,41,2,0,94.42,Medium
PO_003611,SUP_007,FAB_028,540,17.07,9217.8,2024-01-06,2024-01-27,2024-01-29,21,23,2,0,93.72,Medium
PO_003612,SUP_023,FAB_017,12965,9.24,119796.6,2025-09-24,2025-10-31,2025-11-03,37,40,3,0,97.8,Medium
PO_003613,SUP_025,FAB_025,10436,17.52,182838.72,2025-02-24,2025-03-21,2025-03-21,25,25,0,1,91.46,Low
PO_003614,SUP_018,FAB_019,12943,15.93,206181.99,2025-02-19,2025-03-21,2025-03-24,30,33,3,0,96.45,Medium
PO_003615,SUP_001,FAB_018,16425,11.04,181332.0,2025-11-16,2025-12-04,2025-12-04,18,18,0,1,100.0,Low
PO_003616,SUP_014,FAB_019,933,16.12,15039.96,2024-11-03,2024-12-08,2024-12-15,35,42,7,0,88.1,Medium
PO_003617,SUP_018,FAB_024,919,5.25,4824.75,2024-12-14,2024-12-30,2024-12-30,16,16,0,1,93.23,Low
PO_003618,SUP_006,FAB_008,15375,16.35,251381.25,2024-03-29,2024-05-07,2024-05-12,39,44,5,0,85.82,Medium
PO_003619,SUP_018,FAB_024,18737,5.25,98369.25,2025-06-22,2025-07-08,2025-07-09,16,17,1,0,100.0,Medium
PO_003620,SUP_002,FAB_028,14329,16.61,238004.69,2025-02-19,2025-03-19,2025-03-22,28,31,3,0,95.64,Medium
PO_003621,SUP_018,FAB_014,17479,19.73,344860.67,2025-09-04,2025-09-23,2025-09-26,19,22,3,0,96.01,Medium
PO_003622,SUP_010,FAB_005,5433,6.79,36890.07,2025-10-08,2025-10-27,2025-10-28,19,20,1,0,93.23,Medium
PO_003623,SUP_014,FAB_003,14550,14.68,213594.0,2024-12-18,2025-01-24,2025-02-07,37,51,14,0,95.96,High
PO_003624,SUP_022,FAB_015,17250,14.68,253230.0,2025-09-08,2025-10-12,2025-10-14,34,36,2,0,99.0,Medium
PO_003625,SUP_007,FAB_026,11516,14.05,161799.8,2024-04-03,2024-04-19,2024-04-20,16,17,1,0,88.19,Medium
PO_003626,SUP_023,FAB_018,16582,12.17,201802.94,2024-06-18,2024-07-15,2024-07-17,27,29,2,0,94.51,Medium
PO_003627,SUP_019,FAB_015,11063,14.82,163953.66,2024-05-16,2024-06-13,2024-06-14,28,29,1,0,85.0,Medium
PO_003628,SUP_019,FAB_019,1575,14.46,22774.5,2024-07-07,2024-08-07,2024-08-08,31,32,1,0,92.94,Medium
PO_003629,SUP_003,FAB_023,6772,7.68,52008.96,2025-01-29,2025-02-12,2025-02-12,14,14,0,1,100.0,Low
PO_003630,SUP_016,FAB_012,14535,13.37,194332.95,2024-04-14,2024-05-11,2024-05-14,27,30,3,0,93.64,Medium
PO_003631,SUP_002,FAB_004,19849,7.87,156211.63,2024-04-12,2024-05-11,2024-05-13,29,31,2,0,98.4,Medium
PO_003632,SUP_021,FAB_015,6263,15.16,94947.08,2024-05-27,2024-06-18,2024-06-18,22,22,0,1,92.74,Low
PO_003633,SUP_020,FAB_006,17029,15.75,268206.75,2025-10-23,2025-11-07,2025-11-10,15,18,3,0,93.44,Medium
PO_003634,SUP_006,FAB_026,14784,12.79,189087.36,2025-02-23,2025-03-11,2025-03-19,16,24,8,0,89.08,High
PO_003635,SUP_019,FAB_016,17846,5.34,95297.64,2025-07-03,2025-07-26,2025-07-29,23,26,3,0,96.4,Medium
PO_003636,SUP_003,FAB_006,6133,16.44,100826.52,2025-03-08,2025-04-04,2025-04-05,27,28,1,0,95.57,Medium
PO_003637,SUP_003,FAB_022,9011,5.47,49290.17,2024-07-17,2024-08-17,2024-08-19,31,33,2,0,93.64,Medium
PO_003638,SUP_022,FAB_007,2097,8.25,17300.25,2025-10-16,2025-11-14,2025-11-14,29,29,0,1,90.91,Low
PO_003639,SUP_019,FAB_016,6040,5.34,32253.6,2024-08-02,2024-08-25,2024-08-25,23,23,0,1,100.0,Low
PO_003640,SUP_023,FAB_028,16398,15.73,257940.54,2024-05-11,2024-06-04,2024-06-05,24,25,1,0,91.15,Medium
PO_003641,SUP_018,FAB_028,3562,16.57,59022.34,2025-04-27,2025-05-20,2025-05-21,23,24,1,0,98.16,Medium
PO_003642,SUP_025,FAB_014,3339,17.33,57864.87,2024-06-25,2024-07-09,2024-07-12,14,17,3,0,91.37,Medium
PO_003643,SUP_004,FAB_011,15334,6.56,100591.04,2024-09-02,2024-10-04,2024-10-10,32,38,6,0,86.29,Medium
PO_003644,SUP_001,FAB_025,7062,16.86,119065.32,2025-02-02,2025-03-01,2025-03-02,27,28,1,0,100.0,Medium
PO_003645,SUP_009,FAB_012,8990,11.07,99519.3,2025-04-20,2025-05-19,2025-05-21,29,31,2,0,100.0,Medium
PO_003646,SUP_009,FAB_012,5719,11.07,63309.33,2024-06-02,2024-07-01,2024-07-03,29,31,2,0,98.65,Medium
PO_003647,SUP_022,FAB_025,8140,18.59,151322.6,2024-12-05,2024-12-25,2024-12-26,20,21,1,0,96.44,Medium
PO_003648,SUP_021,FAB_019,6985,17.9,125031.5,2024-08-17,2024-09-14,2024-09-15,28,29,1,0,94.43,Medium
PO_003649,SUP_021,FAB_017,5707,10.83,61806.81,2025-10-22,2025-11-28,2025-11-28,37,37,0,1,92.58,Low
PO_003650,SUP_009,FAB_025,18229,19.05,347262.45,2024-05-12,2024-05-30,2024-05-30,18,18,0,1,95.52,Low
PO_003651,SUP_002,FAB_030,17664,15.39,271848.96,2025-11-10,2025-12-17,2025-12-21,37,41,4,0,90.93,Medium
PO_003652,SUP_017,FAB_015,17978,14.49,260501.22,2024-07-27,2024-08-18,2024-08-19,22,23,1,0,87.77,Medium
PO_003653,SUP_017,FAB_021,9939,13.27,131890.53,2025-08-07,2025-09-04,2025-09-13,28,37,9,0,93.56,High
PO_003654,SUP_011,FAB_015,11027,13.68,150849.36,2024-07-14,2024-08-12,2024-08-13,29,30,1,0,96.15,Medium
PO_003655,SUP_009,FAB_020,18358,8.32,152738.56,2025-05-01,2025-05-16,2025-05-18,15,17,2,0,97.33,Medium
PO_003656,SUP_021,FAB_019,13742,17.9,245981.8,2024-02-27,2024-03-26,2024-03-26,28,28,0,1,94.97,Low
PO_003657,SUP_012,FAB_005,8298,7.19,59662.62,2024-05-23,2024-06-09,2024-06-12,17,20,3,0,96.29,Medium
PO_003658,SUP_008,FAB_001,19575,9.4,184005.0,2024-04-20,2024-05-09,2024-05-10,19,20,1,0,97.76,Medium
PO_003659,SUP_020,FAB_018,8885,10.58,94003.3,2025-06-01,2025-06-25,2025-06-26,24,25,1,0,92.8,Medium
PO_003660,SUP_025,FAB_020,2083,9.52,19830.16,2024-05-30,2024-07-05,2024-07-08,36,39,3,0,91.64,Medium
PO_003661,SUP_009,FAB_008,9623,14.7,141458.1,2024-06-04,2024-06-27,2024-06-27,23,23,0,1,99.61,Low
PO_003662,SUP_010,FAB_024,7204,4.93,35515.72,2025-09-27,2025-10-26,2025-11-01,29,35,6,0,96.51,Medium
PO_003663,SUP_020,FAB_004,10953,8.06,88281.18,2024-07-08,2024-07-31,2024-08-06,23,29,6,0,89.05,Medium
PO_003664,SUP_014,FAB_018,16934,11.55,195587.7,2025-08-21,2025-09-29,2025-10-12,39,52,13,0,94.45,High
PO_003665,SUP_019,FAB_013,12954,12.25,158686.5,2025-01-29,2025-02-12,2025-02-15,14,17,3,0,92.14,Medium
PO_003666,SUP_015,FAB_002,19301,15.2,293375.2,2025-07-31,2025-09-08,2025-09-09,39,40,1,0,95.06,Medium
PO_003667,SUP_001,FAB_001,10888,9.92,108008.96,2025-01-14,2025-01-29,2025-02-01,15,18,3,0,98.91,Medium
PO_003668,SUP_009,FAB_009,17718,10.06,178243.08,2024-04-18,2024-05-27,2024-05-28,39,40,1,0,95.42,Medium
PO_003669,SUP_019,FAB_028,7181,16.65,119563.65,2024-05-31,2024-07-05,2024-07-10,35,40,5,0,96.93,Medium
PO_003670,SUP_003,FAB_010,9344,4.41,41207.04,2024-08-20,2024-09-04,2024-09-08,15,19,4,0,93.63,Medium
PO_003671,SUP_002,FAB_022,7973,5.07,40423.11,2025-02-03,2025-02-27,2025-02-27,24,24,0,1,91.7,Low
PO_003672,SUP_012,FAB_008,11538,13.43,154955.34,2025-05-19,2025-06-23,2025-06-23,35,35,0,1,97.92,Low
PO_003673,SUP_015,FAB_024,2944,5.13,15102.72,2025-02-11,2025-03-01,2025-03-05,18,22,4,0,93.11,Medium
PO_003674,SUP_009,FAB_019,16203,17.77,287927.31,2024-08-05,2024-08-27,2024-08-27,22,22,0,1,89.75,Low
PO_003675,SUP_023,FAB_022,1735,5.21,9039.35,2025-10-15,2025-11-14,2025-11-16,30,32,2,0,86.65,Medium
PO_003676,SUP_013,FAB_015,8263,13.25,109484.75,2024-06-23,2024-07-29,2024-08-06,36,44,8,0,86.9,High
PO_003677,SUP_010,FAB_024,16424,4.93,80970.32,2024-08-22,2024-09-20,2024-10-01,29,40,11,0,95.12,High
PO_003678,SUP_005,FAB_017,8566,10.84,92855.44,2024-03-28,2024-04-29,2024-04-30,32,33,1,0,97.81,Medium
PO_003679,SUP_015,FAB_024,15609,5.13,80074.17,2025-06-28,2025-07-16,2025-07-18,18,20,2,0,88.85,Medium
PO_003680,SUP_025,FAB_025,9729,17.52,170452.08,2025-11-05,2025-11-30,2025-12-03,25,28,3,0,93.49,Medium
PO_003681,SUP_013,FAB_010,3154,5.1,16085.4,2025-07-08,2025-08-04,2025-08-08,27,31,4,0,91.04,Medium
PO_003682,SUP_016,FAB_022,6423,5.51,35390.73,2025-02-09,2025-03-18,2025-03-18,37,37,0,1,92.32,Low
PO_003683,SUP_009,FAB_008,1111,14.7,16331.7,2024-11-01,2024-11-24,2024-11-26,23,25,2,0,95.81,Medium
PO_003684,SUP_007,FAB_023,17860,6.79,121269.4,2024-12-17,2025-01-14,2025-01-17,28,31,3,0,90.26,Medium
PO_003685,SUP_002,FAB_027,19136,11.4,218150.4,2024-04-16,2024-05-17,2024-05-18,31,32,1,0,89.48,Medium
PO_003686,SUP_017,FAB_015,7794,14.49,112935.06,2024-04-07,2024-04-29,2024-05-03,22,26,4,0,93.57,Medium
PO_003687,SUP_016,FAB_012,8630,13.37,115383.1,2024-02-16,2024-03-14,2024-03-19,27,32,5,0,95.21,Medium
PO_003688,SUP_005,FAB_030,7473,15.73,117550.29,2025-06-13,2025-07-05,2025-07-07,22,24,2,0,90.29,Medium
PO_003689,SUP_016,FAB_025,18310,19.48,356678.8,2025-09-04,2025-09-20,2025-09-21,16,17,1,0,91.26,Medium
PO_003690,SUP_012,FAB_030,13933,15.33,213592.89,2024-12-03,2024-12-30,2024-12-31,27,28,1,0,96.08,Medium
PO_003691,SUP_023,FAB_020,11855,8.76,103849.8,2025-09-06,2025-10-10,2025-10-15,34,39,5,0,96.72,Medium
PO_003692,SUP_010,FAB_015,19787,12.31,243577.97,2025-04-08,2025-05-13,2025-05-23,35,45,10,0,100.0,High
PO_003693,SUP_019,FAB_011,14030,5.61,78708.3,2025-03-30,2025-04-14,2025-04-21,15,22,7,0,96.06,Medium
PO_003694,SUP_023,FAB_018,4563,12.17,55531.71,2024-02-11,2024-03-09,2024-03-12,27,30,3,0,86.93,Medium
PO_003695,SUP_014,FAB_009,13061,8.16,106577.76,2024-06-30,2024-07-19,2024-07-21,19,21,2,0,95.13,Medium
PO_003696,SUP_007,FAB_002,1503,15.33,23040.99,2024-09-08,2024-09-23,2024-09-24,15,16,1,0,96.44,Medium
PO_003697,SUP_013,FAB_015,14088,13.25,186666.0,2024-10-20,2024-11-25,2024-12-09,36,50,14,0,95.61,High
PO_003698,SUP_022,FAB_021,13591,13.91,189050.81,2024-02-03,2024-02-25,2024-02-26,22,23,1,0,93.02,Medium
PO_003699,SUP_017,FAB_005,1706,6.39,10901.34,2025-08-11,2025-09-10,2025-09-21,30,41,11,0,96.3,High
PO_003700,SUP_017,FAB_005,18393,6.39,117531.27,2025-04-19,2025-05-19,2025-05-27,30,38,8,0,97.4,High
PO_003701,SUP_016,FAB_014,16144,20.14,325140.16,2025-04-15,2025-05-12,2025-05-13,27,28,1,0,95.91,Medium
PO_003702,SUP_006,FAB_016,8291,4.91,40708.81,2024-12-31,2025-02-07,2025-02-13,38,44,6,0,87.5,Medium
PO_003703,SUP_004,FAB_019,13815,15.3,211369.5,2024-10-03,2024-10-29,2024-10-30,26,27,1,0,95.58,Medium
PO_003704,SUP_015,FAB_008,8953,13.31,119164.43,2025-07-26,2025-08-12,2025-08-16,17,21,4,0,93.45,Medium
PO_003705,SUP_008,FAB_006,9169,16.71,153213.99,2025-10-20,2025-11-25,2025-11-27,36,38,2,0,100.0,Medium
PO_003706,SUP_012,FAB_023,18676,7.53,140630.28,2025-04-04,2025-04-29,2025-04-29,25,25,0,1,92.58,Low
PO_003707,SUP_008,FAB_015,18343,13.41,245979.63,2025-09-20,2025-10-18,2025-10-23,28,33,5,0,93.48,Medium
PO_003708,SUP_014,FAB_014,19510,17.09,333425.9,2025-09-16,2025-10-15,2025-10-27,29,41,12,0,89.88,High
PO_003709,SUP_003,FAB_025,12633,18.52,233963.16,2025-05-28,2025-06-30,2025-07-02,33,35,2,0,95.43,Medium
PO_003710,SUP_014,FAB_009,17582,8.16,143469.12,2025-03-02,2025-03-21,2025-03-25,19,23,4,0,95.52,Medium
PO_003711,SUP_012,FAB_022,2342,4.72,11054.24,2024-08-28,2024-09-24,2024-09-26,27,29,2,0,96.37,Medium
PO_003712,SUP_019,FAB_028,19265,16.65,320762.25,2025-10-06,2025-11-10,2025-11-21,35,46,11,0,92.72,High
PO_003713,SUP_015,FAB_012,15056,12.48,187898.88,2025-09-24,2025-10-28,2025-10-30,34,36,2,0,93.77,Medium
PO_003714,SUP_013,FAB_022,2031,5.44,11048.64,2025-03-22,2025-05-01,2025-05-04,40,43,3,0,94.54,Medium
PO_003715,SUP_007,FAB_002,9309,15.33,142706.97,2025-11-26,2025-12-11,2025-12-22,15,26,11,0,90.63,High
PO_003716,SUP_007,FAB_018,12622,10.76,135812.72,2025-10-30,2025-11-16,2025-11-21,17,22,5,0,92.37,Medium
PO_003717,SUP_006,FAB_016,9015,4.91,44263.65,2025-02-18,2025-03-28,2025-03-31,38,41,3,0,94.23,Medium
PO_003718,SUP_012,FAB_023,13519,7.53,101798.07,2024-01-11,2024-02-05,2024-02-06,25,26,1,0,96.01,Medium
PO_003719,SUP_005,FAB_019,19408,16.25,315380.0,2025-03-18,2025-04-14,2025-04-14,27,27,0,1,97.53,Low
PO_003720,SUP_013,FAB_026,8843,11.83,104612.69,2025-06-25,2025-07-27,2025-08-02,32,38,6,0,96.61,Medium
PO_003721,SUP_016,FAB_012,8775,13.37,117321.75,2025-05-04,2025-05-31,2025-06-02,27,29,2,0,95.15,Medium
PO_003722,SUP_020,FAB_018,9644,10.58,102033.52,2024-11-19,2024-12-13,2024-12-14,24,25,1,0,89.14,Medium
PO_003723,SUP_007,FAB_011,4451,5.74,25548.74,2025-01-18,2025-02-23,2025-03-01,36,42,6,0,91.36,Medium
PO_003724,SUP_012,FAB_028,13890,16.72,232240.8,2025-02-28,2025-03-20,2025-03-22,20,22,2,0,100.0,Medium
PO_003725,SUP_023,FAB_028,2361,15.73,37138.53,2024-02-29,2024-03-24,2024-03-29,24,29,5,0,100.0,Medium
PO_003726,SUP_025,FAB_005,19836,6.69,132702.84,2025-05-20,2025-06-10,2025-06-10,21,21,0,1,97.55,Low
PO_003727,SUP_008,FAB_027,16868,12.68,213886.24,2024-11-19,2024-12-03,2024-12-18,14,29,15,0,88.69,High
PO_003728,SUP_006,FAB_014,6882,16.46,113277.72,2025-04-16,2025-05-06,2025-05-12,20,26,6,0,92.08,Medium
PO_003729,SUP_006,FAB_026,8580,12.79,109738.2,2025-06-30,2025-07-16,2025-07-22,16,22,6,0,89.09,Medium
PO_003730,SUP_012,FAB_005,19654,7.19,141312.26,2024-07-18,2024-08-04,2024-08-04,17,17,0,1,94.94,Low
PO_003731,SUP_002,FAB_013,12118,13.79,167107.22,2025-11-29,2025-12-16,2025-12-17,17,18,1,0,95.63,Medium
PO_003732,SUP_003,FAB_023,2405,7.68,18470.4,2024-11-24,2024-12-08,2024-12-13,14,19,5,0,98.52,Medium
PO_003733,SUP_012,FAB_008,15459,13.43,207614.37,2025-07-19,2025-08-23,2025-08-23,35,35,0,1,100.0,Low
PO_003734,SUP_011,FAB_002,12812,14.61,187183.32,2025-11-04,2025-11-22,2025-11-23,18,19,1,0,96.85,Medium
PO_003735,SUP_023,FAB_019,9126,15.67,143004.42,2025-07-05,2025-07-21,2025-07-30,16,25,9,0,92.51,High
PO_003736,SUP_022,FAB_020,4556,10.02,45651.12,2024-01-26,2024-02-23,2024-02-23,28,28,0,1,95.16,Low
PO_003737,SUP_023,FAB_019,16278,15.67,255076.26,2024-07-31,2024-08-16,2024-08-18,16,18,2,0,98.64,Medium
PO_003738,SUP_025,FAB_020,16787,9.52,159812.24,2025-11-13,2025-12-19,2025-12-20,36,37,1,0,100.0,Medium
PO_003739,SUP_009,FAB_008,18251,14.7,268289.7,2025-02-22,2025-03-17,2025-03-17,23,23,0,1,98.65,Low
PO_003740,SUP_017,FAB_007,8117,6.62,53734.54,2025-07-19,2025-08-09,2025-08-12,21,24,3,0,87.99,Medium
PO_003741,SUP_009,FAB_001,12990,10.99,142760.1,2025-08-26,2025-09-28,2025-09-29,33,34,1,0,95.43,Medium
PO_003742,SUP_013,FAB_016,2746,5.34,14663.64,2024-01-20,2024-02-04,2024-02-13,15,24,9,0,92.87,High
PO_003743,SUP_003,FAB_006,1658,16.44,27257.52,2024-12-16,2025-01-12,2025-01-17,27,32,5,0,89.35,Medium
PO_003744,SUP_013,FAB_023,15393,6.49,99900.57,2025-09-13,2025-10-03,2025-10-10,20,27,7,0,88.21,Medium
PO_003745,SUP_003,FAB_006,14797,16.44,243262.68,2024-10-28,2024-11-24,2024-11-30,27,33,6,0,90.68,Medium
PO_003746,SUP_024,FAB_020,18371,8.15,149723.65,2024-08-23,2024-09-26,2024-09-30,34,38,4,0,91.7,Medium
PO_003747,SUP_013,FAB_013,9015,13.87,125038.05,2024-11-12,2024-12-02,2024-12-10,20,28,8,0,89.01,High
PO_003748,SUP_001,FAB_006,2832,18.61,52703.52,2024-04-28,2024-06-07,2024-06-09,40,42,2,0,97.47,Medium
PO_003749,SUP_019,FAB_002,9542,15.11,144179.62,2024-08-20,2024-09-20,2024-09-21,31,32,1,0,85.53,Medium
PO_003750,SUP_025,FAB_006,8184,16.41,134299.44,2025-04-28,2025-05-15,2025-05-15,17,17,0,1,97.86,Low
PO_003751,SUP_024,FAB_025,14832,19.85,294415.2,2025-03-01,2025-03-17,2025-03-20,16,19,3,0,93.1,Medium
PO_003752,SUP_011,FAB_021,14404,13.4,193013.6,2025-08-02,2025-09-10,2025-09-10,39,39,0,1,92.81,Low
PO_003753,SUP_022,FAB_025,19692,18.59,366074.28,2024-03-29,2024-04-18,2024-04-20,20,22,2,0,92.84,Medium
PO_003754,SUP_020,FAB_030,14542,15.13,220020.46,2025-04-01,2025-04-20,2025-04-26,19,25,6,0,93.47,Medium
PO_003755,SUP_005,FAB_016,4887,5.84,28540.08,2024-05-22,2024-06-19,2024-06-20,28,29,1,0,88.49,Medium
PO_003756,SUP_009,FAB_015,9590,13.73,131670.7,2024-07-14,2024-08-11,2024-08-13,28,30,2,0,95.94,Medium
PO_003757,SUP_015,FAB_006,16295,15.2,247684.0,2025-02-23,2025-03-23,2025-03-23,28,28,0,1,90.35,Low
PO_003758,SUP_010,FAB_018,5807,11.86,68871.02,2025-11-30,2025-12-17,2025-12-18,17,18,1,0,96.5,Medium
PO_003759,SUP_022,FAB_007,8281,8.25,68318.25,2025-09-04,2025-10-03,2025-10-03,29,29,0,1,89.58,Low
PO_003760,SUP_017,FAB_020,16104,8.11,130603.44,2025-07-24,2025-08-19,2025-08-23,26,30,4,0,91.86,Medium
PO_003761,SUP_003,FAB_016,8538,4.92,42006.96,2024-03-23,2024-04-26,2024-04-29,34,37,3,0,93.1,Medium
PO_003762,SUP_018,FAB_024,2913,5.25,15293.25,2024-04-27,2024-05-13,2024-05-14,16,17,1,0,94.5,Medium
PO_003763,SUP_014,FAB_011,11078,6.09,67465.02,2024-01-19,2024-02-11,2024-02-11,23,23,0,1,94.35,Low
PO_003764,SUP_005,FAB_021,4885,11.74,57349.9,2024-09-05,2024-09-26,2024-09-27,21,22,1,0,100.0,Medium
PO_003765,SUP_002,FAB_004,17586,7.87,138401.82,2024-03-23,2024-04-21,2024-04-21,29,29,0,1,97.37,Low
PO_003766,SUP_005,FAB_019,17332,16.25,281645.0,2024-11-13,2024-12-10,2024-12-10,27,27,0,1,90.5,Low
PO_003767,SUP_019,FAB_019,9983,14.46,144354.18,2025-01-24,2025-02-24,2025-03-02,31,37,6,0,97.05,Medium
PO_003768,SUP_016,FAB_009,15270,8.41,128420.7,2025-01-09,2025-02-16,2025-02-18,38,40,2,0,93.69,Medium
PO_003769,SUP_025,FAB_014,8342,17.33,144566.86,2024-07-27,2024-08-10,2024-08-10,14,14,0,1,99.27,Low
PO_003770,SUP_024,FAB_003,8745,16.11,140881.95,2024-02-04,2024-02-19,2024-02-19,15,15,0,1,94.73,Low
PO_003771,SUP_007,FAB_016,10154,4.91,49856.14,2024-10-10,2024-11-05,2024-11-10,26,31,5,0,89.91,Medium
PO_003772,SUP_018,FAB_019,2355,15.93,37515.15,2024-04-07,2024-05-07,2024-05-07,30,30,0,1,89.34,Low
PO_003773,SUP_014,FAB_009,4468,8.16,36458.88,2024-06-21,2024-07-10,2024-07-16,19,25,6,0,94.98,Medium
PO_003774,SUP_022,FAB_007,18894,8.25,155875.5,2024-11-30,2024-12-29,2024-12-31,29,31,2,0,90.24,Medium
PO_003775,SUP_018,FAB_017,2003,11.15,22333.45,2025-05-15,2025-06-14,2025-06-15,30,31,1,0,100.0,Medium
PO_003776,SUP_023,FAB_019,18939,15.67,296774.13,2025-10-09,2025-10-25,2025-10-27,16,18,2,0,92.03,Medium
PO_003777,SUP_011,FAB_001,13794,9.83,135595.02,2025-08-27,2025-10-04,2025-10-04,38,38,0,1,100.0,Low
PO_003778,SUP_012,FAB_016,3467,5.69,19727.23,2024-10-02,2024-10-18,2024-10-23,16,21,5,0,94.02,Medium
PO_003779,SUP_022,FAB_011,15099,6.02,90895.98,2025-02-28,2025-03-14,2025-03-16,14,16,2,0,91.17,Medium
PO_003780,SUP_018,FAB_011,1272,5.86,7453.92,2025-10-22,2025-11-19,2025-11-19,28,28,0,1,89.42,Low
PO_003781,SUP_021,FAB_015,9885,15.16,149856.6,2025-11-07,2025-11-29,2025-11-30,22,23,1,0,92.74,Medium
PO_003782,SUP_015,FAB_010,19002,5.34,101470.68,2024-07-05,2024-07-20,2024-07-25,15,20,5,0,91.26,Medium
PO_003783,SUP_018,FAB_024,18303,5.25,96090.75,2024-10-23,2024-11-08,2024-11-09,16,17,1,0,98.89,Medium
PO_003784,SUP_001,FAB_010,12848,5.36,68865.28,2024-03-10,2024-04-04,2024-04-06,25,27,2,0,93.1,Medium
PO_003785,SUP_002,FAB_028,16377,16.61,272021.97,2025-07-03,2025-07-31,2025-08-02,28,30,2,0,97.27,Medium
PO_003786,SUP_014,FAB_014,18695,17.09,319497.55,2024-01-29,2024-02-27,2024-03-29,29,60,31,0,88.65,High
PO_003787,SUP_014,FAB_014,10731,17.09,183392.79,2024-04-18,2024-05-17,2024-05-22,29,34,5,0,93.74,Medium
PO_003788,SUP_019,FAB_011,8288,5.61,46495.68,2024-07-27,2024-08-11,2024-08-14,15,18,3,0,87.39,Medium
PO_003789,SUP_016,FAB_025,15994,19.48,311563.12,2025-07-19,2025-08-04,2025-08-04,16,16,0,1,95.88,Low
PO_003790,SUP_025,FAB_009,2158,8.15,17587.7,2024-04-24,2024-05-21,2024-05-21,27,27,0,1,91.4,Low
PO_003791,SUP_023,FAB_024,9069,4.32,39178.08,2024-07-13,2024-08-13,2024-08-15,31,33,2,0,91.27,Medium
PO_003792,SUP_016,FAB_012,12340,13.37,164985.8,2024-12-04,2024-12-31,2025-01-08,27,35,8,0,91.89,High
PO_003793,SUP_025,FAB_005,11449,6.69,76593.81,2024-02-29,2024-03-21,2024-03-23,21,23,2,0,95.63,Medium
PO_003794,SUP_016,FAB_009,19767,8.41,166240.47,2025-11-09,2025-12-17,2025-12-18,38,39,1,0,90.81,Medium
PO_003795,SUP_017,FAB_007,11400,6.62,75468.0,2024-10-02,2024-10-23,2024-11-02,21,31,10,0,86.79,High
PO_003796,SUP_005,FAB_014,10440,19.38,202327.2,2024-12-12,2025-01-13,2025-01-14,32,33,1,0,94.39,Medium
PO_003797,SUP_017,FAB_021,10369,13.27,137596.63,2025-08-06,2025-09-03,2025-09-17,28,42,14,0,91.2,High
PO_003798,SUP_016,FAB_021,19748,13.4,264623.2,2024-12-09,2025-01-01,2025-01-06,23,28,5,0,93.57,Medium
PO_003799,SUP_015,FAB_009,5353,8.22,44001.66,2025-11-02,2025-12-08,2025-12-10,36,38,2,0,93.77,Medium
PO_003800,SUP_009,FAB_026,11004,14.0,154056.0,2025-08-15,2025-08-31,2025-08-31,16,16,0,1,92.38,Low
PO_003801,SUP_024,FAB_025,17965,19.85,356605.25,2025-01-31,2025-02-16,2025-02-21,16,21,5,0,93.24,Medium
PO_003802,SUP_015,FAB_021,9982,13.5,134757.0,2025-08-22,2025-09-15,2025-09-17,24,26,2,0,94.7,Medium
PO_003803,SUP_017,FAB_020,4840,8.11,39252.4,2024-10-11,2024-11-06,2024-11-18,26,38,12,0,88.19,High
PO_003804,SUP_008,FAB_002,9202,12.75,117325.5,2025-09-05,2025-09-24,2025-09-27,19,22,3,0,93.01,Medium
PO_003805,SUP_016,FAB_025,18698,19.48,364237.04,2024-07-25,2024-08-10,2024-08-14,16,20,4,0,92.26,Medium
PO_003806,SUP_004,FAB_015,4788,13.72,65691.36,2024-05-12,2024-06-05,2024-06-11,24,30,6,0,94.55,Medium
PO_003807,SUP_005,FAB_026,19589,13.45,263472.05,2024-08-11,2024-09-18,2024-09-21,38,41,3,0,96.28,Medium
PO_003808,SUP_020,FAB_018,15878,10.58,167989.24,2024-09-26,2024-10-20,2024-10-22,24,26,2,0,94.73,Medium
PO_003809,SUP_010,FAB_005,13595,6.79,92310.05,2025-02-24,2025-03-15,2025-03-18,19,22,3,0,97.41,Medium
PO_003810,SUP_017,FAB_017,9042,11.31,102265.02,2025-07-17,2025-08-12,2025-08-15,26,29,3,0,98.84,Medium
PO_003811,SUP_002,FAB_022,15051,5.07,76308.57,2024-11-19,2024-12-13,2024-12-17,24,28,4,0,100.0,Medium
PO_003812,SUP_008,FAB_006,1754,16.71,29309.34,2024-07-21,2024-08-26,2024-08-28,36,38,2,0,96.93,Medium
PO_003813,SUP_019,FAB_013,6537,12.25,80078.25,2025-01-10,2025-01-24,2025-01-25,14,15,1,0,92.86,Medium
PO_003814,SUP_024,FAB_021,19184,11.96,229440.64,2024-11-13,2024-11-30,2024-12-07,17,24,7,0,86.02,Medium
PO_003815,SUP_015,FAB_006,4188,15.2,63657.6,2024-09-23,2024-10-21,2024-10-25,28,32,4,0,91.6,Medium
PO_003816,SUP_007,FAB_002,1884,15.33,28881.72,2024-12-21,2025-01-05,2025-01-10,15,20,5,0,91.14,Medium
PO_003817,SUP_002,FAB_030,15887,15.39,244500.93,2024-12-23,2025-01-29,2025-01-31,37,39,2,0,98.51,Medium
PO_003818,SUP_010,FAB_015,19612,12.31,241423.72,2024-12-23,2025-01-27,2025-02-12,35,51,16,0,96.98,High
PO_003819,SUP_014,FAB_001,10781,11.57,124736.17,2025-08-31,2025-09-28,2025-10-01,28,31,3,0,91.98,Medium
PO_003820,SUP_006,FAB_001,13303,9.25,123052.75,2024-12-21,2025-01-25,2025-01-27,35,37,2,0,96.92,Medium
PO_003821,SUP_017,FAB_015,3991,14.49,57829.59,2024-07-13,2024-08-04,2024-08-07,22,25,3,0,94.11,Medium
PO_003822,SUP_023,FAB_006,4584,14.79,67797.36,2024-06-25,2024-07-30,2024-08-06,35,42,7,0,85.12,Medium
PO_003823,SUP_020,FAB_027,17851,10.12,180652.12,2024-02-05,2024-02-26,2024-03-02,21,26,5,0,92.56,Medium
PO_003824,SUP_015,FAB_008,3572,13.31,47543.32,2024-12-24,2025-01-10,2025-01-11,17,18,1,0,92.7,Medium
PO_003825,SUP_002,FAB_004,4163,7.87,32762.81,2024-04-08,2024-05-07,2024-05-09,29,31,2,0,93.34,Medium
PO_003826,SUP_019,FAB_003,10836,16.33,176951.88,2024-08-03,2024-08-31,2024-09-02,28,30,2,0,96.17,Medium
PO_003827,SUP_022,FAB_025,17881,18.59,332407.79,2025-01-07,2025-01-27,2025-01-28,20,21,1,0,91.29,Medium
PO_003828,SUP_015,FAB_008,6668,13.31,88751.08,2025-02-07,2025-02-24,2025-02-26,17,19,2,0,91.85,Medium
PO_003829,SUP_023,FAB_022,1844,5.21,9607.24,2024-07-22,2024-08-21,2024-09-09,30,49,19,0,88.52,High
PO_003830,SUP_002,FAB_005,18285,6.1,111538.5,2024-10-30,2024-11-28,2024-12-01,29,32,3,0,92.99,Medium
PO_003831,SUP_002,FAB_027,14130,11.4,161082.0,2025-04-29,2025-05-30,2025-05-30,31,31,0,1,100.0,Low
PO_003832,SUP_005,FAB_012,12565,13.26,166611.9,2025-10-30,2025-11-26,2025-12-01,27,32,5,0,91.64,Medium
PO_003833,SUP_009,FAB_020,15241,8.32,126805.12,2024-10-09,2024-10-24,2024-10-25,15,16,1,0,98.51,Medium
PO_003834,SUP_018,FAB_011,4486,5.86,26287.96,2025-08-15,2025-09-12,2025-09-12,28,28,0,1,95.78,Low
PO_003835,SUP_003,FAB_023,6260,7.68,48076.8,2024-09-25,2024-10-09,2024-10-24,14,29,15,0,98.22,High
PO_003836,SUP_015,FAB_010,13004,5.34,69441.36,2024-12-28,2025-01-12,2025-01-12,15,15,0,1,88.6,Low
PO_003837,SUP_021,FAB_010,9078,4.79,43483.62,2024-03-05,2024-04-13,2024-04-16,39,42,3,0,96.87,Medium
PO_003838,SUP_008,FAB_006,11171,16.71,186667.41,2024-03-19,2024-04-24,2024-04-24,36,36,0,1,97.37,Low
PO_003839,SUP_020,FAB_010,17027,5.04,85816.08,2024-03-20,2024-04-19,2024-04-23,30,34,4,0,95.69,Medium
PO_003840,SUP_020,FAB_010,5237,5.04,26394.48,2024-05-26,2024-06-25,2024-07-02,30,37,7,0,98.37,Medium
PO_003841,SUP_013,FAB_024,6128,5.18,31743.04,2024-05-23,2024-06-21,2024-07-04,29,42,13,0,88.17,High
PO_003842,SUP_002,FAB_030,19232,15.39,295980.48,2024-03-04,2024-04-10,2024-04-10,37,37,0,1,91.05,Low
PO_003843,SUP_016,FAB_021,11706,13.4,156860.4,2025-05-22,2025-06-14,2025-06-17,23,26,3,0,94.45,Medium
PO_003844,SUP_023,FAB_017,12658,9.24,116959.92,2024-03-02,2024-04-08,2024-04-15,37,44,7,0,99.42,Medium
PO_003845,SUP_001,FAB_010,6021,5.36,32272.56,2024-06-14,2024-07-09,2024-07-09,25,25,0,1,91.28,Low
PO_003846,SUP_010,FAB_016,15253,4.77,72756.81,2024-03-15,2024-04-04,2024-04-12,20,28,8,0,87.23,High
PO_003847,SUP_005,FAB_016,16594,5.84,96908.96,2024-12-02,2024-12-30,2025-01-08,28,37,9,0,99.94,High
PO_003848,SUP_020,FAB_006,14120,15.75,222390.0,2025-10-21,2025-11-05,2025-11-10,15,20,5,0,94.35,Medium
PO_003849,SUP_002,FAB_006,925,14.77,13662.25,2025-09-28,2025-10-25,2025-10-26,27,28,1,0,99.52,Medium
PO_003850,SUP_018,FAB_008,7405,14.6,108113.0,2024-07-18,2024-08-03,2024-08-08,16,21,5,0,97.14,Medium
PO_003851,SUP_008,FAB_002,15343,12.75,195623.25,2025-04-03,2025-04-22,2025-04-23,19,20,1,0,93.97,Medium
PO_003852,SUP_019,FAB_002,8614,15.11,130157.54,2024-06-27,2024-07-28,2024-08-09,31,43,12,0,91.03,High
PO_003853,SUP_012,FAB_023,16976,7.53,127829.28,2025-02-23,2025-03-20,2025-03-20,25,25,0,1,93.86,Low
PO_003854,SUP_022,FAB_011,10522,6.02,63342.44,2025-03-26,2025-04-09,2025-04-16,14,21,7,0,93.04,Medium
PO_003855,SUP_007,FAB_023,17642,6.79,119789.18,2025-10-09,2025-11-06,2025-11-15,28,37,9,0,89.04,High
PO_003856,SUP_009,FAB_026,12809,14.0,179326.0,2024-06-26,2024-07-12,2024-07-17,16,21,5,0,91.28,Medium
PO_003857,SUP_022,FAB_001,19007,9.5,180566.5,2025-10-24,2025-11-13,2025-11-13,20,20,0,1,100.0,Low
PO_003858,SUP_013,FAB_025,15030,18.47,277604.1,2024-03-14,2024-04-14,2024-04-24,31,41,10,0,91.18,High
PO_003859,SUP_013,FAB_025,6385,18.47,117930.95,2025-05-31,2025-07-01,2025-07-05,31,35,4,0,94.11,Medium
PO_003860,SUP_023,FAB_019,8952,15.67,140277.84,2024-01-21,2024-02-06,2024-02-09,16,19,3,0,96.44,Medium
PO_003861,SUP_007,FAB_012,11245,10.96,123245.2,2025-01-17,2025-02-08,2025-02-15,22,29,7,0,94.15,Medium
PO_003862,SUP_010,FAB_016,11737,4.77,55985.49,2024-09-27,2024-10-17,2024-10-23,20,26,6,0,97.78,Medium
PO_003863,SUP_023,FAB_024,5552,4.32,23984.64,2024-08-31,2024-10-01,2024-10-06,31,36,5,0,95.17,Medium
PO_003864,SUP_010,FAB_018,4728,11.86,56074.08,2025-04-26,2025-05-13,2025-05-24,17,28,11,0,95.43,High
PO_003865,SUP_012,FAB_017,5632,9.86,55531.52,2025-09-08,2025-10-06,2025-10-07,28,29,1,0,96.66,Medium
PO_003866,SUP_018,FAB_007,15939,7.44,118586.16,2024-01-11,2024-02-17,2024-02-19,37,39,2,0,98.33,Medium
PO_003867,SUP_011,FAB_011,6516,6.37,41506.92,2025-04-28,2025-05-24,2025-05-25,26,27,1,0,99.04,Medium
PO_003868,SUP_002,FAB_030,17944,15.39,276158.16,2025-02-12,2025-03-21,2025-03-25,37,41,4,0,95.57,Medium
PO_003869,SUP_023,FAB_023,9366,7.03,65842.98,2025-08-16,2025-09-17,2025-09-22,32,37,5,0,97.98,Medium
PO_003870,SUP_004,FAB_022,4204,5.07,21314.28,2024-08-22,2024-09-11,2024-09-21,20,30,10,0,94.58,High
PO_003871,SUP_011,FAB_002,8026,14.61,117259.86,2024-04-28,2024-05-16,2024-05-16,18,18,0,1,98.24,Low
PO_003872,SUP_009,FAB_005,13465,7.36,99102.4,2024-03-14,2024-04-09,2024-04-11,26,28,2,0,95.8,Medium
PO_003873,SUP_004,FAB_017,9961,11.49,114451.89,2025-01-02,2025-02-03,2025-02-05,32,34,2,0,96.3,Medium
PO_003874,SUP_008,FAB_021,7057,12.27,86589.39,2025-07-04,2025-07-22,2025-07-25,18,21,3,0,90.97,Medium
PO_003875,SUP_011,FAB_002,14888,14.61,217513.68,2024-09-24,2024-10-12,2024-10-12,18,18,0,1,97.92,Low
PO_003876,SUP_024,FAB_026,16452,14.09,231808.68,2024-04-22,2024-05-31,2024-06-01,39,40,1,0,81.53,High
PO_003877,SUP_001,FAB_001,10981,9.92,108931.52,2024-12-05,2024-12-20,2024-12-20,15,15,0,1,97.26,Low
PO_003878,SUP_009,FAB_009,16937,10.06,170386.22,2025-09-21,2025-10-30,2025-11-05,39,45,6,0,100.0,Medium
PO_003879,SUP_012,FAB_028,19525,16.72,326458.0,2024-07-08,2024-07-28,2024-07-29,20,21,1,0,94.19,Medium
PO_003880,SUP_017,FAB_017,12058,11.31,136375.98,2024-10-08,2024-11-03,2024-11-11,26,34,8,0,92.74,High
PO_003881,SUP_023,FAB_028,2178,15.73,34259.94,2024-07-09,2024-08-02,2024-08-05,24,27,3,0,87.1,Medium
PO_003882,SUP_010,FAB_016,14663,4.77,69942.51,2024-10-15,2024-11-04,2024-11-04,20,20,0,1,96.12,Low
PO_003883,SUP_016,FAB_009,5191,8.41,43656.31,2025-04-15,2025-05-23,2025-05-31,38,46,8,0,98.77,High
PO_003884,SUP_021,FAB_005,3475,7.53,26166.75,2025-06-01,2025-06-29,2025-07-01,28,30,2,0,100.0,Medium
PO_003885,SUP_025,FAB_015,14380,13.15,189097.0,2024-09-27,2024-10-29,2024-11-02,32,36,4,0,98.84,Medium
PO_003886,SUP_022,FAB_015,4106,14.68,60276.08,2024-10-16,2024-11-19,2024-11-19,34,34,0,1,91.14,Low
PO_003887,SUP_025,FAB_024,12505,5.42,67777.1,2024-09-11,2024-10-01,2024-10-04,20,23,3,0,94.56,Medium
PO_003888,SUP_008,FAB_005,16483,6.91,113897.53,2024-07-18,2024-08-24,2024-08-25,37,38,1,0,98.85,Medium
PO_003889,SUP_013,FAB_013,7893,13.87,109475.91,2025-03-23,2025-04-12,2025-05-03,20,41,21,0,89.3,High
PO_003890,SUP_010,FAB_005,17793,6.79,120814.47,2025-01-20,2025-02-08,2025-02-13,19,24,5,0,93.19,Medium
PO_003891,SUP_008,FAB_021,2100,12.27,25767.0,2024-06-10,2024-06-28,2024-06-30,18,20,2,0,92.64,Medium
PO_003892,SUP_003,FAB_014,1633,19.82,32366.06,2024-09-15,2024-10-08,2024-10-14,23,29,6,0,98.23,Medium
PO_003893,SUP_012,FAB_008,518,13.43,6956.74,2024-05-08,2024-06-12,2024-06-14,35,37,2,0,100.0,Medium
PO_003894,SUP_010,FAB_021,11992,13.79,165369.68,2024-03-12,2024-04-21,2024-04-25,40,44,4,0,93.47,Medium
PO_003895,SUP_010,FAB_005,8272,6.79,56166.88,2024-10-03,2024-10-22,2024-10-22,19,19,0,1,90.58,Low
PO_003896,SUP_003,FAB_006,11786,16.44,193761.84,2025-04-21,2025-05-18,2025-05-24,27,33,6,0,92.53,Medium
PO_003897,SUP_017,FAB_018,19564,10.55,206400.2,2025-01-19,2025-02-20,2025-02-23,32,35,3,0,95.07,Medium
PO_003898,SUP_019,FAB_024,9621,5.38,51760.98,2025-07-10,2025-07-24,2025-07-27,14,17,3,0,87.5,Medium
PO_003899,SUP_007,FAB_016,17316,4.91,85021.56,2025-06-05,2025-07-01,2025-07-04,26,29,3,0,97.61,Medium
PO_003900,SUP_008,FAB_006,15801,16.71,264034.71,2024-04-18,2024-05-24,2024-05-25,36,37,1,0,100.0,Medium
PO_003901,SUP_023,FAB_025,3840,20.24,77721.6,2025-09-22,2025-10-08,2025-10-11,16,19,3,0,95.73,Medium
PO_003902,SUP_004,FAB_015,9020,13.72,123754.4,2024-04-22,2024-05-16,2024-05-19,24,27,3,0,93.87,Medium
PO_003903,SUP_015,FAB_012,3621,12.48,45190.08,2024-02-01,2024-03-06,2024-03-08,34,36,2,0,92.43,Medium
PO_003904,SUP_009,FAB_015,3479,13.73,47766.67,2024-09-29,2024-10-27,2024-10-28,28,29,1,0,93.57,Medium
PO_003905,SUP_013,FAB_024,10948,5.18,56710.64,2024-01-15,2024-02-13,2024-02-19,29,35,6,0,100.0,Medium
PO_003906,SUP_009,FAB_026,14697,14.0,205758.0,2024-03-25,2024-04-10,2024-04-12,16,18,2,0,92.99,Medium
PO_003907,SUP_017,FAB_013,13639,11.71,159712.69,2025-10-31,2025-12-07,2025-12-09,37,39,2,0,89.37,Medium
PO_003908,SUP_012,FAB_027,2970,12.77,37926.9,2024-12-05,2025-01-09,2025-01-11,35,37,2,0,94.89,Medium
PO_003909,SUP_004,FAB_011,1920,6.56,12595.2,2025-05-25,2025-06-26,2025-06-30,32,36,4,0,93.56,Medium
PO_003910,SUP_023,FAB_025,6536,20.24,132288.64,2025-08-06,2025-08-22,2025-08-23,16,17,1,0,86.6,Medium
PO_003911,SUP_003,FAB_010,3907,4.41,17229.87,2025-09-12,2025-09-27,2025-09-27,15,15,0,1,94.39,Low
PO_003912,SUP_024,FAB_020,14258,8.15,116202.7,2024-03-04,2024-04-07,2024-04-15,34,42,8,0,95.18,High
PO_003913,SUP_009,FAB_020,14081,8.32,117153.92,2024-04-21,2024-05-06,2024-05-09,15,18,3,0,97.93,Medium
PO_003914,SUP_014,FAB_018,9333,11.55,107796.15,2024-10-25,2024-12-03,2024-12-17,39,53,14,0,96.55,High
PO_003915,SUP_017,FAB_005,10059,6.39,64277.01,2025-06-10,2025-07-10,2025-07-10,30,30,0,1,90.83,Low
PO_003916,SUP_015,FAB_002,4946,15.2,75179.2,2024-05-29,2024-07-07,2024-07-19,39,51,12,0,89.46,High
PO_003917,SUP_024,FAB_025,921,19.85,18281.85,2024-06-06,2024-06-22,2024-06-26,16,20,4,0,99.82,Medium
PO_003918,SUP_002,FAB_023,15935,7.36,117281.6,2025-04-16,2025-05-24,2025-05-24,38,38,0,1,98.56,Low
PO_003919,SUP_007,FAB_016,12492,4.91,61335.72,2024-09-15,2024-10-11,2024-10-12,26,27,1,0,91.62,Medium
PO_003920,SUP_006,FAB_001,9246,9.25,85525.5,2024-04-14,2024-05-19,2024-05-20,35,36,1,0,96.81,Medium
PO_003921,SUP_022,FAB_021,1537,13.91,21379.67,2025-08-15,2025-09-06,2025-09-08,22,24,2,0,96.27,Medium
PO_003922,SUP_020,FAB_010,19415,5.04,97851.6,2024-09-02,2024-10-02,2024-10-05,30,33,3,0,88.76,Medium
PO_003923,SUP_023,FAB_020,11668,8.76,102211.68,2025-06-20,2025-07-24,2025-07-27,34,37,3,0,99.03,Medium
PO_003924,SUP_013,FAB_020,12359,8.4,103815.6,2024-06-06,2024-07-13,2024-07-16,37,40,3,0,95.56,Medium
PO_003925,SUP_019,FAB_024,4803,5.38,25840.14,2025-04-06,2025-04-20,2025-04-27,14,21,7,0,94.86,Medium
PO_003926,SUP_017,FAB_029,9680,9.81,94960.8,2024-05-03,2024-06-06,2024-06-11,34,39,5,0,87.62,Medium
PO_003927,SUP_009,FAB_020,13755,8.32,114441.6,2024-09-14,2024-09-29,2024-09-29,15,15,0,1,89.81,Low
PO_003928,SUP_007,FAB_011,16332,5.74,93745.68,2024-03-11,2024-04-16,2024-04-22,36,42,6,0,89.81,Medium
PO_003929,SUP_013,FAB_010,19016,5.1,96981.6,2025-09-03,2025-09-30,2025-10-04,27,31,4,0,90.13,Medium
PO_003930,SUP_004,FAB_022,6277,5.07,31824.39,2024-03-23,2024-04-12,2024-04-15,20,23,3,0,95.21,Medium
PO_003931,SUP_011,FAB_019,4970,15.83,78675.1,2025-06-11,2025-06-27,2025-06-29,16,18,2,0,100.0,Medium
PO_003932,SUP_009,FAB_020,2716,8.32,22597.12,2025-10-09,2025-10-24,2025-10-26,15,17,2,0,92.55,Medium
PO_003933,SUP_018,FAB_014,17847,19.73,352121.31,2025-11-21,2025-12-10,2025-12-13,19,22,3,0,93.26,Medium
PO_003934,SUP_001,FAB_017,11403,11.59,132160.77,2025-05-26,2025-06-30,2025-06-30,35,35,0,1,100.0,Low
PO_003935,SUP_004,FAB_002,3536,12.42,43917.12,2025-01-29,2025-02-15,2025-02-19,17,21,4,0,91.09,Medium
PO_003936,SUP_019,FAB_010,7951,4.57,36336.07,2024-03-17,2024-04-16,2024-04-25,30,39,9,0,89.83,High
PO_003937,SUP_013,FAB_020,1889,8.4,15867.6,2024-08-15,2024-09-21,2024-09-28,37,44,7,0,90.68,Medium
PO_003938,SUP_012,FAB_008,1139,13.43,15296.77,2024-04-06,2024-05-11,2024-05-11,35,35,0,1,93.73,Low
PO_003939,SUP_011,FAB_020,1841,8.32,15317.12,2024-08-05,2024-09-13,2024-09-16,39,42,3,0,93.62,Medium
PO_003940,SUP_007,FAB_018,6861,10.76,73824.36,2025-10-29,2025-11-15,2025-11-26,17,28,11,0,92.57,High
PO_003941,SUP_007,FAB_012,18954,10.96,207735.84,2025-11-02,2025-11-24,2025-11-29,22,27,5,0,88.27,Medium
PO_003942,SUP_018,FAB_005,19867,7.22,143439.74,2025-05-14,2025-06-22,2025-06-24,39,41,2,0,100.0,Medium
PO_003943,SUP_022,FAB_025,545,18.59,10131.55,2024-08-12,2024-09-01,2024-09-04,20,23,3,0,98.56,Medium
PO_003944,SUP_009,FAB_001,11278,10.99,123945.22,2024-04-17,2024-05-20,2024-05-25,33,38,5,0,94.03,Medium
PO_003945,SUP_016,FAB_021,12725,13.4,170515.0,2025-01-09,2025-02-01,2025-02-03,23,25,2,0,100.0,Medium
PO_003946,SUP_008,FAB_006,16393,16.71,273927.03,2025-09-22,2025-10-28,2025-11-05,36,44,8,0,95.88,High
PO_003947,SUP_016,FAB_014,11616,20.14,233946.24,2024-08-26,2024-09-22,2024-09-28,27,33,6,0,96.31,Medium
PO_003948,SUP_018,FAB_017,13719,11.15,152966.85,2024-09-26,2024-10-26,2024-10-27,30,31,1,0,93.52,Medium
PO_003949,SUP_019,FAB_015,5428,14.82,80442.96,2024-03-10,2024-04-07,2024-04-12,28,33,5,0,92.2,Medium
PO_003950,SUP_001,FAB_018,7318,11.04,80790.72,2025-11-26,2025-12-14,2025-12-14,18,18,0,1,94.57,Low
PO_003951,SUP_025,FAB_014,16458,17.33,285217.14,2025-09-23,2025-10-07,2025-10-07,14,14,0,1,98.17,Low
PO_003952,SUP_023,FAB_025,2672,20.24,54081.28,2024-04-22,2024-05-08,2024-05-13,16,21,5,0,93.16,Medium
PO_003953,SUP_009,FAB_009,10836,10.06,109010.16,2025-02-02,2025-03-13,2025-03-15,39,41,2,0,93.32,Medium
PO_003954,SUP_017,FAB_005,19493,6.39,124560.27,2025-09-11,2025-10-11,2025-10-12,30,31,1,0,85.14,Medium
PO_003955,SUP_020,FAB_030,15227,15.13,230384.51,2024-03-27,2024-04-15,2024-04-16,19,20,1,0,91.88,Medium
PO_003956,SUP_025,FAB_014,12280,17.33,212812.4,2024-02-05,2024-02-19,2024-02-21,14,16,2,0,97.34,Medium
PO_003957,SUP_017,FAB_023,18909,7.59,143519.31,2024-09-21,2024-10-05,2024-10-08,14,17,3,0,91.74,Medium
PO_003958,SUP_018,FAB_014,1601,19.73,31587.73,2025-04-01,2025-04-20,2025-04-20,19,19,0,1,95.19,Low
PO_003959,SUP_004,FAB_018,13824,12.22,168929.28,2025-03-05,2025-03-19,2025-03-20,14,15,1,0,91.38,Medium
PO_003960,SUP_018,FAB_004,15788,7.39,116673.32,2025-09-13,2025-10-13,2025-10-13,30,30,0,1,100.0,Low
PO_003961,SUP_022,FAB_015,4036,14.68,59248.48,2025-05-04,2025-06-07,2025-06-07,34,34,0,1,96.49,Low
PO_003962,SUP_023,FAB_017,17907,9.24,165460.68,2024-08-19,2024-09-25,2024-09-25,37,37,0,1,96.19,Low
PO_003963,SUP_002,FAB_004,14851,7.87,116877.37,2024-11-09,2024-12-08,2024-12-13,29,34,5,0,97.2,Medium
PO_003964,SUP_001,FAB_018,13460,11.04,148598.4,2025-11-17,2025-12-05,2025-12-07,18,20,2,0,94.47,Medium
PO_003965,SUP_012,FAB_021,10722,12.26,131451.72,2024-09-05,2024-09-20,2024-09-22,15,17,2,0,100.0,Medium
PO_003966,SUP_019,FAB_019,16953,14.46,245140.38,2025-11-11,2025-12-12,2025-12-13,31,32,1,0,90.59,Medium
PO_003967,SUP_003,FAB_028,569,18.9,10754.1,2024-08-09,2024-08-24,2024-08-28,15,19,4,0,93.26,Medium
PO_003968,SUP_014,FAB_001,14228,11.57,164617.96,2025-10-08,2025-11-05,2025-11-05,28,28,0,1,92.16,Low
PO_003969,SUP_023,FAB_024,15726,4.32,67936.32,2025-10-21,2025-11-21,2025-11-21,31,31,0,1,95.02,Low
PO_003970,SUP_018,FAB_007,5198,7.44,38673.12,2024-07-15,2024-08-21,2024-08-23,37,39,2,0,100.0,Medium
PO_003971,SUP_010,FAB_029,2509,8.48,21276.32,2024-02-10,2024-02-25,2024-02-26,15,16,1,0,93.66,Medium
PO_003972,SUP_011,FAB_022,15827,5.56,87998.12,2025-09-19,2025-10-22,2025-10-22,33,33,0,1,100.0,Low
PO_003973,SUP_011,FAB_030,4048,15.43,62460.64,2024-12-11,2024-12-28,2024-12-28,17,17,0,1,93.79,Low
PO_003974,SUP_023,FAB_025,8732,20.24,176735.68,2025-01-20,2025-02-05,2025-02-12,16,23,7,0,100.0,Medium
PO_003975,SUP_005,FAB_030,903,15.73,14204.19,2025-02-24,2025-03-18,2025-03-18,22,22,0,1,97.22,Low
PO_003976,SUP_019,FAB_019,698,14.46,10093.08,2024-04-08,2024-05-09,2024-05-13,31,35,4,0,96.69,Medium
PO_003977,SUP_003,FAB_023,11657,7.68,89525.76,2024-10-19,2024-11-02,2024-11-04,14,16,2,0,94.37,Medium
PO_003978,SUP_022,FAB_001,17286,9.5,164217.0,2024-06-09,2024-06-29,2024-06-30,20,21,1,0,99.44,Medium
PO_003979,SUP_011,FAB_027,15235,11.21,170784.35,2024-06-09,2024-07-06,2024-07-11,27,32,5,0,99.35,Medium
PO_003980,SUP_013,FAB_013,6478,13.87,89849.86,2024-01-10,2024-01-30,2024-01-30,20,20,0,1,91.34,Low
PO_003981,SUP_019,FAB_014,1040,19.06,19822.4,2025-03-16,2025-04-01,2025-04-05,16,20,4,0,94.51,Medium
PO_003982,SUP_004,FAB_015,15849,13.72,217448.28,2025-05-27,2025-06-20,2025-06-29,24,33,9,0,94.03,High
PO_003983,SUP_023,FAB_017,16384,9.24,151388.16,2025-05-28,2025-07-04,2025-07-13,37,46,9,0,95.03,High
PO_003984,SUP_013,FAB_026,9738,11.83,115200.54,2025-06-28,2025-07-30,2025-08-04,32,37,5,0,88.07,Medium
PO_003985,SUP_019,FAB_028,18996,16.65,316283.4,2025-10-11,2025-11-15,2025-11-19,35,39,4,0,90.81,Medium
PO_003986,SUP_022,FAB_030,2255,18.31,41289.05,2024-02-28,2024-03-25,2024-03-25,26,26,0,1,95.13,Low
PO_003987,SUP_010,FAB_018,17915,11.86,212471.9,2025-02-15,2025-03-04,2025-03-08,17,21,4,0,94.03,Medium
PO_003988,SUP_002,FAB_030,8700,15.39,133893.0,2025-03-15,2025-04-21,2025-04-24,37,40,3,0,100.0,Medium
PO_003989,SUP_016,FAB_023,16230,6.9,111987.0,2024-12-31,2025-01-28,2025-01-28,28,28,0,1,95.39,Low
PO_003990,SUP_022,FAB_021,6427,13.91,89399.57,2025-07-16,2025-08-07,2025-08-08,22,23,1,0,98.0,Medium
PO_003991,SUP_020,FAB_030,1759,15.13,26613.67,2025-04-14,2025-05-03,2025-05-07,19,23,4,0,85.94,Medium
PO_003992,SUP_004,FAB_011,10919,6.56,71628.64,2024-10-17,2024-11-18,2024-11-18,32,32,0,1,88.07,Low
PO_003993,SUP_011,FAB_001,6408,9.83,62990.64,2024-01-30,2024-03-08,2024-03-08,38,38,0,1,95.95,Low
PO_003994,SUP_005,FAB_003,3835,17.05,65386.75,2024-11-15,2024-12-24,2024-12-29,39,44,5,0,95.89,Medium
PO_003995,SUP_017,FAB_017,6153,11.31,69590.43,2025-08-18,2025-09-13,2025-09-15,26,28,2,0,87.99,Medium
PO_003996,SUP_009,FAB_019,13960,17.77,248069.2,2025-08-06,2025-08-28,2025-08-28,22,22,0,1,92.7,Low
PO_003997,SUP_015,FAB_009,19688,8.22,161835.36,2025-06-25,2025-07-31,2025-08-08,36,44,8,0,88.81,High
PO_003998,SUP_015,FAB_009,18346,8.22,150804.12,2024-12-17,2025-01-22,2025-01-22,36,36,0,1,88.92,Low
PO_003999,SUP_018,FAB_019,15631,15.93,249001.83,2025-10-12,2025-11-11,2025-11-13,30,32,2,0,97.6,Medium
PO_004000,SUP_024,FAB_029,19705,9.81,193306.05,2024-08-11,2024-09-06,2024-09-09,26,29,3,0,90.64,Medium
PO_004001,SUP_009,FAB_015,18183,13.73,249652.59,2025-11-28,2025-12-26,2025-12-31,28,33,5,0,97.03,Medium
PO_004002,SUP_014,FAB_019,7806,16.12,125832.72,2024-10-03,2024-11-07,2024-11-08,35,36,1,0,97.51,Medium
PO_004003,SUP_017,FAB_005,4576,6.39,29240.64,2024-08-23,2024-09-22,2024-09-30,30,38,8,0,86.22,High
PO_004004,SUP_024,FAB_015,18794,12.36,232293.84,2024-04-30,2024-05-27,2024-05-31,27,31,4,0,97.46,Medium
PO_004005,SUP_015,FAB_018,7730,12.21,94383.3,2025-09-23,2025-10-23,2025-10-25,30,32,2,0,100.0,Medium
PO_004006,SUP_022,FAB_011,4211,6.02,25350.22,2024-10-20,2024-11-03,2024-11-05,14,16,2,0,97.28,Medium
PO_004007,SUP_015,FAB_018,1362,12.21,16630.02,2025-01-10,2025-02-09,2025-02-11,30,32,2,0,90.45,Medium
PO_004008,SUP_004,FAB_019,9582,15.3,146604.6,2024-12-27,2025-01-22,2025-01-22,26,26,0,1,94.17,Low
PO_004009,SUP_016,FAB_009,14640,8.41,123122.4,2025-07-13,2025-08-20,2025-08-27,38,45,7,0,92.31,Medium
PO_004010,SUP_020,FAB_018,3577,10.58,37844.66,2024-06-12,2024-07-06,2024-07-12,24,30,6,0,88.25,Medium
PO_004011,SUP_022,FAB_030,11193,18.31,204943.83,2025-09-26,2025-10-22,2025-10-23,26,27,1,0,99.26,Medium
PO_004012,SUP_006,FAB_008,9136,16.35,149373.6,2024-02-19,2024-03-29,2024-03-31,39,41,2,0,91.41,Medium
PO_004013,SUP_024,FAB_028,4513,18.15,81910.95,2025-07-10,2025-07-25,2025-07-29,15,19,4,0,99.21,Medium
PO_004014,SUP_017,FAB_023,17035,7.59,129295.65,2024-01-22,2024-02-05,2024-02-09,14,18,4,0,89.18,Medium
PO_004015,SUP_023,FAB_006,12735,14.79,188350.65,2024-08-04,2024-09-08,2024-09-12,35,39,4,0,99.4,Medium
PO_004016,SUP_009,FAB_012,17272,11.07,191201.04,2025-11-25,2025-12-24,2025-12-26,29,31,2,0,91.78,Medium
PO_004017,SUP_002,FAB_030,17025,15.39,262014.75,2024-05-26,2024-07-02,2024-07-04,37,39,2,0,90.52,Medium
PO_004018,SUP_002,FAB_013,19805,13.79,273110.95,2025-05-11,2025-05-28,2025-05-28,17,17,0,1,91.74,Low
PO_004019,SUP_013,FAB_022,4921,5.44,26770.24,2024-08-02,2024-09-11,2024-09-13,40,42,2,0,90.51,Medium
PO_004020,SUP_002,FAB_005,14045,6.1,85674.5,2024-03-24,2024-04-22,2024-04-22,29,29,0,1,87.73,Low
PO_004021,SUP_007,FAB_004,4440,8.1,35964.0,2025-07-15,2025-07-31,2025-08-04,16,20,4,0,91.9,Medium
PO_004022,SUP_012,FAB_017,11254,9.86,110964.44,2025-04-10,2025-05-08,2025-05-08,28,28,0,1,93.82,Low
PO_004023,SUP_007,FAB_002,16664,15.33,255459.12,2025-05-14,2025-05-29,2025-05-30,15,16,1,0,95.24,Medium
PO_004024,SUP_010,FAB_011,19884,6.57,130637.88,2024-11-25,2024-12-10,2024-12-14,15,19,4,0,90.48,Medium
PO_004025,SUP_004,FAB_018,3574,12.22,43674.28,2024-06-10,2024-06-24,2024-06-30,14,20,6,0,91.44,Medium
PO_004026,SUP_018,FAB_011,10177,5.86,59637.22,2024-03-30,2024-04-27,2024-05-03,28,34,6,0,98.69,Medium
PO_004027,SUP_018,FAB_005,16346,7.22,118018.12,2025-11-22,2025-12-31,2026-01-02,39,41,2,0,87.17,Medium
PO_004028,SUP_007,FAB_019,18558,16.0,296928.0,2024-09-27,2024-11-06,2024-11-30,40,64,24,0,93.16,High
PO_004029,SUP_015,FAB_002,7637,15.2,116082.4,2024-08-09,2024-09-17,2024-09-25,39,47,8,0,90.11,High
PO_004030,SUP_010,FAB_011,19879,6.57,130605.03,2025-07-28,2025-08-12,2025-08-28,15,31,16,0,87.87,High
PO_004031,SUP_021,FAB_007,6340,7.73,49008.2,2024-04-13,2024-05-18,2024-05-19,35,36,1,0,93.35,Medium
PO_004032,SUP_025,FAB_008,1759,13.68,24063.12,2024-11-04,2024-12-08,2024-12-08,34,34,0,1,92.71,Low
PO_004033,SUP_024,FAB_028,4171,18.15,75703.65,2025-08-11,2025-08-26,2025-08-26,15,15,0,1,86.98,Low
PO_004034,SUP_003,FAB_023,5961,7.68,45780.48,2024-06-23,2024-07-07,2024-07-14,14,21,7,0,96.66,Medium
PO_004035,SUP_018,FAB_015,9709,13.28,128935.52,2025-01-05,2025-01-20,2025-01-21,15,16,1,0,95.78,Medium
PO_004036,SUP_019,FAB_015,901,14.82,13352.82,2025-11-29,2025-12-27,2025-12-29,28,30,2,0,89.23,Medium
PO_004037,SUP_013,FAB_025,13323,18.47,246075.81,2024-09-17,2024-10-18,2024-10-21,31,34,3,0,89.23,Medium
PO_004038,SUP_003,FAB_010,9306,4.41,41039.46,2024-07-06,2024-07-21,2024-08-08,15,33,18,0,93.57,High
PO_004039,SUP_005,FAB_026,8355,13.45,112374.75,2025-10-13,2025-11-20,2025-11-20,38,38,0,1,100.0,Low
PO_004040,SUP_018,FAB_011,10619,5.86,62227.34,2024-05-05,2024-06-02,2024-06-06,28,32,4,0,91.19,Medium
PO_004041,SUP_017,FAB_013,14204,11.71,166328.84,2025-07-20,2025-08-26,2025-08-30,37,41,4,0,89.18,Medium
PO_004042,SUP_005,FAB_019,15339,16.25,249258.75,2024-02-02,2024-02-29,2024-03-03,27,30,3,0,93.58,Medium
PO_004043,SUP_025,FAB_008,6040,13.68,82627.2,2025-05-29,2025-07-02,2025-07-02,34,34,0,1,99.4,Low
PO_004044,SUP_001,FAB_004,3777,7.06,26665.62,2024-03-16,2024-04-08,2024-04-08,23,23,0,1,100.0,Low
PO_004045,SUP_007,FAB_019,13339,16.0,213424.0,2025-05-14,2025-06-23,2025-06-23,40,40,0,1,94.34,Low
PO_004046,SUP_008,FAB_024,11454,4.27,48908.58,2025-10-07,2025-11-10,2025-11-15,34,39,5,0,88.77,Medium
PO_004047,SUP_023,FAB_020,1679,8.76,14708.04,2024-05-11,2024-06-14,2024-06-16,34,36,2,0,93.17,Medium
PO_004048,SUP_003,FAB_028,5314,18.9,100434.6,2024-01-16,2024-01-31,2024-02-07,15,22,7,0,90.37,Medium
PO_004049,SUP_006,FAB_015,6320,13.95,88164.0,2024-09-20,2024-10-07,2024-10-07,17,17,0,1,92.96,Low
PO_004050,SUP_008,FAB_025,13377,16.9,226071.3,2024-02-23,2024-03-25,2024-03-29,31,35,4,0,97.57,Medium
PO_004051,SUP_018,FAB_012,15639,13.73,214723.47,2025-03-02,2025-04-04,2025-04-06,33,35,2,0,99.28,Medium
PO_004052,SUP_010,FAB_024,6450,4.93,31798.5,2025-03-13,2025-04-11,2025-04-16,29,34,5,0,85.38,Medium
PO_004053,SUP_013,FAB_010,7225,5.1,36847.5,2024-06-08,2024-07-05,2024-07-07,27,29,2,0,86.79,Medium
PO_004054,SUP_021,FAB_021,15221,13.21,201069.41,2024-09-14,2024-09-30,2024-10-05,16,21,5,0,91.5,Medium
PO_004055,SUP_024,FAB_004,19083,7.78,148465.74,2024-05-20,2024-06-23,2024-06-27,34,38,4,0,87.75,Medium
PO_004056,SUP_012,FAB_027,11796,12.77,150634.92,2025-01-20,2025-02-24,2025-02-28,35,39,4,0,96.25,Medium
PO_004057,SUP_001,FAB_010,4463,5.36,23921.68,2024-06-21,2024-07-16,2024-07-19,25,28,3,0,93.09,Medium
PO_004058,SUP_015,FAB_007,18148,8.43,152987.64,2024-11-26,2025-01-03,2025-01-08,38,43,5,0,84.34,High
PO_004059,SUP_019,FAB_011,8205,5.61,46030.05,2025-08-22,2025-09-06,2025-09-08,15,17,2,0,90.49,Medium
PO_004060,SUP_017,FAB_021,8524,13.27,113113.48,2024-07-29,2024-08-26,2024-09-02,28,35,7,0,91.11,Medium
PO_004061,SUP_001,FAB_006,4337,18.61,80711.57,2024-04-13,2024-05-23,2024-05-23,40,40,0,1,91.12,Low
PO_004062,SUP_025,FAB_025,8455,17.52,148131.6,2024-06-26,2024-07-21,2024-07-22,25,26,1,0,97.2,Medium
PO_004063,SUP_012,FAB_016,2129,5.69,12114.01,2024-02-11,2024-02-27,2024-03-02,16,20,4,0,99.5,Medium
PO_004064,SUP_003,FAB_018,18928,10.14,191929.92,2024-05-13,2024-06-08,2024-06-13,26,31,5,0,100.0,Medium
PO_004065,SUP_025,FAB_005,1872,6.69,12523.68,2025-01-13,2025-02-03,2025-02-04,21,22,1,0,97.68,Medium
PO_004066,SUP_016,FAB_025,18434,19.48,359094.32,2024-04-14,2024-04-30,2024-05-08,16,24,8,0,92.43,High
PO_004067,SUP_010,FAB_024,1428,4.93,7040.04,2025-11-22,2025-12-21,2025-12-22,29,30,1,0,86.8,Medium
PO_004068,SUP_016,FAB_029,15044,9.89,148785.16,2025-01-19,2025-02-06,2025-02-10,18,22,4,0,91.87,Medium
PO_004069,SUP_018,FAB_024,19991,5.25,104952.75,2024-08-27,2024-09-12,2024-09-13,16,17,1,0,96.54,Medium
PO_004070,SUP_025,FAB_009,18269,8.15,148892.35,2024-03-29,2024-04-25,2024-04-28,27,30,3,0,98.18,Medium
PO_004071,SUP_019,FAB_013,8629,12.25,105705.25,2025-01-25,2025-02-08,2025-02-12,14,18,4,0,87.8,Medium
PO_004072,SUP_004,FAB_015,2406,13.72,33010.32,2025-10-22,2025-11-15,2025-11-21,24,30,6,0,98.93,Medium
PO_004073,SUP_022,FAB_023,4669,7.57,35344.33,2025-09-08,2025-09-30,2025-09-30,22,22,0,1,95.84,Low
PO_004074,SUP_017,FAB_020,3829,8.11,31053.19,2025-09-24,2025-10-20,2025-10-26,26,32,6,0,88.25,Medium
PO_004075,SUP_002,FAB_023,14361,7.36,105696.96,2024-04-26,2024-06-03,2024-06-04,38,39,1,0,100.0,Medium
PO_004076,SUP_006,FAB_001,14398,9.25,133181.5,2024-04-12,2024-05-17,2024-05-22,35,40,5,0,87.05,Medium
PO_004077,SUP_002,FAB_004,17799,7.87,140078.13,2024-11-27,2024-12-26,2024-12-31,29,34,5,0,94.49,Medium
PO_004078,SUP_004,FAB_015,15838,13.72,217297.36,2025-01-31,2025-02-24,2025-02-28,24,28,4,0,95.88,Medium
PO_004079,SUP_008,FAB_005,5568,6.91,38474.88,2024-11-06,2024-12-13,2024-12-13,37,37,0,1,92.26,Low
PO_004080,SUP_012,FAB_016,16751,5.69,95313.19,2024-06-04,2024-06-20,2024-06-20,16,16,0,1,100.0,Low
PO_004081,SUP_007,FAB_011,16038,5.74,92058.12,2024-12-03,2025-01-08,2025-01-15,36,43,7,0,99.16,Medium
PO_004082,SUP_025,FAB_020,18462,9.52,175758.24,2024-03-24,2024-04-29,2024-04-29,36,36,0,1,97.42,Low
PO_004083,SUP_004,FAB_019,1753,15.3,26820.9,2025-06-15,2025-07-11,2025-07-12,26,27,1,0,94.8,Medium
PO_004084,SUP_022,FAB_021,3320,13.91,46181.2,2024-12-02,2024-12-24,2024-12-25,22,23,1,0,94.02,Medium
PO_004085,SUP_015,FAB_002,10101,15.2,153535.2,2025-06-13,2025-07-22,2025-07-26,39,43,4,0,90.5,Medium
PO_004086,SUP_008,FAB_011,11683,5.27,61569.41,2024-02-18,2024-03-10,2024-03-15,21,26,5,0,94.24,Medium
PO_004087,SUP_024,FAB_003,1516,16.11,24422.76,2024-07-31,2024-08-15,2024-08-16,15,16,1,0,95.12,Medium
PO_004088,SUP_018,FAB_014,2935,19.73,57907.55,2024-02-21,2024-03-11,2024-03-12,19,20,1,0,100.0,Medium
PO_004089,SUP_003,FAB_025,18700,18.52,346324.0,2024-06-10,2024-07-13,2024-07-22,33,42,9,0,92.48,High
PO_004090,SUP_016,FAB_014,14884,20.14,299763.76,2025-04-02,2025-04-29,2025-04-29,27,27,0,1,92.01,Low
PO_004091,SUP_012,FAB_017,8531,9.86,84115.66,2024-04-23,2024-05-21,2024-05-22,28,29,1,0,98.28,Medium
PO_004092,SUP_014,FAB_014,13176,17.09,225177.84,2024-10-20,2024-11-18,2024-11-26,29,37,8,0,87.73,High
PO_004093,SUP_011,FAB_020,1025,8.32,8528.0,2025-08-20,2025-09-28,2025-10-01,39,42,3,0,96.57,Medium
PO_004094,SUP_006,FAB_018,16784,11.78,197715.52,2024-12-01,2025-01-07,2025-01-09,37,39,2,0,91.35,Medium
PO_004095,SUP_014,FAB_019,12541,16.12,202160.92,2025-01-19,2025-02-23,2025-02-23,35,35,0,1,86.47,Low
PO_004096,SUP_011,FAB_002,7490,14.61,109428.9,2024-10-31,2024-11-18,2024-11-18,18,18,0,1,98.61,Low
PO_004097,SUP_002,FAB_025,1206,18.91,22805.46,2024-01-18,2024-02-13,2024-02-15,26,28,2,0,97.96,Medium
PO_004098,SUP_016,FAB_014,1114,20.14,22435.96,2024-07-22,2024-08-18,2024-08-18,27,27,0,1,96.25,Low
PO_004099,SUP_016,FAB_025,9783,19.48,190572.84,2024-01-17,2024-02-02,2024-02-04,16,18,2,0,94.74,Medium
PO_004100,SUP_015,FAB_010,9204,5.34,49149.36,2025-06-05,2025-06-20,2025-06-20,15,15,0,1,93.54,Low
PO_004101,SUP_020,FAB_010,17043,5.04,85896.72,2024-11-04,2024-12-04,2024-12-12,30,38,8,0,91.37,High
PO_004102,SUP_007,FAB_026,10585,14.05,148719.25,2025-06-30,2025-07-16,2025-07-22,16,22,6,0,85.85,Medium
PO_004103,SUP_020,FAB_010,19896,5.04,100275.84,2025-10-29,2025-11-28,2025-12-06,30,38,8,0,80.79,High
PO_004104,SUP_006,FAB_015,9081,13.95,126679.95,2025-10-15,2025-11-01,2025-11-02,17,18,1,0,94.54,Medium
PO_004105,SUP_018,FAB_004,14909,7.39,110177.51,2024-08-19,2024-09-18,2024-09-18,30,30,0,1,96.3,Low
PO_004106,SUP_019,FAB_014,3136,19.06,59772.16,2025-08-04,2025-08-20,2025-08-27,16,23,7,0,90.95,Medium
PO_004107,SUP_024,FAB_028,15894,18.15,288476.1,2025-06-12,2025-06-27,2025-06-29,15,17,2,0,94.73,Medium
PO_004108,SUP_021,FAB_021,17199,13.21,227198.79,2025-04-16,2025-05-02,2025-05-03,16,17,1,0,93.09,Medium
PO_004109,SUP_023,FAB_022,18643,5.21,97130.03,2024-11-26,2024-12-26,2024-12-31,30,35,5,0,91.79,Medium
PO_004110,SUP_025,FAB_025,7358,17.52,128912.16,2024-07-22,2024-08-16,2024-08-19,25,28,3,0,97.12,Medium
PO_004111,SUP_015,FAB_009,18986,8.22,156064.92,2024-12-18,2025-01-23,2025-01-25,36,38,2,0,92.75,Medium
PO_004112,SUP_017,FAB_015,14672,14.49,212597.28,2025-06-19,2025-07-11,2025-07-20,22,31,9,0,92.98,High
PO_004113,SUP_009,FAB_020,6546,8.32,54462.72,2024-08-22,2024-09-06,2024-09-08,15,17,2,0,95.81,Medium
PO_004114,SUP_025,FAB_012,15179,13.62,206737.98,2024-03-17,2024-04-04,2024-04-04,18,18,0,1,93.53,Low
PO_004115,SUP_011,FAB_015,2936,13.68,40164.48,2025-11-14,2025-12-13,2025-12-17,29,33,4,0,95.91,Medium
PO_004116,SUP_021,FAB_021,16213,13.21,214173.73,2025-01-16,2025-02-01,2025-02-02,16,17,1,0,90.74,Medium
PO_004117,SUP_018,FAB_012,16122,13.73,221355.06,2025-02-06,2025-03-11,2025-03-11,33,33,0,1,95.73,Low
PO_004118,SUP_004,FAB_017,7681,11.49,88254.69,2025-10-24,2025-11-25,2025-12-01,32,38,6,0,94.74,Medium
PO_004119,SUP_021,FAB_010,19839,4.79,95028.81,2025-01-05,2025-02-13,2025-02-17,39,43,4,0,100.0,Medium
PO_004120,SUP_008,FAB_006,7403,16.71,123704.13,2025-11-12,2025-12-18,2025-12-28,36,46,10,0,91.31,High
PO_004121,SUP_010,FAB_018,5446,11.86,64589.56,2024-03-29,2024-04-15,2024-04-16,17,18,1,0,87.03,Medium
PO_004122,SUP_009,FAB_009,3950,10.06,39737.0,2024-11-17,2024-12-26,2024-12-28,39,41,2,0,100.0,Medium
PO_004123,SUP_008,FAB_021,3566,12.27,43754.82,2024-08-07,2024-08-25,2024-08-26,18,19,1,0,95.39,Medium
PO_004124,SUP_020,FAB_027,1628,10.12,16475.36,2024-05-27,2024-06-17,2024-06-17,21,21,0,1,93.13,Low
PO_004125,SUP_023,FAB_024,16192,4.32,69949.44,2024-11-07,2024-12-08,2024-12-12,31,35,4,0,93.34,Medium
PO_004126,SUP_012,FAB_022,14413,4.72,68029.36,2025-02-04,2025-03-03,2025-03-03,27,27,0,1,97.39,Low
PO_004127,SUP_021,FAB_010,10419,4.79,49907.01,2025-09-11,2025-10-20,2025-10-22,39,41,2,0,90.19,Medium
PO_004128,SUP_011,FAB_027,19210,11.21,215344.1,2025-07-21,2025-08-17,2025-08-17,27,27,0,1,88.35,Low
PO_004129,SUP_013,FAB_020,19411,8.4,163052.4,2024-11-30,2025-01-06,2025-01-06,37,37,0,1,93.54,Low
PO_004130,SUP_004,FAB_018,10972,12.22,134077.84,2025-03-04,2025-03-18,2025-03-19,14,15,1,0,91.64,Medium
PO_004131,SUP_023,FAB_022,5463,5.21,28462.23,2025-06-09,2025-07-09,2025-07-15,30,36,6,0,93.97,Medium
PO_004132,SUP_001,FAB_007,15460,8.25,127545.0,2025-01-16,2025-02-20,2025-02-22,35,37,2,0,100.0,Medium
PO_004133,SUP_014,FAB_001,2596,11.57,30035.72,2024-09-25,2024-10-23,2024-10-23,28,28,0,1,92.13,Low
PO_004134,SUP_009,FAB_026,8119,14.0,113666.0,2024-10-13,2024-10-29,2024-10-29,16,16,0,1,95.15,Low
PO_004135,SUP_001,FAB_025,5387,16.86,90824.82,2025-06-11,2025-07-08,2025-07-09,27,28,1,0,100.0,Medium
PO_004136,SUP_011,FAB_030,14672,15.43,226388.96,2025-03-03,2025-03-20,2025-03-20,17,17,0,1,88.68,Low
PO_004137,SUP_018,FAB_004,2553,7.39,18866.67,2025-09-17,2025-10-17,2025-10-18,30,31,1,0,100.0,Medium
PO_004138,SUP_017,FAB_017,5567,11.31,62962.77,2024-04-25,2024-05-21,2024-05-23,26,28,2,0,93.44,Medium
PO_004139,SUP_012,FAB_008,841,13.43,11294.63,2024-06-28,2024-08-02,2024-08-02,35,35,0,1,98.59,Low
PO_004140,SUP_002,FAB_025,19614,18.91,370900.74,2024-11-17,2024-12-13,2024-12-14,26,27,1,0,96.34,Medium
PO_004141,SUP_008,FAB_005,16619,6.91,114837.29,2024-05-19,2024-06-25,2024-06-26,37,38,1,0,91.89,Medium
PO_004142,SUP_008,FAB_005,5332,6.91,36844.12,2025-09-19,2025-10-26,2025-10-29,37,40,3,0,90.53,Medium
PO_004143,SUP_018,FAB_015,6794,13.28,90224.32,2024-11-30,2024-12-15,2024-12-16,15,16,1,0,94.1,Medium
PO_004144,SUP_001,FAB_006,11354,18.61,211297.94,2024-07-26,2024-09-04,2024-09-04,40,40,0,1,95.81,Low
PO_004145,SUP_007,FAB_028,7141,17.07,121896.87,2025-03-01,2025-03-22,2025-03-24,21,23,2,0,83.73,High
PO_004146,SUP_023,FAB_016,961,5.8,5573.8,2025-10-29,2025-11-28,2025-12-01,30,33,3,0,92.4,Medium
PO_004147,SUP_004,FAB_019,11465,15.3,175414.5,2024-08-12,2024-09-07,2024-09-11,26,30,4,0,94.54,Medium
PO_004148,SUP_006,FAB_007,13492,7.38,99570.96,2025-10-02,2025-10-22,2025-10-26,20,24,4,0,94.42,Medium
PO_004149,SUP_021,FAB_014,17275,20.05,346363.75,2024-12-23,2025-01-15,2025-01-15,23,23,0,1,94.26,Low
PO_004150,SUP_023,FAB_028,16862,15.73,265239.26,2024-02-14,2024-03-09,2024-03-10,24,25,1,0,98.73,Medium
PO_004151,SUP_008,FAB_028,9727,16.49,160398.23,2024-09-06,2024-10-02,2024-10-03,26,27,1,0,89.64,Medium
PO_004152,SUP_016,FAB_025,629,19.48,12252.92,2025-10-26,2025-11-11,2025-11-16,16,21,5,0,95.91,Medium
PO_004153,SUP_004,FAB_015,4920,13.72,67502.4,2025-10-16,2025-11-09,2025-11-14,24,29,5,0,91.56,Medium
PO_004154,SUP_010,FAB_005,7369,6.79,50035.51,2025-07-26,2025-08-14,2025-08-15,19,20,1,0,91.73,Medium
PO_004155,SUP_010,FAB_016,12233,4.77,58351.41,2024-11-01,2024-11-21,2024-11-27,20,26,6,0,88.45,Medium
PO_004156,SUP_013,FAB_010,10949,5.1,55839.9,2024-03-08,2024-04-04,2024-04-04,27,27,0,1,91.79,Low
PO_004157,SUP_019,FAB_019,10504,14.46,151887.84,2025-06-16,2025-07-17,2025-07-23,31,37,6,0,81.38,High
PO_004158,SUP_013,FAB_020,2644,8.4,22209.6,2025-07-17,2025-08-23,2025-08-28,37,42,5,0,92.81,Medium
PO_004159,SUP_001,FAB_024,4080,4.4,17952.0,2024-10-22,2024-11-19,2024-11-21,28,30,2,0,100.0,Medium
PO_004160,SUP_003,FAB_006,15385,16.44,252929.4,2025-08-05,2025-09-01,2025-09-07,27,33,6,0,88.73,Medium
PO_004161,SUP_008,FAB_021,4873,12.27,59791.71,2025-11-20,2025-12-08,2025-12-08,18,18,0,1,92.52,Low
PO_004162,SUP_002,FAB_025,4793,18.91,90635.63,2024-05-03,2024-05-29,2024-06-02,26,30,4,0,100.0,Medium
PO_004163,SUP_004,FAB_011,14370,6.56,94267.2,2024-01-02,2024-02-03,2024-02-11,32,40,8,0,90.39,High
PO_004164,SUP_008,FAB_025,1556,16.9,26296.4,2025-08-02,2025-09-02,2025-09-02,31,31,0,1,93.23,Low
PO_004165,SUP_006,FAB_014,2001,16.46,32936.46,2024-02-23,2024-03-14,2024-03-16,20,22,2,0,91.13,Medium
PO_004166,SUP_017,FAB_023,2334,7.59,17715.06,2024-08-05,2024-08-19,2024-08-23,14,18,4,0,91.69,Medium
PO_004167,SUP_018,FAB_005,15762,7.22,113801.64,2025-05-25,2025-07-03,2025-07-10,39,46,7,0,97.34,Medium
PO_004168,SUP_015,FAB_006,8607,15.2,130826.4,2024-01-24,2024-02-21,2024-02-21,28,28,0,1,95.15,Low
PO_004169,SUP_006,FAB_008,18519,16.35,302785.65,2025-03-30,2025-05-08,2025-05-13,39,44,5,0,88.38,Medium
PO_004170,SUP_009,FAB_005,2688,7.36,19783.68,2024-03-22,2024-04-17,2024-04-21,26,30,4,0,100.0,Medium
PO_004171,SUP_009,FAB_008,9424,14.7,138532.8,2024-03-09,2024-04-01,2024-04-03,23,25,2,0,90.98,Medium
PO_004172,SUP_018,FAB_015,6485,13.28,86120.8,2025-01-03,2025-01-18,2025-01-20,15,17,2,0,98.21,Medium
PO_004173,SUP_021,FAB_014,8251,20.05,165432.55,2025-07-03,2025-07-26,2025-07-29,23,26,3,0,93.8,Medium
PO_004174,SUP_012,FAB_027,7395,12.77,94434.15,2025-08-18,2025-09-22,2025-09-22,35,35,0,1,94.96,Low
PO_004175,SUP_004,FAB_019,16629,15.3,254423.7,2024-10-14,2024-11-09,2024-11-18,26,35,9,0,92.45,High
PO_004176,SUP_013,FAB_026,14467,11.83,171144.61,2025-08-14,2025-09-15,2025-09-21,32,38,6,0,94.71,Medium
PO_004177,SUP_015,FAB_024,12468,5.13,63960.84,2025-09-03,2025-09-21,2025-09-25,18,22,4,0,98.6,Medium
PO_004178,SUP_007,FAB_019,14686,16.0,234976.0,2024-05-09,2024-06-18,2024-06-19,40,41,1,0,88.41,Medium
PO_004179,SUP_024,FAB_015,8568,12.36,105900.48,2025-05-21,2025-06-17,2025-06-20,27,30,3,0,92.9,Medium
PO_004180,SUP_004,FAB_014,11090,19.52,216476.8,2025-01-03,2025-01-23,2025-01-25,20,22,2,0,97.38,Medium
PO_004181,SUP_012,FAB_027,17844,12.77,227867.88,2024-05-20,2024-06-24,2024-06-25,35,36,1,0,98.72,Medium
PO_004182,SUP_019,FAB_011,5879,5.61,32981.19,2024-02-09,2024-02-24,2024-02-28,15,19,4,0,99.62,Medium
PO_004183,SUP_023,FAB_019,9538,15.67,149460.46,2024-07-12,2024-07-28,2024-07-28,16,16,0,1,95.77,Low
PO_004184,SUP_010,FAB_018,10525,11.86,124826.5,2024-09-01,2024-09-18,2024-09-22,17,21,4,0,89.98,Medium
PO_004185,SUP_018,FAB_005,12797,7.22,92394.34,2024-09-28,2024-11-06,2024-11-06,39,39,0,1,92.59,Low
PO_004186,SUP_023,FAB_023,18530,7.03,130265.9,2024-08-16,2024-09-17,2024-09-20,32,35,3,0,88.7,Medium
PO_004187,SUP_001,FAB_010,1097,5.36,5879.92,2025-11-04,2025-11-29,2025-11-29,25,25,0,1,97.09,Low
PO_004188,SUP_009,FAB_020,5462,8.32,45443.84,2024-10-27,2024-11-11,2024-11-12,15,16,1,0,93.76,Medium
PO_004189,SUP_003,FAB_010,8445,4.41,37242.45,2025-09-15,2025-09-30,2025-10-08,15,23,8,0,88.82,High
PO_004190,SUP_025,FAB_014,1795,17.33,31107.35,2025-08-11,2025-08-25,2025-08-26,14,15,1,0,99.48,Medium
PO_004191,SUP_013,FAB_022,7633,5.44,41523.52,2024-01-17,2024-02-26,2024-02-29,40,43,3,0,96.14,Medium
PO_004192,SUP_020,FAB_009,12582,9.98,125568.36,2025-10-25,2025-11-11,2025-11-13,17,19,2,0,91.58,Medium
PO_004193,SUP_018,FAB_015,5181,13.28,68803.68,2025-03-27,2025-04-11,2025-04-11,15,15,0,1,94.26,Low
PO_004194,SUP_023,FAB_007,7679,8.16,62660.64,2024-09-28,2024-10-20,2024-10-21,22,23,1,0,89.46,Medium
PO_004195,SUP_025,FAB_024,15110,5.42,81896.2,2025-09-21,2025-10-11,2025-10-11,20,20,0,1,100.0,Low
PO_004196,SUP_005,FAB_007,3676,7.27,26724.52,2025-05-27,2025-06-17,2025-06-19,21,23,2,0,95.09,Medium
PO_004197,SUP_021,FAB_019,19257,17.9,344700.3,2024-01-29,2024-02-26,2024-02-29,28,31,3,0,97.96,Medium
PO_004198,SUP_011,FAB_002,6255,14.61,91385.55,2024-05-12,2024-05-30,2024-05-31,18,19,1,0,94.76,Medium
PO_004199,SUP_014,FAB_019,10061,16.12,162183.32,2025-07-27,2025-08-31,2025-09-02,35,37,2,0,87.81,Medium
PO_004200,SUP_008,FAB_002,10045,12.75,128073.75,2025-08-12,2025-08-31,2025-08-31,19,19,0,1,96.92,Low
PO_004201,SUP_025,FAB_025,7935,17.52,139021.2,2025-05-13,2025-06-07,2025-06-09,25,27,2,0,93.9,Medium
PO_004202,SUP_010,FAB_022,1502,5.48,8230.96,2025-04-14,2025-05-01,2025-05-06,17,22,5,0,91.24,Medium
PO_004203,SUP_011,FAB_001,16761,9.83,164760.63,2024-10-10,2024-11-17,2024-11-17,38,38,0,1,87.52,Low
PO_004204,SUP_011,FAB_021,9269,13.4,124204.6,2024-05-21,2024-06-29,2024-06-30,39,40,1,0,92.86,Medium
PO_004205,SUP_010,FAB_005,1489,6.79,10110.31,2025-07-13,2025-08-01,2025-08-10,19,28,9,0,90.86,High
PO_004206,SUP_022,FAB_005,9512,7.26,69057.12,2024-10-04,2024-10-27,2024-10-29,23,25,2,0,98.1,Medium
PO_004207,SUP_010,FAB_015,9983,12.31,122890.73,2024-10-02,2024-11-06,2024-11-09,35,38,3,0,88.18,Medium
PO_004208,SUP_007,FAB_026,1552,14.05,21805.6,2025-11-06,2025-11-22,2025-11-26,16,20,4,0,93.36,Medium
PO_004209,SUP_002,FAB_022,6991,5.07,35444.37,2025-04-11,2025-05-05,2025-05-08,24,27,3,0,95.67,Medium
PO_004210,SUP_021,FAB_015,3290,15.16,49876.4,2024-02-27,2024-03-20,2024-03-22,22,24,2,0,90.03,Medium
PO_004211,SUP_015,FAB_001,7783,11.17,86936.11,2025-05-24,2025-07-02,2025-07-05,39,42,3,0,92.2,Medium
PO_004212,SUP_019,FAB_013,19170,12.25,234832.5,2025-10-29,2025-11-12,2025-11-20,14,22,8,0,95.5,High
PO_004213,SUP_023,FAB_028,11628,15.73,182908.44,2025-10-05,2025-10-29,2025-10-30,24,25,1,0,88.02,Medium
PO_004214,SUP_005,FAB_003,15397,17.05,262518.85,2024-03-25,2024-05-03,2024-05-04,39,40,1,0,99.99,Medium
PO_004215,SUP_015,FAB_021,5929,13.5,80041.5,2025-07-06,2025-07-30,2025-08-02,24,27,3,0,91.58,Medium
PO_004216,SUP_007,FAB_028,5524,17.07,94294.68,2024-03-09,2024-03-30,2024-04-05,21,27,6,0,96.45,Medium
PO_004217,SUP_017,FAB_007,15939,6.62,105516.18,2024-07-29,2024-08-19,2024-08-25,21,27,6,0,93.65,Medium
PO_004218,SUP_017,FAB_013,12347,11.71,144583.37,2024-07-11,2024-08-17,2024-08-20,37,40,3,0,93.06,Medium
PO_004219,SUP_015,FAB_007,9115,8.43,76839.45,2025-01-10,2025-02-17,2025-03-16,38,65,27,0,88.49,High
PO_004220,SUP_002,FAB_022,17828,5.07,90387.96,2024-03-22,2024-04-15,2024-04-17,24,26,2,0,92.7,Medium
PO_004221,SUP_013,FAB_015,2729,13.25,36159.25,2025-01-29,2025-03-06,2025-03-11,36,41,5,0,90.94,Medium
PO_004222,SUP_019,FAB_028,14097,16.65,234715.05,2024-12-06,2025-01-10,2025-01-12,35,37,2,0,91.23,Medium
PO_004223,SUP_006,FAB_018,15383,11.78,181211.74,2025-09-25,2025-11-01,2025-11-10,37,46,9,0,99.65,High
PO_004224,SUP_013,FAB_016,6165,5.34,32921.1,2025-05-11,2025-05-26,2025-06-02,15,22,7,0,94.4,Medium
PO_004225,SUP_001,FAB_004,2111,7.06,14903.66,2025-06-28,2025-07-21,2025-07-21,23,23,0,1,94.77,Low
PO_004226,SUP_014,FAB_003,4398,14.68,64562.64,2024-02-01,2024-03-09,2024-03-17,37,45,8,0,92.22,High
PO_004227,SUP_011,FAB_022,12933,5.56,71907.48,2024-11-06,2024-12-09,2024-12-10,33,34,1,0,96.5,Medium
PO_004228,SUP_016,FAB_012,8061,13.37,107775.57,2025-08-04,2025-08-31,2025-09-02,27,29,2,0,95.24,Medium
PO_004229,SUP_019,FAB_014,10847,19.06,206743.82,2025-09-20,2025-10-06,2025-10-06,16,16,0,1,91.77,Low
PO_004230,SUP_024,FAB_003,11452,16.11,184491.72,2024-04-16,2024-05-01,2024-05-13,15,27,12,0,90.52,High
PO_004231,SUP_005,FAB_003,4817,17.05,82129.85,2024-08-23,2024-10-01,2024-10-05,39,43,4,0,96.04,Medium
PO_004232,SUP_013,FAB_013,13942,13.87,193375.54,2025-03-18,2025-04-07,2025-04-16,20,29,9,0,96.03,High
PO_004233,SUP_019,FAB_014,5913,19.06,112701.78,2024-08-23,2024-09-08,2024-09-08,16,16,0,1,91.25,Low
PO_004234,SUP_010,FAB_015,16434,12.31,202302.54,2024-10-04,2024-11-08,2024-11-13,35,40,5,0,92.77,Medium
PO_004235,SUP_012,FAB_022,2325,4.72,10974.0,2024-09-14,2024-10-11,2024-10-11,27,27,0,1,100.0,Low
PO_004236,SUP_023,FAB_022,1594,5.21,8304.74,2025-02-15,2025-03-17,2025-03-20,30,33,3,0,93.91,Medium
PO_004237,SUP_022,FAB_030,19202,18.31,351588.62,2025-10-25,2025-11-20,2025-11-21,26,27,1,0,98.31,Medium
PO_004238,SUP_025,FAB_015,10523,13.15,138377.45,2024-11-27,2024-12-29,2025-01-04,32,38,6,0,98.0,Medium
PO_004239,SUP_002,FAB_013,16091,13.79,221894.89,2024-12-14,2024-12-31,2025-01-01,17,18,1,0,91.16,Medium
PO_004240,SUP_022,FAB_030,15400,18.31,281974.0,2024-03-15,2024-04-10,2024-04-12,26,28,2,0,96.23,Medium
PO_004241,SUP_015,FAB_018,12202,12.21,148986.42,2025-10-24,2025-11-23,2025-11-28,30,35,5,0,94.2,Medium
PO_004242,SUP_008,FAB_027,17926,12.68,227301.68,2025-10-29,2025-11-12,2025-11-14,14,16,2,0,89.07,Medium
PO_004243,SUP_018,FAB_028,15604,16.57,258558.28,2025-04-22,2025-05-15,2025-05-24,23,32,9,0,98.91,High
PO_004244,SUP_015,FAB_024,1090,5.13,5591.7,2025-10-14,2025-11-01,2025-11-05,18,22,4,0,99.02,Medium
PO_004245,SUP_003,FAB_006,1743,16.44,28654.92,2025-01-19,2025-02-15,2025-02-15,27,27,0,1,93.1,Low
PO_004246,SUP_001,FAB_006,19625,18.61,365221.25,2024-07-27,2024-09-05,2024-09-05,40,40,0,1,97.61,Low
PO_004247,SUP_016,FAB_029,11782,9.89,116523.98,2024-04-12,2024-04-30,2024-05-07,18,25,7,0,93.94,Medium
PO_004248,SUP_020,FAB_010,15574,5.04,78492.96,2024-09-20,2024-10-20,2024-10-23,30,33,3,0,96.8,Medium
PO_004249,SUP_024,FAB_025,3775,19.85,74933.75,2024-07-02,2024-07-18,2024-07-18,16,16,0,1,93.42,Low
PO_004250,SUP_010,FAB_024,13776,4.93,67915.68,2025-07-12,2025-08-10,2025-08-13,29,32,3,0,95.15,Medium
PO_004251,SUP_019,FAB_012,8541,12.38,105737.58,2024-03-09,2024-04-18,2024-04-20,40,42,2,0,93.42,Medium
PO_004252,SUP_001,FAB_010,17169,5.36,92025.84,2025-10-03,2025-10-28,2025-10-29,25,26,1,0,97.74,Medium
PO_004253,SUP_007,FAB_023,6620,6.79,44949.8,2024-05-24,2024-06-21,2024-06-26,28,33,5,0,98.03,Medium
PO_004254,SUP_021,FAB_014,8333,20.05,167076.65,2025-11-25,2025-12-18,2025-12-18,23,23,0,1,96.98,Low
PO_004255,SUP_007,FAB_004,19990,8.1,161919.0,2025-07-30,2025-08-15,2025-08-18,16,19,3,0,92.18,Medium
PO_004256,SUP_012,FAB_008,11625,13.43,156123.75,2024-05-05,2024-06-09,2024-06-11,35,37,2,0,97.93,Medium
PO_004257,SUP_003,FAB_028,6045,18.9,114250.5,2025-06-28,2025-07-13,2025-07-17,15,19,4,0,91.07,Medium
PO_004258,SUP_012,FAB_005,7640,7.19,54931.6,2024-12-29,2025-01-15,2025-01-16,17,18,1,0,100.0,Medium
PO_004259,SUP_004,FAB_017,7186,11.49,82567.14,2024-03-25,2024-04-26,2024-05-01,32,37,5,0,93.15,Medium
PO_004260,SUP_001,FAB_001,18793,9.92,186426.56,2024-11-17,2024-12-02,2024-12-04,15,17,2,0,96.4,Medium
PO_004261,SUP_005,FAB_012,11680,13.26,154876.8,2025-05-25,2025-06-21,2025-06-21,27,27,0,1,99.97,Low
PO_004262,SUP_003,FAB_025,14843,18.52,274892.36,2025-01-07,2025-02-09,2025-02-12,33,36,3,0,94.75,Medium
PO_004263,SUP_001,FAB_025,2864,16.86,48287.04,2024-12-05,2025-01-01,2025-01-02,27,28,1,0,94.67,Medium
PO_004264,SUP_009,FAB_005,10049,7.36,73960.64,2025-04-01,2025-04-27,2025-04-27,26,26,0,1,97.06,Low
PO_004265,SUP_014,FAB_018,7224,11.55,83437.2,2025-05-30,2025-07-08,2025-07-10,39,41,2,0,94.22,Medium
PO_004266,SUP_014,FAB_019,4613,16.12,74361.56,2024-09-20,2024-10-25,2024-11-02,35,43,8,0,95.22,High
PO_004267,SUP_011,FAB_030,18871,15.43,291179.53,2024-10-04,2024-10-21,2024-10-22,17,18,1,0,95.19,Medium
PO_004268,SUP_007,FAB_011,7409,5.74,42527.66,2025-01-02,2025-02-07,2025-02-15,36,44,8,0,95.22,High
PO_004269,SUP_005,FAB_016,17724,5.84,103508.16,2025-11-12,2025-12-10,2025-12-15,28,33,5,0,94.78,Medium
PO_004270,SUP_024,FAB_021,1630,11.96,19494.8,2025-05-23,2025-06-09,2025-06-14,17,22,5,0,89.64,Medium
PO_004271,SUP_002,FAB_006,5230,14.77,77247.1,2024-08-22,2024-09-18,2024-09-20,27,29,2,0,91.91,Medium
PO_004272,SUP_011,FAB_019,3060,15.83,48439.8,2025-10-27,2025-11-12,2025-11-13,16,17,1,0,92.86,Medium
PO_004273,SUP_001,FAB_001,16634,9.92,165009.28,2024-12-20,2025-01-04,2025-01-05,15,16,1,0,95.72,Medium
PO_004274,SUP_023,FAB_007,872,8.16,7115.52,2024-09-16,2024-10-08,2024-10-14,22,28,6,0,93.54,Medium
PO_004275,SUP_010,FAB_016,1887,4.77,9000.99,2025-11-18,2025-12-08,2025-12-15,20,27,7,0,94.64,Medium
PO_004276,SUP_015,FAB_024,4051,5.13,20781.63,2025-11-19,2025-12-07,2025-12-08,18,19,1,0,90.42,Medium
PO_004277,SUP_004,FAB_015,5241,13.72,71906.52,2025-06-14,2025-07-08,2025-07-10,24,26,2,0,97.71,Medium
PO_004278,SUP_006,FAB_007,2124,7.38,15675.12,2025-09-24,2025-10-14,2025-10-24,20,30,10,0,93.57,High
PO_004279,SUP_013,FAB_020,10342,8.4,86872.8,2025-05-09,2025-06-15,2025-06-18,37,40,3,0,89.12,Medium
PO_004280,SUP_020,FAB_009,19677,9.98,196376.46,2024-08-15,2024-09-01,2024-09-04,17,20,3,0,91.52,Medium
PO_004281,SUP_018,FAB_017,8931,11.15,99580.65,2024-05-30,2024-06-29,2024-07-02,30,33,3,0,89.36,Medium
PO_004282,SUP_003,FAB_025,644,18.52,11926.88,2024-12-24,2025-01-26,2025-01-27,33,34,1,0,93.66,Medium
PO_004283,SUP_006,FAB_018,2653,11.78,31252.34,2025-10-24,2025-11-30,2025-11-30,37,37,0,1,86.03,Low
PO_004284,SUP_003,FAB_025,16613,18.52,307672.76,2025-04-07,2025-05-10,2025-05-12,33,35,2,0,88.85,Medium
PO_004285,SUP_018,FAB_024,17879,5.25,93864.75,2024-11-17,2024-12-03,2024-12-06,16,19,3,0,97.56,Medium
PO_004286,SUP_019,FAB_011,6328,5.61,35500.08,2025-01-28,2025-02-12,2025-02-16,15,19,4,0,93.53,Medium
PO_004287,SUP_014,FAB_018,7101,11.55,82016.55,2025-04-19,2025-05-28,2025-05-29,39,40,1,0,88.04,Medium
PO_004288,SUP_020,FAB_006,8386,15.75,132079.5,2024-03-03,2024-03-18,2024-03-27,15,24,9,0,97.58,High
PO_004289,SUP_013,FAB_026,5189,11.83,61385.87,2024-08-15,2024-09-16,2024-09-22,32,38,6,0,86.69,Medium
PO_004290,SUP_011,FAB_015,11398,13.68,155924.64,2024-12-15,2025-01-13,2025-01-13,29,29,0,1,94.14,Low
PO_004291,SUP_009,FAB_001,6777,10.99,74479.23,2024-07-13,2024-08-15,2024-08-15,33,33,0,1,91.9,Low
PO_004292,SUP_022,FAB_001,16648,9.5,158156.0,2024-05-17,2024-06-06,2024-06-13,20,27,7,0,93.53,Medium
PO_004293,SUP_003,FAB_022,6860,5.47,37524.2,2024-03-24,2024-04-24,2024-04-25,31,32,1,0,96.36,Medium
PO_004294,SUP_008,FAB_027,10896,12.68,138161.28,2025-05-26,2025-06-09,2025-06-09,14,14,0,1,100.0,Low
PO_004295,SUP_009,FAB_012,1936,11.07,21431.52,2024-07-08,2024-08-06,2024-08-08,29,31,2,0,98.44,Medium
PO_004296,SUP_022,FAB_030,17118,18.31,313430.58,2024-09-19,2024-10-15,2024-10-16,26,27,1,0,95.41,Medium
PO_004297,SUP_015,FAB_002,3236,15.2,49187.2,2024-11-26,2025-01-04,2025-01-17,39,52,13,0,97.11,High
PO_004298,SUP_017,FAB_017,680,11.31,7690.8,2025-08-07,2025-09-02,2025-09-04,26,28,2,0,92.06,Medium
PO_004299,SUP_014,FAB_003,3766,14.68,55284.88,2024-05-18,2024-06-24,2024-06-26,37,39,2,0,95.88,Medium
PO_004300,SUP_022,FAB_023,13922,7.57,105389.54,2024-04-07,2024-04-29,2024-05-01,22,24,2,0,90.61,Medium
PO_004301,SUP_001,FAB_025,4417,16.86,74470.62,2024-09-12,2024-10-09,2024-10-09,27,27,0,1,99.21,Low
PO_004302,SUP_013,FAB_025,7194,18.47,132873.18,2025-05-15,2025-06-15,2025-06-18,31,34,3,0,96.57,Medium
PO_004303,SUP_023,FAB_019,8145,15.67,127632.15,2025-08-16,2025-09-01,2025-09-02,16,17,1,0,88.74,Medium
PO_004304,SUP_003,FAB_016,5200,4.92,25584.0,2024-01-02,2024-02-05,2024-02-08,34,37,3,0,94.29,Medium
PO_004305,SUP_004,FAB_015,3927,13.72,53878.44,2025-03-23,2025-04-16,2025-04-30,24,38,14,0,90.74,High
PO_004306,SUP_008,FAB_025,1139,16.9,19249.1,2024-04-17,2024-05-18,2024-05-20,31,33,2,0,89.37,Medium
PO_004307,SUP_015,FAB_021,8899,13.5,120136.5,2024-01-23,2024-02-16,2024-02-17,24,25,1,0,94.14,Medium
PO_004308,SUP_012,FAB_008,10238,13.43,137496.34,2024-08-19,2024-09-23,2024-09-24,35,36,1,0,90.83,Medium
PO_004309,SUP_019,FAB_019,2261,14.46,32694.06,2024-09-23,2024-10-24,2024-10-24,31,31,0,1,96.42,Low
PO_004310,SUP_010,FAB_006,8835,16.62,146837.7,2024-12-24,2025-01-29,2025-02-05,36,43,7,0,96.26,Medium
PO_004311,SUP_007,FAB_011,15112,5.74,86742.88,2025-01-20,2025-02-25,2025-02-26,36,37,1,0,94.54,Medium
PO_004312,SUP_012,FAB_017,4914,9.86,48452.04,2024-07-27,2024-08-24,2024-08-24,28,28,0,1,98.64,Low
PO_004313,SUP_011,FAB_011,4728,6.37,30117.36,2024-07-28,2024-08-23,2024-08-24,26,27,1,0,98.78,Medium
PO_004314,SUP_019,FAB_024,5685,5.38,30585.3,2025-02-01,2025-02-15,2025-02-16,14,15,1,0,88.52,Medium
PO_004315,SUP_019,FAB_013,1485,12.25,18191.25,2025-09-11,2025-09-25,2025-09-25,14,14,0,1,89.3,Low
PO_004316,SUP_020,FAB_005,2603,6.02,15670.06,2025-03-29,2025-04-29,2025-05-01,31,33,2,0,82.74,High
PO_004317,SUP_017,FAB_015,8336,14.49,120788.64,2024-04-26,2024-05-18,2024-05-27,22,31,9,0,86.93,High
PO_004318,SUP_006,FAB_001,2382,9.25,22033.5,2025-06-23,2025-07-28,2025-08-03,35,41,6,0,91.89,Medium
PO_004319,SUP_008,FAB_027,2044,12.68,25917.92,2025-08-26,2025-09-09,2025-09-11,14,16,2,0,99.21,Medium
PO_004320,SUP_004,FAB_022,9801,5.07,49691.07,2025-01-13,2025-02-02,2025-02-08,20,26,6,0,87.64,Medium
PO_004321,SUP_009,FAB_019,2505,17.77,44513.85,2024-05-13,2024-06-04,2024-06-05,22,23,1,0,98.4,Medium
PO_004322,SUP_018,FAB_024,12770,5.25,67042.5,2024-09-29,2024-10-15,2024-10-15,16,16,0,1,92.31,Low
PO_004323,SUP_004,FAB_019,18892,15.3,289047.6,2024-06-17,2024-07-13,2024-07-17,26,30,4,0,90.52,Medium
PO_004324,SUP_008,FAB_027,18988,12.68,240767.84,2025-10-29,2025-11-12,2025-11-12,14,14,0,1,95.12,Low
PO_004325,SUP_013,FAB_015,15880,13.25,210410.0,2025-10-24,2025-11-29,2025-11-30,36,37,1,0,90.83,Medium
PO_004326,SUP_025,FAB_025,10046,17.52,176005.92,2025-03-23,2025-04-17,2025-04-21,25,29,4,0,94.69,Medium
PO_004327,SUP_022,FAB_025,3428,18.59,63726.52,2025-01-18,2025-02-07,2025-02-07,20,20,0,1,95.66,Low
PO_004328,SUP_017,FAB_021,10994,13.27,145890.38,2025-10-19,2025-11-16,2025-11-23,28,35,7,0,85.99,Medium
PO_004329,SUP_015,FAB_012,8113,12.48,101250.24,2025-03-29,2025-05-02,2025-05-04,34,36,2,0,86.77,Medium
PO_004330,SUP_011,FAB_011,10711,6.37,68229.07,2024-05-02,2024-05-28,2024-06-04,26,33,7,0,91.11,Medium
PO_004331,SUP_008,FAB_027,2445,12.68,31002.6,2024-08-24,2024-09-07,2024-09-07,14,14,0,1,99.06,Low
PO_004332,SUP_020,FAB_005,768,6.02,4623.36,2024-05-03,2024-06-03,2024-06-10,31,38,7,0,95.41,Medium
PO_004333,SUP_008,FAB_006,3662,16.71,61192.02,2025-11-08,2025-12-14,2025-12-18,36,40,4,0,91.62,Medium
PO_004334,SUP_001,FAB_025,7652,16.86,129012.72,2024-11-21,2024-12-18,2024-12-21,27,30,3,0,98.25,Medium
PO_004335,SUP_015,FAB_001,19668,11.17,219691.56,2025-09-10,2025-10-19,2025-10-24,39,44,5,0,93.56,Medium
PO_004336,SUP_013,FAB_022,5425,5.44,29512.0,2024-05-24,2024-07-03,2024-07-04,40,41,1,0,89.29,Medium
PO_004337,SUP_005,FAB_014,15857,19.38,307308.66,2025-10-10,2025-11-11,2025-11-13,32,34,2,0,100.0,Medium
PO_004338,SUP_006,FAB_007,2660,7.38,19630.8,2025-01-15,2025-02-04,2025-02-06,20,22,2,0,95.63,Medium
PO_004339,SUP_005,FAB_026,11774,13.45,158360.3,2025-05-14,2025-06-21,2025-06-22,38,39,1,0,98.72,Medium
PO_004340,SUP_011,FAB_011,13335,6.37,84943.95,2025-09-14,2025-10-10,2025-10-12,26,28,2,0,98.81,Medium
PO_004341,SUP_008,FAB_001,14153,9.4,133038.2,2024-07-25,2024-08-13,2024-08-16,19,22,3,0,95.8,Medium
PO_004342,SUP_025,FAB_014,11331,17.33,196366.23,2024-10-17,2024-10-31,2024-11-06,14,20,6,0,95.28,Medium
PO_004343,SUP_012,FAB_005,755,7.19,5428.45,2024-08-18,2024-09-04,2024-09-06,17,19,2,0,92.23,Medium
PO_004344,SUP_025,FAB_005,13715,6.69,91753.35,2024-07-09,2024-07-30,2024-08-01,21,23,2,0,92.9,Medium
PO_004345,SUP_003,FAB_014,10206,19.82,202282.92,2024-02-09,2024-03-03,2024-03-05,23,25,2,0,98.84,Medium
PO_004346,SUP_021,FAB_017,18054,10.83,195524.82,2025-09-15,2025-10-22,2025-10-27,37,42,5,0,92.2,Medium
PO_004347,SUP_013,FAB_026,14371,11.83,170008.93,2024-06-11,2024-07-13,2024-07-16,32,35,3,0,97.51,Medium
PO_004348,SUP_013,FAB_013,8016,13.87,111181.92,2024-01-24,2024-02-13,2024-02-18,20,25,5,0,91.58,Medium
PO_004349,SUP_013,FAB_022,6634,5.44,36088.96,2025-04-13,2025-05-23,2025-06-02,40,50,10,0,89.64,High
PO_004350,SUP_009,FAB_009,3362,10.06,33821.72,2024-10-07,2024-11-15,2024-11-17,39,41,2,0,97.94,Medium
PO_004351,SUP_001,FAB_004,8481,7.06,59875.86,2024-04-19,2024-05-12,2024-05-12,23,23,0,1,94.97,Low
PO_004352,SUP_002,FAB_019,1579,17.14,27064.06,2024-02-08,2024-02-28,2024-03-02,20,23,3,0,98.63,Medium
PO_004353,SUP_016,FAB_025,17161,19.48,334296.28,2024-05-18,2024-06-03,2024-06-03,16,16,0,1,98.89,Low
PO_004354,SUP_011,FAB_020,5444,8.32,45294.08,2024-10-09,2024-11-17,2024-11-19,39,41,2,0,95.62,Medium
PO_004355,SUP_005,FAB_014,12030,19.38,233141.4,2024-01-27,2024-02-28,2024-02-28,32,32,0,1,98.09,Low
PO_004356,SUP_007,FAB_026,6135,14.05,86196.75,2024-12-13,2024-12-29,2024-12-31,16,18,2,0,88.61,Medium
PO_004357,SUP_022,FAB_025,3554,18.59,66068.86,2024-07-06,2024-07-26,2024-07-26,20,20,0,1,99.13,Low
PO_004358,SUP_011,FAB_001,19499,9.83,191675.17,2025-06-14,2025-07-22,2025-07-24,38,40,2,0,91.69,Medium
PO_004359,SUP_014,FAB_017,16093,11.32,182172.76,2024-08-09,2024-09-07,2024-09-12,29,34,5,0,89.42,Medium
PO_004360,SUP_004,FAB_019,17896,15.3,273808.8,2024-10-06,2024-11-01,2024-11-08,26,33,7,0,87.62,Medium
PO_004361,SUP_020,FAB_018,10123,10.58,107101.34,2024-12-14,2025-01-07,2025-01-08,24,25,1,0,90.75,Medium
PO_004362,SUP_024,FAB_015,3105,12.36,38377.8,2024-10-05,2024-11-01,2024-11-01,27,27,0,1,95.21,Low
PO_004363,SUP_005,FAB_026,8600,13.45,115670.0,2024-04-17,2024-05-25,2024-05-25,38,38,0,1,92.19,Low
PO_004364,SUP_017,FAB_013,18245,11.71,213648.95,2025-06-02,2025-07-09,2025-07-12,37,40,3,0,89.44,Medium
PO_004365,SUP_013,FAB_010,11535,5.1,58828.5,2025-03-12,2025-04-08,2025-04-09,27,28,1,0,91.91,Medium
PO_004366,SUP_018,FAB_004,3362,7.39,24845.18,2025-01-29,2025-02-28,2025-03-05,30,35,5,0,96.21,Medium
PO_004367,SUP_021,FAB_005,16229,7.53,122204.37,2024-04-10,2024-05-08,2024-05-11,28,31,3,0,92.67,Medium
PO_004368,SUP_022,FAB_021,6283,13.91,87396.53,2024-11-11,2024-12-03,2024-12-06,22,25,3,0,96.36,Medium
PO_004369,SUP_018,FAB_019,9025,15.93,143768.25,2024-10-20,2024-11-19,2024-11-21,30,32,2,0,100.0,Medium
PO_004370,SUP_023,FAB_028,8145,15.73,128120.85,2024-08-16,2024-09-09,2024-09-10,24,25,1,0,98.33,Medium
PO_004371,SUP_001,FAB_006,18815,18.61,350147.15,2024-05-16,2024-06-25,2024-06-25,40,40,0,1,99.23,Low
PO_004372,SUP_021,FAB_010,17373,4.79,83216.67,2024-12-04,2025-01-12,2025-01-16,39,43,4,0,93.6,Medium
PO_004373,SUP_019,FAB_019,9738,14.46,140811.48,2025-01-07,2025-02-07,2025-02-09,31,33,2,0,94.38,Medium
PO_004374,SUP_006,FAB_010,18432,5.13,94556.16,2024-06-25,2024-07-21,2024-08-08,26,44,18,0,85.82,High
PO_004375,SUP_023,FAB_028,13635,15.73,214478.55,2024-07-08,2024-08-01,2024-08-02,24,25,1,0,88.65,Medium
PO_004376,SUP_020,FAB_030,15686,15.13,237329.18,2024-03-17,2024-04-05,2024-04-14,19,28,9,0,89.97,High
PO_004377,SUP_007,FAB_019,11530,16.0,184480.0,2025-07-12,2025-08-21,2025-08-22,40,41,1,0,95.76,Medium
PO_004378,SUP_019,FAB_014,18861,19.06,359490.66,2024-06-07,2024-06-23,2024-06-27,16,20,4,0,93.78,Medium
PO_004379,SUP_002,FAB_022,13812,5.07,70026.84,2024-04-27,2024-05-21,2024-05-28,24,31,7,0,92.86,Medium
PO_004380,SUP_023,FAB_025,3453,20.24,69888.72,2025-06-17,2025-07-03,2025-07-08,16,21,5,0,94.72,Medium
PO_004381,SUP_015,FAB_024,11879,5.13,60939.27,2024-01-25,2024-02-12,2024-02-15,18,21,3,0,88.85,Medium
PO_004382,SUP_006,FAB_008,6606,16.35,108008.1,2024-04-23,2024-06-01,2024-06-05,39,43,4,0,96.54,Medium
PO_004383,SUP_001,FAB_025,15763,16.86,265764.18,2025-05-20,2025-06-16,2025-06-16,27,27,0,1,96.46,Low
PO_004384,SUP_021,FAB_005,2436,7.53,18343.08,2024-08-19,2024-09-16,2024-09-16,28,28,0,1,89.7,Low
PO_004385,SUP_018,FAB_007,2239,7.44,16658.16,2024-12-22,2025-01-28,2025-02-02,37,42,5,0,100.0,Medium
PO_004386,SUP_023,FAB_024,9257,4.32,39990.24,2024-09-14,2024-10-15,2024-10-17,31,33,2,0,92.95,Medium
PO_004387,SUP_019,FAB_015,11994,14.82,177751.08,2025-10-30,2025-11-27,2025-11-28,28,29,1,0,94.25,Medium
PO_004388,SUP_014,FAB_001,18992,11.57,219737.44,2024-10-19,2024-11-16,2024-11-17,28,29,1,0,92.66,Medium
PO_004389,SUP_004,FAB_011,1012,6.56,6638.72,2025-02-12,2025-03-16,2025-03-19,32,35,3,0,86.25,Medium
PO_004390,SUP_017,FAB_020,9923,8.11,80475.53,2025-01-18,2025-02-13,2025-02-20,26,33,7,0,90.21,Medium
PO_004391,SUP_018,FAB_019,4534,15.93,72226.62,2024-05-23,2024-06-22,2024-06-23,30,31,1,0,96.92,Medium
PO_004392,SUP_008,FAB_002,11186,12.75,142621.5,2025-07-20,2025-08-08,2025-08-10,19,21,2,0,93.19,Medium
PO_004393,SUP_011,FAB_019,3941,15.83,62386.03,2025-10-03,2025-10-19,2025-10-20,16,17,1,0,95.69,Medium
PO_004394,SUP_002,FAB_005,10342,6.1,63086.2,2024-10-15,2024-11-13,2024-11-15,29,31,2,0,91.44,Medium
PO_004395,SUP_008,FAB_027,11611,12.68,147227.48,2024-09-22,2024-10-06,2024-10-15,14,23,9,0,91.5,High
PO_004396,SUP_015,FAB_008,5327,13.31,70902.37,2024-07-01,2024-07-18,2024-07-23,17,22,5,0,95.2,Medium
PO_004397,SUP_010,FAB_006,2130,16.62,35400.6,2024-09-10,2024-10-16,2024-10-20,36,40,4,0,89.17,Medium
PO_004398,SUP_014,FAB_014,9835,17.09,168080.15,2024-01-21,2024-02-19,2024-02-20,29,30,1,0,89.19,Medium
PO_004399,SUP_023,FAB_019,10469,15.67,164049.23,2024-01-01,2024-01-17,2024-01-19,16,18,2,0,89.63,Medium
PO_004400,SUP_018,FAB_005,4539,7.22,32771.58,2024-03-07,2024-04-15,2024-04-18,39,42,3,0,98.59,Medium
PO_004401,SUP_022,FAB_025,7642,18.59,142064.78,2024-11-13,2024-12-03,2024-12-04,20,21,1,0,95.73,Medium
PO_004402,SUP_010,FAB_024,16474,4.93,81216.82,2025-02-06,2025-03-07,2025-03-11,29,33,4,0,97.83,Medium
PO_004403,SUP_020,FAB_010,5676,5.04,28607.04,2024-05-21,2024-06-20,2024-07-03,30,43,13,0,99.45,High
PO_004404,SUP_005,FAB_003,8927,17.05,152205.35,2024-12-23,2025-01-31,2025-02-01,39,40,1,0,96.61,Medium
PO_004405,SUP_004,FAB_015,13026,13.72,178716.72,2025-07-19,2025-08-12,2025-08-13,24,25,1,0,91.24,Medium
PO_004406,SUP_017,FAB_023,16574,7.59,125796.66,2025-06-08,2025-06-22,2025-07-02,14,24,10,0,95.06,High
PO_004407,SUP_019,FAB_024,3700,5.38,19906.0,2025-11-03,2025-11-17,2025-11-18,14,15,1,0,93.79,Medium
PO_004408,SUP_008,FAB_002,1315,12.75,16766.25,2024-11-22,2024-12-11,2024-12-14,19,22,3,0,91.1,Medium
PO_004409,SUP_009,FAB_020,9807,8.32,81594.24,2024-01-26,2024-02-10,2024-02-15,15,20,5,0,96.63,Medium
PO_004410,SUP_014,FAB_019,9716,16.12,156621.92,2025-03-25,2025-04-29,2025-05-02,35,38,3,0,94.92,Medium
PO_004411,SUP_019,FAB_012,16922,12.38,209494.36,2025-08-18,2025-09-27,2025-10-03,40,46,6,0,94.62,Medium
PO_004412,SUP_005,FAB_014,10566,19.38,204769.08,2025-10-04,2025-11-05,2025-11-06,32,33,1,0,90.76,Medium
PO_004413,SUP_023,FAB_007,6811,8.16,55577.76,2025-08-21,2025-09-12,2025-09-13,22,23,1,0,86.51,Medium
PO_004414,SUP_010,FAB_021,6386,13.79,88062.94,2025-05-27,2025-07-06,2025-07-19,40,53,13,0,100.0,High
PO_004415,SUP_016,FAB_022,6672,5.51,36762.72,2025-09-15,2025-10-22,2025-10-23,37,38,1,0,95.53,Medium
PO_004416,SUP_023,FAB_020,4832,8.76,42328.32,2025-05-29,2025-07-02,2025-07-08,34,40,6,0,90.27,Medium
PO_004417,SUP_013,FAB_025,11280,18.47,208341.6,2025-11-01,2025-12-02,2025-12-12,31,41,10,0,91.88,High
PO_004418,SUP_019,FAB_019,7805,14.46,112860.3,2025-06-21,2025-07-22,2025-07-24,31,33,2,0,86.43,Medium
PO_004419,SUP_024,FAB_025,16028,19.85,318155.8,2024-01-08,2024-01-24,2024-02-03,16,26,10,0,96.21,High
PO_004420,SUP_002,FAB_019,7631,17.14,130795.34,2025-05-22,2025-06-11,2025-06-13,20,22,2,0,100.0,Medium
PO_004421,SUP_008,FAB_027,10821,12.68,137210.28,2024-01-14,2024-01-28,2024-01-29,14,15,1,0,94.09,Medium
PO_004422,SUP_007,FAB_018,15351,10.76,165176.76,2025-05-07,2025-05-24,2025-05-25,17,18,1,0,96.94,Medium
PO_004423,SUP_012,FAB_023,5882,7.53,44291.46,2025-05-15,2025-06-09,2025-06-09,25,25,0,1,94.5,Low
PO_004424,SUP_004,FAB_017,19687,11.49,226203.63,2025-08-16,2025-09-17,2025-09-19,32,34,2,0,90.68,Medium
PO_004425,SUP_005,FAB_017,904,10.84,9799.36,2025-07-28,2025-08-29,2025-08-29,32,32,0,1,99.57,Low
PO_004426,SUP_019,FAB_019,16938,14.46,244923.48,2025-11-07,2025-12-08,2025-12-12,31,35,4,0,94.89,Medium
PO_004427,SUP_004,FAB_011,3691,6.56,24212.96,2024-01-15,2024-02-16,2024-02-18,32,34,2,0,92.0,Medium
PO_004428,SUP_008,FAB_021,19232,12.27,235976.64,2024-04-18,2024-05-06,2024-05-07,18,19,1,0,91.49,Medium
PO_004429,SUP_014,FAB_014,4284,17.09,73213.56,2025-03-25,2025-04-23,2025-04-26,29,32,3,0,96.41,Medium
PO_004430,SUP_005,FAB_026,13765,13.45,185139.25,2024-05-11,2024-06-18,2024-06-19,38,39,1,0,99.0,Medium
PO_004431,SUP_004,FAB_017,13113,11.49,150668.37,2025-10-19,2025-11-20,2025-11-20,32,32,0,1,96.4,Low
PO_004432,SUP_023,FAB_019,8378,15.67,131283.26,2025-05-02,2025-05-18,2025-05-20,16,18,2,0,89.81,Medium
PO_004433,SUP_021,FAB_014,17157,20.05,343997.85,2025-09-27,2025-10-20,2025-10-20,23,23,0,1,95.62,Low
PO_004434,SUP_004,FAB_019,6514,15.3,99664.2,2025-10-17,2025-11-12,2025-11-21,26,35,9,0,92.39,High
PO_004435,SUP_014,FAB_003,815,14.68,11964.2,2024-02-10,2024-03-18,2024-03-19,37,38,1,0,94.65,Medium
PO_004436,SUP_002,FAB_025,3598,18.91,68038.18,2025-11-22,2025-12-18,2025-12-24,26,32,6,0,92.58,Medium
PO_004437,SUP_012,FAB_017,982,9.86,9682.52,2025-09-10,2025-10-08,2025-10-09,28,29,1,0,99.58,Medium
PO_004438,SUP_019,FAB_011,3509,5.61,19685.49,2025-08-15,2025-08-30,2025-09-08,15,24,9,0,96.53,High
PO_004439,SUP_010,FAB_024,10604,4.93,52277.72,2024-01-19,2024-02-17,2024-02-19,29,31,2,0,100.0,Medium
PO_004440,SUP_024,FAB_026,19524,14.09,275093.16,2024-07-14,2024-08-22,2024-08-25,39,42,3,0,97.65,Medium
PO_004441,SUP_018,FAB_015,14039,13.28,186437.92,2025-05-28,2025-06-12,2025-06-12,15,15,0,1,97.5,Low
PO_004442,SUP_014,FAB_003,11205,14.68,164489.4,2024-04-22,2024-05-29,2024-06-06,37,45,8,0,96.29,High
PO_004443,SUP_021,FAB_021,8362,13.21,110462.02,2024-10-14,2024-10-30,2024-10-31,16,17,1,0,90.8,Medium
PO_004444,SUP_006,FAB_010,18059,5.13,92642.67,2024-06-15,2024-07-11,2024-07-15,26,30,4,0,95.61,Medium
PO_004445,SUP_019,FAB_014,16712,19.06,318530.72,2024-07-24,2024-08-09,2024-08-12,16,19,3,0,94.67,Medium
PO_004446,SUP_022,FAB_025,9427,18.59,175247.93,2025-08-31,2025-09-20,2025-09-20,20,20,0,1,90.75,Low
PO_004447,SUP_007,FAB_028,4809,17.07,82089.63,2025-10-06,2025-10-27,2025-10-28,21,22,1,0,89.62,Medium
PO_004448,SUP_001,FAB_006,19265,18.61,358521.65,2025-11-23,2026-01-02,2026-01-02,40,40,0,1,92.59,Low
PO_004449,SUP_011,FAB_002,10617,14.61,155114.37,2024-09-23,2024-10-11,2024-10-11,18,18,0,1,94.15,Low
PO_004450,SUP_013,FAB_020,14089,8.4,118347.6,2025-11-05,2025-12-12,2025-12-15,37,40,3,0,91.18,Medium
PO_004451,SUP_018,FAB_024,9168,5.25,48132.0,2024-07-30,2024-08-15,2024-08-19,16,20,4,0,99.07,Medium
PO_004452,SUP_012,FAB_026,19897,11.82,235182.54,2025-08-31,2025-09-17,2025-09-18,17,18,1,0,89.63,Medium
PO_004453,SUP_015,FAB_006,9421,15.2,143199.2,2024-10-16,2024-11-13,2024-11-20,28,35,7,0,98.15,Medium
PO_004454,SUP_002,FAB_005,16024,6.1,97746.4,2025-06-21,2025-07-20,2025-07-21,29,30,1,0,95.23,Medium
PO_004455,SUP_009,FAB_008,1609,14.7,23652.3,2024-10-19,2024-11-11,2024-11-12,23,24,1,0,95.99,Medium
PO_004456,SUP_008,FAB_015,18415,13.41,246945.15,2024-03-12,2024-04-09,2024-04-17,28,36,8,0,91.93,High
PO_004457,SUP_017,FAB_021,834,13.27,11067.18,2025-09-08,2025-10-06,2025-10-13,28,35,7,0,88.99,Medium
PO_004458,SUP_025,FAB_009,2135,8.15,17400.25,2024-12-21,2025-01-17,2025-01-23,27,33,6,0,90.91,Medium
PO_004459,SUP_016,FAB_021,14390,13.4,192826.0,2024-12-18,2025-01-10,2025-01-12,23,25,2,0,95.5,Medium
PO_004460,SUP_009,FAB_012,10252,11.07,113489.64,2025-01-22,2025-02-20,2025-02-20,29,29,0,1,94.49,Low
PO_004461,SUP_008,FAB_021,8104,12.27,99436.08,2025-03-01,2025-03-19,2025-03-24,18,23,5,0,94.3,Medium
PO_004462,SUP_003,FAB_022,8935,5.47,48874.45,2024-03-28,2024-04-28,2024-04-28,31,31,0,1,96.8,Low
PO_004463,SUP_015,FAB_010,13878,5.34,74108.52,2025-02-23,2025-03-10,2025-03-11,15,16,1,0,90.5,Medium
PO_004464,SUP_011,FAB_027,10213,11.21,114487.73,2025-01-16,2025-02-12,2025-02-12,27,27,0,1,94.67,Low
PO_004465,SUP_009,FAB_015,12429,13.73,170650.17,2025-10-20,2025-11-17,2025-11-17,28,28,0,1,95.78,Low
PO_004466,SUP_010,FAB_006,9538,16.62,158521.56,2024-08-17,2024-09-22,2024-09-26,36,40,4,0,89.18,Medium
PO_004467,SUP_007,FAB_028,14232,17.07,242940.24,2025-10-12,2025-11-02,2025-11-03,21,22,1,0,88.55,Medium
PO_004468,SUP_019,FAB_016,16428,5.34,87725.52,2024-04-22,2024-05-15,2024-05-16,23,24,1,0,94.59,Medium
PO_004469,SUP_006,FAB_015,2127,13.95,29671.65,2025-05-23,2025-06-09,2025-06-10,17,18,1,0,88.44,Medium
PO_004470,SUP_018,FAB_004,16222,7.39,119880.58,2024-01-09,2024-02-08,2024-02-09,30,31,1,0,100.0,Medium
PO_004471,SUP_002,FAB_019,4540,17.14,77815.6,2025-05-04,2025-05-24,2025-05-25,20,21,1,0,97.86,Medium
PO_004472,SUP_021,FAB_019,15167,17.9,271489.3,2024-03-01,2024-03-29,2024-03-29,28,28,0,1,98.4,Low
PO_004473,SUP_018,FAB_008,3096,14.6,45201.6,2025-06-06,2025-06-22,2025-06-24,16,18,2,0,90.3,Medium
PO_004474,SUP_017,FAB_021,3733,13.27,49536.91,2024-07-06,2024-08-03,2024-08-06,28,31,3,0,94.07,Medium
PO_004475,SUP_016,FAB_009,7892,8.41,66371.72,2024-09-30,2024-11-07,2024-11-10,38,41,3,0,92.97,Medium
PO_004476,SUP_010,FAB_024,10381,4.93,51178.33,2025-11-20,2025-12-19,2025-12-29,29,39,10,0,93.48,High
PO_004477,SUP_010,FAB_025,14154,19.23,272181.42,2025-01-26,2025-02-27,2025-03-06,32,39,7,0,97.3,Medium
PO_004478,SUP_010,FAB_029,11424,8.48,96875.52,2025-07-28,2025-08-12,2025-08-16,15,19,4,0,90.55,Medium
PO_004479,SUP_018,FAB_008,19425,14.6,283605.0,2024-03-09,2024-03-25,2024-03-29,16,20,4,0,99.2,Medium
PO_004480,SUP_018,FAB_028,6382,16.57,105749.74,2024-07-24,2024-08-16,2024-08-16,23,23,0,1,94.34,Low
PO_004481,SUP_018,FAB_028,18405,16.57,304970.85,2025-05-01,2025-05-24,2025-05-24,23,23,0,1,97.41,Low
PO_004482,SUP_015,FAB_018,3196,12.21,39023.16,2025-08-28,2025-09-27,2025-09-29,30,32,2,0,96.27,Medium
PO_004483,SUP_011,FAB_002,15391,14.61,224862.51,2024-07-10,2024-07-28,2024-07-28,18,18,0,1,100.0,Low
PO_004484,SUP_018,FAB_008,15370,14.6,224402.0,2025-02-10,2025-02-26,2025-02-28,16,18,2,0,100.0,Medium
PO_004485,SUP_007,FAB_019,15728,16.0,251648.0,2025-02-13,2025-03-25,2025-03-28,40,43,3,0,85.87,Medium
PO_004486,SUP_018,FAB_011,15961,5.86,93531.46,2025-06-16,2025-07-14,2025-07-15,28,29,1,0,94.33,Medium
PO_004487,SUP_003,FAB_006,9703,16.44,159517.32,2024-04-22,2024-05-19,2024-05-21,27,29,2,0,84.73,High
PO_004488,SUP_008,FAB_002,5517,12.75,70341.75,2024-09-12,2024-10-01,2024-10-12,19,30,11,0,95.68,High
PO_004489,SUP_017,FAB_017,4181,11.31,47287.11,2024-12-12,2025-01-07,2025-01-12,26,31,5,0,87.44,Medium
PO_004490,SUP_004,FAB_011,12792,6.56,83915.52,2024-04-18,2024-05-20,2024-05-24,32,36,4,0,90.86,Medium
PO_004491,SUP_017,FAB_015,2724,14.49,39470.76,2025-09-20,2025-10-12,2025-10-20,22,30,8,0,93.23,High
PO_004492,SUP_022,FAB_011,7884,6.02,47461.68,2024-08-12,2024-08-26,2024-08-30,14,18,4,0,90.98,Medium
PO_004493,SUP_015,FAB_007,9667,8.43,81492.81,2025-07-01,2025-08-08,2025-08-08,38,38,0,1,92.35,Low
PO_004494,SUP_019,FAB_028,10546,16.65,175590.9,2025-02-12,2025-03-19,2025-03-21,35,37,2,0,93.64,Medium
PO_004495,SUP_025,FAB_014,7767,17.33,134602.11,2025-04-05,2025-04-19,2025-04-19,14,14,0,1,99.22,Low
PO_004496,SUP_021,FAB_003,2349,17.73,41647.77,2025-11-20,2025-12-10,2025-12-11,20,21,1,0,92.21,Medium
PO_004497,SUP_025,FAB_006,1837,16.41,30145.17,2024-10-05,2024-10-22,2024-10-25,17,20,3,0,97.84,Medium
PO_004498,SUP_002,FAB_022,9079,5.07,46030.53,2025-02-27,2025-03-23,2025-03-25,24,26,2,0,99.35,Medium
PO_004499,SUP_011,FAB_020,9392,8.32,78141.44,2024-04-07,2024-05-16,2024-05-19,39,42,3,0,99.48,Medium
PO_004500,SUP_011,FAB_030,19448,15.43,300082.64,2025-06-28,2025-07-15,2025-07-16,17,18,1,0,99.91,Medium
PO_004501,SUP_023,FAB_019,985,15.67,15434.95,2025-06-25,2025-07-11,2025-07-21,16,26,10,0,89.82,High
PO_004502,SUP_002,FAB_003,2812,16.83,47325.96,2025-01-05,2025-01-27,2025-01-29,22,24,2,0,93.93,Medium
PO_004503,SUP_008,FAB_025,13053,16.9,220595.7,2024-11-14,2024-12-15,2024-12-16,31,32,1,0,96.71,Medium
PO_004504,SUP_015,FAB_008,8251,13.31,109820.81,2025-08-30,2025-09-16,2025-09-16,17,17,0,1,92.9,Low
PO_004505,SUP_018,FAB_012,6020,13.73,82654.6,2024-04-09,2024-05-12,2024-05-13,33,34,1,0,99.29,Medium
PO_004506,SUP_015,FAB_001,3931,11.17,43909.27,2025-08-24,2025-10-02,2025-10-04,39,41,2,0,94.04,Medium
PO_004507,SUP_019,FAB_012,6518,12.38,80692.84,2024-04-14,2024-05-24,2024-05-26,40,42,2,0,97.26,Medium
PO_004508,SUP_002,FAB_005,7281,6.1,44414.1,2024-08-15,2024-09-13,2024-09-13,29,29,0,1,99.06,Low
PO_004509,SUP_018,FAB_019,2476,15.93,39442.68,2025-09-23,2025-10-23,2025-10-26,30,33,3,0,99.38,Medium
PO_004510,SUP_004,FAB_017,4095,11.49,47051.55,2025-09-16,2025-10-18,2025-10-18,32,32,0,1,96.5,Low
PO_004511,SUP_024,FAB_021,2197,11.96,26276.12,2025-01-30,2025-02-16,2025-02-21,17,22,5,0,88.45,Medium
PO_004512,SUP_008,FAB_015,16517,13.41,221492.97,2025-03-29,2025-04-26,2025-04-26,28,28,0,1,92.1,Low
PO_004513,SUP_004,FAB_015,8898,13.72,122080.56,2025-01-20,2025-02-13,2025-02-16,24,27,3,0,92.12,Medium
PO_004514,SUP_018,FAB_005,16915,7.22,122126.3,2024-02-22,2024-04-01,2024-04-04,39,42,3,0,100.0,Medium
PO_004515,SUP_015,FAB_010,7153,5.34,38197.02,2025-09-13,2025-09-28,2025-09-29,15,16,1,0,93.27,Medium
PO_004516,SUP_018,FAB_012,522,13.73,7167.06,2025-05-01,2025-06-03,2025-06-04,33,34,1,0,96.16,Medium
PO_004517,SUP_020,FAB_005,11971,6.02,72065.42,2025-02-22,2025-03-25,2025-03-25,31,31,0,1,92.35,Low
PO_004518,SUP_015,FAB_001,4583,11.17,51192.11,2024-04-03,2024-05-12,2024-05-12,39,39,0,1,93.11,Low
PO_004519,SUP_015,FAB_010,7688,5.34,41053.92,2025-06-11,2025-06-26,2025-06-29,15,18,3,0,94.91,Medium
PO_004520,SUP_025,FAB_009,19377,8.15,157922.55,2024-02-12,2024-03-10,2024-03-10,27,27,0,1,100.0,Low
PO_004521,SUP_003,FAB_018,10525,10.14,106723.5,2024-03-01,2024-03-27,2024-03-30,26,29,3,0,93.61,Medium
PO_004522,SUP_018,FAB_004,13926,7.39,102913.14,2024-05-29,2024-06-28,2024-06-28,30,30,0,1,94.29,Low
PO_004523,SUP_007,FAB_002,14159,15.33,217057.47,2025-05-14,2025-05-29,2025-06-01,15,18,3,0,94.59,Medium
PO_004524,SUP_004,FAB_014,10408,19.52,203164.16,2025-08-26,2025-09-15,2025-09-16,20,21,1,0,91.21,Medium
PO_004525,SUP_007,FAB_002,3063,15.33,46955.79,2025-03-29,2025-04-13,2025-04-26,15,28,13,0,92.67,High
PO_004526,SUP_025,FAB_020,9632,9.52,91696.64,2025-01-06,2025-02-11,2025-02-13,36,38,2,0,95.87,Medium
PO_004527,SUP_019,FAB_019,11046,14.46,159725.16,2024-10-22,2024-11-22,2024-11-25,31,34,3,0,98.22,Medium
PO_004528,SUP_024,FAB_026,14017,14.09,197499.53,2025-06-10,2025-07-19,2025-07-25,39,45,6,0,92.55,Medium
PO_004529,SUP_006,FAB_018,3121,11.78,36765.38,2024-12-12,2025-01-18,2025-01-22,37,41,4,0,92.83,Medium
PO_004530,SUP_013,FAB_026,11131,11.83,131679.73,2025-03-27,2025-04-28,2025-05-07,32,41,9,0,100.0,High
PO_004531,SUP_004,FAB_017,13505,11.49,155172.45,2025-09-27,2025-10-29,2025-10-30,32,33,1,0,93.62,Medium
PO_004532,SUP_008,FAB_027,13978,12.68,177241.04,2024-06-15,2024-06-29,2024-07-02,14,17,3,0,89.9,Medium
PO_004533,SUP_023,FAB_016,12063,5.8,69965.4,2025-06-08,2025-07-08,2025-07-09,30,31,1,0,100.0,Medium
PO_004534,SUP_019,FAB_011,12847,5.61,72071.67,2025-03-06,2025-03-21,2025-03-23,15,17,2,0,83.8,High
PO_004535,SUP_017,FAB_021,12895,13.27,171116.65,2024-07-17,2024-08-14,2024-08-19,28,33,5,0,93.0,Medium
PO_004536,SUP_013,FAB_010,1597,5.1,8144.7,2024-09-14,2024-10-11,2024-10-15,27,31,4,0,87.56,Medium
PO_004537,SUP_010,FAB_015,19523,12.31,240328.13,2025-03-18,2025-04-22,2025-04-24,35,37,2,0,95.85,Medium
PO_004538,SUP_002,FAB_030,13108,15.39,201732.12,2024-04-09,2024-05-16,2024-05-17,37,38,1,0,91.99,Medium
PO_004539,SUP_020,FAB_030,17918,15.13,271099.34,2025-10-10,2025-10-29,2025-11-04,19,25,6,0,94.2,Medium
PO_004540,SUP_014,FAB_011,2413,6.09,14695.17,2024-08-21,2024-09-13,2024-09-13,23,23,0,1,89.58,Low
PO_004541,SUP_008,FAB_001,5416,9.4,50910.4,2024-01-30,2024-02-18,2024-02-20,19,21,2,0,91.54,Medium
PO_004542,SUP_007,FAB_028,12133,17.07,207110.31,2024-08-07,2024-08-28,2024-09-01,21,25,4,0,88.55,Medium
PO_004543,SUP_010,FAB_016,2074,4.77,9892.98,2025-01-27,2025-02-16,2025-02-23,20,27,7,0,93.44,Medium
PO_004544,SUP_019,FAB_012,10549,12.38,130596.62,2025-08-01,2025-09-10,2025-09-28,40,58,18,0,88.2,High
PO_004545,SUP_019,FAB_013,1538,12.25,18840.5,2025-05-28,2025-06-11,2025-06-11,14,14,0,1,98.65,Low
PO_004546,SUP_021,FAB_017,11730,10.83,127035.9,2025-06-01,2025-07-08,2025-07-12,37,41,4,0,97.14,Medium
PO_004547,SUP_015,FAB_001,15490,11.17,173023.3,2025-08-10,2025-09-18,2025-09-26,39,47,8,0,94.07,High
PO_004548,SUP_018,FAB_007,8974,7.44,66766.56,2024-04-03,2024-05-10,2024-05-13,37,40,3,0,96.32,Medium
PO_004549,SUP_022,FAB_011,10271,6.02,61831.42,2025-06-04,2025-06-18,2025-06-20,14,16,2,0,99.3,Medium
PO_004550,SUP_002,FAB_025,1840,18.91,34794.4,2024-01-31,2024-02-26,2024-02-26,26,26,0,1,98.33,Low
PO_004551,SUP_024,FAB_029,17408,9.81,170772.48,2024-08-08,2024-09-03,2024-09-05,26,28,2,0,92.37,Medium
PO_004552,SUP_017,FAB_007,1500,6.62,9930.0,2024-05-29,2024-06-19,2024-06-22,21,24,3,0,92.72,Medium
PO_004553,SUP_009,FAB_005,9376,7.36,69007.36,2025-07-19,2025-08-14,2025-08-15,26,27,1,0,97.41,Medium
PO_004554,SUP_018,FAB_008,18001,14.6,262814.6,2025-04-14,2025-04-30,2025-04-30,16,16,0,1,95.76,Low
PO_004555,SUP_017,FAB_023,14277,7.59,108362.43,2024-10-29,2024-11-12,2024-11-16,14,18,4,0,92.14,Medium
PO_004556,SUP_009,FAB_001,13166,10.99,144694.34,2024-04-05,2024-05-08,2024-05-11,33,36,3,0,97.65,Medium
PO_004557,SUP_009,FAB_020,3276,8.32,27256.32,2024-08-23,2024-09-07,2024-09-07,15,15,0,1,93.61,Low
PO_004558,SUP_020,FAB_027,5858,10.12,59282.96,2025-08-07,2025-08-28,2025-09-01,21,25,4,0,90.2,Medium
PO_004559,SUP_011,FAB_021,17436,13.4,233642.4,2025-07-19,2025-08-27,2025-08-27,39,39,0,1,95.44,Low
PO_004560,SUP_003,FAB_006,7432,16.44,122182.08,2024-07-27,2024-08-23,2024-08-26,27,30,3,0,89.4,Medium
PO_004561,SUP_010,FAB_024,7674,4.93,37832.82,2025-03-12,2025-04-10,2025-04-19,29,38,9,0,93.72,High
PO_004562,SUP_013,FAB_021,4525,12.18,55114.5,2025-02-21,2025-03-25,2025-03-31,32,38,6,0,94.42,Medium
PO_004563,SUP_010,FAB_018,14981,11.86,177674.66,2025-08-25,2025-09-11,2025-09-25,17,31,14,0,91.0,High
PO_004564,SUP_008,FAB_011,2427,5.27,12790.29,2024-01-21,2024-02-11,2024-02-11,21,21,0,1,89.86,Low
PO_004565,SUP_017,FAB_021,16032,13.27,212744.64,2025-10-04,2025-11-01,2025-11-01,28,28,0,1,96.04,Low
PO_004566,SUP_012,FAB_022,2587,4.72,12210.64,2024-03-21,2024-04-17,2024-04-19,27,29,2,0,97.45,Medium
PO_004567,SUP_002,FAB_006,16202,14.77,239303.54,2025-03-29,2025-04-25,2025-04-28,27,30,3,0,97.91,Medium
PO_004568,SUP_001,FAB_010,11605,5.36,62202.8,2025-06-06,2025-07-01,2025-07-02,25,26,1,0,96.4,Medium
PO_004569,SUP_004,FAB_011,1371,6.56,8993.76,2024-06-12,2024-07-14,2024-07-20,32,38,6,0,92.69,Medium
PO_004570,SUP_009,FAB_001,3927,10.99,43157.73,2025-07-02,2025-08-04,2025-08-07,33,36,3,0,93.72,Medium
PO_004571,SUP_001,FAB_018,17741,11.04,195860.64,2024-07-25,2024-08-12,2024-08-12,18,18,0,1,100.0,Low
PO_004572,SUP_016,FAB_014,9401,20.14,189336.14,2024-06-29,2024-07-26,2024-08-03,27,35,8,0,89.06,High
PO_004573,SUP_008,FAB_002,19153,12.75,244200.75,2024-02-04,2024-02-23,2024-02-24,19,20,1,0,100.0,Medium
PO_004574,SUP_022,FAB_020,7497,10.02,75119.94,2025-06-29,2025-07-27,2025-07-27,28,28,0,1,100.0,Low
PO_004575,SUP_010,FAB_016,885,4.77,4221.45,2025-02-21,2025-03-13,2025-03-16,20,23,3,0,89.86,Medium
PO_004576,SUP_008,FAB_005,19516,6.91,134855.56,2025-01-11,2025-02-17,2025-02-22,37,42,5,0,96.85,Medium
PO_004577,SUP_007,FAB_026,3478,14.05,48865.9,2024-07-24,2024-08-09,2024-08-14,16,21,5,0,87.11,Medium
PO_004578,SUP_009,FAB_005,3460,7.36,25465.6,2025-09-15,2025-10-11,2025-10-11,26,26,0,1,95.65,Low
PO_004579,SUP_019,FAB_012,4161,12.38,51513.18,2024-03-31,2024-05-10,2024-05-18,40,48,8,0,96.64,High
PO_004580,SUP_001,FAB_017,16596,11.59,192347.64,2025-02-12,2025-03-19,2025-03-20,35,36,1,0,97.92,Medium
PO_004581,SUP_013,FAB_010,7807,5.1,39815.7,2024-04-19,2024-05-16,2024-05-17,27,28,1,0,91.18,Medium
PO_004582,SUP_009,FAB_020,4249,8.32,35351.68,2024-02-04,2024-02-19,2024-02-20,15,16,1,0,99.07,Medium
PO_004583,SUP_004,FAB_011,7923,6.56,51974.88,2024-04-21,2024-05-23,2024-05-25,32,34,2,0,97.71,Medium
PO_004584,SUP_018,FAB_017,979,11.15,10915.85,2024-01-20,2024-02-19,2024-02-19,30,30,0,1,90.99,Low
PO_004585,SUP_025,FAB_012,6031,13.62,82142.22,2025-02-03,2025-02-21,2025-02-22,18,19,1,0,87.79,Medium
PO_004586,SUP_020,FAB_009,16047,9.98,160149.06,2025-09-02,2025-09-19,2025-09-25,17,23,6,0,92.11,Medium
PO_004587,SUP_020,FAB_005,19106,6.02,115018.12,2024-07-24,2024-08-24,2024-08-24,31,31,0,1,92.44,Low
PO_004588,SUP_025,FAB_012,10811,13.62,147245.82,2025-04-19,2025-05-07,2025-05-14,18,25,7,0,94.26,Medium
PO_004589,SUP_002,FAB_023,1526,7.36,11231.36,2024-04-23,2024-05-31,2024-05-31,38,38,0,1,97.27,Low
PO_004590,SUP_016,FAB_023,15165,6.9,104638.5,2025-03-20,2025-04-17,2025-04-20,28,31,3,0,93.0,Medium
PO_004591,SUP_021,FAB_005,7332,7.53,55209.96,2024-03-23,2024-04-20,2024-04-20,28,28,0,1,97.44,Low
PO_004592,SUP_002,FAB_027,19575,11.4,223155.0,2025-04-30,2025-05-31,2025-06-01,31,32,1,0,93.98,Medium
PO_004593,SUP_018,FAB_008,13999,14.6,204385.4,2024-03-14,2024-03-30,2024-04-04,16,21,5,0,89.33,Medium
PO_004594,SUP_008,FAB_021,6965,12.27,85460.55,2025-06-19,2025-07-07,2025-07-08,18,19,1,0,99.56,Medium
PO_004595,SUP_009,FAB_010,13372,5.01,66993.72,2025-11-10,2025-12-04,2025-12-07,24,27,3,0,91.38,Medium
PO_004596,SUP_023,FAB_017,19194,9.24,177352.56,2024-03-03,2024-04-09,2024-04-12,37,40,3,0,99.8,Medium
PO_004597,SUP_009,FAB_008,12898,14.7,189600.6,2024-01-21,2024-02-13,2024-02-14,23,24,1,0,97.39,Medium
PO_004598,SUP_009,FAB_009,4310,10.06,43358.6,2025-05-26,2025-07-04,2025-07-04,39,39,0,1,96.41,Low
PO_004599,SUP_001,FAB_024,10443,4.4,45949.2,2024-06-15,2024-07-13,2024-07-13,28,28,0,1,100.0,Low
PO_004600,SUP_019,FAB_003,1821,16.33,29736.93,2025-02-01,2025-03-01,2025-03-12,28,39,11,0,99.29,High
PO_004601,SUP_015,FAB_001,4755,11.17,53113.35,2025-08-21,2025-09-29,2025-10-01,39,41,2,0,92.91,Medium
PO_004602,SUP_009,FAB_026,18004,14.0,252056.0,2024-04-04,2024-04-20,2024-04-21,16,17,1,0,96.3,Medium
PO_004603,SUP_001,FAB_006,8822,18.61,164177.42,2024-11-26,2025-01-05,2025-01-08,40,43,3,0,98.03,Medium
PO_004604,SUP_024,FAB_029,3540,9.81,34727.4,2024-02-13,2024-03-10,2024-03-10,26,26,0,1,92.11,Low
PO_004605,SUP_005,FAB_021,10922,11.74,128224.28,2025-08-22,2025-09-12,2025-09-12,21,21,0,1,92.84,Low
PO_004606,SUP_020,FAB_004,12899,8.06,103965.94,2024-05-11,2024-06-03,2024-06-09,23,29,6,0,92.6,Medium
PO_004607,SUP_008,FAB_005,11849,6.91,81876.59,2024-09-29,2024-11-05,2024-11-10,37,42,5,0,98.08,Medium
PO_004608,SUP_019,FAB_012,10375,12.38,128442.5,2025-08-15,2025-09-24,2025-10-03,40,49,9,0,93.68,High
PO_004609,SUP_025,FAB_024,1466,5.42,7945.72,2025-07-15,2025-08-04,2025-08-04,20,20,0,1,93.99,Low
PO_004610,SUP_023,FAB_022,16315,5.21,85001.15,2025-07-24,2025-08-23,2025-08-25,30,32,2,0,90.8,Medium
PO_004611,SUP_004,FAB_019,1959,15.3,29972.7,2024-03-13,2024-04-08,2024-04-13,26,31,5,0,93.08,Medium
PO_004612,SUP_012,FAB_023,10893,7.53,82024.29,2025-05-29,2025-06-23,2025-06-23,25,25,0,1,95.06,Low
PO_004613,SUP_009,FAB_005,17214,7.36,126695.04,2024-09-25,2024-10-21,2024-10-21,26,26,0,1,87.81,Low
PO_004614,SUP_014,FAB_017,18424,11.32,208559.68,2024-01-24,2024-02-22,2024-02-24,29,31,2,0,93.39,Medium
PO_004615,SUP_002,FAB_025,3936,18.91,74429.76,2024-09-15,2024-10-11,2024-10-14,26,29,3,0,91.71,Medium
PO_004616,SUP_023,FAB_025,2235,20.24,45236.4,2025-06-02,2025-06-18,2025-06-21,16,19,3,0,88.75,Medium
PO_004617,SUP_011,FAB_022,1319,5.56,7333.64,2025-08-28,2025-09-30,2025-10-02,33,35,2,0,95.71,Medium
PO_004618,SUP_013,FAB_010,19891,5.1,101444.1,2024-03-10,2024-04-06,2024-04-13,27,34,7,0,96.7,Medium
PO_004619,SUP_005,FAB_007,4984,7.27,36233.68,2025-11-18,2025-12-09,2025-12-14,21,26,5,0,96.19,Medium
PO_004620,SUP_008,FAB_006,11313,16.71,189040.23,2024-01-13,2024-02-18,2024-02-19,36,37,1,0,93.24,Medium
PO_004621,SUP_015,FAB_024,7902,5.13,40537.26,2025-04-21,2025-05-09,2025-05-09,18,18,0,1,95.89,Low
PO_004622,SUP_018,FAB_005,11385,7.22,82199.7,2024-10-31,2024-12-09,2024-12-09,39,39,0,1,100.0,Low
PO_004623,SUP_001,FAB_006,11399,18.61,212135.39,2024-02-26,2024-04-06,2024-04-08,40,42,2,0,94.7,Medium
PO_004624,SUP_007,FAB_026,12628,14.05,177423.4,2025-07-14,2025-07-30,2025-08-01,16,18,2,0,96.45,Medium
PO_004625,SUP_014,FAB_003,1962,14.68,28802.16,2025-11-15,2025-12-22,2025-12-29,37,44,7,0,91.15,Medium
PO_004626,SUP_003,FAB_025,18839,18.52,348898.28,2024-02-28,2024-04-01,2024-04-01,33,33,0,1,95.35,Low
PO_004627,SUP_006,FAB_007,4004,7.38,29549.52,2024-12-06,2024-12-26,2024-12-29,20,23,3,0,96.42,Medium
PO_004628,SUP_012,FAB_023,12610,7.53,94953.3,2025-11-13,2025-12-08,2025-12-10,25,27,2,0,98.97,Medium
PO_004629,SUP_007,FAB_011,10760,5.74,61762.4,2024-12-17,2025-01-22,2025-01-26,36,40,4,0,95.11,Medium
PO_004630,SUP_023,FAB_017,3332,9.24,30787.68,2024-09-13,2024-10-20,2024-10-30,37,47,10,0,95.11,High
PO_004631,SUP_025,FAB_009,2052,8.15,16723.8,2025-10-12,2025-11-08,2025-11-08,27,27,0,1,100.0,Low
PO_004632,SUP_023,FAB_007,6967,8.16,56850.72,2024-09-18,2024-10-10,2024-10-10,22,22,0,1,88.29,Low
PO_004633,SUP_017,FAB_023,16565,7.59,125728.35,2025-08-02,2025-08-16,2025-08-21,14,19,5,0,93.3,Medium
PO_004634,SUP_004,FAB_002,10001,12.42,124212.42,2025-05-01,2025-05-18,2025-05-22,17,21,4,0,92.01,Medium
PO_004635,SUP_015,FAB_012,15460,12.48,192940.8,2025-01-20,2025-02-23,2025-02-28,34,39,5,0,96.57,Medium
PO_004636,SUP_017,FAB_021,9597,13.27,127352.19,2025-02-17,2025-03-17,2025-03-25,28,36,8,0,87.12,High
PO_004637,SUP_010,FAB_018,7742,11.86,91820.12,2025-05-21,2025-06-07,2025-06-07,17,17,0,1,95.2,Low
PO_004638,SUP_010,FAB_005,16212,6.79,110079.48,2024-05-31,2024-06-19,2024-06-21,19,21,2,0,93.6,Medium
PO_004639,SUP_010,FAB_006,4969,16.62,82584.78,2025-05-20,2025-06-25,2025-07-09,36,50,14,0,96.78,High
PO_004640,SUP_018,FAB_015,9761,13.28,129626.08,2024-11-22,2024-12-07,2024-12-07,15,15,0,1,98.19,Low
PO_004641,SUP_004,FAB_011,3248,6.56,21306.88,2025-10-29,2025-11-30,2025-12-01,32,33,1,0,94.29,Medium
PO_004642,SUP_015,FAB_012,15826,12.48,197508.48,2025-04-08,2025-05-12,2025-05-14,34,36,2,0,92.25,Medium
PO_004643,SUP_021,FAB_019,13323,17.9,238481.7,2024-09-03,2024-10-01,2024-10-03,28,30,2,0,97.27,Medium
PO_004644,SUP_009,FAB_025,1797,19.05,34232.85,2024-10-19,2024-11-06,2024-11-10,18,22,4,0,94.03,Medium
PO_004645,SUP_003,FAB_028,8280,18.9,156492.0,2024-03-06,2024-03-21,2024-03-23,15,17,2,0,94.58,Medium
PO_004646,SUP_019,FAB_012,11533,12.38,142778.54,2024-07-18,2024-08-27,2024-08-29,40,42,2,0,91.82,Medium
PO_004647,SUP_005,FAB_019,4244,16.25,68965.0,2024-03-28,2024-04-24,2024-04-28,27,31,4,0,98.8,Medium
PO_004648,SUP_016,FAB_029,8810,9.89,87130.9,2024-04-16,2024-05-04,2024-05-05,18,19,1,0,94.62,Medium
PO_004649,SUP_025,FAB_009,4918,8.15,40081.7,2025-10-24,2025-11-20,2025-11-20,27,27,0,1,95.42,Low
PO_004650,SUP_001,FAB_007,8498,8.25,70108.5,2024-08-28,2024-10-02,2024-10-04,35,37,2,0,98.67,Medium
PO_004651,SUP_008,FAB_002,4095,12.75,52211.25,2025-04-27,2025-05-16,2025-05-18,19,21,2,0,90.7,Medium
PO_004652,SUP_022,FAB_001,7503,9.5,71278.5,2025-06-30,2025-07-20,2025-07-21,20,21,1,0,95.17,Medium
PO_004653,SUP_025,FAB_025,7615,17.52,133414.8,2025-02-11,2025-03-08,2025-03-10,25,27,2,0,88.58,Medium
PO_004654,SUP_007,FAB_004,10139,8.1,82125.9,2024-05-09,2024-05-25,2024-06-04,16,26,10,0,93.95,High
PO_004655,SUP_008,FAB_006,17146,16.71,286509.66,2024-12-01,2025-01-06,2025-01-14,36,44,8,0,93.92,High
PO_004656,SUP_005,FAB_019,11029,16.25,179221.25,2024-03-22,2024-04-18,2024-04-18,27,27,0,1,94.77,Low
PO_004657,SUP_022,FAB_001,10882,9.5,103379.0,2024-08-17,2024-09-06,2024-09-07,20,21,1,0,91.66,Medium
PO_004658,SUP_001,FAB_010,2329,5.36,12483.44,2025-03-11,2025-04-05,2025-04-09,25,29,4,0,96.91,Medium
PO_004659,SUP_024,FAB_028,6794,18.15,123311.1,2024-07-17,2024-08-01,2024-08-03,15,17,2,0,96.65,Medium
PO_004660,SUP_013,FAB_022,16111,5.44,87643.84,2025-05-23,2025-07-02,2025-07-17,40,55,15,0,88.19,High
PO_004661,SUP_012,FAB_030,8333,15.33,127744.89,2024-04-14,2024-05-11,2024-05-13,27,29,2,0,95.19,Medium
PO_004662,SUP_021,FAB_010,18508,4.79,88653.32,2024-01-10,2024-02-18,2024-02-19,39,40,1,0,99.14,Medium
PO_004663,SUP_023,FAB_023,19224,7.03,135144.72,2024-07-20,2024-08-21,2024-08-23,32,34,2,0,97.03,Medium
PO_004664,SUP_002,FAB_003,7097,16.83,119442.51,2024-06-05,2024-06-27,2024-06-27,22,22,0,1,93.44,Low
PO_004665,SUP_009,FAB_025,18042,19.05,343700.1,2024-03-24,2024-04-11,2024-04-12,18,19,1,0,99.42,Medium
PO_004666,SUP_003,FAB_022,7820,5.47,42775.4,2025-05-31,2025-07-01,2025-07-02,31,32,1,0,90.52,Medium
PO_004667,SUP_020,FAB_027,10439,10.12,105642.68,2024-01-29,2024-02-19,2024-03-06,21,37,16,0,88.89,High
PO_004668,SUP_016,FAB_014,7611,20.14,153285.54,2025-07-28,2025-08-24,2025-08-28,27,31,4,0,96.04,Medium
PO_004669,SUP_001,FAB_006,7457,18.61,138774.77,2025-03-10,2025-04-19,2025-04-20,40,41,1,0,96.59,Medium
PO_004670,SUP_013,FAB_022,10536,5.44,57315.84,2024-06-13,2024-07-23,2024-07-26,40,43,3,0,81.49,High
PO_004671,SUP_008,FAB_027,12116,12.68,153630.88,2025-11-06,2025-11-20,2025-11-22,14,16,2,0,97.54,Medium
PO_004672,SUP_013,FAB_023,2638,6.49,17120.62,2024-04-02,2024-04-22,2024-04-26,20,24,4,0,91.37,Medium
PO_004673,SUP_003,FAB_016,15212,4.92,74843.04,2025-10-04,2025-11-07,2025-11-11,34,38,4,0,86.78,Medium
PO_004674,SUP_011,FAB_022,876,5.56,4870.56,2025-06-21,2025-07-24,2025-07-29,33,38,5,0,91.99,Medium
PO_004675,SUP_004,FAB_019,15555,15.3,237991.5,2024-12-01,2024-12-27,2024-12-31,26,30,4,0,90.04,Medium
PO_004676,SUP_018,FAB_019,16528,15.93,263291.04,2025-04-17,2025-05-17,2025-05-19,30,32,2,0,98.42,Medium
PO_004677,SUP_021,FAB_015,16672,15.16,252747.52,2025-10-15,2025-11-06,2025-11-07,22,23,1,0,99.45,Medium
PO_004678,SUP_014,FAB_009,15718,8.16,128258.88,2024-11-02,2024-11-21,2024-11-27,19,25,6,0,92.71,Medium
PO_004679,SUP_002,FAB_027,10604,11.4,120885.6,2025-01-30,2025-03-02,2025-03-03,31,32,1,0,98.49,Medium
PO_004680,SUP_002,FAB_003,6056,16.83,101922.48,2025-10-27,2025-11-18,2025-11-20,22,24,2,0,100.0,Medium
PO_004681,SUP_008,FAB_006,722,16.71,12064.62,2025-01-28,2025-03-05,2025-03-08,36,39,3,0,95.4,Medium
PO_004682,SUP_020,FAB_005,620,6.02,3732.4,2025-10-24,2025-11-24,2025-11-25,31,32,1,0,96.08,Medium
PO_004683,SUP_023,FAB_023,19769,7.03,138976.07,2024-02-16,2024-03-19,2024-03-22,32,35,3,0,96.66,Medium
PO_004684,SUP_021,FAB_019,3133,17.9,56080.7,2024-01-04,2024-02-01,2024-02-02,28,29,1,0,92.06,Medium
PO_004685,SUP_018,FAB_019,2371,15.93,37770.03,2025-09-25,2025-10-25,2025-10-28,30,33,3,0,98.38,Medium
PO_004686,SUP_003,FAB_014,19846,19.82,393347.72,2024-12-28,2025-01-20,2025-01-26,23,29,6,0,93.42,Medium
PO_004687,SUP_016,FAB_012,18297,13.37,244630.89,2025-01-14,2025-02-10,2025-02-15,27,32,5,0,85.11,Medium
PO_004688,SUP_019,FAB_015,664,14.82,9840.48,2025-08-11,2025-09-08,2025-09-10,28,30,2,0,88.42,Medium
PO_004689,SUP_012,FAB_030,3364,15.33,51570.12,2024-04-21,2024-05-18,2024-05-19,27,28,1,0,95.93,Medium
PO_004690,SUP_022,FAB_021,11172,13.91,155402.52,2025-11-13,2025-12-05,2025-12-08,22,25,3,0,96.58,Medium
PO_004691,SUP_013,FAB_015,7099,13.25,94061.75,2024-06-03,2024-07-09,2024-07-20,36,47,11,0,94.59,High
PO_004692,SUP_021,FAB_010,5117,4.79,24510.43,2025-05-05,2025-06-13,2025-06-18,39,44,5,0,96.57,Medium
PO_004693,SUP_007,FAB_002,13119,15.33,201114.27,2025-10-25,2025-11-09,2025-11-12,15,18,3,0,96.57,Medium
PO_004694,SUP_013,FAB_013,1877,13.87,26033.99,2024-08-01,2024-08-21,2024-08-26,20,25,5,0,92.5,Medium
PO_004695,SUP_021,FAB_010,10536,4.79,50467.44,2025-07-15,2025-08-23,2025-08-25,39,41,2,0,94.51,Medium
PO_004696,SUP_012,FAB_021,9344,12.26,114557.44,2025-04-07,2025-04-22,2025-04-22,15,15,0,1,96.54,Low
PO_004697,SUP_018,FAB_024,17903,5.25,93990.75,2025-06-02,2025-06-18,2025-06-20,16,18,2,0,93.13,Medium
PO_004698,SUP_022,FAB_025,2066,18.59,38406.94,2024-01-13,2024-02-02,2024-02-03,20,21,1,0,100.0,Medium
PO_004699,SUP_020,FAB_010,9083,5.04,45778.32,2025-04-15,2025-05-15,2025-05-17,30,32,2,0,86.47,Medium
PO_004700,SUP_008,FAB_005,6231,6.91,43056.21,2025-11-17,2025-12-24,2025-12-25,37,38,1,0,92.93,Medium
PO_004701,SUP_016,FAB_021,8919,13.4,119514.6,2025-01-13,2025-02-05,2025-02-10,23,28,5,0,96.03,Medium
PO_004702,SUP_014,FAB_001,16222,11.57,187688.54,2024-03-13,2024-04-10,2024-04-14,28,32,4,0,89.54,Medium
PO_004703,SUP_025,FAB_014,6238,17.33,108104.54,2025-10-09,2025-10-23,2025-10-26,14,17,3,0,99.03,Medium
PO_004704,SUP_009,FAB_008,13542,14.7,199067.4,2025-05-20,2025-06-12,2025-06-18,23,29,6,0,94.47,Medium
PO_004705,SUP_018,FAB_028,15808,16.57,261938.56,2024-06-22,2024-07-15,2024-07-16,23,24,1,0,98.67,Medium
PO_004706,SUP_015,FAB_018,17808,12.21,217435.68,2024-01-08,2024-02-07,2024-02-14,30,37,7,0,100.0,Medium
PO_004707,SUP_012,FAB_022,15090,4.72,71224.8,2024-06-23,2024-07-20,2024-07-20,27,27,0,1,94.84,Low
PO_004708,SUP_014,FAB_019,2204,16.12,35528.48,2024-02-20,2024-03-26,2024-03-30,35,39,4,0,94.9,Medium
PO_004709,SUP_011,FAB_021,2260,13.4,30284.0,2024-03-06,2024-04-14,2024-04-14,39,39,0,1,90.52,Low
PO_004710,SUP_013,FAB_023,11881,6.49,77107.69,2024-10-14,2024-11-03,2024-11-15,20,32,12,0,95.03,High
PO_004711,SUP_013,FAB_023,14676,6.49,95247.24,2025-01-22,2025-02-11,2025-02-24,20,33,13,0,93.0,High
PO_004712,SUP_009,FAB_025,18548,19.05,353339.4,2024-02-07,2024-02-25,2024-02-29,18,22,4,0,99.18,Medium
PO_004713,SUP_025,FAB_008,16442,13.68,224926.56,2025-09-06,2025-10-10,2025-10-11,34,35,1,0,95.55,Medium
PO_004714,SUP_021,FAB_005,15358,7.53,115645.74,2025-07-10,2025-08-07,2025-08-07,28,28,0,1,96.81,Low
PO_004715,SUP_008,FAB_027,9083,12.68,115172.44,2024-06-29,2024-07-13,2024-07-15,14,16,2,0,100.0,Medium
PO_004716,SUP_004,FAB_015,12337,13.72,169263.64,2024-11-19,2024-12-13,2024-12-14,24,25,1,0,98.47,Medium
PO_004717,SUP_018,FAB_028,7305,16.57,121043.85,2025-08-15,2025-09-07,2025-09-08,23,24,1,0,94.09,Medium
PO_004718,SUP_019,FAB_014,13513,19.06,257557.78,2024-03-30,2024-04-15,2024-04-21,16,22,6,0,90.0,Medium
PO_004719,SUP_025,FAB_012,3248,13.62,44237.76,2025-02-16,2025-03-06,2025-03-08,18,20,2,0,95.21,Medium
PO_004720,SUP_012,FAB_017,18498,9.86,182390.28,2024-10-17,2024-11-14,2024-11-16,28,30,2,0,94.17,Medium
PO_004721,SUP_009,FAB_025,14939,19.05,284587.95,2025-06-07,2025-06-25,2025-06-27,18,20,2,0,100.0,Medium
PO_004722,SUP_001,FAB_004,1903,7.06,13435.18,2024-11-13,2024-12-06,2024-12-08,23,25,2,0,95.21,Medium
PO_004723,SUP_010,FAB_029,735,8.48,6232.8,2024-12-28,2025-01-12,2025-01-12,15,15,0,1,91.44,Low
PO_004724,SUP_017,FAB_023,16074,7.59,122001.66,2024-07-04,2024-07-18,2024-08-03,14,30,16,0,88.11,High
PO_004725,SUP_007,FAB_028,9866,17.07,168412.62,2025-10-13,2025-11-03,2025-11-05,21,23,2,0,87.06,Medium
PO_004726,SUP_009,FAB_025,11600,19.05,220980.0,2025-06-19,2025-07-07,2025-07-10,18,21,3,0,97.78,Medium
PO_004727,SUP_017,FAB_021,19718,13.27,261657.86,2025-05-26,2025-06-23,2025-06-27,28,32,4,0,86.48,Medium
PO_004728,SUP_025,FAB_024,10363,5.42,56167.46,2024-04-07,2024-04-27,2024-04-29,20,22,2,0,93.96,Medium
PO_004729,SUP_019,FAB_015,13532,14.82,200544.24,2025-10-06,2025-11-03,2025-11-07,28,32,4,0,89.6,Medium
PO_004730,SUP_001,FAB_004,9221,7.06,65100.26,2024-12-06,2024-12-29,2024-12-29,23,23,0,1,100.0,Low
PO_004731,SUP_022,FAB_021,7014,13.91,97564.74,2025-04-27,2025-05-19,2025-05-20,22,23,1,0,98.29,Medium
PO_004732,SUP_008,FAB_002,10918,12.75,139204.5,2025-05-14,2025-06-02,2025-06-02,19,19,0,1,88.97,Low
PO_004733,SUP_025,FAB_020,7084,9.52,67439.68,2025-09-09,2025-10-15,2025-10-17,36,38,2,0,96.45,Medium
PO_004734,SUP_019,FAB_024,8880,5.38,47774.4,2024-05-19,2024-06-02,2024-06-06,14,18,4,0,88.58,Medium
PO_004735,SUP_013,FAB_024,12886,5.18,66749.48,2025-01-23,2025-02-21,2025-03-02,29,38,9,0,100.0,High
PO_004736,SUP_012,FAB_016,2710,5.69,15419.9,2024-02-10,2024-02-26,2024-02-26,16,16,0,1,98.69,Low
PO_004737,SUP_024,FAB_020,12352,8.15,100668.8,2025-07-03,2025-08-06,2025-08-07,34,35,1,0,93.29,Medium
PO_004738,SUP_013,FAB_010,7722,5.1,39382.2,2025-11-29,2025-12-26,2026-01-01,27,33,6,0,92.68,Medium
PO_004739,SUP_007,FAB_028,8337,17.07,142312.59,2024-01-06,2024-01-27,2024-02-05,21,30,9,0,87.61,High
PO_004740,SUP_019,FAB_002,12515,15.11,189101.65,2025-11-26,2025-12-27,2026-01-04,31,39,8,0,94.93,High
PO_004741,SUP_015,FAB_009,8268,8.22,67962.96,2025-08-26,2025-10-01,2025-10-03,36,38,2,0,89.12,Medium
PO_004742,SUP_001,FAB_007,18467,8.25,152352.75,2024-03-31,2024-05-05,2024-05-05,35,35,0,1,97.34,Low
PO_004743,SUP_011,FAB_001,19455,9.83,191242.65,2024-07-22,2024-08-29,2024-08-29,38,38,0,1,93.78,Low
PO_004744,SUP_009,FAB_010,15272,5.01,76512.72,2024-05-06,2024-05-30,2024-05-31,24,25,1,0,92.87,Medium
PO_004745,SUP_016,FAB_012,16200,13.37,216594.0,2024-12-26,2025-01-22,2025-01-26,27,31,4,0,88.61,Medium
PO_004746,SUP_003,FAB_022,19374,5.47,105975.78,2024-06-07,2024-07-08,2024-07-22,31,45,14,0,88.99,High
PO_004747,SUP_024,FAB_026,16548,14.09,233161.32,2024-03-08,2024-04-16,2024-04-19,39,42,3,0,100.0,Medium
PO_004748,SUP_004,FAB_018,2960,12.22,36171.2,2024-11-04,2024-11-18,2024-12-01,14,27,13,0,91.98,High
PO_004749,SUP_009,FAB_001,15244,10.99,167531.56,2025-08-26,2025-09-28,2025-09-29,33,34,1,0,100.0,Medium
PO_004750,SUP_009,FAB_001,6839,10.99,75160.61,2024-10-23,2024-11-25,2024-11-27,33,35,2,0,98.6,Medium
PO_004751,SUP_001,FAB_017,10487,11.59,121544.33,2024-06-10,2024-07-15,2024-07-16,35,36,1,0,98.61,Medium
PO_004752,SUP_002,FAB_019,7398,17.14,126801.72,2025-02-05,2025-02-25,2025-03-02,20,25,5,0,95.9,Medium
PO_004753,SUP_020,FAB_009,14027,9.98,139989.46,2025-01-03,2025-01-20,2025-02-08,17,36,19,0,84.62,High
PO_004754,SUP_022,FAB_001,19633,9.5,186513.5,2024-11-14,2024-12-04,2024-12-05,20,21,1,0,90.72,Medium
PO_004755,SUP_016,FAB_009,5799,8.41,48769.59,2024-08-14,2024-09-21,2024-10-02,38,49,11,0,93.14,High
PO_004756,SUP_005,FAB_016,4977,5.84,29065.68,2024-09-04,2024-10-02,2024-10-02,28,28,0,1,99.62,Low
PO_004757,SUP_021,FAB_017,13066,10.83,141504.78,2024-03-08,2024-04-14,2024-04-15,37,38,1,0,100.0,Medium
PO_004758,SUP_008,FAB_025,15201,16.9,256896.9,2025-06-10,2025-07-11,2025-07-12,31,32,1,0,96.28,Medium
PO_004759,SUP_005,FAB_007,12857,7.27,93470.39,2025-10-14,2025-11-04,2025-11-06,21,23,2,0,97.63,Medium
PO_004760,SUP_010,FAB_022,3409,5.48,18681.32,2024-09-13,2024-09-30,2024-10-03,17,20,3,0,97.55,Medium
PO_004761,SUP_014,FAB_011,3061,6.09,18641.49,2025-08-30,2025-09-22,2025-09-27,23,28,5,0,94.36,Medium
PO_004762,SUP_004,FAB_014,9490,19.52,185244.8,2024-10-17,2024-11-06,2024-11-08,20,22,2,0,96.94,Medium
PO_004763,SUP_011,FAB_002,14717,14.61,215015.37,2025-03-18,2025-04-05,2025-04-05,18,18,0,1,98.91,Low
PO_004764,SUP_001,FAB_006,9952,18.61,185206.72,2024-11-10,2024-12-20,2024-12-21,40,41,1,0,88.48,Medium
PO_004765,SUP_012,FAB_026,11379,11.82,134499.78,2024-07-20,2024-08-06,2024-08-12,17,23,6,0,95.11,Medium
PO_004766,SUP_022,FAB_025,15468,18.59,287550.12,2024-01-26,2024-02-15,2024-02-16,20,21,1,0,97.3,Medium
PO_004767,SUP_023,FAB_023,16409,7.03,115355.27,2025-01-12,2025-02-13,2025-02-15,32,34,2,0,92.75,Medium
PO_004768,SUP_023,FAB_017,5998,9.24,55421.52,2024-05-18,2024-06-24,2024-06-27,37,40,3,0,93.8,Medium
PO_004769,SUP_005,FAB_016,4139,5.84,24171.76,2025-07-01,2025-07-29,2025-07-29,28,28,0,1,89.66,Low
PO_004770,SUP_010,FAB_005,12008,6.79,81534.32,2024-02-10,2024-02-29,2024-03-09,19,28,9,0,93.08,High
PO_004771,SUP_023,FAB_016,19319,5.8,112050.2,2024-08-15,2024-09-14,2024-09-14,30,30,0,1,94.88,Low
PO_004772,SUP_011,FAB_020,6565,8.32,54620.8,2024-01-21,2024-02-29,2024-02-29,39,39,0,1,100.0,Low
PO_004773,SUP_008,FAB_002,12945,12.75,165048.75,2024-12-07,2024-12-26,2024-12-31,19,24,5,0,92.46,Medium
PO_004774,SUP_001,FAB_025,13078,16.86,220495.08,2025-04-11,2025-05-08,2025-05-09,27,28,1,0,95.12,Medium
PO_004775,SUP_022,FAB_007,1385,8.25,11426.25,2025-10-18,2025-11-16,2025-11-17,29,30,1,0,98.79,Medium
PO_004776,SUP_004,FAB_011,5822,6.56,38192.32,2025-05-23,2025-06-24,2025-06-30,32,38,6,0,100.0,Medium
PO_004777,SUP_011,FAB_030,8447,15.43,130337.21,2025-05-24,2025-06-10,2025-06-10,17,17,0,1,96.89,Low
PO_004778,SUP_013,FAB_013,13571,13.87,188229.77,2024-03-21,2024-04-10,2024-04-12,20,22,2,0,90.54,Medium
PO_004779,SUP_001,FAB_018,9029,11.04,99680.16,2025-09-11,2025-09-29,2025-09-30,18,19,1,0,97.71,Medium
PO_004780,SUP_023,FAB_017,17610,9.24,162716.4,2025-10-25,2025-12-01,2025-12-06,37,42,5,0,85.9,Medium
PO_004781,SUP_021,FAB_010,3492,4.79,16726.68,2024-06-15,2024-07-24,2024-07-24,39,39,0,1,95.46,Low
PO_004782,SUP_018,FAB_017,19039,11.15,212284.85,2024-04-01,2024-05-01,2024-05-03,30,32,2,0,96.71,Medium
PO_004783,SUP_017,FAB_021,16324,13.27,216619.48,2025-09-11,2025-10-09,2025-10-17,28,36,8,0,86.37,High
PO_004784,SUP_008,FAB_025,19833,16.9,335177.7,2025-08-16,2025-09-16,2025-09-21,31,36,5,0,92.64,Medium
PO_004785,SUP_018,FAB_007,18443,7.44,137215.92,2025-08-23,2025-09-29,2025-09-30,37,38,1,0,93.38,Medium
PO_004786,SUP_016,FAB_012,1962,13.37,26231.94,2025-11-23,2025-12-20,2025-12-20,27,27,0,1,95.4,Low
PO_004787,SUP_016,FAB_014,17074,20.14,343870.36,2025-06-07,2025-07-04,2025-07-04,27,27,0,1,88.14,Low
PO_004788,SUP_022,FAB_023,8428,7.57,63799.96,2025-11-11,2025-12-03,2025-12-04,22,23,1,0,93.86,Medium
PO_004789,SUP_005,FAB_019,2320,16.25,37700.0,2025-03-05,2025-04-01,2025-04-01,27,27,0,1,96.79,Low
PO_004790,SUP_004,FAB_014,16428,19.52,320674.56,2025-10-12,2025-11-01,2025-11-05,20,24,4,0,89.41,Medium
PO_004791,SUP_007,FAB_004,14750,8.1,119475.0,2025-03-29,2025-04-14,2025-04-27,16,29,13,0,85.56,High
PO_004792,SUP_001,FAB_001,6343,9.92,62922.56,2025-05-21,2025-06-05,2025-06-06,15,16,1,0,99.97,Medium
PO_004793,SUP_003,FAB_025,1847,18.52,34206.44,2025-02-26,2025-03-31,2025-04-10,33,43,10,0,89.98,High
PO_004794,SUP_024,FAB_015,5968,12.36,73764.48,2024-03-20,2024-04-16,2024-04-19,27,30,3,0,99.0,Medium
PO_004795,SUP_009,FAB_001,19661,10.99,216074.39,2025-07-26,2025-08-28,2025-08-29,33,34,1,0,90.84,Medium
PO_004796,SUP_022,FAB_011,15116,6.02,90998.32,2025-11-27,2025-12-11,2025-12-16,14,19,5,0,99.2,Medium
PO_004797,SUP_008,FAB_021,3562,12.27,43705.74,2025-02-02,2025-02-20,2025-02-21,18,19,1,0,97.44,Medium
PO_004798,SUP_009,FAB_019,2630,17.77,46735.1,2024-02-15,2024-03-08,2024-03-08,22,22,0,1,97.51,Low
PO_004799,SUP_019,FAB_019,4668,14.46,67499.28,2024-02-16,2024-03-18,2024-03-19,31,32,1,0,92.7,Medium
PO_004800,SUP_009,FAB_005,2628,7.36,19342.08,2024-10-01,2024-10-27,2024-10-29,26,28,2,0,96.11,Medium
PO_004801,SUP_013,FAB_015,10981,13.25,145498.25,2025-10-04,2025-11-09,2025-11-15,36,42,6,0,89.35,Medium
PO_004802,SUP_016,FAB_029,912,9.89,9019.68,2025-01-07,2025-01-25,2025-01-27,18,20,2,0,90.06,Medium
PO_004803,SUP_008,FAB_005,3327,6.91,22989.57,2024-10-09,2024-11-15,2024-11-23,37,45,8,0,96.65,High
PO_004804,SUP_007,FAB_012,6109,10.96,66954.64,2024-05-12,2024-06-03,2024-06-08,22,27,5,0,90.97,Medium
PO_004805,SUP_017,FAB_013,18099,11.71,211939.29,2025-08-02,2025-09-08,2025-09-11,37,40,3,0,92.33,Medium
PO_004806,SUP_017,FAB_007,4792,6.62,31723.04,2024-03-21,2024-04-11,2024-04-11,21,21,0,1,92.9,Low
PO_004807,SUP_007,FAB_012,9352,10.96,102497.92,2024-03-27,2024-04-18,2024-04-24,22,28,6,0,93.73,Medium
PO_004808,SUP_008,FAB_024,12510,4.27,53417.7,2024-12-27,2025-01-30,2025-02-04,34,39,5,0,92.9,Medium
PO_004809,SUP_024,FAB_025,17127,19.85,339970.95,2024-11-04,2024-11-20,2024-12-02,16,28,12,0,90.49,High
PO_004810,SUP_025,FAB_006,4276,16.41,70169.16,2024-12-29,2025-01-15,2025-01-18,17,20,3,0,93.06,Medium
PO_004811,SUP_003,FAB_028,6989,18.9,132092.1,2024-04-20,2024-05-05,2024-05-05,15,15,0,1,91.85,Low
PO_004812,SUP_002,FAB_027,15490,11.4,176586.0,2024-10-06,2024-11-06,2024-11-06,31,31,0,1,93.84,Low
PO_004813,SUP_023,FAB_020,16341,8.76,143147.16,2024-01-11,2024-02-14,2024-02-15,34,35,1,0,94.99,Medium
PO_004814,SUP_015,FAB_024,12198,5.13,62575.74,2025-08-06,2025-08-24,2025-08-25,18,19,1,0,88.44,Medium
PO_004815,SUP_004,FAB_002,1263,12.42,15686.46,2025-06-09,2025-06-26,2025-07-09,17,30,13,0,91.74,High
PO_004816,SUP_022,FAB_021,11873,13.91,165153.43,2025-02-27,2025-03-21,2025-03-22,22,23,1,0,97.73,Medium
PO_004817,SUP_015,FAB_021,10623,13.5,143410.5,2024-03-18,2024-04-11,2024-04-16,24,29,5,0,85.7,Medium
PO_004818,SUP_011,FAB_021,14929,13.4,200048.6,2024-12-18,2025-01-26,2025-01-26,39,39,0,1,100.0,Low
PO_004819,SUP_024,FAB_003,1267,16.11,20411.37,2024-10-20,2024-11-04,2024-11-05,15,16,1,0,93.19,Medium
PO_004820,SUP_024,FAB_026,14630,14.09,206136.7,2025-01-10,2025-02-18,2025-02-23,39,44,5,0,91.84,Medium
PO_004821,SUP_022,FAB_001,18126,9.5,172197.0,2024-10-07,2024-10-27,2024-10-29,20,22,2,0,89.12,Medium
PO_004822,SUP_012,FAB_008,15583,13.43,209279.69,2024-11-24,2024-12-29,2024-12-30,35,36,1,0,88.64,Medium
PO_004823,SUP_001,FAB_007,3493,8.25,28817.25,2024-11-08,2024-12-13,2024-12-13,35,35,0,1,100.0,Low
PO_004824,SUP_014,FAB_003,4787,14.68,70273.16,2024-05-13,2024-06-19,2024-06-21,37,39,2,0,93.22,Medium
PO_004825,SUP_004,FAB_002,839,12.42,10420.38,2024-05-23,2024-06-09,2024-06-11,17,19,2,0,95.39,Medium
PO_004826,SUP_018,FAB_014,3791,19.73,74796.43,2024-06-29,2024-07-18,2024-07-20,19,21,2,0,98.28,Medium
PO_004827,SUP_003,FAB_023,19271,7.68,148001.28,2025-08-09,2025-08-23,2025-08-24,14,15,1,0,96.29,Medium
PO_004828,SUP_009,FAB_025,2375,19.05,45243.75,2025-05-06,2025-05-24,2025-05-26,18,20,2,0,96.68,Medium
PO_004829,SUP_011,FAB_001,10949,9.83,107628.67,2025-03-06,2025-04-13,2025-04-13,38,38,0,1,97.94,Low
PO_004830,SUP_020,FAB_004,3794,8.06,30579.64,2025-02-20,2025-03-15,2025-03-16,23,24,1,0,94.63,Medium
PO_004831,SUP_024,FAB_029,6123,9.81,60066.63,2025-02-26,2025-03-24,2025-03-26,26,28,2,0,92.46,Medium
PO_004832,SUP_012,FAB_026,12305,11.82,145445.1,2025-04-13,2025-04-30,2025-05-01,17,18,1,0,100.0,Medium
PO_004833,SUP_001,FAB_006,16283,18.61,303026.63,2024-03-14,2024-04-23,2024-04-24,40,41,1,0,98.6,Medium
PO_004834,SUP_002,FAB_025,5573,18.91,105385.43,2024-06-19,2024-07-15,2024-07-18,26,29,3,0,97.96,Medium
PO_004835,SUP_002,FAB_005,1984,6.1,12102.4,2025-04-25,2025-05-24,2025-05-25,29,30,1,0,90.64,Medium
PO_004836,SUP_019,FAB_016,1437,5.34,7673.58,2024-02-29,2024-03-23,2024-03-29,23,29,6,0,92.84,Medium
PO_004837,SUP_001,FAB_006,6571,18.61,122286.31,2025-06-17,2025-07-27,2025-07-27,40,40,0,1,95.69,Low
PO_004838,SUP_011,FAB_022,11882,5.56,66063.92,2024-12-10,2025-01-12,2025-01-14,33,35,2,0,98.82,Medium
PO_004839,SUP_023,FAB_006,16962,14.79,250867.98,2024-05-16,2024-06-20,2024-06-21,35,36,1,0,93.19,Medium
PO_004840,SUP_014,FAB_014,8649,17.09,147811.41,2024-06-21,2024-07-20,2024-07-22,29,31,2,0,99.23,Medium
PO_004841,SUP_004,FAB_015,7964,13.72,109266.08,2025-06-05,2025-06-29,2025-07-07,24,32,8,0,100.0,High
PO_004842,SUP_009,FAB_019,11611,17.77,206327.47,2024-05-07,2024-05-29,2024-05-29,22,22,0,1,100.0,Low
PO_004843,SUP_020,FAB_009,13614,9.98,135867.72,2024-02-26,2024-03-14,2024-03-21,17,24,7,0,94.92,Medium
PO_004844,SUP_017,FAB_029,4194,9.81,41143.14,2025-08-14,2025-09-17,2025-09-28,34,45,11,0,91.89,High
PO_004845,SUP_010,FAB_016,649,4.77,3095.73,2024-09-09,2024-09-29,2024-10-02,20,23,3,0,94.4,Medium
PO_004846,SUP_002,FAB_005,8297,6.1,50611.7,2024-05-19,2024-06-17,2024-06-18,29,30,1,0,96.03,Medium
PO_004847,SUP_012,FAB_017,16070,9.86,158450.2,2024-04-03,2024-05-01,2024-05-02,28,29,1,0,97.02,Medium
PO_004848,SUP_023,FAB_017,15087,9.24,139403.88,2025-01-29,2025-03-07,2025-03-14,37,44,7,0,87.89,Medium
PO_004849,SUP_008,FAB_002,14571,12.75,185780.25,2025-01-24,2025-02-12,2025-02-12,19,19,0,1,91.1,Low
PO_004850,SUP_006,FAB_018,9648,11.78,113653.44,2024-03-29,2024-05-05,2024-05-07,37,39,2,0,90.55,Medium
PO_004851,SUP_001,FAB_010,14543,5.36,77950.48,2024-08-02,2024-08-27,2024-08-27,25,25,0,1,100.0,Low
PO_004852,SUP_012,FAB_017,10345,9.86,102001.7,2024-05-22,2024-06-19,2024-06-21,28,30,2,0,94.26,Medium
PO_004853,SUP_021,FAB_017,7219,10.83,78181.77,2024-02-02,2024-03-10,2024-03-10,37,37,0,1,99.05,Low
PO_004854,SUP_025,FAB_008,15235,13.68,208414.8,2025-06-18,2025-07-22,2025-07-25,34,37,3,0,94.93,Medium
PO_004855,SUP_002,FAB_028,4490,16.61,74578.9,2024-04-28,2024-05-26,2024-05-27,28,29,1,0,96.37,Medium
PO_004856,SUP_005,FAB_014,19459,19.38,377115.42,2024-09-23,2024-10-25,2024-10-25,32,32,0,1,97.44,Low
PO_004857,SUP_008,FAB_023,12217,6.73,82220.41,2024-09-23,2024-10-25,2024-10-25,32,32,0,1,96.3,Low
PO_004858,SUP_001,FAB_025,9394,16.86,158382.84,2025-06-08,2025-07-05,2025-07-06,27,28,1,0,100.0,Medium
PO_004859,SUP_017,FAB_021,18215,13.27,241713.05,2024-02-12,2024-03-11,2024-03-15,28,32,4,0,91.19,Medium
PO_004860,SUP_025,FAB_015,18218,13.15,239566.7,2025-11-28,2025-12-30,2025-12-30,32,32,0,1,99.87,Low
PO_004861,SUP_015,FAB_002,16246,15.2,246939.2,2024-08-23,2024-10-01,2024-10-02,39,40,1,0,96.75,Medium
PO_004862,SUP_023,FAB_023,13184,7.03,92683.52,2024-03-08,2024-04-09,2024-04-12,32,35,3,0,89.03,Medium
PO_004863,SUP_005,FAB_016,6441,5.84,37615.44,2025-10-08,2025-11-05,2025-11-07,28,30,2,0,94.27,Medium
PO_004864,SUP_021,FAB_015,14276,15.16,216424.16,2024-04-14,2024-05-06,2024-05-07,22,23,1,0,96.34,Medium
PO_004865,SUP_002,FAB_006,6347,14.77,93745.19,2025-02-17,2025-03-16,2025-03-17,27,28,1,0,91.44,Medium
PO_004866,SUP_009,FAB_026,6821,14.0,95494.0,2025-08-11,2025-08-27,2025-08-28,16,17,1,0,95.56,Medium
PO_004867,SUP_021,FAB_015,17820,15.16,270151.2,2024-07-15,2024-08-06,2024-08-07,22,23,1,0,93.14,Medium
PO_004868,SUP_010,FAB_016,6971,4.77,33251.67,2025-01-17,2025-02-06,2025-02-13,20,27,7,0,92.95,Medium
PO_004869,SUP_025,FAB_014,2420,17.33,41938.6,2024-09-23,2024-10-07,2024-10-07,14,14,0,1,94.38,Low
PO_004870,SUP_019,FAB_024,7735,5.38,41614.3,2025-01-31,2025-02-14,2025-02-16,14,16,2,0,94.07,Medium
PO_004871,SUP_010,FAB_016,15996,4.77,76300.92,2025-04-01,2025-04-21,2025-04-28,20,27,7,0,99.2,Medium
PO_004872,SUP_022,FAB_030,15694,18.31,287357.14,2025-03-14,2025-04-09,2025-04-09,26,26,0,1,97.74,Low
PO_004873,SUP_013,FAB_025,7424,18.47,137121.28,2025-09-14,2025-10-15,2025-10-16,31,32,1,0,87.15,Medium
PO_004874,SUP_013,FAB_016,18117,5.34,96744.78,2024-12-07,2024-12-22,2024-12-23,15,16,1,0,91.04,Medium
PO_004875,SUP_019,FAB_014,15977,19.06,304521.62,2024-05-15,2024-05-31,2024-06-02,16,18,2,0,95.86,Medium
PO_004876,SUP_023,FAB_024,14804,4.32,63953.28,2024-06-03,2024-07-04,2024-07-13,31,40,9,0,88.99,High
PO_004877,SUP_010,FAB_005,13893,6.79,94333.47,2024-02-18,2024-03-08,2024-03-08,19,19,0,1,91.51,Low
PO_004878,SUP_017,FAB_005,12773,6.39,81619.47,2025-03-09,2025-04-08,2025-04-10,30,32,2,0,85.41,Medium
PO_004879,SUP_001,FAB_001,2759,9.92,27369.28,2024-10-06,2024-10-21,2024-10-21,15,15,0,1,100.0,Low
PO_004880,SUP_007,FAB_002,4351,15.33,66700.83,2025-07-23,2025-08-07,2025-08-11,15,19,4,0,93.73,Medium
PO_004881,SUP_007,FAB_016,5406,4.91,26543.46,2024-08-14,2024-09-09,2024-09-14,26,31,5,0,91.17,Medium
PO_004882,SUP_003,FAB_028,10395,18.9,196465.5,2024-03-07,2024-03-22,2024-03-27,15,20,5,0,95.07,Medium
PO_004883,SUP_006,FAB_026,2669,12.79,34136.51,2024-03-31,2024-04-16,2024-04-19,16,19,3,0,93.78,Medium
PO_004884,SUP_019,FAB_002,19533,15.11,295143.63,2025-10-11,2025-11-11,2025-11-22,31,42,11,0,93.04,High
PO_004885,SUP_002,FAB_025,13882,18.91,262508.62,2024-06-17,2024-07-13,2024-07-13,26,26,0,1,95.42,Low
PO_004886,SUP_015,FAB_007,19061,8.43,160684.23,2025-08-20,2025-09-27,2025-09-29,38,40,2,0,98.67,Medium
PO_004887,SUP_009,FAB_005,5965,7.36,43902.4,2025-06-27,2025-07-23,2025-07-25,26,28,2,0,96.7,Medium
PO_004888,SUP_017,FAB_020,10687,8.11,86671.57,2024-06-05,2024-07-01,2024-07-10,26,35,9,0,90.73,High
PO_004889,SUP_013,FAB_013,11421,13.87,158409.27,2024-02-20,2024-03-11,2024-03-14,20,23,3,0,87.68,Medium
PO_004890,SUP_022,FAB_025,17569,18.59,326607.71,2025-05-10,2025-05-30,2025-06-03,20,24,4,0,96.26,Medium
PO_004891,SUP_011,FAB_002,14196,14.61,207403.56,2024-08-26,2024-09-13,2024-09-17,18,22,4,0,90.5,Medium
PO_004892,SUP_021,FAB_017,15186,10.83,164464.38,2025-10-21,2025-11-27,2025-11-30,37,40,3,0,99.33,Medium
PO_004893,SUP_019,FAB_014,3598,19.06,68577.88,2025-09-19,2025-10-05,2025-10-05,16,16,0,1,85.24,Low
PO_004894,SUP_017,FAB_007,4245,6.62,28101.9,2024-02-03,2024-02-24,2024-02-28,21,25,4,0,91.98,Medium
PO_004895,SUP_021,FAB_007,8351,7.73,64553.23,2024-08-14,2024-09-18,2024-09-18,35,35,0,1,99.95,Low
PO_004896,SUP_018,FAB_015,16915,13.28,224631.2,2025-08-09,2025-08-24,2025-08-28,15,19,4,0,99.24,Medium
PO_004897,SUP_022,FAB_025,5822,18.59,108230.98,2025-07-05,2025-07-25,2025-07-28,20,23,3,0,100.0,Medium
PO_004898,SUP_019,FAB_013,903,12.25,11061.75,2025-05-25,2025-06-08,2025-06-08,14,14,0,1,90.26,Low
PO_004899,SUP_012,FAB_022,17201,4.72,81188.72,2024-10-12,2024-11-08,2024-11-10,27,29,2,0,94.44,Medium
PO_004900,SUP_017,FAB_021,4587,13.27,60869.49,2025-10-01,2025-10-29,2025-10-30,28,29,1,0,95.88,Medium
PO_004901,SUP_008,FAB_028,15796,16.49,260476.04,2024-03-22,2024-04-17,2024-04-18,26,27,1,0,92.51,Medium
PO_004902,SUP_010,FAB_021,1276,13.79,17596.04,2024-06-07,2024-07-17,2024-07-20,40,43,3,0,96.39,Medium
PO_004903,SUP_013,FAB_026,10013,11.83,118453.79,2024-12-07,2025-01-08,2025-01-12,32,36,4,0,93.23,Medium
PO_004904,SUP_018,FAB_015,2805,13.28,37250.4,2025-08-15,2025-08-30,2025-08-31,15,16,1,0,95.93,Medium
PO_004905,SUP_013,FAB_015,19499,13.25,258361.75,2024-04-22,2024-05-28,2024-06-03,36,42,6,0,90.96,Medium
PO_004906,SUP_009,FAB_010,16159,5.01,80956.59,2024-08-24,2024-09-17,2024-09-19,24,26,2,0,96.66,Medium
PO_004907,SUP_006,FAB_015,8417,13.95,117417.15,2024-03-11,2024-03-28,2024-04-06,17,26,9,0,96.25,High
PO_004908,SUP_007,FAB_028,14147,17.07,241489.29,2025-08-13,2025-09-03,2025-09-03,21,21,0,1,95.95,Low
PO_004909,SUP_019,FAB_002,15534,15.11,234718.74,2024-09-25,2024-10-26,2024-10-26,31,31,0,1,87.95,Low
PO_004910,SUP_018,FAB_017,14138,11.15,157638.7,2024-06-23,2024-07-23,2024-07-23,30,30,0,1,89.36,Low
PO_004911,SUP_024,FAB_029,15627,9.81,153300.87,2025-08-07,2025-09-02,2025-09-05,26,29,3,0,83.8,High
PO_004912,SUP_013,FAB_024,18564,5.18,96161.52,2025-07-10,2025-08-08,2025-08-13,29,34,5,0,94.9,Medium
PO_004913,SUP_006,FAB_014,15171,16.46,249714.66,2025-04-18,2025-05-08,2025-05-08,20,20,0,1,98.91,Low
PO_004914,SUP_019,FAB_028,1679,16.65,27955.35,2025-08-09,2025-09-13,2025-09-16,35,38,3,0,91.61,Medium
PO_004915,SUP_017,FAB_023,3410,7.59,25881.9,2025-05-30,2025-06-13,2025-06-25,14,26,12,0,91.25,High
PO_004916,SUP_017,FAB_013,6035,11.71,70669.85,2024-10-25,2024-12-01,2024-12-04,37,40,3,0,88.9,Medium
PO_004917,SUP_023,FAB_017,19430,9.24,179533.2,2025-10-03,2025-11-09,2025-11-18,37,46,9,0,90.38,High
PO_004918,SUP_011,FAB_021,1620,13.4,21708.0,2025-01-30,2025-03-10,2025-03-10,39,39,0,1,93.63,Low
PO_004919,SUP_006,FAB_018,15343,11.78,180740.54,2025-02-03,2025-03-12,2025-03-20,37,45,8,0,93.06,High
PO_004920,SUP_014,FAB_019,11497,16.12,185331.64,2024-07-30,2024-09-03,2024-09-10,35,42,7,0,88.71,Medium
PO_004921,SUP_003,FAB_016,8283,4.92,40752.36,2025-02-14,2025-03-20,2025-03-26,34,40,6,0,96.9,Medium
PO_004922,SUP_007,FAB_028,7843,17.07,133880.01,2024-09-05,2024-09-26,2024-10-02,21,27,6,0,87.69,Medium
PO_004923,SUP_018,FAB_008,1245,14.6,18177.0,2024-04-04,2024-04-20,2024-04-20,16,16,0,1,93.0,Low
PO_004924,SUP_012,FAB_021,19216,12.26,235588.16,2025-10-30,2025-11-14,2025-11-18,15,19,4,0,96.22,Medium
PO_004925,SUP_021,FAB_019,14492,17.9,259406.8,2025-01-04,2025-02-01,2025-02-01,28,28,0,1,95.99,Low
PO_004926,SUP_025,FAB_020,14890,9.52,141752.8,2024-07-03,2024-08-08,2024-08-09,36,37,1,0,95.05,Medium
PO_004927,SUP_018,FAB_024,10366,5.25,54421.5,2025-03-05,2025-03-21,2025-03-22,16,17,1,0,97.66,Medium
PO_004928,SUP_007,FAB_016,15720,4.91,77185.2,2024-10-13,2024-11-08,2024-11-08,26,26,0,1,91.28,Low
PO_004929,SUP_004,FAB_014,12920,19.52,252198.4,2025-06-26,2025-07-16,2025-07-18,20,22,2,0,96.27,Medium
PO_004930,SUP_025,FAB_002,17295,14.8,255966.0,2025-01-08,2025-01-28,2025-02-01,20,24,4,0,92.34,Medium
PO_004931,SUP_008,FAB_001,1627,9.4,15293.8,2024-04-11,2024-04-30,2024-05-03,19,22,3,0,92.19,Medium
PO_004932,SUP_014,FAB_009,14716,8.16,120082.56,2024-07-01,2024-07-20,2024-07-27,19,26,7,0,92.6,Medium
PO_004933,SUP_003,FAB_016,14169,4.92,69711.48,2024-03-09,2024-04-12,2024-04-14,34,36,2,0,99.16,Medium
PO_004934,SUP_005,FAB_021,9556,11.74,112187.44,2025-06-08,2025-06-29,2025-06-30,21,22,1,0,95.2,Medium
PO_004935,SUP_008,FAB_002,4204,12.75,53601.0,2024-11-16,2024-12-05,2024-12-12,19,26,7,0,93.47,Medium
PO_004936,SUP_002,FAB_004,4927,7.87,38775.49,2024-05-03,2024-06-01,2024-06-04,29,32,3,0,93.83,Medium
PO_004937,SUP_019,FAB_013,8672,12.25,106232.0,2025-06-15,2025-06-29,2025-07-13,14,28,14,0,94.35,High
PO_004938,SUP_006,FAB_007,2162,7.38,15955.56,2024-06-28,2024-07-18,2024-07-20,20,22,2,0,97.04,Medium
PO_004939,SUP_009,FAB_010,6297,5.01,31547.97,2024-12-09,2025-01-02,2025-01-02,24,24,0,1,96.01,Low
PO_004940,SUP_012,FAB_005,2816,7.19,20247.04,2025-05-11,2025-05-28,2025-05-28,17,17,0,1,97.39,Low
PO_004941,SUP_009,FAB_001,12193,10.99,134001.07,2024-02-20,2024-03-24,2024-03-28,33,37,4,0,99.58,Medium
PO_004942,SUP_015,FAB_006,9529,15.2,144840.8,2024-07-02,2024-07-30,2024-08-01,28,30,2,0,96.84,Medium
PO_004943,SUP_003,FAB_010,4897,4.41,21595.77,2024-03-24,2024-04-08,2024-04-08,15,15,0,1,93.64,Low
PO_004944,SUP_013,FAB_022,11447,5.44,62271.68,2024-01-04,2024-02-13,2024-02-19,40,46,6,0,87.73,Medium
PO_004945,SUP_024,FAB_003,11570,16.11,186392.7,2025-05-23,2025-06-07,2025-06-18,15,26,11,0,90.22,High
PO_004946,SUP_020,FAB_009,8799,9.98,87814.02,2024-10-01,2024-10-18,2024-10-24,17,23,6,0,86.49,Medium
PO_004947,SUP_018,FAB_017,11485,11.15,128057.75,2024-12-02,2025-01-01,2025-01-02,30,31,1,0,92.08,Medium
PO_004948,SUP_003,FAB_023,1040,7.68,7987.2,2025-11-30,2025-12-14,2025-12-16,14,16,2,0,95.85,Medium
PO_004949,SUP_011,FAB_022,2287,5.56,12715.72,2025-09-27,2025-10-30,2025-10-30,33,33,0,1,95.16,Low
PO_004950,SUP_002,FAB_030,18384,15.39,282929.76,2025-01-21,2025-02-27,2025-03-02,37,40,3,0,95.62,Medium
PO_004951,SUP_006,FAB_008,3716,16.35,60756.6,2025-09-03,2025-10-12,2025-10-12,39,39,0,1,89.66,Low
PO_004952,SUP_022,FAB_015,2611,14.68,38329.48,2025-07-14,2025-08-17,2025-08-18,34,35,1,0,96.24,Medium
PO_004953,SUP_002,FAB_023,18597,7.36,136873.92,2024-02-09,2024-03-18,2024-03-19,38,39,1,0,94.69,Medium
PO_004954,SUP_001,FAB_010,5026,5.36,26939.36,2024-11-17,2024-12-12,2024-12-13,25,26,1,0,93.11,Medium
PO_004955,SUP_008,FAB_001,9551,9.4,89779.4,2024-01-24,2024-02-12,2024-02-12,19,19,0,1,92.63,Low
PO_004956,SUP_013,FAB_025,11433,18.47,211167.51,2025-04-14,2025-05-15,2025-05-22,31,38,7,0,92.2,Medium
PO_004957,SUP_015,FAB_024,15534,5.13,79689.42,2025-05-10,2025-05-28,2025-05-31,18,21,3,0,100.0,Medium
PO_004958,SUP_005,FAB_030,500,15.73,7865.0,2024-11-28,2024-12-20,2024-12-21,22,23,1,0,94.73,Medium
PO_004959,SUP_006,FAB_016,11109,4.91,54545.19,2024-11-15,2024-12-23,2024-12-27,38,42,4,0,86.67,Medium
PO_004960,SUP_023,FAB_007,13579,8.16,110804.64,2024-02-02,2024-02-24,2024-02-26,22,24,2,0,92.74,Medium
PO_004961,SUP_023,FAB_017,4088,9.24,37773.12,2024-11-20,2024-12-27,2025-01-01,37,42,5,0,93.36,Medium
PO_004962,SUP_002,FAB_004,10816,7.87,85121.92,2025-08-18,2025-09-16,2025-09-18,29,31,2,0,99.28,Medium
PO_004963,SUP_013,FAB_024,17181,5.18,88997.58,2025-08-15,2025-09-13,2025-09-18,29,34,5,0,93.96,Medium
PO_004964,SUP_025,FAB_002,5642,14.8,83501.6,2025-05-22,2025-06-11,2025-06-11,20,20,0,1,100.0,Low
PO_004965,SUP_018,FAB_011,1608,5.86,9422.88,2024-12-30,2025-01-27,2025-01-28,28,29,1,0,92.75,Medium
PO_004966,SUP_019,FAB_012,18750,12.38,232125.0,2025-07-24,2025-09-02,2025-09-07,40,45,5,0,93.94,Medium
PO_004967,SUP_023,FAB_006,16487,14.79,243842.73,2024-09-25,2024-10-30,2024-11-03,35,39,4,0,88.58,Medium
PO_004968,SUP_006,FAB_001,8464,9.25,78292.0,2024-08-22,2024-09-26,2024-09-30,35,39,4,0,94.64,Medium
PO_004969,SUP_005,FAB_012,6838,13.26,90671.88,2025-01-07,2025-02-03,2025-02-04,27,28,1,0,91.77,Medium
PO_004970,SUP_018,FAB_024,14114,5.25,74098.5,2024-11-21,2024-12-07,2024-12-09,16,18,2,0,100.0,Medium
PO_004971,SUP_023,FAB_019,12531,15.67,196360.77,2025-08-11,2025-08-27,2025-09-01,16,21,5,0,91.41,Medium
PO_004972,SUP_021,FAB_015,10035,15.16,152130.6,2025-10-22,2025-11-13,2025-11-17,22,26,4,0,99.2,Medium
PO_004973,SUP_019,FAB_012,17300,12.38,214174.0,2025-07-05,2025-08-14,2025-08-21,40,47,7,0,88.8,Medium
PO_004974,SUP_010,FAB_011,9638,6.57,63321.66,2025-05-12,2025-05-27,2025-05-27,15,15,0,1,90.55,Low
PO_004975,SUP_014,FAB_017,11845,11.32,134085.4,2024-12-05,2025-01-03,2025-01-06,29,32,3,0,93.93,Medium
PO_004976,SUP_008,FAB_028,12541,16.49,206801.09,2024-09-21,2024-10-17,2024-10-21,26,30,4,0,93.27,Medium
PO_004977,SUP_025,FAB_016,3682,5.26,19367.32,2024-09-05,2024-09-20,2024-09-25,15,20,5,0,92.8,Medium
PO_004978,SUP_009,FAB_015,6600,13.73,90618.0,2025-01-22,2025-02-19,2025-02-20,28,29,1,0,94.44,Medium
PO_004979,SUP_012,FAB_027,1022,12.77,13050.94,2024-10-29,2024-12-03,2024-12-04,35,36,1,0,97.18,Medium
PO_004980,SUP_011,FAB_030,10090,15.43,155688.7,2024-08-21,2024-09-07,2024-09-08,17,18,1,0,96.35,Medium
PO_004981,SUP_024,FAB_029,10798,9.81,105928.38,2024-06-06,2024-07-02,2024-07-03,26,27,1,0,98.33,Medium
PO_004982,SUP_003,FAB_006,5361,16.44,88134.84,2024-09-11,2024-10-08,2024-10-09,27,28,1,0,100.0,Medium
PO_004983,SUP_025,FAB_005,2404,6.69,16082.76,2025-10-26,2025-11-16,2025-11-19,21,24,3,0,97.78,Medium
PO_004984,SUP_013,FAB_016,10955,5.34,58499.7,2025-02-18,2025-03-05,2025-03-15,15,25,10,0,98.54,High
PO_004985,SUP_004,FAB_017,2649,11.49,30437.01,2025-10-09,2025-11-10,2025-11-13,32,35,3,0,91.82,Medium
PO_004986,SUP_008,FAB_015,3758,13.41,50394.78,2024-12-26,2025-01-23,2025-01-24,28,29,1,0,94.9,Medium
PO_004987,SUP_025,FAB_012,6260,13.62,85261.2,2025-05-14,2025-06-01,2025-06-02,18,19,1,0,100.0,Medium
PO_004988,SUP_011,FAB_030,5216,15.43,80482.88,2025-05-13,2025-05-30,2025-06-01,17,19,2,0,98.13,Medium
PO_004989,SUP_023,FAB_018,15303,12.17,186237.51,2024-08-03,2024-08-30,2024-09-02,27,30,3,0,90.47,Medium
PO_004990,SUP_001,FAB_024,17463,4.4,76837.2,2024-06-26,2024-07-24,2024-07-25,28,29,1,0,96.73,Medium
PO_004991,SUP_024,FAB_021,614,11.96,7343.44,2024-05-28,2024-06-14,2024-06-20,17,23,6,0,95.16,Medium
PO_004992,SUP_025,FAB_015,13608,13.15,178945.2,2024-09-20,2024-10-22,2024-10-24,32,34,2,0,99.66,Medium
PO_004993,SUP_006,FAB_001,1374,9.25,12709.5,2025-04-22,2025-05-27,2025-05-28,35,36,1,0,99.43,Medium
PO_004994,SUP_016,FAB_022,14038,5.51,77349.38,2024-12-29,2025-02-04,2025-02-05,37,38,1,0,87.87,Medium
PO_004995,SUP_021,FAB_017,11771,10.83,127479.93,2025-07-13,2025-08-19,2025-08-20,37,38,1,0,94.02,Medium
PO_004996,SUP_008,FAB_002,1677,12.75,21381.75,2024-08-24,2024-09-12,2024-09-13,19,20,1,0,92.98,Medium
PO_004997,SUP_015,FAB_018,17793,12.21,217252.53,2024-12-02,2025-01-01,2025-01-03,30,32,2,0,94.56,Medium
PO_004998,SUP_015,FAB_002,17117,15.2,260178.4,2025-03-26,2025-05-04,2025-05-09,39,44,5,0,95.77,Medium
PO_004999,SUP_019,FAB_003,5963,16.33,97375.79,2025-10-20,2025-11-17,2025-11-21,28,32,4,0,89.16,Medium
PO_005000,SUP_018,FAB_007,789,7.44,5870.16,2024-03-02,2024-04-08,2024-04-09,37,38,1,0,94.63,Medium
PO_005001,SUP_011,FAB_002,1004,14.61,14668.44,2024-01-07,2024-01-25,2024-01-25,18,18,0,1,92.95,Low
PO_005002,SUP_012,FAB_021,6603,12.26,80952.78,2024-07-27,2024-08-11,2024-08-15,15,19,4,0,94.04,Medium
PO_005003,SUP_016,FAB_014,9886,20.14,199104.04,2024-03-31,2024-04-27,2024-05-07,27,37,10,0,93.53,High
PO_005004,SUP_015,FAB_008,9871,13.31,131383.01,2024-07-29,2024-08-15,2024-08-15,17,17,0,1,92.05,Low
PO_005005,SUP_009,FAB_020,5327,8.32,44320.64,2024-07-24,2024-08-08,2024-08-12,15,19,4,0,95.64,Medium
PO_005006,SUP_006,FAB_014,11833,16.46,194771.18,2024-08-07,2024-08-27,2024-09-01,20,25,5,0,96.43,Medium
PO_005007,SUP_014,FAB_001,12656,11.57,146429.92,2024-12-27,2025-01-24,2025-01-28,28,32,4,0,97.48,Medium
PO_005008,SUP_008,FAB_024,15004,4.27,64067.08,2025-01-06,2025-02-09,2025-02-09,34,34,0,1,100.0,Low
PO_005009,SUP_001,FAB_024,12104,4.4,53257.6,2024-04-20,2024-05-18,2024-05-19,28,29,1,0,98.6,Medium
PO_005010,SUP_020,FAB_004,10031,8.06,80849.86,2024-05-23,2024-06-15,2024-06-23,23,31,8,0,89.83,High
PO_005011,SUP_017,FAB_018,1037,10.55,10940.35,2024-08-20,2024-09-21,2024-09-26,32,37,5,0,91.05,Medium
PO_005012,SUP_014,FAB_011,8408,6.09,51204.72,2025-07-10,2025-08-02,2025-08-10,23,31,8,0,87.37,High
PO_005013,SUP_015,FAB_010,8194,5.34,43755.96,2024-08-20,2024-09-04,2024-09-05,15,16,1,0,93.48,Medium
PO_005014,SUP_013,FAB_026,16350,11.83,193420.5,2025-09-04,2025-10-06,2025-11-06,32,63,31,0,90.0,High
PO_005015,SUP_008,FAB_025,939,16.9,15869.1,2025-06-05,2025-07-06,2025-07-16,31,41,10,0,96.08,High
PO_005016,SUP_021,FAB_014,9275,20.05,185963.75,2025-01-23,2025-02-15,2025-02-18,23,26,3,0,94.99,Medium
PO_005017,SUP_020,FAB_009,908,9.98,9061.84,2025-08-22,2025-09-08,2025-09-15,17,24,7,0,97.63,Medium
PO_005018,SUP_003,FAB_028,8192,18.9,154828.8,2025-02-28,2025-03-15,2025-03-16,15,16,1,0,91.65,Medium
PO_005019,SUP_014,FAB_003,14974,14.68,219818.32,2024-11-17,2024-12-24,2024-12-25,37,38,1,0,87.71,Medium
PO_005020,SUP_013,FAB_010,17214,5.1,87791.4,2025-11-26,2025-12-23,2025-12-24,27,28,1,0,91.26,Medium
PO_005021,SUP_010,FAB_029,9832,8.48,83375.36,2024-11-23,2024-12-08,2024-12-11,15,18,3,0,88.67,Medium
PO_005022,SUP_005,FAB_026,16658,13.45,224050.1,2025-03-17,2025-04-24,2025-04-24,38,38,0,1,91.42,Low
PO_005023,SUP_003,FAB_022,19504,5.47,106686.88,2024-11-08,2024-12-09,2024-12-10,31,32,1,0,93.14,Medium
PO_005024,SUP_016,FAB_021,3161,13.4,42357.4,2024-11-17,2024-12-10,2024-12-11,23,24,1,0,92.58,Medium
PO_005025,SUP_016,FAB_022,18444,5.51,101626.44,2025-02-26,2025-04-04,2025-04-10,37,43,6,0,89.78,Medium
PO_005026,SUP_017,FAB_023,15672,7.59,118950.48,2025-11-03,2025-11-17,2025-11-19,14,16,2,0,88.38,Medium
PO_005027,SUP_014,FAB_019,14285,16.12,230274.2,2024-12-28,2025-02-01,2025-02-09,35,43,8,0,92.1,High
PO_005028,SUP_012,FAB_022,4034,4.72,19040.48,2024-04-13,2024-05-10,2024-05-11,27,28,1,0,94.59,Medium
PO_005029,SUP_006,FAB_007,3233,7.38,23859.54,2025-10-10,2025-10-30,2025-10-31,20,21,1,0,91.33,Medium
PO_005030,SUP_004,FAB_015,16441,13.72,225570.52,2024-03-19,2024-04-12,2024-04-24,24,36,12,0,93.59,High
PO_005031,SUP_009,FAB_001,4044,10.99,44443.56,2025-07-15,2025-08-17,2025-08-17,33,33,0,1,97.51,Low
PO_005032,SUP_007,FAB_019,3085,16.0,49360.0,2024-06-25,2024-08-04,2024-08-07,40,43,3,0,96.27,Medium
PO_005033,SUP_002,FAB_019,17119,17.14,293419.66,2025-05-25,2025-06-14,2025-06-15,20,21,1,0,86.54,Medium
PO_005034,SUP_014,FAB_001,2740,11.57,31701.8,2025-01-25,2025-02-22,2025-02-27,28,33,5,0,91.68,Medium
PO_005035,SUP_013,FAB_020,9701,8.4,81488.4,2025-01-03,2025-02-09,2025-02-18,37,46,9,0,99.57,High
PO_005036,SUP_003,FAB_014,11747,19.82,232825.54,2025-01-04,2025-01-27,2025-01-27,23,23,0,1,86.83,Low
PO_005037,SUP_015,FAB_024,9599,5.13,49242.87,2025-06-28,2025-07-16,2025-07-19,18,21,3,0,93.15,Medium
PO_005038,SUP_015,FAB_008,3683,13.31,49020.73,2024-05-17,2024-06-03,2024-06-09,17,23,6,0,96.62,Medium
PO_005039,SUP_018,FAB_015,9954,13.28,132189.12,2024-10-16,2024-10-31,2024-11-02,15,17,2,0,93.68,Medium
PO_005040,SUP_003,FAB_028,8514,18.9,160914.6,2024-05-23,2024-06-07,2024-06-10,15,18,3,0,95.73,Medium
PO_005041,SUP_019,FAB_015,5798,14.82,85926.36,2024-06-18,2024-07-16,2024-07-21,28,33,5,0,89.01,Medium
PO_005042,SUP_007,FAB_011,1217,5.74,6985.58,2025-10-04,2025-11-09,2025-11-11,36,38,2,0,93.02,Medium
PO_005043,SUP_023,FAB_024,17841,4.32,77073.12,2025-05-13,2025-06-13,2025-06-14,31,32,1,0,94.16,Medium
PO_005044,SUP_013,FAB_023,15297,6.49,99277.53,2025-11-16,2025-12-06,2025-12-10,20,24,4,0,94.51,Medium
PO_005045,SUP_006,FAB_010,11775,5.13,60405.75,2024-10-25,2024-11-20,2024-11-20,26,26,0,1,91.37,Low
PO_005046,SUP_025,FAB_008,13678,13.68,187115.04,2025-11-12,2025-12-16,2025-12-19,34,37,3,0,96.06,Medium
PO_005047,SUP_009,FAB_001,4617,10.99,50740.83,2025-08-19,2025-09-21,2025-09-26,33,38,5,0,92.9,Medium
PO_005048,SUP_020,FAB_018,12790,10.58,135318.2,2025-09-01,2025-09-25,2025-09-27,24,26,2,0,93.22,Medium
PO_005049,SUP_019,FAB_016,7660,5.34,40904.4,2024-10-28,2024-11-20,2024-11-25,23,28,5,0,99.66,Medium
PO_005050,SUP_006,FAB_014,15223,16.46,250570.58,2024-06-26,2024-07-16,2024-07-16,20,20,0,1,99.51,Low
PO_005051,SUP_005,FAB_026,3557,13.45,47841.65,2024-12-07,2025-01-14,2025-01-14,38,38,0,1,93.36,Low
PO_005052,SUP_019,FAB_015,1454,14.82,21548.28,2025-06-26,2025-07-24,2025-07-29,28,33,5,0,94.93,Medium
PO_005053,SUP_023,FAB_007,9342,8.16,76230.72,2024-05-31,2024-06-22,2024-06-26,22,26,4,0,93.29,Medium
PO_005054,SUP_006,FAB_007,4129,7.38,30472.02,2024-09-16,2024-10-06,2024-10-06,20,20,0,1,93.18,Low
PO_005055,SUP_007,FAB_016,11804,4.91,57957.64,2024-03-14,2024-04-09,2024-04-15,26,32,6,0,93.42,Medium
PO_005056,SUP_021,FAB_003,2064,17.73,36594.72,2024-02-06,2024-02-26,2024-02-28,20,22,2,0,88.82,Medium
PO_005057,SUP_011,FAB_015,16563,13.68,226581.84,2024-07-31,2024-08-29,2024-09-02,29,33,4,0,95.32,Medium
PO_005058,SUP_001,FAB_024,11143,4.4,49029.2,2024-06-29,2024-07-27,2024-07-29,28,30,2,0,95.07,Medium
PO_005059,SUP_023,FAB_023,975,7.03,6854.25,2024-02-07,2024-03-10,2024-03-13,32,35,3,0,87.07,Medium
PO_005060,SUP_013,FAB_016,1667,5.34,8901.78,2025-02-02,2025-02-17,2025-02-23,15,21,6,0,97.48,Medium
PO_005061,SUP_017,FAB_005,6851,6.39,43777.89,2024-07-21,2024-08-20,2024-09-04,30,45,15,0,87.9,High
PO_005062,SUP_016,FAB_021,8472,13.4,113524.8,2025-07-25,2025-08-17,2025-08-19,23,25,2,0,95.69,Medium
PO_005063,SUP_006,FAB_014,18222,16.46,299934.12,2025-04-25,2025-05-15,2025-05-19,20,24,4,0,96.9,Medium
PO_005064,SUP_012,FAB_017,760,9.86,7493.6,2024-02-28,2024-03-27,2024-03-28,28,29,1,0,91.05,Medium
PO_005065,SUP_019,FAB_012,1874,12.38,23200.12,2025-05-16,2025-06-25,2025-06-26,40,41,1,0,94.29,Medium
PO_005066,SUP_003,FAB_006,19842,16.44,326202.48,2024-02-25,2024-03-23,2024-03-29,27,33,6,0,89.8,Medium
PO_005067,SUP_017,FAB_029,3244,9.81,31823.64,2024-08-04,2024-09-07,2024-09-15,34,42,8,0,90.1,High
PO_005068,SUP_011,FAB_015,4300,13.68,58824.0,2025-09-24,2025-10-23,2025-10-25,29,31,2,0,99.54,Medium
PO_005069,SUP_024,FAB_029,18788,9.81,184310.28,2025-01-18,2025-02-13,2025-02-20,26,33,7,0,90.55,Medium
PO_005070,SUP_022,FAB_023,2519,7.57,19068.83,2024-10-14,2024-11-05,2024-11-06,22,23,1,0,92.38,Medium
PO_005071,SUP_008,FAB_028,12716,16.49,209686.84,2024-05-22,2024-06-17,2024-06-21,26,30,4,0,88.57,Medium
PO_005072,SUP_001,FAB_010,1069,5.36,5729.84,2024-12-20,2025-01-14,2025-01-14,25,25,0,1,97.67,Low
PO_005073,SUP_025,FAB_015,13985,13.15,183902.75,2024-04-10,2024-05-12,2024-05-12,32,32,0,1,100.0,Low
PO_005074,SUP_020,FAB_030,18303,15.13,276924.39,2025-04-18,2025-05-07,2025-05-07,19,19,0,1,97.35,Low
PO_005075,SUP_001,FAB_004,9894,7.06,69851.64,2024-04-03,2024-04-26,2024-04-28,23,25,2,0,98.15,Medium
PO_005076,SUP_003,FAB_006,18344,16.44,301575.36,2024-12-28,2025-01-24,2025-01-31,27,34,7,0,92.49,Medium
PO_005077,SUP_024,FAB_028,4484,18.15,81384.6,2025-09-27,2025-10-12,2025-10-13,15,16,1,0,87.02,Medium
PO_005078,SUP_021,FAB_005,12119,7.53,91256.07,2024-10-28,2024-11-25,2024-11-30,28,33,5,0,93.88,Medium
PO_005079,SUP_003,FAB_028,16868,18.9,318805.2,2024-11-11,2024-11-26,2024-11-28,15,17,2,0,93.68,Medium
PO_005080,SUP_012,FAB_016,13158,5.69,74869.02,2025-06-23,2025-07-09,2025-07-11,16,18,2,0,97.66,Medium
PO_005081,SUP_002,FAB_022,9191,5.07,46598.37,2025-05-13,2025-06-06,2025-06-06,24,24,0,1,95.42,Low
PO_005082,SUP_023,FAB_023,8638,7.03,60725.14,2024-09-10,2024-10-12,2024-10-14,32,34,2,0,98.72,Medium
PO_005083,SUP_015,FAB_024,16775,5.13,86055.75,2024-12-23,2025-01-10,2025-01-13,18,21,3,0,95.09,Medium
PO_005084,SUP_011,FAB_001,1436,9.83,14115.88,2025-09-30,2025-11-07,2025-11-08,38,39,1,0,97.42,Medium
PO_005085,SUP_007,FAB_019,17456,16.0,279296.0,2025-05-05,2025-06-14,2025-06-22,40,48,8,0,91.66,High
PO_005086,SUP_002,FAB_027,2787,11.4,31771.8,2024-02-28,2024-03-30,2024-03-31,31,32,1,0,95.58,Medium
PO_005087,SUP_013,FAB_024,10687,5.18,55358.66,2024-05-20,2024-06-18,2024-06-21,29,32,3,0,89.59,Medium
PO_005088,SUP_007,FAB_026,17321,14.05,243360.05,2025-11-08,2025-11-24,2025-11-29,16,21,5,0,93.49,Medium
PO_005089,SUP_006,FAB_007,17771,7.38,131149.98,2024-07-28,2024-08-17,2024-08-22,20,25,5,0,92.62,Medium
PO_005090,SUP_003,FAB_016,4755,4.92,23394.6,2024-06-24,2024-07-28,2024-08-01,34,38,4,0,100.0,Medium
PO_005091,SUP_002,FAB_027,6140,11.4,69996.0,2025-04-24,2025-05-25,2025-05-26,31,32,1,0,92.53,Medium
PO_005092,SUP_017,FAB_007,9730,6.62,64412.6,2025-04-15,2025-05-06,2025-05-17,21,32,11,0,87.24,High
PO_005093,SUP_020,FAB_004,15614,8.06,125848.84,2024-06-03,2024-06-26,2024-06-27,23,24,1,0,90.54,Medium
PO_005094,SUP_011,FAB_022,2193,5.56,12193.08,2024-08-22,2024-09-24,2024-09-25,33,34,1,0,94.46,Medium
PO_005095,SUP_024,FAB_021,7805,11.96,93347.8,2024-11-12,2024-11-29,2024-12-04,17,22,5,0,93.15,Medium
PO_005096,SUP_008,FAB_001,16928,9.4,159123.2,2024-06-25,2024-07-14,2024-07-18,19,23,4,0,96.03,Medium
PO_005097,SUP_021,FAB_005,17532,7.53,132015.96,2025-09-20,2025-10-18,2025-10-21,28,31,3,0,94.39,Medium
PO_005098,SUP_005,FAB_021,2560,11.74,30054.4,2024-04-09,2024-04-30,2024-05-01,21,22,1,0,99.81,Medium
PO_005099,SUP_019,FAB_010,18020,4.57,82351.4,2024-06-13,2024-07-13,2024-07-14,30,31,1,0,94.41,Medium
PO_005100,SUP_018,FAB_015,16391,13.28,217672.48,2025-03-23,2025-04-07,2025-04-08,15,16,1,0,91.13,Medium
PO_005101,SUP_015,FAB_001,15675,11.17,175089.75,2024-06-27,2024-08-05,2024-08-06,39,40,1,0,92.58,Medium
PO_005102,SUP_018,FAB_004,5915,7.39,43711.85,2024-10-14,2024-11-13,2024-11-23,30,40,10,0,94.01,High
PO_005103,SUP_022,FAB_021,14185,13.91,197313.35,2024-01-24,2024-02-15,2024-02-15,22,22,0,1,93.91,Low
PO_005104,SUP_018,FAB_008,4189,14.6,61159.4,2025-11-04,2025-11-20,2025-11-25,16,21,5,0,89.78,Medium
PO_005105,SUP_018,FAB_019,19885,15.93,316768.05,2024-09-11,2024-10-11,2024-10-11,30,30,0,1,92.86,Low
PO_005106,SUP_015,FAB_009,1232,8.22,10127.04,2025-07-27,2025-09-01,2025-09-02,36,37,1,0,94.8,Medium
PO_005107,SUP_007,FAB_023,8850,6.79,60091.5,2024-09-26,2024-10-24,2024-10-24,28,28,0,1,93.47,Low
PO_005108,SUP_009,FAB_009,15646,10.06,157398.76,2024-01-10,2024-02-18,2024-02-20,39,41,2,0,96.37,Medium
PO_005109,SUP_002,FAB_023,19403,7.36,142806.08,2024-11-05,2024-12-13,2024-12-19,38,44,6,0,92.95,Medium
PO_005110,SUP_009,FAB_010,12689,5.01,63571.89,2024-05-22,2024-06-15,2024-06-18,24,27,3,0,94.6,Medium
PO_005111,SUP_011,FAB_002,5377,14.61,78557.97,2024-11-29,2024-12-17,2024-12-17,18,18,0,1,97.16,Low
PO_005112,SUP_014,FAB_019,8133,16.12,131103.96,2025-03-06,2025-04-10,2025-04-13,35,38,3,0,92.3,Medium
PO_005113,SUP_008,FAB_021,4244,12.27,52073.88,2025-11-14,2025-12-02,2025-12-04,18,20,2,0,94.79,Medium
PO_005114,SUP_004,FAB_018,9580,12.22,117067.6,2025-05-21,2025-06-04,2025-06-04,14,14,0,1,86.2,Low
PO_005115,SUP_004,FAB_017,13947,11.49,160251.03,2025-07-12,2025-08-13,2025-08-16,32,35,3,0,94.51,Medium
PO_005116,SUP_012,FAB_030,9917,15.33,152027.61,2024-06-17,2024-07-14,2024-07-14,27,27,0,1,93.19,Low
PO_005117,SUP_009,FAB_010,18019,5.01,90275.19,2024-08-07,2024-08-31,2024-09-04,24,28,4,0,89.21,Medium
PO_005118,SUP_005,FAB_030,18110,15.73,284870.3,2025-07-19,2025-08-10,2025-08-10,22,22,0,1,90.3,Low
PO_005119,SUP_009,FAB_009,18545,10.06,186562.7,2024-07-18,2024-08-26,2024-08-26,39,39,0,1,90.61,Low
PO_005120,SUP_006,FAB_014,1194,16.46,19653.24,2024-03-17,2024-04-06,2024-04-07,20,21,1,0,90.4,Medium
PO_005121,SUP_024,FAB_026,12726,14.09,179309.34,2024-10-29,2024-12-07,2024-12-11,39,43,4,0,92.81,Medium
PO_005122,SUP_006,FAB_016,8368,4.91,41086.88,2024-08-13,2024-09-20,2024-09-23,38,41,3,0,88.08,Medium
PO_005123,SUP_009,FAB_010,9821,5.01,49203.21,2025-04-19,2025-05-13,2025-05-13,24,24,0,1,99.87,Low
PO_005124,SUP_023,FAB_025,633,20.24,12811.92,2024-11-18,2024-12-04,2024-12-09,16,21,5,0,90.17,Medium
PO_005125,SUP_004,FAB_014,4905,19.52,95745.6,2024-11-07,2024-11-27,2024-11-27,20,20,0,1,98.46,Low
PO_005126,SUP_024,FAB_029,7760,9.81,76125.6,2024-09-14,2024-10-10,2024-10-26,26,42,16,0,93.98,High
PO_005127,SUP_007,FAB_018,11377,10.76,122416.52,2025-11-18,2025-12-05,2025-12-08,17,20,3,0,96.93,Medium
PO_005128,SUP_018,FAB_008,5997,14.6,87556.2,2025-08-20,2025-09-05,2025-09-07,16,18,2,0,95.92,Medium
PO_005129,SUP_002,FAB_028,5930,16.61,98497.3,2025-04-26,2025-05-24,2025-05-25,28,29,1,0,100.0,Medium
PO_005130,SUP_006,FAB_015,18875,13.95,263306.25,2025-02-02,2025-02-19,2025-02-27,17,25,8,0,94.1,High
PO_005131,SUP_009,FAB_015,7754,13.73,106462.42,2024-06-04,2024-07-02,2024-07-04,28,30,2,0,94.11,Medium
PO_005132,SUP_006,FAB_015,2602,13.95,36297.9,2024-03-07,2024-03-24,2024-03-30,17,23,6,0,93.75,Medium
PO_005133,SUP_018,FAB_024,17319,5.25,90924.75,2024-12-08,2024-12-24,2024-12-26,16,18,2,0,99.65,Medium
PO_005134,SUP_011,FAB_030,2799,15.43,43188.57,2025-11-10,2025-11-27,2025-11-28,17,18,1,0,96.43,Medium
PO_005135,SUP_019,FAB_024,8200,5.38,44116.0,2025-10-21,2025-11-04,2025-11-06,14,16,2,0,98.83,Medium
PO_005136,SUP_012,FAB_026,8247,11.82,97479.54,2025-10-25,2025-11-11,2025-11-12,17,18,1,0,100.0,Medium
PO_005137,SUP_019,FAB_015,7656,14.82,113461.92,2025-08-05,2025-09-02,2025-09-05,28,31,3,0,93.1,Medium
PO_005138,SUP_010,FAB_029,18443,8.48,156396.64,2024-07-15,2024-07-30,2024-08-02,15,18,3,0,96.92,Medium
PO_005139,SUP_006,FAB_007,9017,7.38,66545.46,2024-07-23,2024-08-12,2024-08-12,20,20,0,1,93.57,Low
PO_005140,SUP_012,FAB_027,16217,12.77,207091.09,2025-06-13,2025-07-18,2025-07-24,35,41,6,0,97.55,Medium
PO_005141,SUP_025,FAB_002,9213,14.8,136352.4,2024-11-21,2024-12-11,2024-12-11,20,20,0,1,100.0,Low
PO_005142,SUP_013,FAB_021,8625,12.18,105052.5,2025-05-08,2025-06-09,2025-06-13,32,36,4,0,89.97,Medium
PO_005143,SUP_008,FAB_024,10277,4.27,43882.79,2025-06-26,2025-07-30,2025-08-06,34,41,7,0,85.74,Medium
PO_005144,SUP_002,FAB_030,7594,15.39,116871.66,2024-10-30,2024-12-06,2024-12-13,37,44,7,0,95.52,Medium
PO_005145,SUP_024,FAB_021,10192,11.96,121896.32,2025-06-01,2025-06-18,2025-06-24,17,23,6,0,91.5,Medium
PO_005146,SUP_011,FAB_001,7103,9.83,69822.49,2024-10-23,2024-11-30,2024-12-01,38,39,1,0,99.21,Medium
PO_005147,SUP_005,FAB_021,11733,11.74,137745.42,2025-09-04,2025-09-25,2025-09-25,21,21,0,1,97.4,Low
PO_005148,SUP_002,FAB_030,19727,15.39,303598.53,2025-10-11,2025-11-17,2025-11-20,37,40,3,0,94.08,Medium
PO_005149,SUP_004,FAB_017,13972,11.49,160538.28,2024-04-08,2024-05-10,2024-05-11,32,33,1,0,91.43,Medium
PO_005150,SUP_006,FAB_001,10684,9.25,98827.0,2024-01-01,2024-02-05,2024-02-08,35,38,3,0,94.24,Medium
PO_005151,SUP_024,FAB_026,8510,14.09,119905.9,2025-06-13,2025-07-22,2025-07-22,39,39,0,1,92.19,Low
PO_005152,SUP_009,FAB_015,14849,13.73,203876.77,2024-08-29,2024-09-26,2024-09-26,28,28,0,1,96.27,Low
PO_005153,SUP_017,FAB_018,2439,10.55,25731.45,2025-04-17,2025-05-19,2025-05-23,32,36,4,0,84.73,High
PO_005154,SUP_016,FAB_012,5444,13.37,72786.28,2024-04-15,2024-05-12,2024-05-15,27,30,3,0,84.02,High
PO_005155,SUP_021,FAB_019,2107,17.9,37715.3,2024-06-14,2024-07-12,2024-07-13,28,29,1,0,95.42,Medium
PO_005156,SUP_018,FAB_012,14425,13.73,198055.25,2025-09-21,2025-10-24,2025-10-25,33,34,1,0,95.93,Medium
PO_005157,SUP_007,FAB_016,17845,4.91,87618.95,2025-09-13,2025-10-09,2025-10-11,26,28,2,0,90.89,Medium
PO_005158,SUP_023,FAB_024,8735,4.32,37735.2,2025-01-11,2025-02-11,2025-02-11,31,31,0,1,95.29,Low
PO_005159,SUP_013,FAB_026,743,11.83,8789.69,2025-01-25,2025-02-26,2025-03-03,32,37,5,0,92.71,Medium
PO_005160,SUP_007,FAB_012,16106,10.96,176521.76,2025-01-15,2025-02-06,2025-02-07,22,23,1,0,97.08,Medium
PO_005161,SUP_021,FAB_019,10949,17.9,195987.1,2024-02-01,2024-02-29,2024-03-06,28,34,6,0,99.2,Medium
PO_005162,SUP_019,FAB_015,11313,14.82,167658.66,2025-04-10,2025-05-08,2025-05-11,28,31,3,0,97.3,Medium
PO_005163,SUP_023,FAB_024,14530,4.32,62769.6,2025-07-07,2025-08-07,2025-08-09,31,33,2,0,87.9,Medium
PO_005164,SUP_021,FAB_010,11233,4.79,53806.07,2024-09-06,2024-10-15,2024-10-22,39,46,7,0,95.13,Medium
PO_005165,SUP_013,FAB_015,9275,13.25,122893.75,2024-10-29,2024-12-04,2024-12-13,36,45,9,0,86.59,High
PO_005166,SUP_003,FAB_010,7164,4.41,31593.24,2024-11-01,2024-11-16,2024-11-17,15,16,1,0,95.51,Medium
PO_005167,SUP_017,FAB_018,13254,10.55,139829.7,2025-04-27,2025-05-29,2025-05-30,32,33,1,0,93.4,Medium
PO_005168,SUP_002,FAB_005,8759,6.1,53429.9,2025-07-18,2025-08-16,2025-08-19,29,32,3,0,98.3,Medium
PO_005169,SUP_015,FAB_002,17817,15.2,270818.4,2025-10-18,2025-11-26,2025-11-29,39,42,3,0,96.96,Medium
PO_005170,SUP_009,FAB_012,1999,11.07,22128.93,2024-06-08,2024-07-07,2024-07-09,29,31,2,0,99.68,Medium
PO_005171,SUP_018,FAB_007,6615,7.44,49215.6,2024-06-05,2024-07-12,2024-07-15,37,40,3,0,89.72,Medium
PO_005172,SUP_013,FAB_026,11808,11.83,139688.64,2025-09-04,2025-10-06,2025-10-23,32,49,17,0,98.62,High
PO_005173,SUP_006,FAB_016,12804,4.91,62867.64,2025-10-21,2025-11-28,2025-11-30,38,40,2,0,95.73,Medium
PO_005174,SUP_008,FAB_002,5841,12.75,74472.75,2024-12-10,2024-12-29,2024-12-29,19,19,0,1,87.9,Low
PO_005175,SUP_002,FAB_004,13312,7.87,104765.44,2024-04-04,2024-05-03,2024-05-03,29,29,0,1,89.21,Low
PO_005176,SUP_016,FAB_012,10360,13.37,138513.2,2025-04-27,2025-05-24,2025-05-26,27,29,2,0,100.0,Medium
PO_005177,SUP_005,FAB_003,13406,17.05,228572.3,2025-06-10,2025-07-19,2025-07-19,39,39,0,1,91.69,Low
PO_005178,SUP_016,FAB_029,13218,9.89,130726.02,2025-11-09,2025-11-27,2025-11-30,18,21,3,0,95.07,Medium
PO_005179,SUP_002,FAB_005,5151,6.1,31421.1,2024-09-18,2024-10-17,2024-10-17,29,29,0,1,95.15,Low
PO_005180,SUP_014,FAB_014,19275,17.09,329409.75,2025-07-01,2025-07-30,2025-07-31,29,30,1,0,90.37,Medium
PO_005181,SUP_022,FAB_023,6559,7.57,49651.63,2025-03-04,2025-03-26,2025-03-26,22,22,0,1,99.42,Low
PO_005182,SUP_018,FAB_019,16606,15.93,264533.58,2025-05-10,2025-06-09,2025-06-14,30,35,5,0,100.0,Medium
PO_005183,SUP_022,FAB_015,12735,14.68,186949.8,2024-08-03,2024-09-06,2024-09-08,34,36,2,0,91.97,Medium
PO_005184,SUP_008,FAB_006,19602,16.71,327549.42,2024-07-19,2024-08-24,2024-08-29,36,41,5,0,100.0,Medium
PO_005185,SUP_006,FAB_014,19255,16.46,316937.3,2024-07-20,2024-08-09,2024-08-14,20,25,5,0,94.87,Medium
PO_005186,SUP_015,FAB_018,973,12.21,11880.33,2024-01-14,2024-02-13,2024-02-15,30,32,2,0,90.0,Medium
PO_005187,SUP_021,FAB_017,7505,10.83,81279.15,2025-11-19,2025-12-26,2025-12-27,37,38,1,0,95.38,Medium
PO_005188,SUP_001,FAB_001,10481,9.92,103971.52,2024-10-10,2024-10-25,2024-10-26,15,16,1,0,97.46,Medium
PO_005189,SUP_013,FAB_026,13322,11.83,157599.26,2024-10-04,2024-11-05,2024-11-09,32,36,4,0,91.8,Medium
PO_005190,SUP_023,FAB_022,16628,5.21,86631.88,2025-09-23,2025-10-23,2025-10-31,30,38,8,0,96.52,High
PO_005191,SUP_016,FAB_022,4236,5.51,23340.36,2025-10-07,2025-11-13,2025-11-14,37,38,1,0,99.94,Medium
PO_005192,SUP_014,FAB_003,3757,14.68,55152.76,2025-10-07,2025-11-13,2025-11-17,37,41,4,0,92.83,Medium
PO_005193,SUP_024,FAB_021,10204,11.96,122039.84,2024-06-06,2024-06-23,2024-06-27,17,21,4,0,95.78,Medium
PO_005194,SUP_018,FAB_011,9632,5.86,56443.52,2025-11-20,2025-12-18,2025-12-19,28,29,1,0,98.24,Medium
PO_005195,SUP_011,FAB_021,14816,13.4,198534.4,2024-09-14,2024-10-23,2024-10-23,39,39,0,1,91.02,Low
PO_005196,SUP_024,FAB_003,15859,16.11,255488.49,2025-10-03,2025-10-18,2025-10-23,15,20,5,0,94.18,Medium
PO_005197,SUP_008,FAB_015,8827,13.41,118370.07,2024-02-08,2024-03-07,2024-03-07,28,28,0,1,94.18,Low
PO_005198,SUP_015,FAB_024,2453,5.13,12583.89,2024-01-17,2024-02-04,2024-02-14,18,28,10,0,98.73,High
PO_005199,SUP_008,FAB_006,12532,16.71,209409.72,2025-02-22,2025-03-30,2025-04-01,36,38,2,0,87.54,Medium
PO_005200,SUP_002,FAB_013,3810,13.79,52539.9,2025-02-19,2025-03-08,2025-03-09,17,18,1,0,94.09,Medium
PO_005201,SUP_013,FAB_024,4012,5.18,20782.16,2025-06-20,2025-07-19,2025-07-21,29,31,2,0,84.87,High
PO_005202,SUP_022,FAB_001,9911,9.5,94154.5,2025-01-22,2025-02-11,2025-02-11,20,20,0,1,97.05,Low
PO_005203,SUP_007,FAB_016,10139,4.91,49782.49,2025-06-22,2025-07-18,2025-07-20,26,28,2,0,92.73,Medium
PO_005204,SUP_006,FAB_014,14943,16.46,245961.78,2024-01-11,2024-01-31,2024-02-05,20,25,5,0,93.79,Medium
PO_005205,SUP_016,FAB_014,14895,20.14,299985.3,2025-10-05,2025-11-01,2025-11-06,27,32,5,0,89.1,Medium
PO_005206,SUP_025,FAB_015,2245,13.15,29521.75,2025-04-18,2025-05-20,2025-05-22,32,34,2,0,95.52,Medium
PO_005207,SUP_005,FAB_003,18444,17.05,314470.2,2025-06-09,2025-07-18,2025-07-19,39,40,1,0,97.19,Medium
PO_005208,SUP_006,FAB_010,19254,5.13,98773.02,2025-02-21,2025-03-19,2025-03-26,26,33,7,0,95.09,Medium
PO_005209,SUP_011,FAB_027,1932,11.21,21657.72,2025-06-26,2025-07-23,2025-07-25,27,29,2,0,92.06,Medium
PO_005210,SUP_024,FAB_028,12744,18.15,231303.6,2024-06-12,2024-06-27,2024-06-27,15,15,0,1,94.68,Low
PO_005211,SUP_006,FAB_014,5576,16.46,91780.96,2024-08-19,2024-09-08,2024-09-11,20,23,3,0,90.52,Medium
PO_005212,SUP_018,FAB_007,4644,7.44,34551.36,2025-09-18,2025-10-25,2025-10-26,37,38,1,0,93.97,Medium
PO_005213,SUP_013,FAB_020,14464,8.4,121497.6,2025-10-29,2025-12-05,2025-12-10,37,42,5,0,88.82,Medium
PO_005214,SUP_007,FAB_004,6488,8.1,52552.8,2025-10-10,2025-10-26,2025-10-27,16,17,1,0,96.73,Medium
PO_005215,SUP_012,FAB_027,7746,12.77,98916.42,2024-09-26,2024-10-31,2024-11-03,35,38,3,0,90.99,Medium
PO_005216,SUP_007,FAB_023,2333,6.79,15841.07,2025-11-30,2025-12-28,2026-01-13,28,44,16,0,90.85,High
PO_005217,SUP_003,FAB_028,4176,18.9,78926.4,2024-01-13,2024-01-28,2024-01-28,15,15,0,1,94.79,Low
PO_005218,SUP_023,FAB_019,9068,15.67,142095.56,2025-02-12,2025-02-28,2025-03-02,16,18,2,0,87.84,Medium
PO_005219,SUP_013,FAB_010,5948,5.1,30334.8,2024-07-29,2024-08-25,2024-08-31,27,33,6,0,91.8,Medium
PO_005220,SUP_022,FAB_015,18088,14.68,265531.84,2025-06-12,2025-07-16,2025-07-16,34,34,0,1,97.07,Low
PO_005221,SUP_015,FAB_012,12519,12.48,156237.12,2024-01-29,2024-03-03,2024-03-07,34,38,4,0,90.96,Medium
PO_005222,SUP_011,FAB_020,13064,8.32,108692.48,2024-12-25,2025-02-02,2025-02-02,39,39,0,1,94.16,Low
PO_005223,SUP_006,FAB_001,1832,9.25,16946.0,2025-09-10,2025-10-15,2025-10-21,35,41,6,0,91.19,Medium
PO_005224,SUP_023,FAB_024,10075,4.32,43524.0,2024-08-29,2024-09-29,2024-10-01,31,33,2,0,86.66,Medium
PO_005225,SUP_012,FAB_022,2662,4.72,12564.64,2024-02-01,2024-02-28,2024-02-29,27,28,1,0,96.78,Medium
PO_005226,SUP_007,FAB_026,13143,14.05,184659.15,2024-02-02,2024-02-18,2024-02-22,16,20,4,0,84.85,High
PO_005227,SUP_001,FAB_006,9519,18.61,177148.59,2025-07-04,2025-08-13,2025-08-13,40,40,0,1,89.65,Low
PO_005228,SUP_024,FAB_021,13685,11.96,163672.6,2025-08-01,2025-08-18,2025-08-21,17,20,3,0,93.65,Medium
PO_005229,SUP_025,FAB_008,6870,13.68,93981.6,2024-12-20,2025-01-23,2025-01-25,34,36,2,0,97.08,Medium
PO_005230,SUP_019,FAB_010,16359,4.57,74760.63,2024-07-04,2024-08-03,2024-08-06,30,33,3,0,92.78,Medium
PO_005231,SUP_023,FAB_007,8326,8.16,67940.16,2024-11-11,2024-12-03,2024-12-05,22,24,2,0,92.37,Medium
PO_005232,SUP_007,FAB_016,15580,4.91,76497.8,2025-08-09,2025-09-04,2025-09-09,26,31,5,0,96.66,Medium
PO_005233,SUP_014,FAB_017,13627,11.32,154257.64,2024-10-22,2024-11-20,2024-11-26,29,35,6,0,92.92,Medium
PO_005234,SUP_020,FAB_004,13594,8.06,109567.64,2025-08-18,2025-09-10,2025-09-12,23,25,2,0,87.95,Medium
PO_005235,SUP_018,FAB_028,895,16.57,14830.15,2024-01-05,2024-01-28,2024-01-29,23,24,1,0,94.47,Medium
PO_005236,SUP_023,FAB_017,9108,9.24,84157.92,2025-05-26,2025-07-02,2025-07-03,37,38,1,0,88.62,Medium
PO_005237,SUP_002,FAB_028,18549,16.61,308098.89,2024-11-28,2024-12-26,2024-12-30,28,32,4,0,94.89,Medium
PO_005238,SUP_008,FAB_001,19112,9.4,179652.8,2025-08-10,2025-08-29,2025-08-30,19,20,1,0,95.23,Medium
PO_005239,SUP_025,FAB_025,4230,17.52,74109.6,2024-04-11,2024-05-06,2024-05-10,25,29,4,0,88.04,Medium
PO_005240,SUP_022,FAB_015,7660,14.68,112448.8,2025-02-06,2025-03-12,2025-03-13,34,35,1,0,100.0,Medium
PO_005241,SUP_001,FAB_018,19554,11.04,215876.16,2025-03-08,2025-03-26,2025-03-27,18,19,1,0,100.0,Medium
PO_005242,SUP_002,FAB_013,13706,13.79,189005.74,2024-05-20,2024-06-06,2024-06-12,17,23,6,0,93.01,Medium
PO_005243,SUP_003,FAB_025,13908,18.52,257576.16,2025-11-17,2025-12-20,2025-12-26,33,39,6,0,93.79,Medium
PO_005244,SUP_012,FAB_022,874,4.72,4125.28,2025-08-30,2025-09-26,2025-09-26,27,27,0,1,100.0,Low
PO_005245,SUP_015,FAB_009,7043,8.22,57893.46,2025-10-23,2025-11-28,2025-12-01,36,39,3,0,99.73,Medium
PO_005246,SUP_003,FAB_028,6656,18.9,125798.4,2024-08-08,2024-08-23,2024-08-27,15,19,4,0,85.92,Medium
PO_005247,SUP_017,FAB_013,4001,11.71,46851.71,2025-03-26,2025-05-02,2025-05-09,37,44,7,0,92.21,Medium
PO_005248,SUP_023,FAB_025,6721,20.24,136033.04,2025-02-16,2025-03-04,2025-03-07,16,19,3,0,95.02,Medium
PO_005249,SUP_013,FAB_021,4501,12.18,54822.18,2024-07-08,2024-08-09,2024-08-13,32,36,4,0,86.58,Medium
PO_005250,SUP_013,FAB_013,7450,13.87,103331.5,2025-05-12,2025-06-01,2025-06-03,20,22,2,0,93.53,Medium
PO_005251,SUP_007,FAB_018,15097,10.76,162443.72,2025-06-04,2025-06-21,2025-06-24,17,20,3,0,88.31,Medium
PO_005252,SUP_007,FAB_028,16643,17.07,284096.01,2024-09-25,2024-10-16,2024-10-25,21,30,9,0,94.82,High
PO_005253,SUP_014,FAB_018,14246,11.55,164541.3,2024-03-28,2024-05-06,2024-05-10,39,43,4,0,97.98,Medium
PO_005254,SUP_007,FAB_016,17873,4.91,87756.43,2025-05-22,2025-06-17,2025-06-25,26,34,8,0,95.83,High
PO_005255,SUP_008,FAB_002,5091,12.75,64910.25,2024-06-20,2024-07-09,2024-07-18,19,28,9,0,98.86,High
PO_005256,SUP_025,FAB_024,9045,5.42,49023.9,2025-08-07,2025-08-27,2025-08-29,20,22,2,0,99.45,Medium
PO_005257,SUP_005,FAB_012,15056,13.26,199642.56,2025-08-21,2025-09-17,2025-09-17,27,27,0,1,97.85,Low
PO_005258,SUP_022,FAB_023,11592,7.57,87751.44,2025-07-22,2025-08-13,2025-08-13,22,22,0,1,96.77,Low
PO_005259,SUP_017,FAB_015,10040,14.49,145479.6,2024-07-06,2024-07-28,2024-07-30,22,24,2,0,92.3,Medium
PO_005260,SUP_003,FAB_006,8407,16.44,138211.08,2025-06-19,2025-07-16,2025-07-19,27,30,3,0,89.63,Medium
PO_005261,SUP_011,FAB_020,6251,8.32,52008.32,2024-07-25,2024-09-02,2024-09-02,39,39,0,1,90.8,Low
PO_005262,SUP_015,FAB_021,14525,13.5,196087.5,2024-12-13,2025-01-06,2025-01-06,24,24,0,1,93.61,Low
PO_005263,SUP_009,FAB_025,13771,19.05,262337.55,2025-05-18,2025-06-05,2025-06-07,18,20,2,0,99.53,Medium
PO_005264,SUP_002,FAB_003,11145,16.83,187570.35,2024-10-18,2024-11-09,2024-11-12,22,25,3,0,89.5,Medium
PO_005265,SUP_018,FAB_011,8205,5.86,48081.3,2024-01-05,2024-02-02,2024-02-05,28,31,3,0,100.0,Medium
PO_005266,SUP_004,FAB_011,1042,6.56,6835.52,2024-11-19,2024-12-21,2024-12-24,32,35,3,0,100.0,Medium
PO_005267,SUP_008,FAB_001,6951,9.4,65339.4,2025-01-26,2025-02-14,2025-02-16,19,21,2,0,98.46,Medium
PO_005268,SUP_004,FAB_019,17791,15.3,272202.3,2025-01-01,2025-01-27,2025-02-21,26,51,25,0,92.38,High
PO_005269,SUP_005,FAB_016,8908,5.84,52022.72,2025-01-09,2025-02-06,2025-02-06,28,28,0,1,100.0,Low
PO_005270,SUP_024,FAB_021,3612,11.96,43199.52,2024-07-07,2024-07-24,2024-07-26,17,19,2,0,98.46,Medium
PO_005271,SUP_018,FAB_015,19683,13.28,261390.24,2025-04-25,2025-05-10,2025-05-13,15,18,3,0,99.5,Medium
PO_005272,SUP_024,FAB_021,15244,11.96,182318.24,2024-05-13,2024-05-30,2024-06-05,17,23,6,0,94.57,Medium
PO_005273,SUP_017,FAB_023,10094,7.59,76613.46,2025-05-29,2025-06-12,2025-06-15,14,17,3,0,89.63,Medium
PO_005274,SUP_003,FAB_022,7831,5.47,42835.57,2024-02-14,2024-03-16,2024-03-23,31,38,7,0,96.44,Medium
PO_005275,SUP_007,FAB_026,7256,14.05,101946.8,2025-05-08,2025-05-24,2025-06-03,16,26,10,0,95.25,High
PO_005276,SUP_011,FAB_019,11566,15.83,183089.78,2025-08-05,2025-08-21,2025-08-22,16,17,1,0,99.32,Medium
PO_005277,SUP_012,FAB_017,16298,9.86,160698.28,2024-11-17,2024-12-15,2024-12-16,28,29,1,0,96.64,Medium
PO_005278,SUP_017,FAB_020,11830,8.11,95941.3,2024-08-06,2024-09-01,2024-09-18,26,43,17,0,94.08,High
PO_005279,SUP_006,FAB_008,9687,16.35,158382.45,2024-03-27,2024-05-05,2024-05-05,39,39,0,1,93.4,Low
PO_005280,SUP_007,FAB_018,5298,10.76,57006.48,2024-03-31,2024-04-17,2024-05-06,17,36,19,0,90.49,High
PO_005281,SUP_018,FAB_019,6816,15.93,108578.88,2024-06-27,2024-07-27,2024-07-30,30,33,3,0,95.19,Medium
PO_005282,SUP_022,FAB_023,3109,7.57,23535.13,2024-09-23,2024-10-15,2024-10-16,22,23,1,0,93.78,Medium
PO_005283,SUP_024,FAB_020,1988,8.15,16202.2,2024-08-05,2024-09-08,2024-09-08,34,34,0,1,93.64,Low
PO_005284,SUP_006,FAB_018,15229,11.78,179397.62,2024-06-25,2024-08-01,2024-08-05,37,41,4,0,92.91,Medium
PO_005285,SUP_019,FAB_011,6198,5.61,34770.78,2025-08-26,2025-09-10,2025-09-12,15,17,2,0,91.68,Medium
PO_005286,SUP_007,FAB_019,2692,16.0,43072.0,2024-10-05,2024-11-14,2024-11-15,40,41,1,0,93.61,Medium
PO_005287,SUP_018,FAB_014,13357,19.73,263533.61,2025-04-22,2025-05-11,2025-05-15,19,23,4,0,99.23,Medium
PO_005288,SUP_012,FAB_030,2995,15.33,45913.35,2024-12-04,2024-12-31,2024-12-31,27,27,0,1,90.49,Low
PO_005289,SUP_024,FAB_025,14584,19.85,289492.4,2024-12-14,2024-12-30,2025-01-08,16,25,9,0,100.0,High
PO_005290,SUP_022,FAB_005,17140,7.26,124436.4,2025-02-02,2025-02-25,2025-02-26,23,24,1,0,94.38,Medium
PO_005291,SUP_025,FAB_014,11797,17.33,204442.01,2025-10-06,2025-10-20,2025-10-21,14,15,1,0,97.27,Medium
PO_005292,SUP_018,FAB_014,8466,19.73,167034.18,2024-10-14,2024-11-02,2024-11-02,19,19,0,1,95.55,Low
PO_005293,SUP_016,FAB_014,13379,20.14,269453.06,2025-09-03,2025-09-30,2025-10-04,27,31,4,0,92.36,Medium
PO_005294,SUP_007,FAB_026,8524,14.05,119762.2,2025-10-23,2025-11-08,2025-11-15,16,23,7,0,93.81,Medium
PO_005295,SUP_022,FAB_007,5323,8.25,43914.75,2025-06-22,2025-07-21,2025-07-22,29,30,1,0,99.45,Medium
PO_005296,SUP_005,FAB_012,17733,13.26,235139.58,2024-07-10,2024-08-06,2024-08-08,27,29,2,0,96.22,Medium
PO_005297,SUP_015,FAB_002,18370,15.2,279224.0,2024-05-05,2024-06-13,2024-06-16,39,42,3,0,93.01,Medium
PO_005298,SUP_022,FAB_030,8163,18.31,149464.53,2025-02-01,2025-02-27,2025-02-28,26,27,1,0,100.0,Medium
PO_005299,SUP_020,FAB_027,17012,10.12,172161.44,2024-08-22,2024-09-12,2024-09-16,21,25,4,0,89.95,Medium
PO_005300,SUP_008,FAB_006,7952,16.71,132877.92,2025-11-21,2025-12-27,2025-12-28,36,37,1,0,89.55,Medium
PO_005301,SUP_023,FAB_022,13260,5.21,69084.6,2024-11-18,2024-12-18,2024-12-20,30,32,2,0,89.94,Medium
PO_005302,SUP_001,FAB_007,5509,8.25,45449.25,2025-06-10,2025-07-15,2025-07-17,35,37,2,0,98.28,Medium
PO_005303,SUP_002,FAB_019,548,17.14,9392.72,2025-06-15,2025-07-05,2025-07-08,20,23,3,0,97.11,Medium
PO_005304,SUP_002,FAB_022,8763,5.07,44428.41,2025-05-11,2025-06-04,2025-06-05,24,25,1,0,97.1,Medium
PO_005305,SUP_011,FAB_019,12693,15.83,200930.19,2024-10-26,2024-11-11,2024-11-11,16,16,0,1,96.05,Low
PO_005306,SUP_002,FAB_023,1305,7.36,9604.8,2024-03-31,2024-05-08,2024-05-11,38,41,3,0,93.16,Medium
PO_005307,SUP_008,FAB_002,16021,12.75,204267.75,2024-07-02,2024-07-21,2024-08-05,19,34,15,0,93.89,High
PO_005308,SUP_020,FAB_004,13505,8.06,108850.3,2024-08-11,2024-09-03,2024-09-13,23,33,10,0,92.2,High
PO_005309,SUP_005,FAB_016,15315,5.84,89439.6,2024-01-18,2024-02-15,2024-02-15,28,28,0,1,100.0,Low
PO_005310,SUP_001,FAB_007,6115,8.25,50448.75,2025-04-24,2025-05-29,2025-05-30,35,36,1,0,93.93,Medium
PO_005311,SUP_018,FAB_015,8541,13.28,113424.48,2024-04-03,2024-04-18,2024-04-19,15,16,1,0,96.95,Medium
PO_005312,SUP_001,FAB_004,4104,7.06,28974.24,2024-09-05,2024-09-28,2024-09-28,23,23,0,1,90.59,Low
PO_005313,SUP_006,FAB_014,14905,16.46,245336.3,2024-11-10,2024-11-30,2024-12-01,20,21,1,0,95.9,Medium
PO_005314,SUP_008,FAB_011,19288,5.27,101647.76,2024-12-06,2024-12-27,2024-12-30,21,24,3,0,100.0,Medium
PO_005315,SUP_015,FAB_009,13656,8.22,112252.32,2025-02-13,2025-03-21,2025-03-23,36,38,2,0,91.82,Medium
PO_005316,SUP_019,FAB_024,5614,5.38,30203.32,2024-10-23,2024-11-06,2024-11-12,14,20,6,0,89.3,Medium
PO_005317,SUP_003,FAB_022,7926,5.47,43355.22,2024-05-24,2024-06-24,2024-06-27,31,34,3,0,95.35,Medium
PO_005318,SUP_024,FAB_021,9637,11.96,115258.52,2024-11-08,2024-11-25,2024-11-29,17,21,4,0,91.48,Medium
PO_005319,SUP_001,FAB_024,19145,4.4,84238.0,2025-01-16,2025-02-13,2025-02-13,28,28,0,1,100.0,Low
PO_005320,SUP_004,FAB_019,19501,15.3,298365.3,2025-02-10,2025-03-08,2025-03-13,26,31,5,0,95.25,Medium
PO_005321,SUP_010,FAB_006,16207,16.62,269360.34,2025-04-01,2025-05-07,2025-05-14,36,43,7,0,96.19,Medium
PO_005322,SUP_017,FAB_018,14481,10.55,152774.55,2024-04-23,2024-05-25,2024-06-03,32,41,9,0,96.82,High
PO_005323,SUP_009,FAB_001,14792,10.99,162564.08,2024-04-04,2024-05-07,2024-05-07,33,33,0,1,98.29,Low
PO_005324,SUP_003,FAB_006,12623,16.44,207522.12,2024-02-24,2024-03-22,2024-04-01,27,37,10,0,96.78,High
PO_005325,SUP_023,FAB_017,7404,9.24,68412.96,2024-04-28,2024-06-04,2024-06-05,37,38,1,0,89.89,Medium
PO_005326,SUP_023,FAB_023,12755,7.03,89667.65,2024-06-22,2024-07-24,2024-07-30,32,38,6,0,96.66,Medium
PO_005327,SUP_024,FAB_021,3862,11.96,46189.52,2025-08-16,2025-09-02,2025-09-03,17,18,1,0,90.8,Medium
PO_005328,SUP_002,FAB_006,16604,14.77,245241.08,2024-05-25,2024-06-21,2024-06-27,27,33,6,0,96.3,Medium
PO_005329,SUP_003,FAB_014,8789,19.82,174197.98,2025-01-17,2025-02-09,2025-02-12,23,26,3,0,96.71,Medium
PO_005330,SUP_001,FAB_018,13167,11.04,145363.68,2025-04-18,2025-05-06,2025-05-06,18,18,0,1,94.81,Low
PO_005331,SUP_020,FAB_005,4219,6.02,25398.38,2024-01-15,2024-02-15,2024-02-19,31,35,4,0,95.04,Medium
PO_005332,SUP_010,FAB_025,12920,19.23,248451.6,2025-12-01,2026-01-02,2026-01-08,32,38,6,0,92.21,Medium
PO_005333,SUP_009,FAB_008,18863,14.7,277286.1,2024-04-13,2024-05-06,2024-05-07,23,24,1,0,98.57,Medium
PO_005334,SUP_008,FAB_024,12225,4.27,52200.75,2024-02-28,2024-04-02,2024-04-06,34,38,4,0,93.13,Medium
PO_005335,SUP_023,FAB_022,17159,5.21,89398.39,2025-09-30,2025-10-30,2025-11-05,30,36,6,0,87.99,Medium
PO_005336,SUP_018,FAB_007,5062,7.44,37661.28,2024-04-18,2024-05-25,2024-05-26,37,38,1,0,97.94,Medium
PO_005337,SUP_009,FAB_008,15654,14.7,230113.8,2025-06-11,2025-07-04,2025-07-04,23,23,0,1,93.83,Low
PO_005338,SUP_014,FAB_009,1085,8.16,8853.6,2025-03-28,2025-04-16,2025-05-04,19,37,18,0,88.31,High
PO_005339,SUP_003,FAB_010,1876,4.41,8273.16,2025-10-19,2025-11-03,2025-11-09,15,21,6,0,93.36,Medium
PO_005340,SUP_017,FAB_021,19830,13.27,263144.1,2024-04-11,2024-05-09,2024-05-14,28,33,5,0,95.41,Medium
PO_005341,SUP_001,FAB_024,13084,4.4,57569.6,2024-02-24,2024-03-23,2024-03-23,28,28,0,1,94.52,Low
PO_005342,SUP_015,FAB_012,8779,12.48,109561.92,2025-10-17,2025-11-20,2025-11-21,34,35,1,0,91.57,Medium
PO_005343,SUP_014,FAB_009,9556,8.16,77976.96,2024-11-15,2024-12-04,2024-12-05,19,20,1,0,99.31,Medium
PO_005344,SUP_002,FAB_027,16447,11.4,187495.8,2024-09-13,2024-10-14,2024-10-16,31,33,2,0,98.62,Medium
PO_005345,SUP_022,FAB_001,14304,9.5,135888.0,2024-04-02,2024-04-22,2024-04-22,20,20,0,1,99.23,Low
PO_005346,SUP_002,FAB_005,1117,6.1,6813.7,2025-07-19,2025-08-17,2025-08-18,29,30,1,0,99.09,Medium
PO_005347,SUP_001,FAB_004,5468,7.06,38604.08,2025-06-27,2025-07-20,2025-07-20,23,23,0,1,93.82,Low
PO_005348,SUP_010,FAB_016,744,4.77,3548.88,2025-06-19,2025-07-09,2025-07-12,20,23,3,0,86.96,Medium
PO_005349,SUP_010,FAB_018,3170,11.86,37596.2,2024-01-30,2024-02-16,2024-02-20,17,21,4,0,91.74,Medium
PO_005350,SUP_001,FAB_004,5032,7.06,35525.92,2025-03-17,2025-04-09,2025-04-10,23,24,1,0,97.43,Medium
PO_005351,SUP_006,FAB_007,6043,7.38,44597.34,2025-11-04,2025-11-24,2025-12-04,20,30,10,0,98.82,High
PO_005352,SUP_020,FAB_009,12852,9.98,128262.96,2025-02-26,2025-03-15,2025-03-16,17,18,1,0,90.88,Medium
PO_005353,SUP_018,FAB_012,18978,13.73,260567.94,2024-05-25,2024-06-27,2024-06-28,33,34,1,0,100.0,Medium
PO_005354,SUP_022,FAB_023,11799,7.57,89318.43,2024-01-27,2024-02-18,2024-02-18,22,22,0,1,90.52,Low
PO_005355,SUP_002,FAB_027,8405,11.4,95817.0,2025-08-06,2025-09-06,2025-09-07,31,32,1,0,90.45,Medium
PO_005356,SUP_009,FAB_019,18007,17.77,319984.39,2024-05-28,2024-06-19,2024-06-22,22,25,3,0,89.28,Medium
PO_005357,SUP_007,FAB_019,954,16.0,15264.0,2024-01-10,2024-02-19,2024-02-22,40,43,3,0,92.56,Medium
PO_005358,SUP_022,FAB_005,6503,7.26,47211.78,2025-06-21,2025-07-14,2025-07-16,23,25,2,0,93.22,Medium
PO_005359,SUP_019,FAB_028,10710,16.65,178321.5,2024-10-28,2024-12-02,2024-12-08,35,41,6,0,90.27,Medium
PO_005360,SUP_004,FAB_018,8287,12.22,101267.14,2024-03-17,2024-03-31,2024-04-01,14,15,1,0,88.61,Medium
PO_005361,SUP_024,FAB_003,8328,16.11,134164.08,2024-05-13,2024-05-28,2024-06-03,15,21,6,0,91.63,Medium
PO_005362,SUP_015,FAB_001,1883,11.17,21033.11,2024-10-31,2024-12-09,2024-12-09,39,39,0,1,94.57,Low
PO_005363,SUP_002,FAB_022,15841,5.07,80313.87,2025-10-26,2025-11-19,2025-11-22,24,27,3,0,100.0,Medium
PO_005364,SUP_023,FAB_022,3693,5.21,19240.53,2024-07-23,2024-08-22,2024-08-27,30,35,5,0,92.54,Medium
PO_005365,SUP_014,FAB_001,6269,11.57,72532.33,2024-10-13,2024-11-10,2024-11-13,28,31,3,0,91.76,Medium
PO_005366,SUP_022,FAB_015,8019,14.68,117718.92,2025-09-07,2025-10-11,2025-10-12,34,35,1,0,97.76,Medium
PO_005367,SUP_015,FAB_024,8027,5.13,41178.51,2025-02-10,2025-02-28,2025-02-28,18,18,0,1,92.12,Low
PO_005368,SUP_025,FAB_009,8333,8.15,67913.95,2025-02-20,2025-03-19,2025-03-22,27,30,3,0,96.54,Medium
PO_005369,SUP_017,FAB_029,10400,9.81,102024.0,2025-04-27,2025-05-31,2025-06-14,34,48,14,0,89.61,High
PO_005370,SUP_023,FAB_006,14798,14.79,218862.42,2025-08-12,2025-09-16,2025-09-17,35,36,1,0,96.61,Medium
PO_005371,SUP_004,FAB_018,5161,12.22,63067.42,2025-04-07,2025-04-21,2025-04-22,14,15,1,0,97.33,Medium
PO_005372,SUP_005,FAB_019,1149,16.25,18671.25,2025-02-13,2025-03-12,2025-03-14,27,29,2,0,100.0,Medium
PO_005373,SUP_017,FAB_029,2141,9.81,21003.21,2024-09-22,2024-10-26,2024-11-02,34,41,7,0,88.16,Medium
PO_005374,SUP_009,FAB_005,4916,7.36,36181.76,2025-10-20,2025-11-15,2025-11-18,26,29,3,0,91.63,Medium
PO_005375,SUP_022,FAB_015,11924,14.68,175044.32,2025-01-29,2025-03-04,2025-03-07,34,37,3,0,91.55,Medium
PO_005376,SUP_011,FAB_030,2671,15.43,41213.53,2024-06-18,2024-07-05,2024-07-05,17,17,0,1,99.25,Low
PO_005377,SUP_009,FAB_025,1249,19.05,23793.45,2024-10-06,2024-10-24,2024-10-29,18,23,5,0,89.67,Medium
PO_005378,SUP_023,FAB_023,16754,7.03,117780.62,2024-04-03,2024-05-05,2024-05-07,32,34,2,0,93.99,Medium
PO_005379,SUP_017,FAB_017,15519,11.31,175519.89,2025-03-08,2025-04-03,2025-04-06,26,29,3,0,99.04,Medium
PO_005380,SUP_022,FAB_007,19799,8.25,163341.75,2025-03-26,2025-04-24,2025-04-24,29,29,0,1,95.57,Low
PO_005381,SUP_003,FAB_016,1423,4.92,7001.16,2024-07-26,2024-08-29,2024-08-31,34,36,2,0,87.79,Medium
PO_005382,SUP_019,FAB_011,7732,5.61,43376.52,2025-09-17,2025-10-02,2025-10-04,15,17,2,0,93.6,Medium
PO_005383,SUP_021,FAB_021,10266,13.21,135613.86,2024-09-18,2024-10-04,2024-10-06,16,18,2,0,100.0,Medium
PO_005384,SUP_009,FAB_001,11584,10.99,127308.16,2024-11-03,2024-12-06,2024-12-11,33,38,5,0,92.3,Medium
PO_005385,SUP_005,FAB_019,2016,16.25,32760.0,2024-06-12,2024-07-09,2024-07-11,27,29,2,0,89.54,Medium
PO_005386,SUP_011,FAB_021,7374,13.4,98811.6,2025-05-05,2025-06-13,2025-06-13,39,39,0,1,96.31,Low
PO_005387,SUP_015,FAB_001,5628,11.17,62864.76,2025-11-15,2025-12-24,2025-12-24,39,39,0,1,88.84,Low
PO_005388,SUP_008,FAB_024,6734,4.27,28754.18,2025-08-21,2025-09-24,2025-09-29,34,39,5,0,91.98,Medium
PO_005389,SUP_007,FAB_004,15410,8.1,124821.0,2024-06-07,2024-06-23,2024-07-06,16,29,13,0,92.29,High
PO_005390,SUP_008,FAB_001,18047,9.4,169641.8,2024-05-10,2024-05-29,2024-06-01,19,22,3,0,89.03,Medium
PO_005391,SUP_012,FAB_017,2915,9.86,28741.9,2025-11-05,2025-12-03,2025-12-03,28,28,0,1,97.75,Low
PO_005392,SUP_009,FAB_001,18174,10.99,199732.26,2024-01-15,2024-02-17,2024-02-20,33,36,3,0,99.48,Medium
PO_005393,SUP_019,FAB_015,3717,14.82,55085.94,2025-09-11,2025-10-09,2025-10-13,28,32,4,0,91.84,Medium
PO_005394,SUP_023,FAB_007,8942,8.16,72966.72,2024-06-07,2024-06-29,2024-06-30,22,23,1,0,95.49,Medium
PO_005395,SUP_018,FAB_028,18739,16.57,310505.23,2025-10-01,2025-10-24,2025-10-24,23,23,0,1,94.88,Low
PO_005396,SUP_022,FAB_030,15842,18.31,290067.02,2025-06-30,2025-07-26,2025-07-26,26,26,0,1,91.08,Low
PO_005397,SUP_005,FAB_030,6162,15.73,96928.26,2025-03-17,2025-04-08,2025-04-08,22,22,0,1,87.62,Low
PO_005398,SUP_006,FAB_026,7904,12.79,101092.16,2025-07-23,2025-08-08,2025-08-10,16,18,2,0,91.21,Medium
PO_005399,SUP_024,FAB_026,4233,14.09,59642.97,2025-01-15,2025-02-23,2025-02-23,39,39,0,1,90.55,Low
PO_005400,SUP_019,FAB_019,5587,14.46,80788.02,2024-05-20,2024-06-20,2024-06-24,31,35,4,0,90.95,Medium
PO_005401,SUP_002,FAB_013,17406,13.79,240028.74,2025-07-20,2025-08-06,2025-08-10,17,21,4,0,93.1,Medium
PO_005402,SUP_023,FAB_025,5751,20.24,116400.24,2024-01-05,2024-01-21,2024-01-24,16,19,3,0,89.39,Medium
PO_005403,SUP_004,FAB_002,9565,12.42,118797.3,2025-10-24,2025-11-10,2025-11-15,17,22,5,0,88.57,Medium
PO_005404,SUP_003,FAB_025,15891,18.52,294301.32,2025-05-08,2025-06-10,2025-06-13,33,36,3,0,92.32,Medium
PO_005405,SUP_017,FAB_007,13436,6.62,88946.32,2024-07-27,2024-08-17,2024-08-23,21,27,6,0,93.24,Medium
PO_005406,SUP_015,FAB_018,16890,12.21,206226.9,2024-02-23,2024-03-24,2024-03-26,30,32,2,0,87.73,Medium
PO_005407,SUP_025,FAB_012,4523,13.62,61603.26,2024-08-19,2024-09-06,2024-09-06,18,18,0,1,96.95,Low
PO_005408,SUP_016,FAB_009,13755,8.41,115679.55,2025-06-16,2025-07-24,2025-07-31,38,45,7,0,91.57,Medium
PO_005409,SUP_007,FAB_018,8916,10.76,95936.16,2025-03-04,2025-03-21,2025-03-22,17,18,1,0,89.99,Medium
PO_005410,SUP_005,FAB_012,12780,13.26,169462.8,2025-11-14,2025-12-11,2025-12-11,27,27,0,1,95.34,Low
PO_005411,SUP_017,FAB_007,17342,6.62,114804.04,2024-10-13,2024-11-03,2024-11-05,21,23,2,0,93.3,Medium
PO_005412,SUP_011,FAB_030,4249,15.43,65562.07,2024-03-01,2024-03-18,2024-03-18,17,17,0,1,93.81,Low
PO_005413,SUP_010,FAB_029,13481,8.48,114318.88,2025-09-29,2025-10-14,2025-10-15,15,16,1,0,93.14,Medium
PO_005414,SUP_022,FAB_021,4873,13.91,67783.43,2024-06-23,2024-07-15,2024-07-18,22,25,3,0,98.44,Medium
PO_005415,SUP_022,FAB_023,15497,7.57,117312.29,2025-01-27,2025-02-18,2025-02-18,22,22,0,1,94.4,Low
PO_005416,SUP_007,FAB_026,8906,14.05,125129.3,2024-03-31,2024-04-16,2024-04-19,16,19,3,0,97.66,Medium
PO_005417,SUP_007,FAB_026,19396,14.05,272513.8,2025-07-31,2025-08-16,2025-08-18,16,18,2,0,92.82,Medium
PO_005418,SUP_008,FAB_021,3429,12.27,42073.83,2024-04-20,2024-05-08,2024-05-10,18,20,2,0,100.0,Medium
PO_005419,SUP_004,FAB_017,19169,11.49,220251.81,2024-03-01,2024-04-02,2024-04-10,32,40,8,0,92.75,High
PO_005420,SUP_020,FAB_010,18189,5.04,91672.56,2025-03-29,2025-04-28,2025-05-02,30,34,4,0,95.66,Medium
PO_005421,SUP_012,FAB_016,17626,5.69,100291.94,2024-04-28,2024-05-14,2024-05-16,16,18,2,0,94.9,Medium
PO_005422,SUP_012,FAB_016,7805,5.69,44410.45,2025-03-27,2025-04-12,2025-04-16,16,20,4,0,98.65,Medium
PO_005423,SUP_016,FAB_025,4040,19.48,78699.2,2025-02-10,2025-02-26,2025-03-03,16,21,5,0,95.66,Medium
PO_005424,SUP_009,FAB_019,982,17.77,17450.14,2025-08-09,2025-08-31,2025-09-05,22,27,5,0,96.28,Medium
PO_005425,SUP_018,FAB_028,16178,16.57,268069.46,2024-08-23,2024-09-15,2024-09-19,23,27,4,0,92.97,Medium
PO_005426,SUP_007,FAB_019,1796,16.0,28736.0,2025-01-13,2025-02-22,2025-02-22,40,40,0,1,92.55,Low
PO_005427,SUP_002,FAB_006,4376,14.77,64633.52,2024-03-16,2024-04-12,2024-04-12,27,27,0,1,97.39,Low
PO_005428,SUP_020,FAB_027,10638,10.12,107656.56,2025-08-28,2025-09-18,2025-09-30,21,33,12,0,94.08,High
PO_005429,SUP_019,FAB_002,12994,15.11,196339.34,2024-01-09,2024-02-09,2024-02-14,31,36,5,0,90.75,Medium
PO_005430,SUP_011,FAB_027,15833,11.21,177487.93,2025-06-08,2025-07-05,2025-07-06,27,28,1,0,96.64,Medium
PO_005431,SUP_018,FAB_014,7202,19.73,142095.46,2025-03-02,2025-03-21,2025-03-25,19,23,4,0,94.77,Medium
PO_005432,SUP_024,FAB_021,2695,11.96,32232.2,2025-06-30,2025-07-17,2025-07-30,17,30,13,0,95.12,High
PO_005433,SUP_012,FAB_022,10860,4.72,51259.2,2025-08-24,2025-09-20,2025-09-20,27,27,0,1,92.27,Low
PO_005434,SUP_010,FAB_016,11094,4.77,52918.38,2025-08-02,2025-08-22,2025-08-22,20,20,0,1,88.87,Low
PO_005435,SUP_015,FAB_024,15206,5.13,78006.78,2025-05-27,2025-06-14,2025-06-26,18,30,12,0,97.8,High
PO_005436,SUP_013,FAB_023,6365,6.49,41308.85,2024-04-09,2024-04-29,2024-05-02,20,23,3,0,94.38,Medium
PO_005437,SUP_003,FAB_022,8888,5.47,48617.36,2024-04-19,2024-05-20,2024-05-22,31,33,2,0,94.3,Medium
PO_005438,SUP_001,FAB_010,5333,5.36,28584.88,2025-05-04,2025-05-29,2025-05-30,25,26,1,0,100.0,Medium
PO_005439,SUP_017,FAB_021,10661,13.27,141471.47,2025-09-08,2025-10-06,2025-10-14,28,36,8,0,86.55,High
PO_005440,SUP_025,FAB_024,5436,5.42,29463.12,2024-12-30,2025-01-19,2025-01-20,20,21,1,0,88.83,Medium
PO_005441,SUP_009,FAB_026,15385,14.0,215390.0,2024-05-04,2024-05-20,2024-05-21,16,17,1,0,98.08,Medium
PO_005442,SUP_009,FAB_005,9456,7.36,69596.16,2025-07-01,2025-07-27,2025-07-31,26,30,4,0,98.82,Medium
PO_005443,SUP_014,FAB_014,8044,17.09,137471.96,2024-01-21,2024-02-19,2024-02-23,29,33,4,0,88.96,Medium
PO_005444,SUP_012,FAB_026,11468,11.82,135551.76,2024-02-09,2024-02-26,2024-03-01,17,21,4,0,94.42,Medium
PO_005445,SUP_007,FAB_004,9284,8.1,75200.4,2024-10-01,2024-10-17,2024-10-20,16,19,3,0,92.05,Medium
PO_005446,SUP_009,FAB_009,11816,10.06,118868.96,2025-02-25,2025-04-05,2025-04-06,39,40,1,0,100.0,Medium
PO_005447,SUP_024,FAB_003,13656,16.11,219998.16,2025-05-15,2025-05-30,2025-06-01,15,17,2,0,94.36,Medium
PO_005448,SUP_021,FAB_003,8602,17.73,152513.46,2025-09-16,2025-10-06,2025-10-06,20,20,0,1,96.23,Low
PO_005449,SUP_008,FAB_027,10738,12.68,136157.84,2025-10-27,2025-11-10,2025-11-19,14,23,9,0,93.14,High
PO_005450,SUP_021,FAB_005,3303,7.53,24871.59,2025-09-16,2025-10-14,2025-10-14,28,28,0,1,96.73,Low
PO_005451,SUP_016,FAB_009,16279,8.41,136906.39,2025-05-19,2025-06-26,2025-06-26,38,38,0,1,89.43,Low
PO_005452,SUP_005,FAB_019,953,16.25,15486.25,2024-08-20,2024-09-16,2024-09-17,27,28,1,0,98.03,Medium
PO_005453,SUP_022,FAB_007,2752,8.25,22704.0,2024-05-14,2024-06-12,2024-06-14,29,31,2,0,100.0,Medium
PO_005454,SUP_025,FAB_009,16217,8.15,132168.55,2024-05-24,2024-06-20,2024-06-24,27,31,4,0,94.82,Medium
PO_005455,SUP_005,FAB_021,16015,11.74,188016.1,2024-04-05,2024-04-26,2024-04-28,21,23,2,0,91.83,Medium
PO_005456,SUP_025,FAB_002,2169,14.8,32101.2,2025-03-02,2025-03-22,2025-03-27,20,25,5,0,95.44,Medium
PO_005457,SUP_007,FAB_019,16430,16.0,262880.0,2025-09-03,2025-10-13,2025-10-16,40,43,3,0,96.63,Medium
PO_005458,SUP_022,FAB_023,11812,7.57,89416.84,2024-04-10,2024-05-02,2024-05-03,22,23,1,0,94.91,Medium
PO_005459,SUP_018,FAB_028,15909,16.57,263612.13,2025-07-20,2025-08-12,2025-08-17,23,28,5,0,95.97,Medium
PO_005460,SUP_019,FAB_013,16683,12.25,204366.75,2024-05-06,2024-05-20,2024-05-22,14,16,2,0,99.1,Medium
PO_005461,SUP_013,FAB_015,5327,13.25,70582.75,2024-12-28,2025-02-02,2025-02-02,36,36,0,1,93.32,Low
PO_005462,SUP_020,FAB_018,17606,10.58,186271.48,2024-01-16,2024-02-09,2024-02-12,24,27,3,0,91.6,Medium
PO_005463,SUP_025,FAB_024,3408,5.42,18471.36,2024-02-05,2024-02-25,2024-02-25,20,20,0,1,100.0,Low
PO_005464,SUP_009,FAB_026,2229,14.0,31206.0,2025-04-12,2025-04-28,2025-04-30,16,18,2,0,83.67,High
PO_005465,SUP_019,FAB_014,19183,19.06,365627.98,2024-04-17,2024-05-03,2024-05-11,16,24,8,0,88.58,High
PO_005466,SUP_021,FAB_014,10259,20.05,205692.95,2025-01-15,2025-02-07,2025-02-07,23,23,0,1,100.0,Low
PO_005467,SUP_009,FAB_001,13191,10.99,144969.09,2025-01-24,2025-02-26,2025-03-01,33,36,3,0,99.19,Medium
PO_005468,SUP_017,FAB_017,15036,11.31,170057.16,2025-01-23,2025-02-18,2025-02-23,26,31,5,0,95.19,Medium
PO_005469,SUP_024,FAB_025,17169,19.85,340804.65,2024-10-08,2024-10-24,2024-11-04,16,27,11,0,92.42,High
PO_005470,SUP_006,FAB_008,12351,16.35,201938.85,2024-08-31,2024-10-09,2024-10-16,39,46,7,0,93.55,Medium
PO_005471,SUP_014,FAB_018,18691,11.55,215881.05,2024-04-13,2024-05-22,2024-05-23,39,40,1,0,89.77,Medium
PO_005472,SUP_022,FAB_001,3913,9.5,37173.5,2025-01-09,2025-01-29,2025-01-31,20,22,2,0,90.19,Medium
PO_005473,SUP_014,FAB_003,19518,14.68,286524.24,2024-12-29,2025-02-04,2025-02-12,37,45,8,0,98.71,High
PO_005474,SUP_005,FAB_014,15191,19.38,294401.58,2025-03-19,2025-04-20,2025-04-20,32,32,0,1,94.27,Low
PO_005475,SUP_017,FAB_017,15151,11.31,171357.81,2024-06-09,2024-07-05,2024-07-11,26,32,6,0,89.96,Medium
PO_005476,SUP_002,FAB_003,3742,16.83,62977.86,2024-02-16,2024-03-09,2024-03-09,22,22,0,1,95.97,Low
PO_005477,SUP_019,FAB_014,3948,19.06,75248.88,2024-04-14,2024-04-30,2024-05-10,16,26,10,0,93.07,High
PO_005478,SUP_015,FAB_024,19797,5.13,101558.61,2025-03-14,2025-04-01,2025-04-06,18,23,5,0,95.95,Medium
PO_005479,SUP_014,FAB_009,5304,8.16,43280.64,2024-01-18,2024-02-06,2024-02-07,19,20,1,0,91.19,Medium
PO_005480,SUP_015,FAB_009,14743,8.22,121187.46,2025-01-16,2025-02-21,2025-02-21,36,36,0,1,98.31,Low
PO_005481,SUP_017,FAB_007,929,6.62,6149.98,2025-09-06,2025-09-27,2025-09-27,21,21,0,1,90.04,Low
PO_005482,SUP_003,FAB_016,18050,4.92,88806.0,2025-04-27,2025-05-31,2025-06-09,34,43,9,0,100.0,High
PO_005483,SUP_003,FAB_014,3610,19.82,71550.2,2024-06-07,2024-06-30,2024-07-04,23,27,4,0,95.75,Medium
PO_005484,SUP_012,FAB_016,16891,5.69,96109.79,2025-05-28,2025-06-13,2025-06-15,16,18,2,0,95.13,Medium
PO_005485,SUP_020,FAB_004,9088,8.06,73249.28,2025-09-20,2025-10-13,2025-10-17,23,27,4,0,96.21,Medium
PO_005486,SUP_023,FAB_007,13483,8.16,110021.28,2024-09-22,2024-10-14,2024-10-14,22,22,0,1,94.12,Low
PO_005487,SUP_018,FAB_015,1800,13.28,23904.0,2024-12-08,2024-12-23,2024-12-25,15,17,2,0,88.71,Medium
PO_005488,SUP_005,FAB_019,9141,16.25,148541.25,2024-07-18,2024-08-14,2024-08-17,27,30,3,0,96.72,Medium
PO_005489,SUP_012,FAB_008,4551,13.43,61119.93,2024-12-26,2025-01-30,2025-01-31,35,36,1,0,91.54,Medium
PO_005490,SUP_024,FAB_015,566,12.36,6995.76,2025-02-01,2025-02-28,2025-03-02,27,29,2,0,90.85,Medium
PO_005491,SUP_020,FAB_030,17363,15.13,262702.19,2025-09-11,2025-09-30,2025-10-04,19,23,4,0,95.81,Medium
PO_005492,SUP_017,FAB_018,10150,10.55,107082.5,2025-02-26,2025-03-30,2025-04-09,32,42,10,0,88.25,High
PO_005493,SUP_013,FAB_022,10178,5.44,55368.32,2025-08-23,2025-10-02,2025-10-03,40,41,1,0,92.49,Medium
PO_005494,SUP_014,FAB_017,3282,11.32,37152.24,2025-05-11,2025-06-09,2025-06-10,29,30,1,0,89.5,Medium
PO_005495,SUP_014,FAB_018,16649,11.55,192295.95,2024-07-31,2024-09-08,2024-09-12,39,43,4,0,98.22,Medium
PO_005496,SUP_020,FAB_004,4180,8.06,33690.8,2025-11-15,2025-12-08,2025-12-12,23,27,4,0,93.18,Medium
PO_005497,SUP_009,FAB_001,14813,10.99,162794.87,2024-09-07,2024-10-10,2024-10-10,33,33,0,1,96.43,Low
PO_005498,SUP_018,FAB_017,2016,11.15,22478.4,2025-02-22,2025-03-24,2025-03-24,30,30,0,1,98.53,Low
PO_005499,SUP_020,FAB_010,4973,5.04,25063.92,2025-04-01,2025-05-01,2025-05-02,30,31,1,0,94.6,Medium
PO_005500,SUP_010,FAB_011,10461,6.57,68728.77,2025-11-26,2025-12-11,2025-12-11,15,15,0,1,88.11,Low
PO_005501,SUP_011,FAB_001,8469,9.83,83250.27,2024-06-01,2024-07-09,2024-07-10,38,39,1,0,92.54,Medium
PO_005502,SUP_015,FAB_021,5311,13.5,71698.5,2024-05-27,2024-06-20,2024-06-21,24,25,1,0,89.74,Medium
PO_005503,SUP_007,FAB_011,1034,5.74,5935.16,2024-03-12,2024-04-17,2024-04-20,36,39,3,0,94.15,Medium
PO_005504,SUP_016,FAB_012,9606,13.37,128432.22,2024-12-26,2025-01-22,2025-01-23,27,28,1,0,96.76,Medium
PO_005505,SUP_022,FAB_015,7252,14.68,106459.36,2025-03-10,2025-04-13,2025-04-15,34,36,2,0,92.05,Medium
PO_005506,SUP_012,FAB_005,9183,7.19,66025.77,2024-12-11,2024-12-28,2024-12-29,17,18,1,0,98.01,Medium
PO_005507,SUP_017,FAB_020,2803,8.11,22732.33,2024-05-12,2024-06-07,2024-06-08,26,27,1,0,91.83,Medium
PO_005508,SUP_025,FAB_016,10996,5.26,57838.96,2024-11-05,2024-11-20,2024-11-20,15,15,0,1,95.09,Low
PO_005509,SUP_009,FAB_012,7194,11.07,79637.58,2025-02-09,2025-03-10,2025-03-11,29,30,1,0,97.37,Medium
PO_005510,SUP_001,FAB_018,10290,11.04,113601.6,2024-09-14,2024-10-02,2024-10-03,18,19,1,0,100.0,Medium
PO_005511,SUP_016,FAB_029,9678,9.89,95715.42,2025-07-18,2025-08-05,2025-08-08,18,21,3,0,90.85,Medium
PO_005512,SUP_016,FAB_023,4452,6.9,30718.8,2024-05-17,2024-06-14,2024-06-19,28,33,5,0,96.21,Medium
PO_005513,SUP_010,FAB_016,10098,4.77,48167.46,2025-04-06,2025-04-26,2025-04-28,20,22,2,0,89.0,Medium
PO_005514,SUP_019,FAB_024,18594,5.38,100035.72,2024-12-27,2025-01-10,2025-02-05,14,40,26,0,91.4,High
PO_005515,SUP_014,FAB_011,8497,6.09,51746.73,2024-02-04,2024-02-27,2024-03-01,23,26,3,0,95.97,Medium
PO_005516,SUP_009,FAB_009,5019,10.06,50491.14,2024-01-11,2024-02-19,2024-02-24,39,44,5,0,96.8,Medium
PO_005517,SUP_016,FAB_014,19404,20.14,390796.56,2025-11-16,2025-12-13,2025-12-18,27,32,5,0,95.27,Medium
PO_005518,SUP_015,FAB_006,4892,15.2,74358.4,2025-02-04,2025-03-04,2025-03-05,28,29,1,0,94.43,Medium
PO_005519,SUP_003,FAB_018,10453,10.14,105993.42,2024-09-19,2024-10-15,2024-10-20,26,31,5,0,92.55,Medium
PO_005520,SUP_018,FAB_024,15807,5.25,82986.75,2025-01-31,2025-02-16,2025-02-17,16,17,1,0,98.57,Medium
PO_005521,SUP_002,FAB_027,809,11.4,9222.6,2024-03-24,2024-04-24,2024-05-07,31,44,13,0,93.13,High
PO_005522,SUP_015,FAB_021,3843,13.5,51880.5,2024-01-01,2024-01-25,2024-01-26,24,25,1,0,96.48,Medium
PO_005523,SUP_012,FAB_027,10451,12.77,133459.27,2025-03-08,2025-04-12,2025-04-12,35,35,0,1,100.0,Low
PO_005524,SUP_019,FAB_013,8895,12.25,108963.75,2025-05-14,2025-05-28,2025-06-02,14,19,5,0,90.47,Medium
PO_005525,SUP_021,FAB_019,5073,17.9,90806.7,2024-01-25,2024-02-22,2024-02-24,28,30,2,0,93.3,Medium
PO_005526,SUP_021,FAB_007,6011,7.73,46465.03,2024-01-11,2024-02-15,2024-02-19,35,39,4,0,92.1,Medium
PO_005527,SUP_021,FAB_007,16352,7.73,126400.96,2025-08-31,2025-10-05,2025-10-06,35,36,1,0,98.17,Medium
PO_005528,SUP_017,FAB_023,11017,7.59,83619.03,2024-12-14,2024-12-28,2024-12-30,14,16,2,0,94.65,Medium
PO_005529,SUP_025,FAB_002,3768,14.8,55766.4,2024-09-23,2024-10-13,2024-10-19,20,26,6,0,100.0,Medium
PO_005530,SUP_001,FAB_017,19137,11.59,221797.83,2025-06-13,2025-07-18,2025-07-19,35,36,1,0,100.0,Medium
PO_005531,SUP_019,FAB_010,15472,4.57,70707.04,2024-08-11,2024-09-10,2024-09-20,30,40,10,0,94.11,High
PO_005532,SUP_025,FAB_016,6307,5.26,33174.82,2024-07-06,2024-07-21,2024-07-21,15,15,0,1,95.8,Low
PO_005533,SUP_022,FAB_001,4536,9.5,43092.0,2025-02-11,2025-03-03,2025-03-05,20,22,2,0,92.12,Medium
PO_005534,SUP_006,FAB_007,11026,7.38,81371.88,2024-06-03,2024-06-23,2024-07-02,20,29,9,0,90.57,High
PO_005535,SUP_009,FAB_010,2411,5.01,12079.11,2024-01-26,2024-02-19,2024-02-20,24,25,1,0,96.25,Medium
PO_005536,SUP_013,FAB_020,1729,8.4,14523.6,2024-09-21,2024-10-28,2024-11-03,37,43,6,0,89.42,Medium
PO_005537,SUP_003,FAB_016,2531,4.92,12452.52,2025-04-11,2025-05-15,2025-05-16,34,35,1,0,96.83,Medium
PO_005538,SUP_009,FAB_015,14673,13.73,201460.29,2025-03-15,2025-04-12,2025-04-13,28,29,1,0,96.05,Medium
PO_005539,SUP_005,FAB_026,16440,13.45,221118.0,2024-01-24,2024-03-02,2024-03-02,38,38,0,1,96.08,Low
PO_005540,SUP_022,FAB_007,8805,8.25,72641.25,2024-06-07,2024-07-06,2024-07-11,29,34,5,0,95.93,Medium
PO_005541,SUP_023,FAB_019,13175,15.67,206452.25,2024-10-07,2024-10-23,2024-10-31,16,24,8,0,91.92,High
PO_005542,SUP_002,FAB_023,16131,7.36,118724.16,2024-02-22,2024-03-31,2024-03-31,38,38,0,1,98.47,Low
PO_005543,SUP_014,FAB_001,12782,11.57,147887.74,2025-03-08,2025-04-05,2025-04-09,28,32,4,0,87.57,Medium
PO_005544,SUP_020,FAB_005,17165,6.02,103333.3,2024-01-08,2024-02-08,2024-02-14,31,37,6,0,92.28,Medium
PO_005545,SUP_023,FAB_018,13284,12.17,161666.28,2025-02-08,2025-03-07,2025-03-07,27,27,0,1,92.37,Low
PO_005546,SUP_015,FAB_010,9709,5.34,51846.06,2025-10-04,2025-10-19,2025-10-27,15,23,8,0,92.75,High
PO_005547,SUP_025,FAB_025,1023,17.52,17922.96,2024-02-11,2024-03-07,2024-03-07,25,25,0,1,94.17,Low
PO_005548,SUP_008,FAB_002,5643,12.75,71948.25,2025-10-26,2025-11-14,2025-11-14,19,19,0,1,100.0,Low
PO_005549,SUP_019,FAB_012,3780,12.38,46796.4,2025-07-27,2025-09-05,2025-09-05,40,40,0,1,92.5,Low
PO_005550,SUP_016,FAB_009,13587,8.41,114266.67,2024-10-15,2024-11-22,2024-12-02,38,48,10,0,93.71,High
PO_005551,SUP_011,FAB_015,6252,13.68,85527.36,2024-08-04,2024-09-02,2024-09-03,29,30,1,0,94.36,Medium
PO_005552,SUP_015,FAB_024,14167,5.13,72676.71,2024-10-16,2024-11-03,2024-11-04,18,19,1,0,92.56,Medium
PO_005553,SUP_018,FAB_015,12653,13.28,168031.84,2025-01-07,2025-01-22,2025-01-22,15,15,0,1,98.94,Low
PO_005554,SUP_018,FAB_011,13197,5.86,77334.42,2024-06-07,2024-07-05,2024-07-06,28,29,1,0,91.9,Medium
PO_005555,SUP_005,FAB_030,12161,15.73,191292.53,2024-09-21,2024-10-13,2024-10-14,22,23,1,0,100.0,Medium
PO_005556,SUP_023,FAB_020,4972,8.76,43554.72,2024-06-13,2024-07-17,2024-07-19,34,36,2,0,100.0,Medium
PO_005557,SUP_001,FAB_018,13440,11.04,148377.6,2024-12-26,2025-01-13,2025-01-13,18,18,0,1,93.66,Low
PO_005558,SUP_018,FAB_019,1294,15.93,20613.42,2025-02-21,2025-03-23,2025-03-23,30,30,0,1,93.6,Low
PO_005559,SUP_015,FAB_008,7795,13.31,103751.45,2024-02-08,2024-02-25,2024-02-28,17,20,3,0,91.89,Medium
PO_005560,SUP_011,FAB_020,10425,8.32,86736.0,2024-09-16,2024-10-25,2024-10-25,39,39,0,1,92.27,Low
PO_005561,SUP_013,FAB_026,3557,11.83,42079.31,2025-02-17,2025-03-21,2025-03-22,32,33,1,0,98.74,Medium
PO_005562,SUP_016,FAB_012,15788,13.37,211085.56,2025-10-28,2025-11-24,2025-11-24,27,27,0,1,97.03,Low
PO_005563,SUP_009,FAB_009,6172,10.06,62090.32,2025-06-15,2025-07-24,2025-07-24,39,39,0,1,92.47,Low
PO_005564,SUP_023,FAB_019,10055,15.67,157561.85,2025-08-19,2025-09-04,2025-09-11,16,23,7,0,100.0,Medium
PO_005565,SUP_021,FAB_017,10560,10.83,114364.8,2024-12-15,2025-01-21,2025-01-27,37,43,6,0,97.88,Medium
PO_005566,SUP_006,FAB_018,7607,11.78,89610.46,2025-01-05,2025-02-11,2025-02-12,37,38,1,0,94.1,Medium
PO_005567,SUP_007,FAB_011,4960,5.74,28470.4,2025-10-04,2025-11-09,2025-11-11,36,38,2,0,85.48,Medium
PO_005568,SUP_010,FAB_021,11312,13.79,155992.48,2025-02-21,2025-04-02,2025-04-05,40,43,3,0,94.52,Medium
PO_005569,SUP_010,FAB_022,3753,5.48,20566.44,2024-02-03,2024-02-20,2024-02-26,17,23,6,0,89.95,Medium
PO_005570,SUP_021,FAB_005,8148,7.53,61354.44,2025-01-20,2025-02-17,2025-02-17,28,28,0,1,95.31,Low
PO_005571,SUP_016,FAB_025,3755,19.48,73147.4,2025-02-19,2025-03-07,2025-03-07,16,16,0,1,89.46,Low
PO_005572,SUP_015,FAB_018,4706,12.21,57460.26,2025-06-08,2025-07-08,2025-07-11,30,33,3,0,87.35,Medium
PO_005573,SUP_023,FAB_007,18472,8.16,150731.52,2025-03-31,2025-04-22,2025-04-25,22,25,3,0,95.35,Medium
PO_005574,SUP_023,FAB_022,11774,5.21,61342.54,2024-02-06,2024-03-07,2024-03-23,30,46,16,0,96.16,High
PO_005575,SUP_012,FAB_005,17824,7.19,128154.56,2025-03-16,2025-04-02,2025-04-04,17,19,2,0,99.79,Medium
PO_005576,SUP_022,FAB_001,12164,9.5,115558.0,2025-11-25,2025-12-15,2025-12-15,20,20,0,1,99.15,Low
PO_005577,SUP_009,FAB_008,1811,14.7,26621.7,2025-02-26,2025-03-21,2025-03-21,23,23,0,1,94.43,Low
PO_005578,SUP_018,FAB_024,6313,5.25,33143.25,2025-08-26,2025-09-11,2025-09-14,16,19,3,0,93.38,Medium
PO_005579,SUP_002,FAB_023,17164,7.36,126327.04,2024-11-26,2025-01-03,2025-01-03,38,38,0,1,97.27,Low
PO_005580,SUP_022,FAB_023,19533,7.57,147864.81,2024-05-23,2024-06-14,2024-06-15,22,23,1,0,97.56,Medium
PO_005581,SUP_009,FAB_009,7356,10.06,74001.36,2025-10-06,2025-11-14,2025-11-17,39,42,3,0,97.36,Medium
PO_005582,SUP_007,FAB_012,5057,10.96,55424.72,2025-09-17,2025-10-09,2025-10-11,22,24,2,0,87.65,Medium
PO_005583,SUP_003,FAB_016,16523,4.92,81293.16,2025-01-16,2025-02-19,2025-02-21,34,36,2,0,90.43,Medium
PO_005584,SUP_013,FAB_024,821,5.18,4252.78,2024-05-18,2024-06-16,2024-06-17,29,30,1,0,92.63,Medium
PO_005585,SUP_015,FAB_018,19829,12.21,242112.09,2025-10-04,2025-11-03,2025-11-11,30,38,8,0,93.74,High
PO_005586,SUP_007,FAB_028,4161,17.07,71028.27,2024-01-02,2024-01-23,2024-01-24,21,22,1,0,93.07,Medium
PO_005587,SUP_023,FAB_006,13385,14.79,197964.15,2025-09-09,2025-10-14,2025-10-17,35,38,3,0,96.54,Medium
PO_005588,SUP_018,FAB_012,16481,13.73,226284.13,2024-09-28,2024-10-31,2024-10-31,33,33,0,1,92.31,Low
PO_005589,SUP_025,FAB_002,8485,14.8,125578.0,2025-02-22,2025-03-14,2025-03-15,20,21,1,0,95.89,Medium
PO_005590,SUP_010,FAB_011,10053,6.57,66048.21,2025-08-14,2025-08-29,2025-09-01,15,18,3,0,89.56,Medium
PO_005591,SUP_017,FAB_013,13225,11.71,154864.75,2025-04-18,2025-05-25,2025-05-26,37,38,1,0,93.05,Medium
PO_005592,SUP_003,FAB_018,16620,10.14,168526.8,2024-07-29,2024-08-24,2024-08-31,26,33,7,0,87.03,Medium
PO_005593,SUP_025,FAB_009,3192,8.15,26014.8,2024-12-16,2025-01-12,2025-01-12,27,27,0,1,100.0,Low
PO_005594,SUP_003,FAB_023,14303,7.68,109847.04,2025-07-12,2025-07-26,2025-08-05,14,24,10,0,85.53,High
PO_005595,SUP_015,FAB_009,7069,8.22,58107.18,2024-06-04,2024-07-10,2024-07-16,36,42,6,0,97.16,Medium
PO_005596,SUP_021,FAB_015,10659,15.16,161590.44,2024-02-02,2024-02-24,2024-02-24,22,22,0,1,94.38,Low
PO_005597,SUP_010,FAB_018,17957,11.86,212970.02,2024-05-28,2024-06-14,2024-06-18,17,21,4,0,95.58,Medium
PO_005598,SUP_021,FAB_017,2889,10.83,31287.87,2025-07-20,2025-08-26,2025-08-27,37,38,1,0,94.16,Medium
PO_005599,SUP_002,FAB_023,3310,7.36,24361.6,2024-07-16,2024-08-23,2024-08-27,38,42,4,0,95.92,Medium
PO_005600,SUP_024,FAB_026,4383,14.09,61756.47,2024-11-27,2025-01-05,2025-01-11,39,45,6,0,92.98,Medium
PO_005601,SUP_021,FAB_007,3410,7.73,26359.3,2025-01-09,2025-02-13,2025-02-15,35,37,2,0,94.66,Medium
PO_005602,SUP_025,FAB_009,4323,8.15,35232.45,2025-08-06,2025-09-02,2025-09-04,27,29,2,0,92.05,Medium
PO_005603,SUP_021,FAB_005,9499,7.53,71527.47,2025-05-24,2025-06-21,2025-06-21,28,28,0,1,97.07,Low
PO_005604,SUP_019,FAB_024,10533,5.38,56667.54,2024-05-21,2024-06-04,2024-06-06,14,16,2,0,99.33,Medium
PO_005605,SUP_015,FAB_009,17748,8.22,145888.56,2025-06-14,2025-07-20,2025-07-25,36,41,5,0,89.95,Medium
PO_005606,SUP_008,FAB_005,4423,6.91,30562.93,2024-02-10,2024-03-18,2024-03-20,37,39,2,0,99.28,Medium
PO_005607,SUP_023,FAB_023,1805,7.03,12689.15,2025-02-23,2025-03-27,2025-04-03,32,39,7,0,90.42,Medium
PO_005608,SUP_005,FAB_030,8640,15.73,135907.2,2025-08-15,2025-09-06,2025-09-06,22,22,0,1,96.79,Low
PO_005609,SUP_007,FAB_016,8010,4.91,39329.1,2025-09-01,2025-09-27,2025-10-05,26,34,8,0,90.24,High
PO_005610,SUP_004,FAB_015,6118,13.72,83938.96,2024-02-19,2024-03-14,2024-03-16,24,26,2,0,88.65,Medium
PO_005611,SUP_014,FAB_014,3325,17.09,56824.25,2024-06-23,2024-07-22,2024-07-26,29,33,4,0,93.57,Medium
PO_005612,SUP_019,FAB_016,16076,5.34,85845.84,2025-05-05,2025-05-28,2025-06-02,23,28,5,0,90.66,Medium
PO_005613,SUP_019,FAB_013,14048,12.25,172088.0,2024-03-03,2024-03-17,2024-03-18,14,15,1,0,93.18,Medium
PO_005614,SUP_025,FAB_009,5300,8.15,43195.0,2024-08-03,2024-08-30,2024-09-02,27,30,3,0,100.0,Medium
PO_005615,SUP_013,FAB_024,9085,5.18,47060.3,2024-09-08,2024-10-07,2024-10-08,29,30,1,0,99.23,Medium
PO_005616,SUP_008,FAB_028,3439,16.49,56709.11,2024-12-18,2025-01-13,2025-01-17,26,30,4,0,90.46,Medium
PO_005617,SUP_023,FAB_016,15428,5.8,89482.4,2024-12-13,2025-01-12,2025-01-18,30,36,6,0,97.83,Medium
PO_005618,SUP_010,FAB_011,9502,6.57,62428.14,2024-12-21,2025-01-05,2025-01-10,15,20,5,0,92.07,Medium
PO_005619,SUP_013,FAB_016,2722,5.34,14535.48,2024-03-27,2024-04-11,2024-04-14,15,18,3,0,93.96,Medium
PO_005620,SUP_006,FAB_016,7976,4.91,39162.16,2024-10-05,2024-11-12,2024-11-16,38,42,4,0,96.98,Medium
PO_005621,SUP_022,FAB_005,7348,7.26,53346.48,2025-01-21,2025-02-13,2025-02-13,23,23,0,1,97.31,Low
PO_005622,SUP_016,FAB_023,2226,6.9,15359.4,2025-01-24,2025-02-21,2025-03-02,28,37,9,0,91.26,High
PO_005623,SUP_012,FAB_021,812,12.26,9955.12,2025-05-13,2025-05-28,2025-05-28,15,15,0,1,97.28,Low
PO_005624,SUP_001,FAB_010,15929,5.36,85379.44,2025-10-16,2025-11-10,2025-11-10,25,25,0,1,90.65,Low
PO_005625,SUP_021,FAB_010,4587,4.79,21971.73,2024-07-30,2024-09-07,2024-09-10,39,42,3,0,100.0,Medium
PO_005626,SUP_008,FAB_015,2770,13.41,37145.7,2024-08-21,2024-09-18,2024-09-22,28,32,4,0,99.57,Medium
PO_005627,SUP_008,FAB_027,3112,12.68,39460.16,2024-09-15,2024-09-29,2024-09-29,14,14,0,1,98.97,Low
PO_005628,SUP_012,FAB_028,7089,16.72,118528.08,2025-04-29,2025-05-19,2025-05-19,20,20,0,1,96.98,Low
PO_005629,SUP_008,FAB_027,14693,12.68,186307.24,2024-08-07,2024-08-21,2024-08-21,14,14,0,1,92.72,Low
PO_005630,SUP_010,FAB_022,4613,5.48,25279.24,2024-12-06,2024-12-23,2024-12-24,17,18,1,0,88.23,Medium
PO_005631,SUP_007,FAB_004,14612,8.1,118357.2,2024-08-17,2024-09-02,2024-09-04,16,18,2,0,91.33,Medium
PO_005632,SUP_019,FAB_010,7791,4.57,35604.87,2025-04-08,2025-05-08,2025-05-12,30,34,4,0,94.44,Medium
PO_005633,SUP_018,FAB_014,5116,19.73,100938.68,2025-10-31,2025-11-19,2025-11-23,19,23,4,0,92.41,Medium
PO_005634,SUP_002,FAB_023,11334,7.36,83418.24,2025-09-19,2025-10-27,2025-10-31,38,42,4,0,92.76,Medium
PO_005635,SUP_015,FAB_018,6226,12.21,76019.46,2025-11-03,2025-12-03,2025-12-14,30,41,11,0,97.58,High
PO_005636,SUP_022,FAB_021,13466,13.91,187312.06,2025-03-13,2025-04-04,2025-04-10,22,28,6,0,98.98,Medium
PO_005637,SUP_012,FAB_028,15354,16.72,256718.88,2024-12-28,2025-01-17,2025-01-17,20,20,0,1,98.28,Low
PO_005638,SUP_002,FAB_004,703,7.87,5532.61,2024-07-27,2024-08-25,2024-08-26,29,30,1,0,94.72,Medium
PO_005639,SUP_012,FAB_008,3222,13.43,43271.46,2024-11-28,2025-01-02,2025-01-05,35,38,3,0,100.0,Medium
PO_005640,SUP_023,FAB_024,3116,4.32,13461.12,2024-01-12,2024-02-12,2024-02-16,31,35,4,0,93.36,Medium
PO_005641,SUP_010,FAB_015,7759,12.31,95513.29,2024-02-02,2024-03-08,2024-03-13,35,40,5,0,93.63,Medium
PO_005642,SUP_024,FAB_029,589,9.81,5778.09,2025-05-18,2025-06-13,2025-06-16,26,29,3,0,96.82,Medium
PO_005643,SUP_001,FAB_018,14013,11.04,154703.52,2025-03-28,2025-04-15,2025-04-16,18,19,1,0,98.79,Medium
PO_005644,SUP_025,FAB_005,5562,6.69,37209.78,2024-02-18,2024-03-10,2024-03-17,21,28,7,0,98.55,Medium
PO_005645,SUP_013,FAB_022,1872,5.44,10183.68,2024-01-17,2024-02-26,2024-03-08,40,51,11,0,93.78,High
PO_005646,SUP_007,FAB_012,15716,10.96,172247.36,2024-07-17,2024-08-08,2024-08-16,22,30,8,0,93.06,High
PO_005647,SUP_008,FAB_015,5139,13.41,68913.99,2025-05-25,2025-06-22,2025-06-27,28,33,5,0,91.98,Medium
PO_005648,SUP_011,FAB_019,6186,15.83,97924.38,2024-08-30,2024-09-15,2024-09-15,16,16,0,1,92.89,Low
PO_005649,SUP_024,FAB_003,9376,16.11,151047.36,2024-05-09,2024-05-24,2024-05-24,15,15,0,1,96.49,Low
PO_005650,SUP_015,FAB_018,1329,12.21,16227.09,2024-07-29,2024-08-28,2024-08-29,30,31,1,0,96.25,Medium
PO_005651,SUP_013,FAB_025,823,18.47,15200.81,2025-09-25,2025-10-26,2025-10-30,31,35,4,0,87.74,Medium
PO_005652,SUP_024,FAB_029,11591,9.81,113707.71,2025-10-15,2025-11-10,2025-11-14,26,30,4,0,91.94,Medium
PO_005653,SUP_020,FAB_018,3165,10.58,33485.7,2024-05-16,2024-06-09,2024-06-15,24,30,6,0,90.01,Medium
PO_005654,SUP_004,FAB_015,9731,13.72,133509.32,2025-04-18,2025-05-12,2025-05-19,24,31,7,0,92.25,Medium
PO_005655,SUP_014,FAB_009,8827,8.16,72028.32,2024-03-30,2024-04-18,2024-04-19,19,20,1,0,92.79,Medium
PO_005656,SUP_008,FAB_002,6525,12.75,83193.75,2025-05-10,2025-05-29,2025-06-05,19,26,7,0,100.0,Medium
PO_005657,SUP_018,FAB_028,11543,16.57,191267.51,2024-09-27,2024-10-20,2024-10-20,23,23,0,1,100.0,Low
PO_005658,SUP_005,FAB_021,8197,11.74,96232.78,2025-02-12,2025-03-05,2025-03-07,21,23,2,0,91.49,Medium
PO_005659,SUP_011,FAB_001,12758,9.83,125411.14,2025-10-03,2025-11-10,2025-11-11,38,39,1,0,99.08,Medium
PO_005660,SUP_020,FAB_030,9536,15.13,144279.68,2024-06-30,2024-07-19,2024-07-22,19,22,3,0,94.87,Medium
PO_005661,SUP_016,FAB_021,13756,13.4,184330.4,2025-08-26,2025-09-18,2025-09-21,23,26,3,0,94.5,Medium
PO_005662,SUP_015,FAB_001,19595,11.17,218876.15,2025-05-27,2025-07-05,2025-07-12,39,46,7,0,100.0,Medium
PO_005663,SUP_017,FAB_020,8709,8.11,70629.99,2024-12-11,2025-01-06,2025-01-08,26,28,2,0,89.53,Medium
PO_005664,SUP_001,FAB_010,526,5.36,2819.36,2025-07-28,2025-08-22,2025-08-23,25,26,1,0,97.08,Medium
PO_005665,SUP_013,FAB_021,7527,12.18,91678.86,2025-04-23,2025-05-25,2025-05-30,32,37,5,0,89.21,Medium
PO_005666,SUP_006,FAB_015,8644,13.95,120583.8,2025-10-13,2025-10-30,2025-11-02,17,20,3,0,89.67,Medium
PO_005667,SUP_021,FAB_007,15000,7.73,115950.0,2025-03-10,2025-04-14,2025-04-19,35,40,5,0,93.61,Medium
PO_005668,SUP_022,FAB_007,18593,8.25,153392.25,2025-07-30,2025-08-28,2025-08-29,29,30,1,0,95.77,Medium
PO_005669,SUP_025,FAB_015,11893,13.15,156392.95,2025-03-13,2025-04-14,2025-04-15,32,33,1,0,96.89,Medium
PO_005670,SUP_004,FAB_014,1140,19.52,22252.8,2025-08-07,2025-08-27,2025-08-31,20,24,4,0,90.94,Medium
PO_005671,SUP_002,FAB_004,6417,7.87,50501.79,2024-10-30,2024-11-28,2024-11-29,29,30,1,0,94.57,Medium
PO_005672,SUP_004,FAB_018,16844,12.22,205833.68,2024-09-27,2024-10-11,2024-10-14,14,17,3,0,85.78,Medium
PO_005673,SUP_024,FAB_021,1839,11.96,21994.44,2024-04-19,2024-05-06,2024-05-08,17,19,2,0,96.95,Medium
PO_005674,SUP_020,FAB_027,1222,10.12,12366.64,2024-02-26,2024-03-18,2024-03-25,21,28,7,0,87.11,Medium
PO_005675,SUP_012,FAB_022,9524,4.72,44953.28,2024-07-04,2024-07-31,2024-07-31,27,27,0,1,98.33,Low
PO_005676,SUP_004,FAB_014,5966,19.52,116456.32,2024-01-02,2024-01-22,2024-01-30,20,28,8,0,100.0,High
PO_005677,SUP_003,FAB_016,5153,4.92,25352.76,2024-05-02,2024-06-05,2024-06-08,34,37,3,0,95.93,Medium
PO_005678,SUP_002,FAB_005,11558,6.1,70503.8,2025-06-09,2025-07-08,2025-07-10,29,31,2,0,90.84,Medium
PO_005679,SUP_003,FAB_010,12687,4.41,55949.67,2024-09-03,2024-09-18,2024-09-18,15,15,0,1,93.75,Low
PO_005680,SUP_010,FAB_029,14000,8.48,118720.0,2024-12-06,2024-12-21,2024-12-22,15,16,1,0,91.17,Medium
PO_005681,SUP_006,FAB_008,9074,16.35,148359.9,2024-09-14,2024-10-23,2024-10-31,39,47,8,0,91.87,High
PO_005682,SUP_017,FAB_007,7391,6.62,48928.42,2024-12-05,2024-12-26,2024-12-27,21,22,1,0,83.84,High
PO_005683,SUP_006,FAB_018,19246,11.78,226717.88,2024-06-12,2024-07-19,2024-07-23,37,41,4,0,95.47,Medium
PO_005684,SUP_022,FAB_030,12809,18.31,234532.79,2025-01-02,2025-01-28,2025-01-28,26,26,0,1,93.04,Low
PO_005685,SUP_014,FAB_003,8213,14.68,120566.84,2025-09-29,2025-11-05,2025-11-10,37,42,5,0,92.64,Medium
PO_005686,SUP_006,FAB_008,14864,16.35,243026.4,2025-03-05,2025-04-13,2025-04-30,39,56,17,0,91.47,High
PO_005687,SUP_022,FAB_030,10194,18.31,186652.14,2024-05-24,2024-06-19,2024-06-19,26,26,0,1,96.4,Low
PO_005688,SUP_012,FAB_008,5105,13.43,68560.15,2025-11-16,2025-12-21,2025-12-23,35,37,2,0,94.52,Medium
PO_005689,SUP_011,FAB_021,7766,13.4,104064.4,2024-10-08,2024-11-16,2024-11-16,39,39,0,1,91.27,Low
PO_005690,SUP_017,FAB_020,3878,8.11,31450.58,2025-11-19,2025-12-15,2025-12-23,26,34,8,0,91.7,High
PO_005691,SUP_001,FAB_001,16607,9.92,164741.44,2024-09-21,2024-10-06,2024-10-07,15,16,1,0,97.68,Medium
PO_005692,SUP_022,FAB_007,6781,8.25,55943.25,2025-08-02,2025-08-31,2025-09-02,29,31,2,0,91.36,Medium
PO_005693,SUP_006,FAB_014,15524,16.46,255525.04,2024-04-30,2024-05-20,2024-06-06,20,37,17,0,93.69,High
PO_005694,SUP_006,FAB_008,4355,16.35,71204.25,2025-03-23,2025-05-01,2025-05-02,39,40,1,0,92.2,Medium
PO_005695,SUP_005,FAB_007,2817,7.27,20479.59,2024-04-17,2024-05-08,2024-05-09,21,22,1,0,95.29,Medium
PO_005696,SUP_022,FAB_011,10255,6.02,61735.1,2024-07-22,2024-08-05,2024-08-05,14,14,0,1,94.7,Low
PO_005697,SUP_023,FAB_022,7182,5.21,37418.22,2025-08-31,2025-09-30,2025-10-05,30,35,5,0,94.79,Medium
PO_005698,SUP_023,FAB_024,8464,4.32,36564.48,2025-10-31,2025-12-01,2025-12-02,31,32,1,0,90.86,Medium
PO_005699,SUP_023,FAB_020,2593,8.76,22714.68,2024-09-18,2024-10-22,2024-10-25,34,37,3,0,91.06,Medium
PO_005700,SUP_006,FAB_008,7589,16.35,124080.15,2024-10-18,2024-11-26,2024-11-28,39,41,2,0,92.24,Medium
PO_005701,SUP_019,FAB_015,7506,14.82,111238.92,2025-08-21,2025-09-18,2025-09-30,28,40,12,0,96.93,High
PO_005702,SUP_022,FAB_001,17226,9.5,163647.0,2024-08-08,2024-08-28,2024-08-28,20,20,0,1,92.68,Low
PO_005703,SUP_012,FAB_026,17256,11.82,203965.92,2025-07-15,2025-08-01,2025-08-02,17,18,1,0,97.28,Medium
PO_005704,SUP_003,FAB_014,11092,19.82,219843.44,2024-07-20,2024-08-12,2024-08-14,23,25,2,0,92.47,Medium
PO_005705,SUP_014,FAB_001,10200,11.57,118014.0,2024-06-03,2024-07-01,2024-07-04,28,31,3,0,98.64,Medium
PO_005706,SUP_004,FAB_018,14229,12.22,173878.38,2024-07-14,2024-07-28,2024-08-08,14,25,11,0,97.89,High
PO_005707,SUP_015,FAB_021,1607,13.5,21694.5,2024-04-04,2024-04-28,2024-05-11,24,37,13,0,97.36,High
PO_005708,SUP_009,FAB_020,12282,8.32,102186.24,2025-03-30,2025-04-14,2025-04-15,15,16,1,0,96.64,Medium
PO_005709,SUP_022,FAB_025,15786,18.59,293461.74,2025-08-17,2025-09-06,2025-09-08,20,22,2,0,98.26,Medium
PO_005710,SUP_025,FAB_025,9375,17.52,164250.0,2024-01-31,2024-02-25,2024-02-27,25,27,2,0,91.35,Medium
PO_005711,SUP_021,FAB_017,19254,10.83,208520.82,2024-01-12,2024-02-18,2024-02-19,37,38,1,0,100.0,Medium
PO_005712,SUP_007,FAB_026,11129,14.05,156362.45,2025-10-14,2025-10-30,2025-10-31,16,17,1,0,94.0,Medium
PO_005713,SUP_013,FAB_024,18949,5.18,98155.82,2025-02-22,2025-03-23,2025-03-25,29,31,2,0,94.23,Medium
PO_005714,SUP_014,FAB_018,1054,11.55,12173.7,2024-08-13,2024-09-21,2024-09-23,39,41,2,0,92.37,Medium
PO_005715,SUP_009,FAB_010,15558,5.01,77945.58,2024-03-09,2024-04-02,2024-04-02,24,24,0,1,91.27,Low
PO_005716,SUP_013,FAB_021,7448,12.18,90716.64,2025-08-15,2025-09-16,2025-09-17,32,33,1,0,88.21,Medium
PO_005717,SUP_002,FAB_027,579,11.4,6600.6,2025-04-27,2025-05-28,2025-05-28,31,31,0,1,96.55,Low
PO_005718,SUP_001,FAB_006,12845,18.61,239045.45,2025-05-30,2025-07-09,2025-07-09,40,40,0,1,100.0,Low
PO_005719,SUP_006,FAB_008,8678,16.35,141885.3,2025-07-13,2025-08-21,2025-08-25,39,43,4,0,86.42,Medium
PO_005720,SUP_007,FAB_011,10524,5.74,60407.76,2024-04-11,2024-05-17,2024-05-21,36,40,4,0,92.16,Medium
PO_005721,SUP_018,FAB_015,4941,13.28,65616.48,2024-07-18,2024-08-02,2024-08-04,15,17,2,0,91.33,Medium
PO_005722,SUP_007,FAB_002,13794,15.33,211462.02,2024-04-22,2024-05-07,2024-05-12,15,20,5,0,93.69,Medium
PO_005723,SUP_009,FAB_001,3103,10.99,34101.97,2024-04-26,2024-05-29,2024-05-30,33,34,1,0,98.45,Medium
PO_005724,SUP_010,FAB_018,7396,11.86,87716.56,2025-03-15,2025-04-01,2025-04-01,17,17,0,1,90.14,Low
PO_005725,SUP_003,FAB_023,16226,7.68,124615.68,2025-08-09,2025-08-23,2025-08-28,14,19,5,0,96.48,Medium
PO_005726,SUP_011,FAB_019,7335,15.83,116113.05,2025-07-28,2025-08-13,2025-08-13,16,16,0,1,90.23,Low
PO_005727,SUP_012,FAB_030,1333,15.33,20434.89,2025-02-06,2025-03-05,2025-03-07,27,29,2,0,98.43,Medium
PO_005728,SUP_003,FAB_010,2908,4.41,12824.28,2025-09-16,2025-10-01,2025-10-04,15,18,3,0,96.15,Medium
PO_005729,SUP_002,FAB_013,2033,13.79,28035.07,2024-04-06,2024-04-23,2024-04-27,17,21,4,0,97.93,Medium
PO_005730,SUP_020,FAB_018,12533,10.58,132599.14,2024-12-21,2025-01-14,2025-01-24,24,34,10,0,91.57,High
PO_005731,SUP_019,FAB_010,4910,4.57,22438.7,2024-12-09,2025-01-08,2025-01-10,30,32,2,0,87.66,Medium
PO_005732,SUP_013,FAB_024,14190,5.18,73504.2,2024-11-08,2024-12-07,2024-12-15,29,37,8,0,93.93,High
PO_005733,SUP_002,FAB_028,18370,16.61,305125.7,2025-04-28,2025-05-26,2025-05-26,28,28,0,1,100.0,Low
PO_005734,SUP_022,FAB_030,14766,18.31,270365.46,2025-05-04,2025-05-30,2025-05-30,26,26,0,1,96.6,Low
PO_005735,SUP_015,FAB_024,10324,5.13,52962.12,2025-06-10,2025-06-28,2025-06-28,18,18,0,1,87.16,Low
PO_005736,SUP_021,FAB_014,17349,20.05,347847.45,2024-12-31,2025-01-23,2025-01-25,23,25,2,0,90.46,Medium
PO_005737,SUP_023,FAB_016,9222,5.8,53487.6,2024-09-15,2024-10-15,2024-10-18,30,33,3,0,95.47,Medium
PO_005738,SUP_007,FAB_012,5419,10.96,59392.24,2024-03-17,2024-04-08,2024-04-11,22,25,3,0,92.14,Medium
PO_005739,SUP_020,FAB_005,7031,6.02,42326.62,2024-03-11,2024-04-11,2024-04-18,31,38,7,0,89.67,Medium
PO_005740,SUP_008,FAB_025,15451,16.9,261121.9,2024-02-22,2024-03-24,2024-03-29,31,36,5,0,95.72,Medium
PO_005741,SUP_021,FAB_003,12482,17.73,221305.86,2025-11-26,2025-12-16,2025-12-18,20,22,2,0,94.46,Medium
PO_005742,SUP_001,FAB_004,17601,7.06,124263.06,2025-08-20,2025-09-12,2025-09-14,23,25,2,0,98.24,Medium
PO_005743,SUP_011,FAB_001,12028,9.83,118235.24,2024-08-14,2024-09-21,2024-09-27,38,44,6,0,93.68,Medium
PO_005744,SUP_018,FAB_007,13160,7.44,97910.4,2025-03-19,2025-04-25,2025-04-30,37,42,5,0,96.3,Medium
PO_005745,SUP_022,FAB_007,10398,8.25,85783.5,2025-01-01,2025-01-30,2025-01-31,29,30,1,0,97.07,Medium
PO_005746,SUP_011,FAB_002,16463,14.61,240524.43,2025-04-03,2025-04-21,2025-04-22,18,19,1,0,98.53,Medium
PO_005747,SUP_021,FAB_007,13086,7.73,101154.78,2024-06-08,2024-07-13,2024-07-13,35,35,0,1,97.76,Low
PO_005748,SUP_007,FAB_019,8163,16.0,130608.0,2024-02-29,2024-04-09,2024-04-15,40,46,6,0,96.95,Medium
PO_005749,SUP_002,FAB_028,12663,16.61,210332.43,2024-02-27,2024-03-26,2024-03-26,28,28,0,1,90.96,Low
PO_005750,SUP_001,FAB_018,6659,11.04,73515.36,2024-03-01,2024-03-19,2024-03-19,18,18,0,1,92.87,Low
PO_005751,SUP_001,FAB_024,11391,4.4,50120.4,2024-04-24,2024-05-22,2024-05-23,28,29,1,0,100.0,Medium
PO_005752,SUP_015,FAB_024,2250,5.13,11542.5,2024-02-29,2024-03-18,2024-03-28,18,28,10,0,92.85,High
PO_005753,SUP_019,FAB_014,1876,19.06,35756.56,2024-03-19,2024-04-04,2024-04-05,16,17,1,0,92.46,Medium
PO_005754,SUP_023,FAB_024,909,4.32,3926.88,2024-06-23,2024-07-24,2024-07-24,31,31,0,1,93.31,Low
PO_005755,SUP_023,FAB_023,10935,7.03,76873.05,2024-07-29,2024-08-30,2024-09-02,32,35,3,0,98.65,Medium
PO_005756,SUP_002,FAB_030,6300,15.39,96957.0,2024-12-30,2025-02-05,2025-02-06,37,38,1,0,94.78,Medium
PO_005757,SUP_014,FAB_003,18092,14.68,265590.56,2024-04-11,2024-05-18,2024-05-19,37,38,1,0,92.47,Medium
PO_005758,SUP_002,FAB_027,8208,11.4,93571.2,2025-09-16,2025-10-17,2025-10-19,31,33,2,0,99.0,Medium
PO_005759,SUP_024,FAB_029,14079,9.81,138114.99,2024-07-18,2024-08-13,2024-08-15,26,28,2,0,95.77,Medium
PO_005760,SUP_008,FAB_027,7910,12.68,100298.8,2024-04-13,2024-04-27,2024-04-28,14,15,1,0,86.83,Medium
PO_005761,SUP_008,FAB_001,15885,9.4,149319.0,2025-05-19,2025-06-07,2025-06-11,19,23,4,0,95.08,Medium
PO_005762,SUP_013,FAB_024,14201,5.18,73561.18,2024-08-13,2024-09-11,2024-10-10,29,58,29,0,86.39,High
PO_005763,SUP_013,FAB_016,8411,5.34,44914.74,2024-04-03,2024-04-18,2024-04-22,15,19,4,0,95.21,Medium
PO_005764,SUP_019,FAB_015,2433,14.82,36057.06,2025-10-03,2025-10-31,2025-11-02,28,30,2,0,94.63,Medium
PO_005765,SUP_002,FAB_022,15564,5.07,78909.48,2024-05-05,2024-05-29,2024-06-01,24,27,3,0,95.48,Medium
PO_005766,SUP_019,FAB_002,10011,15.11,151266.21,2025-02-08,2025-03-11,2025-03-18,31,38,7,0,85.27,Medium
PO_005767,SUP_002,FAB_005,17222,6.1,105054.2,2024-07-19,2024-08-17,2024-08-17,29,29,0,1,95.89,Low
PO_005768,SUP_009,FAB_020,17002,8.32,141456.64,2025-07-14,2025-07-29,2025-08-04,15,21,6,0,95.63,Medium
PO_005769,SUP_002,FAB_023,3513,7.36,25855.68,2025-08-12,2025-09-19,2025-09-28,38,47,9,0,96.55,High
PO_005770,SUP_003,FAB_006,760,16.44,12494.4,2024-05-17,2024-06-13,2024-06-13,27,27,0,1,95.04,Low
PO_005771,SUP_023,FAB_024,12248,4.32,52911.36,2024-10-22,2024-11-22,2024-11-27,31,36,5,0,88.86,Medium
PO_005772,SUP_018,FAB_012,9857,13.73,135336.61,2025-07-15,2025-08-17,2025-08-18,33,34,1,0,97.19,Medium
PO_005773,SUP_017,FAB_007,7568,6.62,50100.16,2024-02-21,2024-03-13,2024-04-04,21,43,22,0,83.18,High
PO_005774,SUP_009,FAB_008,13106,14.7,192658.2,2024-07-02,2024-07-25,2024-07-26,23,24,1,0,94.84,Medium
PO_005775,SUP_023,FAB_020,2988,8.76,26174.88,2025-04-17,2025-05-21,2025-05-26,34,39,5,0,86.12,Medium
PO_005776,SUP_002,FAB_005,8542,6.1,52106.2,2025-11-04,2025-12-03,2025-12-04,29,30,1,0,97.41,Medium
PO_005777,SUP_019,FAB_028,5961,16.65,99250.65,2024-06-25,2024-07-30,2024-08-07,35,43,8,0,94.13,High
PO_005778,SUP_022,FAB_001,8175,9.5,77662.5,2024-02-08,2024-02-28,2024-03-01,20,22,2,0,94.77,Medium
PO_005779,SUP_025,FAB_005,14684,6.69,98235.96,2025-01-14,2025-02-04,2025-02-08,21,25,4,0,97.8,Medium
PO_005780,SUP_015,FAB_008,2663,13.31,35444.53,2025-05-04,2025-05-21,2025-05-24,17,20,3,0,91.45,Medium
PO_005781,SUP_008,FAB_011,15509,5.27,81732.43,2025-07-31,2025-08-21,2025-08-27,21,27,6,0,91.29,Medium
PO_005782,SUP_002,FAB_005,6305,6.1,38460.5,2024-10-28,2024-11-26,2024-11-29,29,32,3,0,88.91,Medium
PO_005783,SUP_025,FAB_016,3664,5.26,19272.64,2024-03-29,2024-04-13,2024-04-16,15,18,3,0,98.6,Medium
PO_005784,SUP_001,FAB_004,16578,7.06,117040.68,2024-02-21,2024-03-15,2024-03-17,23,25,2,0,98.34,Medium
PO_005785,SUP_015,FAB_009,7717,8.22,63433.74,2025-06-18,2025-07-24,2025-08-06,36,49,13,0,92.89,High
PO_005786,SUP_002,FAB_004,10379,7.87,81682.73,2025-07-07,2025-08-05,2025-08-05,29,29,0,1,90.66,Low
PO_005787,SUP_010,FAB_022,14324,5.48,78495.52,2025-10-14,2025-10-31,2025-11-12,17,29,12,0,89.45,High
PO_005788,SUP_016,FAB_025,17279,19.48,336594.92,2024-03-07,2024-03-23,2024-03-30,16,23,7,0,94.08,Medium
PO_005789,SUP_004,FAB_022,16392,5.07,83107.44,2024-09-21,2024-10-11,2024-10-18,20,27,7,0,92.01,Medium
PO_005790,SUP_002,FAB_013,16613,13.79,229093.27,2025-08-14,2025-08-31,2025-09-06,17,23,6,0,89.86,Medium
PO_005791,SUP_017,FAB_023,2605,7.59,19771.95,2024-09-28,2024-10-12,2024-10-13,14,15,1,0,99.94,Medium
PO_005792,SUP_023,FAB_007,10927,8.16,89164.32,2024-07-07,2024-07-29,2024-08-11,22,35,13,0,91.67,High
PO_005793,SUP_025,FAB_015,11062,13.15,145465.3,2024-05-17,2024-06-18,2024-06-18,32,32,0,1,91.78,Low
PO_005794,SUP_024,FAB_003,2525,16.11,40677.75,2025-11-13,2025-11-28,2025-11-29,15,16,1,0,95.61,Medium
PO_005795,SUP_008,FAB_027,8642,12.68,109580.56,2024-04-11,2024-04-25,2024-04-26,14,15,1,0,89.61,Medium
PO_005796,SUP_015,FAB_010,19183,5.34,102437.22,2024-08-21,2024-09-05,2024-09-10,15,20,5,0,90.91,Medium
PO_005797,SUP_018,FAB_024,8881,5.25,46625.25,2024-03-16,2024-04-01,2024-04-05,16,20,4,0,95.7,Medium
PO_005798,SUP_010,FAB_024,8602,4.93,42407.86,2024-12-26,2025-01-24,2025-01-25,29,30,1,0,97.99,Medium
PO_005799,SUP_015,FAB_009,17444,8.22,143389.68,2024-04-28,2024-06-03,2024-06-07,36,40,4,0,92.6,Medium
PO_005800,SUP_023,FAB_025,18021,20.24,364745.04,2025-06-27,2025-07-13,2025-07-15,16,18,2,0,90.61,Medium
PO_005801,SUP_005,FAB_017,1894,10.84,20530.96,2024-04-29,2024-05-31,2024-06-01,32,33,1,0,97.03,Medium
PO_005802,SUP_015,FAB_007,15522,8.43,130850.46,2025-01-24,2025-03-03,2025-03-09,38,44,6,0,88.87,Medium
PO_005803,SUP_012,FAB_008,9191,13.43,123435.13,2025-05-24,2025-06-28,2025-06-28,35,35,0,1,91.24,Low
PO_005804,SUP_025,FAB_005,4155,6.69,27796.95,2025-10-11,2025-11-01,2025-11-03,21,23,2,0,90.14,Medium
PO_005805,SUP_006,FAB_015,15761,13.95,219865.95,2025-09-08,2025-09-25,2025-09-25,17,17,0,1,94.68,Low
PO_005806,SUP_011,FAB_011,10097,6.37,64317.89,2024-09-22,2024-10-18,2024-10-21,26,29,3,0,91.0,Medium
PO_005807,SUP_023,FAB_017,2199,9.24,20318.76,2024-12-12,2025-01-18,2025-01-21,37,40,3,0,87.69,Medium
PO_005808,SUP_013,FAB_025,19325,18.47,356932.75,2025-10-16,2025-11-16,2025-11-26,31,41,10,0,91.73,High
PO_005809,SUP_003,FAB_022,2999,5.47,16404.53,2024-10-26,2024-11-26,2024-12-01,31,36,5,0,97.34,Medium
PO_005810,SUP_014,FAB_018,17323,11.55,200080.65,2025-10-22,2025-11-30,2025-12-06,39,45,6,0,93.01,Medium
PO_005811,SUP_001,FAB_017,16566,11.59,191999.94,2024-07-27,2024-08-31,2024-09-01,35,36,1,0,96.02,Medium
PO_005812,SUP_005,FAB_012,12600,13.26,167076.0,2025-10-27,2025-11-23,2025-11-23,27,27,0,1,100.0,Low
PO_005813,SUP_025,FAB_012,10759,13.62,146537.58,2025-01-11,2025-01-29,2025-01-30,18,19,1,0,94.7,Medium
PO_005814,SUP_005,FAB_012,5760,13.26,76377.6,2024-05-14,2024-06-10,2024-06-15,27,32,5,0,99.75,Medium
PO_005815,SUP_008,FAB_027,8070,12.68,102327.6,2024-07-07,2024-07-21,2024-07-21,14,14,0,1,88.25,Low
PO_005816,SUP_008,FAB_028,14861,16.49,245057.89,2024-11-11,2024-12-07,2024-12-12,26,31,5,0,96.1,Medium
PO_005817,SUP_001,FAB_025,4753,16.86,80135.58,2025-01-07,2025-02-03,2025-02-05,27,29,2,0,95.35,Medium
PO_005818,SUP_023,FAB_020,7012,8.76,61425.12,2024-06-21,2024-07-25,2024-07-28,34,37,3,0,92.06,Medium
PO_005819,SUP_019,FAB_013,9816,12.25,120246.0,2024-05-27,2024-06-10,2024-06-10,14,14,0,1,97.57,Low
PO_005820,SUP_021,FAB_019,6240,17.9,111696.0,2024-09-06,2024-10-04,2024-10-05,28,29,1,0,98.69,Medium
PO_005821,SUP_005,FAB_030,4714,15.73,74151.22,2024-02-20,2024-03-13,2024-03-19,22,28,6,0,99.36,Medium
PO_005822,SUP_007,FAB_019,13902,16.0,222432.0,2025-08-26,2025-10-05,2025-10-05,40,40,0,1,95.49,Low
PO_005823,SUP_023,FAB_020,2171,8.76,19017.96,2025-02-14,2025-03-20,2025-03-26,34,40,6,0,96.61,Medium
PO_005824,SUP_018,FAB_004,17804,7.39,131571.56,2025-03-13,2025-04-12,2025-04-12,30,30,0,1,100.0,Low
PO_005825,SUP_025,FAB_024,662,5.42,3588.04,2024-02-27,2024-03-18,2024-03-25,20,27,7,0,97.19,Medium
PO_005826,SUP_020,FAB_006,17714,15.75,278995.5,2024-12-13,2024-12-28,2025-01-13,15,31,16,0,89.46,High
PO_005827,SUP_004,FAB_014,1941,19.52,37888.32,2025-09-30,2025-10-20,2025-10-25,20,25,5,0,93.67,Medium
PO_005828,SUP_012,FAB_008,1178,13.43,15820.54,2024-07-13,2024-08-17,2024-08-17,35,35,0,1,89.67,Low
PO_005829,SUP_009,FAB_025,1001,19.05,19069.05,2024-04-18,2024-05-06,2024-05-09,18,21,3,0,100.0,Medium
PO_005830,SUP_005,FAB_014,18521,19.38,358936.98,2025-02-18,2025-03-22,2025-03-23,32,33,1,0,95.62,Medium
PO_005831,SUP_003,FAB_018,5075,10.14,51460.5,2024-01-12,2024-02-07,2024-02-12,26,31,5,0,90.12,Medium
PO_005832,SUP_013,FAB_024,5786,5.18,29971.48,2025-11-24,2025-12-23,2025-12-27,29,33,4,0,92.41,Medium
PO_005833,SUP_002,FAB_003,17801,16.83,299590.83,2024-10-29,2024-11-20,2024-11-24,22,26,4,0,93.72,Medium
PO_005834,SUP_007,FAB_019,2989,16.0,47824.0,2025-07-02,2025-08-11,2025-08-14,40,43,3,0,94.19,Medium
PO_005835,SUP_022,FAB_023,12201,7.57,92361.57,2024-09-13,2024-10-05,2024-10-09,22,26,4,0,94.74,Medium
PO_005836,SUP_022,FAB_015,4721,14.68,69304.28,2025-06-12,2025-07-16,2025-07-17,34,35,1,0,95.21,Medium
PO_005837,SUP_013,FAB_020,4500,8.4,37800.0,2024-04-01,2024-05-08,2024-05-16,37,45,8,0,88.85,High
PO_005838,SUP_023,FAB_024,18796,4.32,81198.72,2025-06-29,2025-07-30,2025-08-18,31,50,19,0,92.55,High
PO_005839,SUP_024,FAB_029,15197,9.81,149082.57,2024-05-21,2024-06-16,2024-06-19,26,29,3,0,93.04,Medium
PO_005840,SUP_021,FAB_007,13918,7.73,107586.14,2025-09-25,2025-10-30,2025-11-01,35,37,2,0,97.35,Medium
PO_005841,SUP_006,FAB_008,19964,16.35,326411.4,2024-06-21,2024-07-30,2024-08-03,39,43,4,0,94.74,Medium
PO_005842,SUP_012,FAB_016,16022,5.69,91165.18,2025-02-05,2025-02-21,2025-02-25,16,20,4,0,98.18,Medium
PO_005843,SUP_005,FAB_030,15362,15.73,241644.26,2024-06-09,2024-07-01,2024-07-01,22,22,0,1,97.76,Low
PO_005844,SUP_012,FAB_023,13436,7.53,101173.08,2024-10-04,2024-10-29,2024-11-02,25,29,4,0,100.0,Medium
PO_005845,SUP_013,FAB_015,19168,13.25,253976.0,2024-10-27,2024-12-02,2024-12-07,36,41,5,0,89.22,Medium
PO_005846,SUP_003,FAB_014,2036,19.82,40353.52,2025-06-12,2025-07-05,2025-07-08,23,26,3,0,95.75,Medium
PO_005847,SUP_019,FAB_011,18003,5.61,100996.83,2024-07-12,2024-07-27,2024-07-29,15,17,2,0,96.63,Medium
PO_005848,SUP_010,FAB_024,13697,4.93,67526.21,2025-08-17,2025-09-15,2025-09-19,29,33,4,0,93.38,Medium
PO_005849,SUP_005,FAB_021,10788,11.74,126651.12,2025-01-28,2025-02-18,2025-02-20,21,23,2,0,94.7,Medium
PO_005850,SUP_008,FAB_002,7762,12.75,98965.5,2024-08-17,2024-09-05,2024-09-08,19,22,3,0,91.62,Medium
PO_005851,SUP_010,FAB_029,16037,8.48,135993.76,2025-10-19,2025-11-03,2025-11-06,15,18,3,0,97.7,Medium
PO_005852,SUP_003,FAB_014,4153,19.82,82312.46,2024-10-10,2024-11-02,2024-11-04,23,25,2,0,92.77,Medium
PO_005853,SUP_016,FAB_009,10347,8.41,87018.27,2024-04-22,2024-05-30,2024-06-02,38,41,3,0,91.51,Medium
PO_005854,SUP_003,FAB_016,3272,4.92,16098.24,2025-06-04,2025-07-08,2025-07-12,34,38,4,0,96.62,Medium
PO_005855,SUP_012,FAB_030,18937,15.33,290304.21,2024-11-30,2024-12-27,2024-12-27,27,27,0,1,91.66,Low
PO_005856,SUP_003,FAB_023,14355,7.68,110246.4,2025-01-10,2025-01-24,2025-01-31,14,21,7,0,94.55,Medium
PO_005857,SUP_005,FAB_007,8370,7.27,60849.9,2024-02-01,2024-02-22,2024-02-23,21,22,1,0,98.54,Medium
PO_005858,SUP_013,FAB_024,590,5.18,3056.2,2025-01-13,2025-02-11,2025-02-15,29,33,4,0,88.85,Medium
PO_005859,SUP_007,FAB_018,6279,10.76,67562.04,2024-08-11,2024-08-28,2024-09-02,17,22,5,0,95.16,Medium
PO_005860,SUP_019,FAB_011,8327,5.61,46714.47,2025-06-20,2025-07-05,2025-07-24,15,34,19,0,91.9,High
PO_005861,SUP_011,FAB_027,10004,11.21,112144.84,2025-10-19,2025-11-15,2025-11-18,27,30,3,0,92.43,Medium
PO_005862,SUP_002,FAB_004,8968,7.87,70578.16,2024-09-01,2024-09-30,2024-10-01,29,30,1,0,91.45,Medium
PO_005863,SUP_013,FAB_020,17440,8.4,146496.0,2025-09-30,2025-11-06,2025-11-09,37,40,3,0,88.53,Medium
PO_005864,SUP_002,FAB_023,13551,7.36,99735.36,2024-08-19,2024-09-26,2024-09-27,38,39,1,0,93.7,Medium
PO_005865,SUP_025,FAB_008,7572,13.68,103584.96,2024-09-13,2024-10-17,2024-10-17,34,34,0,1,97.13,Low
PO_005866,SUP_001,FAB_007,18010,8.25,148582.5,2024-04-23,2024-05-28,2024-05-29,35,36,1,0,99.13,Medium
PO_005867,SUP_015,FAB_024,9297,5.13,47693.61,2024-03-30,2024-04-17,2024-04-21,18,22,4,0,96.25,Medium
PO_005868,SUP_023,FAB_017,13809,9.24,127595.16,2025-05-17,2025-06-23,2025-06-24,37,38,1,0,90.78,Medium
PO_005869,SUP_009,FAB_010,14537,5.01,72830.37,2024-10-17,2024-11-10,2024-11-12,24,26,2,0,94.54,Medium
PO_005870,SUP_015,FAB_018,12211,12.21,149096.31,2024-02-16,2024-03-17,2024-03-24,30,37,7,0,92.47,Medium
PO_005871,SUP_014,FAB_017,14892,11.32,168577.44,2025-06-30,2025-07-29,2025-07-30,29,30,1,0,92.19,Medium
PO_005872,SUP_013,FAB_025,14340,18.47,264859.8,2024-09-30,2024-10-31,2024-11-01,31,32,1,0,92.29,Medium
PO_005873,SUP_006,FAB_007,2070,7.38,15276.6,2025-09-14,2025-10-04,2025-10-07,20,23,3,0,91.63,Medium
PO_005874,SUP_005,FAB_007,15413,7.27,112052.51,2025-05-18,2025-06-08,2025-06-08,21,21,0,1,92.89,Low
PO_005875,SUP_021,FAB_014,14959,20.05,299927.95,2025-04-17,2025-05-10,2025-05-13,23,26,3,0,94.5,Medium
PO_005876,SUP_008,FAB_005,15727,6.91,108673.57,2024-10-03,2024-11-09,2024-11-13,37,41,4,0,89.55,Medium
PO_005877,SUP_002,FAB_030,16500,15.39,253935.0,2024-05-06,2024-06-12,2024-06-15,37,40,3,0,94.97,Medium
PO_005878,SUP_019,FAB_013,10495,12.25,128563.75,2024-06-25,2024-07-09,2024-07-09,14,14,0,1,91.16,Low
PO_005879,SUP_014,FAB_017,4690,11.32,53090.8,2025-04-30,2025-05-29,2025-05-31,29,31,2,0,88.58,Medium
PO_005880,SUP_009,FAB_009,5835,10.06,58700.1,2024-10-11,2024-11-19,2024-11-20,39,40,1,0,96.43,Medium
PO_005881,SUP_011,FAB_022,8986,5.56,49962.16,2025-08-27,2025-09-29,2025-09-29,33,33,0,1,92.97,Low
PO_005882,SUP_023,FAB_022,4586,5.21,23893.06,2024-03-21,2024-04-20,2024-04-20,30,30,0,1,92.26,Low
PO_005883,SUP_022,FAB_030,18782,18.31,343898.42,2024-06-10,2024-07-06,2024-07-08,26,28,2,0,87.51,Medium
PO_005884,SUP_008,FAB_023,12936,6.73,87059.28,2024-06-20,2024-07-22,2024-07-26,32,36,4,0,88.06,Medium
PO_005885,SUP_013,FAB_026,7206,11.83,85246.98,2024-01-19,2024-02-20,2024-02-29,32,41,9,0,94.51,High
PO_005886,SUP_001,FAB_007,17030,8.25,140497.5,2024-04-21,2024-05-26,2024-05-26,35,35,0,1,97.11,Low
PO_005887,SUP_014,FAB_003,8612,14.68,126424.16,2025-02-12,2025-03-21,2025-03-24,37,40,3,0,95.18,Medium
PO_005888,SUP_018,FAB_014,12205,19.73,240804.65,2025-10-01,2025-10-20,2025-10-23,19,22,3,0,92.42,Medium
PO_005889,SUP_010,FAB_018,10311,11.86,122288.46,2025-03-03,2025-03-20,2025-04-09,17,37,20,0,96.91,High
PO_005890,SUP_012,FAB_021,15570,12.26,190888.2,2024-12-11,2024-12-26,2024-12-26,15,15,0,1,91.85,Low
PO_005891,SUP_012,FAB_026,16306,11.82,192736.92,2024-08-02,2024-08-19,2024-08-20,17,18,1,0,90.04,Medium
PO_005892,SUP_002,FAB_025,12327,18.91,233103.57,2025-11-21,2025-12-17,2025-12-21,26,30,4,0,92.89,Medium
PO_005893,SUP_007,FAB_023,9848,6.79,66867.92,2024-02-26,2024-03-25,2024-03-27,28,30,2,0,86.26,Medium
PO_005894,SUP_003,FAB_028,19087,18.9,360744.3,2025-10-22,2025-11-06,2025-11-15,15,24,9,0,86.35,High
PO_005895,SUP_011,FAB_002,4913,14.61,71778.93,2025-05-17,2025-06-04,2025-06-08,18,22,4,0,94.32,Medium
PO_005896,SUP_019,FAB_019,2430,14.46,35137.8,2024-12-14,2025-01-14,2025-01-21,31,38,7,0,95.04,Medium
PO_005897,SUP_012,FAB_027,4427,12.77,56532.79,2024-09-28,2024-11-02,2024-11-03,35,36,1,0,94.7,Medium
PO_005898,SUP_006,FAB_018,3733,11.78,43974.74,2025-04-04,2025-05-11,2025-05-12,37,38,1,0,95.19,Medium
PO_005899,SUP_025,FAB_016,3013,5.26,15848.38,2025-03-13,2025-03-28,2025-03-28,15,15,0,1,97.17,Low
PO_005900,SUP_013,FAB_025,3746,18.47,69188.62,2024-09-01,2024-10-02,2024-10-09,31,38,7,0,90.96,Medium
PO_005901,SUP_013,FAB_016,5002,5.34,26710.68,2024-11-14,2024-11-29,2024-11-30,15,16,1,0,86.05,Medium
PO_005902,SUP_017,FAB_013,2494,11.71,29204.74,2025-02-02,2025-03-11,2025-03-17,37,43,6,0,91.79,Medium
PO_005903,SUP_009,FAB_015,2040,13.73,28009.2,2025-05-10,2025-06-07,2025-06-12,28,33,5,0,95.4,Medium
PO_005904,SUP_007,FAB_019,2498,16.0,39968.0,2025-10-06,2025-11-15,2025-11-17,40,42,2,0,92.59,Medium
PO_005905,SUP_008,FAB_002,1205,12.75,15363.75,2024-05-10,2024-05-29,2024-05-29,19,19,0,1,95.71,Low
PO_005906,SUP_018,FAB_028,9264,16.57,153504.48,2025-11-19,2025-12-12,2025-12-12,23,23,0,1,94.68,Low
PO_005907,SUP_008,FAB_025,5987,16.9,101180.3,2025-11-26,2025-12-27,2026-01-03,31,38,7,0,94.6,Medium
PO_005908,SUP_004,FAB_002,9474,12.42,117667.08,2024-11-28,2024-12-15,2024-12-21,17,23,6,0,89.73,Medium
PO_005909,SUP_019,FAB_019,16887,14.46,244186.02,2025-08-19,2025-09-19,2025-09-22,31,34,3,0,95.77,Medium
PO_005910,SUP_025,FAB_020,10202,9.52,97123.04,2025-03-30,2025-05-05,2025-05-05,36,36,0,1,95.79,Low
PO_005911,SUP_002,FAB_019,18612,17.14,319009.68,2025-11-01,2025-11-21,2025-11-24,20,23,3,0,91.38,Medium
PO_005912,SUP_017,FAB_021,11085,13.27,147097.95,2024-01-24,2024-02-21,2024-02-22,28,29,1,0,91.24,Medium
PO_005913,SUP_004,FAB_014,13681,19.52,267053.12,2024-07-24,2024-08-13,2024-08-13,20,20,0,1,94.71,Low
PO_005914,SUP_015,FAB_012,3970,12.48,49545.6,2025-11-24,2025-12-28,2026-01-04,34,41,7,0,93.78,Medium
PO_005915,SUP_002,FAB_006,12016,14.77,177476.32,2025-07-18,2025-08-14,2025-08-17,27,30,3,0,98.81,Medium
PO_005916,SUP_015,FAB_007,13015,8.43,109716.45,2024-05-13,2024-06-20,2024-06-27,38,45,7,0,92.11,Medium
PO_005917,SUP_020,FAB_006,17756,15.75,279657.0,2024-12-24,2025-01-08,2025-01-13,15,20,5,0,90.58,Medium
PO_005918,SUP_017,FAB_023,8030,7.59,60947.7,2024-06-20,2024-07-04,2024-07-11,14,21,7,0,91.9,Medium
PO_005919,SUP_002,FAB_019,8492,17.14,145552.88,2024-08-09,2024-08-29,2024-08-29,20,20,0,1,95.59,Low
PO_005920,SUP_007,FAB_012,3235,10.96,35455.6,2025-08-17,2025-09-08,2025-09-12,22,26,4,0,86.38,Medium
PO_005921,SUP_023,FAB_025,3151,20.24,63776.24,2025-02-13,2025-03-01,2025-03-12,16,27,11,0,92.35,High
PO_005922,SUP_014,FAB_001,9993,11.57,115619.01,2024-09-29,2024-10-27,2024-10-30,28,31,3,0,86.43,Medium
PO_005923,SUP_012,FAB_005,14746,7.19,106023.74,2025-05-07,2025-05-24,2025-05-29,17,22,5,0,93.65,Medium
PO_005924,SUP_007,FAB_011,16777,5.74,96299.98,2025-02-07,2025-03-15,2025-03-16,36,37,1,0,89.53,Medium
PO_005925,SUP_012,FAB_027,18965,12.77,242183.05,2025-06-10,2025-07-15,2025-07-18,35,38,3,0,92.83,Medium
PO_005926,SUP_007,FAB_018,6256,10.76,67314.56,2025-09-08,2025-09-25,2025-09-27,17,19,2,0,99.25,Medium
PO_005927,SUP_022,FAB_023,5139,7.57,38902.23,2024-09-13,2024-10-05,2024-10-07,22,24,2,0,95.28,Medium
PO_005928,SUP_012,FAB_016,1799,5.69,10236.31,2025-02-01,2025-02-17,2025-02-17,16,16,0,1,100.0,Low
PO_005929,SUP_008,FAB_025,10816,16.9,182790.4,2025-10-19,2025-11-19,2025-11-21,31,33,2,0,92.41,Medium
PO_005930,SUP_014,FAB_018,9912,11.55,114483.6,2024-06-20,2024-07-29,2024-08-04,39,45,6,0,90.92,Medium
PO_005931,SUP_008,FAB_024,4216,4.27,18002.32,2024-06-02,2024-07-06,2024-07-10,34,38,4,0,97.85,Medium
PO_005932,SUP_006,FAB_016,1658,4.91,8140.78,2024-06-15,2024-07-23,2024-07-30,38,45,7,0,94.77,Medium
PO_005933,SUP_003,FAB_022,17754,5.47,97114.38,2024-11-18,2024-12-19,2024-12-20,31,32,1,0,90.6,Medium
PO_005934,SUP_004,FAB_015,8418,13.72,115494.96,2024-08-08,2024-09-01,2024-09-05,24,28,4,0,91.37,Medium
PO_005935,SUP_020,FAB_006,7611,15.75,119873.25,2025-06-30,2025-07-15,2025-07-15,15,15,0,1,93.38,Low
PO_005936,SUP_013,FAB_013,1376,13.87,19085.12,2024-07-23,2024-08-12,2024-08-20,20,28,8,0,88.98,High
PO_005937,SUP_006,FAB_015,6107,13.95,85192.65,2024-09-27,2024-10-14,2024-10-14,17,17,0,1,90.93,Low
PO_005938,SUP_023,FAB_016,10433,5.8,60511.4,2024-06-11,2024-07-11,2024-07-22,30,41,11,0,90.01,High
PO_005939,SUP_016,FAB_022,11716,5.51,64555.16,2024-11-10,2024-12-17,2024-12-17,37,37,0,1,93.67,Low
PO_005940,SUP_018,FAB_005,14067,7.22,101563.74,2025-02-04,2025-03-15,2025-03-16,39,40,1,0,95.66,Medium
PO_005941,SUP_001,FAB_018,5367,11.04,59251.68,2025-10-01,2025-10-19,2025-10-20,18,19,1,0,92.79,Medium
PO_005942,SUP_012,FAB_023,19502,7.53,146850.06,2025-08-22,2025-09-16,2025-09-17,25,26,1,0,99.41,Medium
PO_005943,SUP_001,FAB_007,16310,8.25,134557.5,2025-06-13,2025-07-18,2025-07-21,35,38,3,0,96.09,Medium
PO_005944,SUP_007,FAB_019,18565,16.0,297040.0,2024-08-10,2024-09-19,2024-09-21,40,42,2,0,85.7,Medium
PO_005945,SUP_004,FAB_002,4125,12.42,51232.5,2025-01-20,2025-02-06,2025-02-07,17,18,1,0,87.78,Medium
PO_005946,SUP_019,FAB_024,13860,5.38,74566.8,2025-10-09,2025-10-23,2025-11-02,14,24,10,0,95.91,High
PO_005947,SUP_013,FAB_024,5706,5.18,29557.08,2024-06-26,2024-07-25,2024-07-31,29,35,6,0,98.64,Medium
PO_005948,SUP_018,FAB_004,8964,7.39,66243.96,2024-12-24,2025-01-23,2025-01-23,30,30,0,1,95.72,Low
PO_005949,SUP_025,FAB_025,17484,17.52,306319.68,2025-02-20,2025-03-17,2025-03-18,25,26,1,0,94.8,Medium
PO_005950,SUP_019,FAB_024,665,5.38,3577.7,2024-10-03,2024-10-17,2024-10-19,14,16,2,0,95.81,Medium
PO_005951,SUP_014,FAB_017,17429,11.32,197296.28,2025-06-21,2025-07-20,2025-07-23,29,32,3,0,87.39,Medium
PO_005952,SUP_001,FAB_001,11218,9.92,111282.56,2025-05-16,2025-05-31,2025-05-31,15,15,0,1,93.54,Low
PO_005953,SUP_022,FAB_023,15432,7.57,116820.24,2025-06-30,2025-07-22,2025-07-28,22,28,6,0,100.0,Medium
PO_005954,SUP_015,FAB_006,9594,15.2,145828.8,2024-01-22,2024-02-19,2024-02-21,28,30,2,0,91.16,Medium
PO_005955,SUP_021,FAB_021,18130,13.21,239497.3,2025-05-28,2025-06-13,2025-06-14,16,17,1,0,91.89,Medium
PO_005956,SUP_008,FAB_002,10133,12.75,129195.75,2024-08-25,2024-09-13,2024-09-14,19,20,1,0,98.69,Medium
PO_005957,SUP_018,FAB_015,11732,13.28,155800.96,2024-04-29,2024-05-14,2024-05-17,15,18,3,0,97.58,Medium
PO_005958,SUP_014,FAB_019,3287,16.12,52986.44,2024-02-15,2024-03-21,2024-03-28,35,42,7,0,87.02,Medium
PO_005959,SUP_013,FAB_021,6296,12.18,76685.28,2025-08-30,2025-10-01,2025-10-01,32,32,0,1,97.91,Low
PO_005960,SUP_012,FAB_022,11242,4.72,53062.24,2025-09-05,2025-10-02,2025-10-04,27,29,2,0,99.94,Medium
PO_005961,SUP_025,FAB_020,17411,9.52,165752.72,2025-09-30,2025-11-05,2025-11-06,36,37,1,0,98.2,Medium
PO_005962,SUP_022,FAB_030,12361,18.31,226329.91,2025-02-19,2025-03-17,2025-03-18,26,27,1,0,95.82,Medium
PO_005963,SUP_008,FAB_011,16699,5.27,88003.73,2025-08-21,2025-09-11,2025-09-17,21,27,6,0,98.52,Medium
PO_005964,SUP_013,FAB_024,5268,5.18,27288.24,2024-06-08,2024-07-07,2024-07-09,29,31,2,0,90.63,Medium
PO_005965,SUP_016,FAB_014,16294,20.14,328161.16,2024-02-04,2024-03-02,2024-03-04,27,29,2,0,96.8,Medium
PO_005966,SUP_005,FAB_014,19675,19.38,381301.5,2025-10-04,2025-11-05,2025-11-08,32,35,3,0,92.0,Medium
PO_005967,SUP_002,FAB_027,1071,11.4,12209.4,2025-07-17,2025-08-17,2025-08-17,31,31,0,1,96.94,Low
PO_005968,SUP_014,FAB_003,14245,14.68,209116.6,2025-03-12,2025-04-18,2025-04-21,37,40,3,0,94.16,Medium
PO_005969,SUP_015,FAB_008,639,13.31,8505.09,2024-02-21,2024-03-09,2024-03-11,17,19,2,0,89.63,Medium
PO_005970,SUP_020,FAB_030,11834,15.13,179048.42,2024-10-05,2024-10-24,2024-11-05,19,31,12,0,91.23,High
PO_005971,SUP_008,FAB_005,515,6.91,3558.65,2025-05-02,2025-06-08,2025-06-10,37,39,2,0,95.83,Medium
PO_005972,SUP_020,FAB_006,12470,15.75,196402.5,2025-04-03,2025-04-18,2025-04-20,15,17,2,0,90.84,Medium
PO_005973,SUP_020,FAB_004,14466,8.06,116595.96,2024-07-08,2024-07-31,2024-08-08,23,31,8,0,92.59,High
PO_005974,SUP_020,FAB_009,16279,9.98,162464.42,2025-08-02,2025-08-19,2025-08-25,17,23,6,0,97.52,Medium
PO_005975,SUP_012,FAB_027,14197,12.77,181295.69,2025-10-30,2025-12-04,2025-12-04,35,35,0,1,97.4,Low
PO_005976,SUP_004,FAB_002,3603,12.42,44749.26,2024-04-26,2024-05-13,2024-05-18,17,22,5,0,95.4,Medium
PO_005977,SUP_007,FAB_004,6016,8.1,48729.6,2025-07-10,2025-07-26,2025-07-29,16,19,3,0,97.56,Medium
PO_005978,SUP_009,FAB_025,14681,19.05,279673.05,2025-08-24,2025-09-11,2025-09-11,18,18,0,1,94.55,Low
PO_005979,SUP_019,FAB_012,6110,12.38,75641.8,2024-05-22,2024-07-01,2024-07-02,40,41,1,0,91.52,Medium
PO_005980,SUP_010,FAB_018,6270,11.86,74362.2,2024-06-10,2024-06-27,2024-06-28,17,18,1,0,94.2,Medium
PO_005981,SUP_022,FAB_001,1500,9.5,14250.0,2025-05-25,2025-06-14,2025-06-16,20,22,2,0,95.05,Medium
PO_005982,SUP_024,FAB_003,10079,16.11,162372.69,2024-05-29,2024-06-13,2024-06-22,15,24,9,0,98.3,High
PO_005983,SUP_022,FAB_001,19652,9.5,186694.0,2024-05-22,2024-06-11,2024-06-15,20,24,4,0,93.97,Medium
PO_005984,SUP_012,FAB_028,11161,16.72,186611.92,2025-05-11,2025-05-31,2025-05-31,20,20,0,1,95.78,Low
PO_005985,SUP_022,FAB_021,16156,13.91,224729.96,2025-07-21,2025-08-12,2025-08-13,22,23,1,0,93.67,Medium
PO_005986,SUP_017,FAB_005,19535,6.39,124828.65,2025-07-06,2025-08-05,2025-08-11,30,36,6,0,89.77,Medium
PO_005987,SUP_001,FAB_017,6457,11.59,74836.63,2025-11-28,2026-01-02,2026-01-02,35,35,0,1,94.8,Low
PO_005988,SUP_012,FAB_030,16141,15.33,247441.53,2025-03-02,2025-03-29,2025-03-29,27,27,0,1,96.84,Low
PO_005989,SUP_015,FAB_001,15723,11.17,175625.91,2025-05-16,2025-06-24,2025-06-27,39,42,3,0,97.69,Medium
PO_005990,SUP_018,FAB_004,2005,7.39,14816.95,2025-04-03,2025-05-03,2025-05-08,30,35,5,0,100.0,Medium
PO_005991,SUP_007,FAB_018,9799,10.76,105437.24,2024-02-12,2024-02-29,2024-03-03,17,20,3,0,96.56,Medium
PO_005992,SUP_018,FAB_012,14415,13.73,197917.95,2025-06-25,2025-07-28,2025-07-28,33,33,0,1,97.02,Low
PO_005993,SUP_023,FAB_020,2928,8.76,25649.28,2025-05-21,2025-06-24,2025-06-28,34,38,4,0,90.06,Medium
PO_005994,SUP_001,FAB_004,8709,7.06,61485.54,2024-01-31,2024-02-23,2024-02-23,23,23,0,1,95.54,Low
PO_005995,SUP_015,FAB_012,13085,12.48,163300.8,2024-08-20,2024-09-23,2024-09-29,34,40,6,0,88.13,Medium
PO_005996,SUP_001,FAB_018,18052,11.04,199294.08,2024-11-29,2024-12-17,2024-12-18,18,19,1,0,97.32,Medium
PO_005997,SUP_025,FAB_025,11523,17.52,201882.96,2024-05-17,2024-06-11,2024-06-13,25,27,2,0,94.38,Medium
PO_005998,SUP_015,FAB_018,10576,12.21,129132.96,2024-11-16,2024-12-16,2024-12-18,30,32,2,0,92.87,Medium
PO_005999,SUP_008,FAB_024,6137,4.27,26204.99,2024-11-06,2024-12-10,2024-12-16,34,40,6,0,89.55,Medium
PO_006000,SUP_006,FAB_010,3984,5.13,20437.92,2024-10-09,2024-11-04,2024-11-05,26,27,1,0,88.6,Medium
PO_006001,SUP_022,FAB_020,3774,10.02,37815.48,2025-10-19,2025-11-16,2025-11-16,28,28,0,1,97.03,Low
PO_006002,SUP_018,FAB_005,2706,7.22,19537.32,2025-04-20,2025-05-29,2025-05-29,39,39,0,1,100.0,Low
PO_006003,SUP_021,FAB_005,14858,7.53,111880.74,2025-11-27,2025-12-25,2025-12-30,28,33,5,0,95.04,Medium
PO_006004,SUP_007,FAB_018,1717,10.76,18474.92,2024-11-16,2024-12-03,2024-12-04,17,18,1,0,90.97,Medium
PO_006005,SUP_006,FAB_001,19839,9.25,183510.75,2024-03-09,2024-04-13,2024-04-17,35,39,4,0,94.27,Medium
PO_006006,SUP_021,FAB_003,8334,17.73,147761.82,2025-03-04,2025-03-24,2025-03-29,20,25,5,0,98.04,Medium
PO_006007,SUP_005,FAB_014,4510,19.38,87403.8,2025-07-13,2025-08-14,2025-08-14,32,32,0,1,91.82,Low
PO_006008,SUP_007,FAB_016,11118,4.91,54589.38,2025-01-27,2025-02-22,2025-02-22,26,26,0,1,99.78,Low
PO_006009,SUP_002,FAB_013,6358,13.79,87676.82,2024-01-14,2024-01-31,2024-02-02,17,19,2,0,95.18,Medium
PO_006010,SUP_008,FAB_005,3549,6.91,24523.59,2025-07-02,2025-08-08,2025-08-11,37,40,3,0,86.24,Medium
PO_006011,SUP_020,FAB_004,14040,8.06,113162.4,2024-04-11,2024-05-04,2024-05-12,23,31,8,0,93.3,High
PO_006012,SUP_016,FAB_021,3635,13.4,48709.0,2024-10-31,2024-11-23,2024-11-29,23,29,6,0,92.62,Medium
PO_006013,SUP_018,FAB_004,10951,7.39,80927.89,2024-04-29,2024-05-29,2024-05-30,30,31,1,0,99.79,Medium
PO_006014,SUP_008,FAB_024,13136,4.27,56090.72,2025-04-27,2025-05-31,2025-05-31,34,34,0,1,93.97,Low
PO_006015,SUP_004,FAB_011,4726,6.56,31002.56,2025-01-26,2025-02-27,2025-02-28,32,33,1,0,94.3,Medium
PO_006016,SUP_021,FAB_014,4997,20.05,100189.85,2025-03-01,2025-03-24,2025-03-24,23,23,0,1,93.86,Low
PO_006017,SUP_003,FAB_006,12128,16.44,199384.32,2025-09-25,2025-10-22,2025-11-06,27,42,15,0,89.47,High
PO_006018,SUP_005,FAB_026,12792,13.45,172052.4,2024-04-24,2024-06-01,2024-06-04,38,41,3,0,89.71,Medium
PO_006019,SUP_007,FAB_016,14425,4.91,70826.75,2024-07-26,2024-08-21,2024-08-31,26,36,10,0,97.66,High
PO_006020,SUP_014,FAB_009,10778,8.16,87948.48,2024-02-23,2024-03-13,2024-03-19,19,25,6,0,87.71,Medium
PO_006021,SUP_023,FAB_016,6375,5.8,36975.0,2024-08-18,2024-09-17,2024-09-22,30,35,5,0,95.87,Medium
PO_006022,SUP_001,FAB_017,5329,11.59,61763.11,2024-08-06,2024-09-10,2024-09-10,35,35,0,1,100.0,Low
PO_006023,SUP_006,FAB_016,2568,4.91,12608.88,2024-09-24,2024-11-01,2024-11-02,38,39,1,0,96.39,Medium
PO_006024,SUP_010,FAB_005,5672,6.79,38512.88,2024-06-05,2024-06-24,2024-06-27,19,22,3,0,92.57,Medium
PO_006025,SUP_002,FAB_023,6938,7.36,51063.68,2024-12-22,2025-01-29,2025-01-29,38,38,0,1,100.0,Low
PO_006026,SUP_007,FAB_011,10251,5.74,58840.74,2025-06-30,2025-08-05,2025-08-09,36,40,4,0,85.78,Medium
PO_006027,SUP_006,FAB_015,1794,13.95,25026.3,2025-10-18,2025-11-04,2025-11-06,17,19,2,0,89.28,Medium
PO_006028,SUP_013,FAB_022,2725,5.44,14824.0,2024-10-02,2024-11-11,2024-11-13,40,42,2,0,98.53,Medium
PO_006029,SUP_020,FAB_006,13709,15.75,215916.75,2024-02-08,2024-02-23,2024-02-28,15,20,5,0,89.6,Medium
PO_006030,SUP_007,FAB_004,19815,8.1,160501.5,2024-04-11,2024-04-27,2024-05-04,16,23,7,0,91.41,Medium
PO_006031,SUP_025,FAB_002,10479,14.8,155089.2,2024-09-15,2024-10-05,2024-10-06,20,21,1,0,100.0,Medium
PO_006032,SUP_020,FAB_010,15782,5.04,79541.28,2025-06-17,2025-07-17,2025-07-18,30,31,1,0,91.92,Medium
PO_006033,SUP_010,FAB_006,12193,16.62,202647.66,2024-08-11,2024-09-16,2024-09-18,36,38,2,0,96.9,Medium
PO_006034,SUP_003,FAB_018,17406,10.14,176496.84,2024-01-14,2024-02-09,2024-02-11,26,28,2,0,88.86,Medium
PO_006035,SUP_011,FAB_022,10874,5.56,60459.44,2025-11-09,2025-12-12,2025-12-16,33,37,4,0,93.1,Medium
PO_006036,SUP_017,FAB_015,15513,14.49,224783.37,2025-09-26,2025-10-18,2025-10-21,22,25,3,0,92.32,Medium
PO_006037,SUP_003,FAB_006,9638,16.44,158448.72,2024-03-07,2024-04-03,2024-04-05,27,29,2,0,86.68,Medium
PO_006038,SUP_001,FAB_001,3013,9.92,29888.96,2024-08-27,2024-09-11,2024-09-11,15,15,0,1,96.3,Low
PO_006039,SUP_025,FAB_015,7942,13.15,104437.3,2024-05-12,2024-06-13,2024-06-17,32,36,4,0,88.24,Medium
PO_006040,SUP_018,FAB_004,18809,7.39,138998.51,2024-08-14,2024-09-13,2024-09-14,30,31,1,0,98.35,Medium
PO_006041,SUP_006,FAB_014,9298,16.46,153045.08,2025-07-22,2025-08-11,2025-08-11,20,20,0,1,90.05,Low
PO_006042,SUP_011,FAB_021,9789,13.4,131172.6,2024-04-22,2024-05-31,2024-06-02,39,41,2,0,100.0,Medium
PO_006043,SUP_018,FAB_015,744,13.28,9880.32,2025-08-17,2025-09-01,2025-09-01,15,15,0,1,89.14,Low
PO_006044,SUP_025,FAB_005,7094,6.69,47458.86,2025-03-13,2025-04-03,2025-04-03,21,21,0,1,92.08,Low
PO_006045,SUP_018,FAB_008,2948,14.6,43040.8,2025-07-03,2025-07-19,2025-07-21,16,18,2,0,100.0,Medium
PO_006046,SUP_017,FAB_007,10523,6.62,69662.26,2025-06-24,2025-07-15,2025-07-16,21,22,1,0,88.01,Medium
PO_006047,SUP_021,FAB_003,6463,17.73,114588.99,2024-01-18,2024-02-07,2024-02-09,20,22,2,0,100.0,Medium
PO_006048,SUP_023,FAB_006,4484,14.79,66318.36,2025-07-03,2025-08-07,2025-08-17,35,45,10,0,89.86,High
PO_006049,SUP_020,FAB_030,12419,15.13,187899.47,2025-03-05,2025-03-24,2025-04-05,19,31,12,0,90.03,High
PO_006050,SUP_025,FAB_020,11719,9.52,111564.88,2024-09-19,2024-10-25,2024-10-25,36,36,0,1,100.0,Low
PO_006051,SUP_012,FAB_027,12204,12.77,155845.08,2024-08-07,2024-09-11,2024-09-13,35,37,2,0,98.56,Medium
PO_006052,SUP_017,FAB_005,10661,6.39,68123.79,2024-06-12,2024-07-12,2024-07-16,30,34,4,0,95.2,Medium
PO_006053,SUP_007,FAB_018,14431,10.76,155277.56,2024-06-07,2024-06-24,2024-06-25,17,18,1,0,94.14,Medium
PO_006054,SUP_002,FAB_005,12647,6.1,77146.7,2025-05-22,2025-06-20,2025-06-23,29,32,3,0,93.29,Medium
PO_006055,SUP_008,FAB_002,526,12.75,6706.5,2024-07-17,2024-08-05,2024-08-07,19,21,2,0,92.73,Medium
PO_006056,SUP_002,FAB_004,10585,7.87,83303.95,2025-01-25,2025-02-23,2025-03-02,29,36,7,0,100.0,Medium
PO_006057,SUP_012,FAB_021,5525,12.26,67736.5,2025-11-02,2025-11-17,2025-11-17,15,15,0,1,86.43,Low
PO_006058,SUP_017,FAB_007,18402,6.62,121821.24,2024-06-07,2024-06-28,2024-07-03,21,26,5,0,88.67,Medium
PO_006059,SUP_013,FAB_015,9451,13.25,125225.75,2024-10-27,2024-12-02,2024-12-03,36,37,1,0,94.74,Medium
PO_006060,SUP_001,FAB_010,12865,5.36,68956.4,2025-01-19,2025-02-13,2025-02-13,25,25,0,1,100.0,Low
PO_006061,SUP_002,FAB_013,18369,13.79,253308.51,2024-07-31,2024-08-17,2024-08-19,17,19,2,0,96.65,Medium
PO_006062,SUP_023,FAB_018,2937,12.17,35743.29,2024-05-16,2024-06-12,2024-06-18,27,33,6,0,95.06,Medium
PO_006063,SUP_023,FAB_028,3762,15.73,59176.26,2024-04-03,2024-04-27,2024-04-29,24,26,2,0,94.44,Medium
PO_006064,SUP_003,FAB_023,7432,7.68,57077.76,2025-02-13,2025-02-27,2025-03-01,14,16,2,0,91.0,Medium
PO_006065,SUP_012,FAB_008,19268,13.43,258769.24,2024-08-27,2024-10-01,2024-10-03,35,37,2,0,93.81,Medium
PO_006066,SUP_001,FAB_007,4470,8.25,36877.5,2024-10-06,2024-11-10,2024-11-11,35,36,1,0,99.21,Medium
PO_006067,SUP_006,FAB_001,5259,9.25,48645.75,2025-05-23,2025-06-27,2025-06-30,35,38,3,0,98.21,Medium
PO_006068,SUP_003,FAB_023,15868,7.68,121866.24,2024-07-16,2024-07-30,2024-08-04,14,19,5,0,85.16,Medium
PO_006069,SUP_024,FAB_015,10215,12.36,126257.4,2025-08-26,2025-09-22,2025-09-25,27,30,3,0,94.09,Medium
PO_006070,SUP_010,FAB_018,3586,11.86,42529.96,2024-01-07,2024-01-24,2024-01-29,17,22,5,0,94.28,Medium
PO_006071,SUP_022,FAB_015,11649,14.68,171007.32,2024-09-09,2024-10-13,2024-10-13,34,34,0,1,91.15,Low
PO_006072,SUP_003,FAB_018,10465,10.14,106115.1,2024-07-10,2024-08-05,2024-08-05,26,26,0,1,88.19,Low
PO_006073,SUP_010,FAB_015,3485,12.31,42900.35,2024-07-27,2024-08-31,2024-09-01,35,36,1,0,93.89,Medium
PO_006074,SUP_002,FAB_003,6406,16.83,107812.98,2025-08-08,2025-08-30,2025-08-30,22,22,0,1,97.99,Low
PO_006075,SUP_023,FAB_025,19463,20.24,393931.12,2025-04-12,2025-04-28,2025-04-29,16,17,1,0,98.61,Medium
PO_006076,SUP_003,FAB_018,4860,10.14,49280.4,2025-03-17,2025-04-12,2025-04-17,26,31,5,0,96.17,Medium
PO_006077,SUP_010,FAB_021,15847,13.79,218530.13,2025-08-25,2025-10-04,2025-10-07,40,43,3,0,91.42,Medium
PO_006078,SUP_004,FAB_015,7139,13.72,97947.08,2024-10-20,2024-11-13,2024-11-18,24,29,5,0,96.93,Medium
PO_006079,SUP_011,FAB_021,14309,13.4,191740.6,2025-07-16,2025-08-24,2025-08-25,39,40,1,0,96.42,Medium
PO_006080,SUP_003,FAB_006,3200,16.44,52608.0,2024-10-14,2024-11-10,2024-11-11,27,28,1,0,93.87,Medium
PO_006081,SUP_004,FAB_017,11662,11.49,133996.38,2025-09-16,2025-10-18,2025-10-25,32,39,7,0,89.49,Medium
PO_006082,SUP_013,FAB_021,8448,12.18,102896.64,2024-04-17,2024-05-19,2024-05-21,32,34,2,0,97.06,Medium
PO_006083,SUP_016,FAB_021,1950,13.4,26130.0,2024-01-22,2024-02-14,2024-02-19,23,28,5,0,94.95,Medium
PO_006084,SUP_019,FAB_013,5539,12.25,67852.75,2024-07-05,2024-07-19,2024-07-19,14,14,0,1,93.28,Low
PO_006085,SUP_018,FAB_028,17928,16.57,297066.96,2024-08-21,2024-09-13,2024-09-14,23,24,1,0,92.51,Medium
PO_006086,SUP_019,FAB_010,19858,4.57,90751.06,2025-02-19,2025-03-21,2025-03-25,30,34,4,0,93.73,Medium
PO_006087,SUP_020,FAB_030,1311,15.13,19835.43,2025-02-08,2025-02-27,2025-03-04,19,24,5,0,89.04,Medium
PO_006088,SUP_025,FAB_025,11705,17.52,205071.6,2024-05-04,2024-05-29,2024-05-30,25,26,1,0,100.0,Medium
PO_006089,SUP_015,FAB_001,18407,11.17,205606.19,2024-03-25,2024-05-03,2024-05-11,39,47,8,0,95.84,High
PO_006090,SUP_004,FAB_022,8687,5.07,44043.09,2024-08-15,2024-09-04,2024-09-07,20,23,3,0,99.85,Medium
PO_006091,SUP_015,FAB_012,17396,12.48,217102.08,2024-07-03,2024-08-06,2024-08-07,34,35,1,0,97.3,Medium
PO_006092,SUP_024,FAB_021,6593,11.96,78852.28,2025-10-03,2025-10-20,2025-10-23,17,20,3,0,86.52,Medium
PO_006093,SUP_008,FAB_025,9458,16.9,159840.2,2024-10-08,2024-11-08,2024-11-09,31,32,1,0,97.48,Medium
PO_006094,SUP_002,FAB_019,4663,17.14,79923.82,2024-10-14,2024-11-03,2024-11-06,20,23,3,0,97.87,Medium
PO_006095,SUP_001,FAB_010,10624,5.36,56944.64,2024-07-02,2024-07-27,2024-07-27,25,25,0,1,97.28,Low
PO_006096,SUP_014,FAB_001,9907,11.57,114623.99,2025-10-14,2025-11-11,2025-11-16,28,33,5,0,93.96,Medium
PO_006097,SUP_002,FAB_019,19772,17.14,338892.08,2024-03-30,2024-04-19,2024-04-22,20,23,3,0,92.01,Medium
PO_006098,SUP_021,FAB_005,19043,7.53,143393.79,2025-06-15,2025-07-13,2025-07-16,28,31,3,0,98.29,Medium
PO_006099,SUP_007,FAB_002,9012,15.33,138153.96,2025-01-26,2025-02-10,2025-02-15,15,20,5,0,94.92,Medium
PO_006100,SUP_011,FAB_011,7683,6.37,48940.71,2025-03-17,2025-04-12,2025-04-20,26,34,8,0,96.98,High
PO_006101,SUP_023,FAB_025,8609,20.24,174246.16,2025-05-02,2025-05-18,2025-05-18,16,16,0,1,95.37,Low
PO_006102,SUP_009,FAB_012,11084,11.07,122699.88,2025-02-24,2025-03-25,2025-03-25,29,29,0,1,94.71,Low
PO_006103,SUP_006,FAB_016,5829,4.91,28620.39,2025-02-20,2025-03-30,2025-04-06,38,45,7,0,95.27,Medium
PO_006104,SUP_002,FAB_003,3038,16.83,51129.54,2024-07-03,2024-07-25,2024-07-26,22,23,1,0,91.38,Medium
PO_006105,SUP_009,FAB_019,4116,17.77,73141.32,2024-09-06,2024-09-28,2024-09-28,22,22,0,1,100.0,Low
PO_006106,SUP_011,FAB_021,13994,13.4,187519.6,2024-06-01,2024-07-10,2024-07-13,39,42,3,0,99.1,Medium
PO_006107,SUP_003,FAB_022,2632,5.47,14397.04,2024-03-27,2024-04-27,2024-05-01,31,35,4,0,90.12,Medium
PO_006108,SUP_010,FAB_016,16611,4.77,79234.47,2025-07-06,2025-07-26,2025-08-08,20,33,13,0,87.36,High
PO_006109,SUP_004,FAB_011,13960,6.56,91577.6,2024-10-29,2024-11-30,2024-12-10,32,42,10,0,96.97,High
PO_006110,SUP_017,FAB_015,7629,14.49,110544.21,2024-11-04,2024-11-26,2024-11-30,22,26,4,0,90.61,Medium
PO_006111,SUP_016,FAB_025,9466,19.48,184397.68,2025-04-25,2025-05-11,2025-05-18,16,23,7,0,100.0,Medium
PO_006112,SUP_002,FAB_030,15425,15.39,237390.75,2024-06-03,2024-07-10,2024-07-11,37,38,1,0,91.23,Medium
PO_006113,SUP_006,FAB_018,18663,11.78,219850.14,2025-10-08,2025-11-14,2025-11-21,37,44,7,0,98.72,Medium
PO_006114,SUP_008,FAB_021,15795,12.27,193804.65,2025-11-24,2025-12-12,2025-12-12,18,18,0,1,96.67,Low
PO_006115,SUP_018,FAB_028,19156,16.57,317414.92,2024-12-01,2024-12-24,2024-12-27,23,26,3,0,98.08,Medium
PO_006116,SUP_008,FAB_002,5315,12.75,67766.25,2024-05-24,2024-06-12,2024-06-12,19,19,0,1,96.48,Low
PO_006117,SUP_008,FAB_023,18619,6.73,125305.87,2025-04-22,2025-05-24,2025-05-29,32,37,5,0,91.94,Medium
PO_006118,SUP_024,FAB_021,7835,11.96,93706.6,2025-01-26,2025-02-12,2025-02-18,17,23,6,0,91.32,Medium
PO_006119,SUP_011,FAB_030,6929,15.43,106914.47,2025-03-25,2025-04-11,2025-04-12,17,18,1,0,90.28,Medium
PO_006120,SUP_005,FAB_007,19523,7.27,141932.21,2024-05-17,2024-06-07,2024-06-09,21,23,2,0,93.35,Medium
PO_006121,SUP_013,FAB_016,7914,5.34,42260.76,2024-01-14,2024-01-29,2024-01-30,15,16,1,0,97.07,Medium
PO_006122,SUP_002,FAB_003,4567,16.83,76862.61,2024-08-11,2024-09-02,2024-09-05,22,25,3,0,93.91,Medium
PO_006123,SUP_010,FAB_016,15325,4.77,73100.25,2025-03-22,2025-04-11,2025-04-21,20,30,10,0,89.28,High
PO_006124,SUP_006,FAB_026,18374,12.79,235003.46,2025-07-11,2025-07-27,2025-08-02,16,22,6,0,96.94,Medium
PO_006125,SUP_011,FAB_027,12459,11.21,139665.39,2025-07-23,2025-08-19,2025-08-19,27,27,0,1,95.31,Low
PO_006126,SUP_022,FAB_015,4625,14.68,67895.0,2024-06-04,2024-07-08,2024-07-09,34,35,1,0,96.3,Medium
PO_006127,SUP_007,FAB_012,6003,10.96,65792.88,2024-12-31,2025-01-22,2025-01-26,22,26,4,0,93.78,Medium
PO_006128,SUP_016,FAB_021,8021,13.4,107481.4,2024-10-17,2024-11-09,2024-11-13,23,27,4,0,88.07,Medium
PO_006129,SUP_020,FAB_005,5111,6.02,30768.22,2024-07-24,2024-08-24,2024-08-27,31,34,3,0,85.14,Medium
PO_006130,SUP_016,FAB_025,13485,19.48,262687.8,2024-11-13,2024-11-29,2024-12-01,16,18,2,0,89.29,Medium
PO_006131,SUP_013,FAB_025,10202,18.47,188430.94,2025-03-04,2025-04-04,2025-04-04,31,31,0,1,90.07,Low
PO_006132,SUP_025,FAB_006,1404,16.41,23039.64,2025-10-22,2025-11-08,2025-11-09,17,18,1,0,96.14,Medium
PO_006133,SUP_007,FAB_016,3036,4.91,14906.76,2024-03-22,2024-04-17,2024-04-28,26,37,11,0,88.89,High
PO_006134,SUP_006,FAB_015,8688,13.95,121197.6,2025-10-03,2025-10-20,2025-10-21,17,18,1,0,85.83,Medium
PO_006135,SUP_013,FAB_015,4872,13.25,64554.0,2024-09-11,2024-10-17,2024-10-18,36,37,1,0,90.55,Medium
PO_006136,SUP_018,FAB_007,11160,7.44,83030.4,2024-01-21,2024-02-27,2024-03-01,37,40,3,0,97.58,Medium
PO_006137,SUP_022,FAB_005,6212,7.26,45099.12,2024-04-02,2024-04-25,2024-04-25,23,23,0,1,90.47,Low
PO_006138,SUP_011,FAB_022,7543,5.56,41939.08,2024-12-21,2025-01-23,2025-01-26,33,36,3,0,95.99,Medium
PO_006139,SUP_010,FAB_015,3719,12.31,45780.89,2024-05-19,2024-06-23,2024-07-03,35,45,10,0,86.97,High
PO_006140,SUP_005,FAB_016,10387,5.84,60660.08,2025-06-22,2025-07-20,2025-07-23,28,31,3,0,92.29,Medium
PO_006141,SUP_022,FAB_007,11777,8.25,97160.25,2025-09-19,2025-10-18,2025-10-21,29,32,3,0,99.75,Medium
PO_006142,SUP_025,FAB_005,2208,6.69,14771.52,2024-06-27,2024-07-18,2024-07-20,21,23,2,0,100.0,Medium
PO_006143,SUP_010,FAB_022,15460,5.48,84720.8,2025-10-03,2025-10-20,2025-10-24,17,21,4,0,90.88,Medium
PO_006144,SUP_011,FAB_030,8015,15.43,123671.45,2025-11-09,2025-11-26,2025-11-27,17,18,1,0,93.38,Medium
PO_006145,SUP_013,FAB_016,13873,5.34,74081.82,2025-04-08,2025-04-23,2025-04-30,15,22,7,0,90.08,Medium
PO_006146,SUP_013,FAB_015,14195,13.25,188083.75,2025-05-24,2025-06-29,2025-07-09,36,46,10,0,99.07,High
PO_006147,SUP_015,FAB_009,1483,8.22,12190.26,2025-07-02,2025-08-07,2025-08-08,36,37,1,0,95.48,Medium
PO_006148,SUP_013,FAB_021,13962,12.18,170057.16,2025-08-06,2025-09-07,2025-09-09,32,34,2,0,94.07,Medium
PO_006149,SUP_001,FAB_007,10393,8.25,85742.25,2024-06-30,2024-08-04,2024-08-04,35,35,0,1,94.04,Low
PO_006150,SUP_019,FAB_016,1591,5.34,8495.94,2025-01-30,2025-02-22,2025-02-26,23,27,4,0,89.22,Medium
PO_006151,SUP_011,FAB_030,18289,15.43,282199.27,2024-03-03,2024-03-20,2024-03-20,17,17,0,1,92.98,Low
PO_006152,SUP_019,FAB_028,5043,16.65,83965.95,2025-10-19,2025-11-23,2025-11-24,35,36,1,0,97.25,Medium
PO_006153,SUP_019,FAB_012,17273,12.38,213839.74,2024-05-24,2024-07-03,2024-07-09,40,46,6,0,91.33,Medium
PO_006154,SUP_014,FAB_017,17428,11.32,197284.96,2025-05-08,2025-06-06,2025-06-11,29,34,5,0,95.04,Medium
PO_006155,SUP_015,FAB_009,3493,8.22,28712.46,2024-01-20,2024-02-25,2024-02-26,36,37,1,0,99.2,Medium
PO_006156,SUP_005,FAB_021,11222,11.74,131746.28,2024-08-27,2024-09-17,2024-09-17,21,21,0,1,96.26,Low
PO_006157,SUP_024,FAB_029,669,9.81,6562.89,2024-07-29,2024-08-24,2024-08-26,26,28,2,0,91.64,Medium
PO_006158,SUP_002,FAB_005,3502,6.1,21362.2,2025-02-01,2025-03-02,2025-03-02,29,29,0,1,92.99,Low
PO_006159,SUP_009,FAB_019,11477,17.77,203946.29,2024-09-11,2024-10-03,2024-10-04,22,23,1,0,97.14,Medium
PO_006160,SUP_014,FAB_003,6837,14.68,100367.16,2025-11-11,2025-12-18,2025-12-19,37,38,1,0,92.77,Medium
PO_006161,SUP_013,FAB_022,8498,5.44,46229.12,2024-03-22,2024-05-01,2024-05-04,40,43,3,0,95.46,Medium
PO_006162,SUP_023,FAB_017,6168,9.24,56992.32,2024-03-29,2024-05-05,2024-05-15,37,47,10,0,93.66,High
PO_006163,SUP_023,FAB_020,14068,8.76,123235.68,2025-08-27,2025-09-30,2025-10-10,34,44,10,0,92.02,High
PO_006164,SUP_005,FAB_012,2700,13.26,35802.0,2024-08-08,2024-09-04,2024-09-04,27,27,0,1,96.24,Low
PO_006165,SUP_001,FAB_024,17280,4.4,76032.0,2025-06-26,2025-07-24,2025-07-25,28,29,1,0,92.83,Medium
PO_006166,SUP_009,FAB_020,12221,8.32,101678.72,2024-07-20,2024-08-04,2024-08-09,15,20,5,0,96.74,Medium
PO_006167,SUP_015,FAB_018,6623,12.21,80866.83,2024-01-22,2024-02-21,2024-02-24,30,33,3,0,93.28,Medium
PO_006168,SUP_008,FAB_028,17123,16.49,282358.27,2025-06-15,2025-07-11,2025-07-29,26,44,18,0,96.0,High
PO_006169,SUP_003,FAB_014,17599,19.82,348812.18,2024-09-29,2024-10-22,2024-10-25,23,26,3,0,88.6,Medium
PO_006170,SUP_018,FAB_015,12460,13.28,165468.8,2025-05-26,2025-06-10,2025-06-14,15,19,4,0,97.01,Medium
PO_006171,SUP_023,FAB_023,9866,7.03,69357.98,2025-05-20,2025-06-21,2025-06-25,32,36,4,0,87.43,Medium
PO_006172,SUP_005,FAB_012,2266,13.26,30047.16,2025-02-02,2025-03-01,2025-03-01,27,27,0,1,93.09,Low
PO_006173,SUP_007,FAB_016,14944,4.91,73375.04,2024-01-05,2024-01-31,2024-02-03,26,29,3,0,91.23,Medium
PO_006174,SUP_015,FAB_009,11879,8.22,97645.38,2024-01-02,2024-02-07,2024-02-16,36,45,9,0,93.43,High
PO_006175,SUP_012,FAB_030,953,15.33,14609.49,2025-01-27,2025-02-23,2025-02-24,27,28,1,0,93.63,Medium
PO_006176,SUP_008,FAB_023,18567,6.73,124955.91,2025-02-08,2025-03-12,2025-03-13,32,33,1,0,94.13,Medium
PO_006177,SUP_009,FAB_005,6227,7.36,45830.72,2025-04-04,2025-04-30,2025-05-02,26,28,2,0,94.39,Medium
PO_006178,SUP_007,FAB_012,7707,10.96,84468.72,2025-05-24,2025-06-15,2025-06-15,22,22,0,1,90.17,Low
PO_006179,SUP_007,FAB_018,11311,10.76,121706.36,2025-11-21,2025-12-08,2025-12-13,17,22,5,0,89.09,Medium
PO_006180,SUP_018,FAB_015,4938,13.28,65576.64,2024-01-01,2024-01-16,2024-01-16,15,15,0,1,93.7,Low
PO_006181,SUP_018,FAB_024,19828,5.25,104097.0,2024-02-21,2024-03-08,2024-03-11,16,19,3,0,96.44,Medium
PO_006182,SUP_024,FAB_025,14117,19.85,280222.45,2024-09-21,2024-10-07,2024-10-12,16,21,5,0,87.83,Medium
PO_006183,SUP_014,FAB_014,3025,17.09,51697.25,2024-09-04,2024-10-03,2024-10-08,29,34,5,0,94.59,Medium
PO_006184,SUP_015,FAB_012,12791,12.48,159631.68,2025-05-16,2025-06-19,2025-06-23,34,38,4,0,97.07,Medium
PO_006185,SUP_008,FAB_024,19026,4.27,81241.02,2025-10-13,2025-11-16,2025-11-19,34,37,3,0,93.61,Medium
PO_006186,SUP_002,FAB_023,16217,7.36,119357.12,2024-12-04,2025-01-11,2025-01-14,38,41,3,0,94.48,Medium
PO_006187,SUP_001,FAB_024,10446,4.4,45962.4,2024-02-29,2024-03-28,2024-03-30,28,30,2,0,100.0,Medium
PO_006188,SUP_013,FAB_013,12150,13.87,168520.5,2024-07-16,2024-08-05,2024-08-09,20,24,4,0,93.15,Medium
PO_006189,SUP_020,FAB_027,3207,10.12,32454.84,2025-09-16,2025-10-07,2025-10-15,21,29,8,0,95.25,High
PO_006190,SUP_002,FAB_005,9247,6.1,56406.7,2024-02-08,2024-03-08,2024-03-10,29,31,2,0,100.0,Medium
PO_006191,SUP_001,FAB_025,12968,16.86,218640.48,2025-04-18,2025-05-15,2025-05-16,27,28,1,0,100.0,Medium
PO_006192,SUP_007,FAB_016,19944,4.91,97925.04,2024-10-05,2024-10-31,2024-11-04,26,30,4,0,89.03,Medium
PO_006193,SUP_025,FAB_025,12443,17.52,218001.36,2025-08-27,2025-09-21,2025-09-22,25,26,1,0,100.0,Medium
PO_006194,SUP_001,FAB_004,7726,7.06,54545.56,2025-02-16,2025-03-11,2025-03-11,23,23,0,1,100.0,Low
PO_006195,SUP_016,FAB_014,17165,20.14,345703.1,2024-05-24,2024-06-20,2024-06-20,27,27,0,1,86.98,Low
PO_006196,SUP_010,FAB_025,9698,19.23,186492.54,2025-10-19,2025-11-20,2025-11-21,32,33,1,0,94.29,Medium
PO_006197,SUP_025,FAB_014,8238,17.33,142764.54,2024-10-22,2024-11-05,2024-11-05,14,14,0,1,91.26,Low
PO_006198,SUP_025,FAB_020,6758,9.52,64336.16,2024-04-15,2024-05-21,2024-05-21,36,36,0,1,95.81,Low
PO_006199,SUP_019,FAB_010,17899,4.57,81798.43,2024-01-11,2024-02-10,2024-02-21,30,41,11,0,91.74,High
PO_006200,SUP_001,FAB_017,6332,11.59,73387.88,2024-03-14,2024-04-18,2024-04-18,35,35,0,1,100.0,Low
PO_006201,SUP_006,FAB_014,6827,16.46,112372.42,2024-01-24,2024-02-13,2024-02-13,20,20,0,1,95.29,Low
PO_006202,SUP_007,FAB_004,19599,8.1,158751.9,2024-05-31,2024-06-16,2024-06-18,16,18,2,0,86.32,Medium
PO_006203,SUP_003,FAB_010,11009,4.41,48549.69,2025-03-17,2025-04-01,2025-04-06,15,20,5,0,93.37,Medium
PO_006204,SUP_008,FAB_001,14803,9.4,139148.2,2025-10-16,2025-11-04,2025-11-12,19,27,8,0,98.33,High
PO_006205,SUP_017,FAB_018,13136,10.55,138584.8,2024-09-02,2024-10-04,2024-10-05,32,33,1,0,91.61,Medium
PO_006206,SUP_010,FAB_029,3581,8.48,30366.88,2025-05-26,2025-06-10,2025-06-24,15,29,14,0,89.86,High
PO_006207,SUP_006,FAB_018,9634,11.78,113488.52,2024-09-20,2024-10-27,2024-10-30,37,40,3,0,95.83,Medium
PO_006208,SUP_025,FAB_015,8378,13.15,110170.7,2025-07-23,2025-08-24,2025-08-26,32,34,2,0,96.09,Medium
PO_006209,SUP_021,FAB_021,14518,13.21,191782.78,2024-02-16,2024-03-03,2024-03-05,16,18,2,0,95.8,Medium
PO_006210,SUP_006,FAB_008,16264,16.35,265916.4,2024-07-29,2024-09-06,2024-09-10,39,43,4,0,93.4,Medium
PO_006211,SUP_007,FAB_023,1869,6.79,12690.51,2024-07-16,2024-08-13,2024-08-15,28,30,2,0,91.16,Medium
PO_006212,SUP_014,FAB_017,4268,11.32,48313.76,2025-03-21,2025-04-19,2025-04-24,29,34,5,0,88.37,Medium
PO_006213,SUP_020,FAB_018,8091,10.58,85602.78,2025-08-01,2025-08-25,2025-08-27,24,26,2,0,86.68,Medium
PO_006214,SUP_021,FAB_007,12375,7.73,95658.75,2025-08-26,2025-09-30,2025-10-02,35,37,2,0,88.93,Medium
PO_006215,SUP_012,FAB_030,4285,15.33,65689.05,2024-04-20,2024-05-17,2024-05-23,27,33,6,0,98.67,Medium
PO_006216,SUP_015,FAB_009,16945,8.22,139287.9,2025-10-01,2025-11-06,2025-11-10,36,40,4,0,92.29,Medium
PO_006217,SUP_010,FAB_005,19049,6.79,129342.71,2025-01-30,2025-02-18,2025-02-20,19,21,2,0,100.0,Medium
PO_006218,SUP_024,FAB_004,3343,7.78,26008.54,2025-06-24,2025-07-28,2025-07-30,34,36,2,0,84.83,High
PO_006219,SUP_021,FAB_014,10452,20.05,209562.6,2025-07-10,2025-08-02,2025-08-03,23,24,1,0,95.77,Medium
PO_006220,SUP_015,FAB_007,6870,8.43,57914.1,2024-08-02,2024-09-09,2024-09-09,38,38,0,1,93.75,Low
PO_006221,SUP_020,FAB_009,6017,9.98,60049.66,2025-05-25,2025-06-11,2025-06-20,17,26,9,0,89.59,High
PO_006222,SUP_024,FAB_021,19801,11.96,236819.96,2024-07-27,2024-08-13,2024-08-23,17,27,10,0,98.79,High
PO_006223,SUP_013,FAB_022,1973,5.44,10733.12,2025-05-18,2025-06-27,2025-07-08,40,51,11,0,93.25,High
PO_006224,SUP_022,FAB_021,18258,13.91,253968.78,2024-07-13,2024-08-04,2024-08-04,22,22,0,1,98.59,Low
PO_006225,SUP_012,FAB_030,1927,15.33,29540.91,2024-02-21,2024-03-19,2024-03-19,27,27,0,1,93.12,Low
PO_006226,SUP_018,FAB_005,14834,7.22,107101.48,2025-02-14,2025-03-25,2025-03-26,39,40,1,0,100.0,Medium
PO_006227,SUP_008,FAB_005,12157,6.91,84004.87,2024-07-16,2024-08-22,2024-08-22,37,37,0,1,95.87,Low
PO_006228,SUP_008,FAB_024,7704,4.27,32896.08,2025-01-11,2025-02-14,2025-02-15,34,35,1,0,97.37,Medium
PO_006229,SUP_009,FAB_009,13238,10.06,133174.28,2025-11-09,2025-12-18,2025-12-20,39,41,2,0,95.99,Medium
PO_006230,SUP_010,FAB_018,16060,11.86,190471.6,2024-05-29,2024-06-15,2024-06-19,17,21,4,0,91.93,Medium
PO_006231,SUP_004,FAB_002,5674,12.42,70471.08,2024-10-25,2024-11-11,2024-11-12,17,18,1,0,90.17,Medium
PO_006232,SUP_020,FAB_030,7574,15.13,114594.62,2025-06-30,2025-07-19,2025-07-21,19,21,2,0,90.72,Medium
PO_006233,SUP_023,FAB_019,7269,15.67,113905.23,2025-09-29,2025-10-15,2025-10-17,16,18,2,0,100.0,Medium
PO_006234,SUP_010,FAB_025,17201,19.23,330775.23,2025-07-23,2025-08-24,2025-08-31,32,39,7,0,90.24,Medium
PO_006235,SUP_004,FAB_022,19453,5.07,98626.71,2024-06-19,2024-07-09,2024-07-16,20,27,7,0,88.25,Medium
PO_006236,SUP_007,FAB_023,8957,6.79,60818.03,2024-02-25,2024-03-24,2024-03-30,28,34,6,0,89.28,Medium
PO_006237,SUP_006,FAB_018,19188,11.78,226034.64,2024-05-03,2024-06-09,2024-06-13,37,41,4,0,95.41,Medium
PO_006238,SUP_003,FAB_025,4523,18.52,83765.96,2024-04-11,2024-05-14,2024-05-22,33,41,8,0,92.64,High
PO_006239,SUP_006,FAB_007,13744,7.38,101430.72,2024-01-16,2024-02-05,2024-02-09,20,24,4,0,89.28,Medium
PO_006240,SUP_015,FAB_006,4070,15.2,61864.0,2024-10-28,2024-11-25,2024-11-28,28,31,3,0,94.03,Medium
PO_006241,SUP_008,FAB_001,11854,9.4,111427.6,2024-07-31,2024-08-19,2024-08-22,19,22,3,0,94.37,Medium
PO_006242,SUP_011,FAB_011,903,6.37,5752.11,2025-09-26,2025-10-22,2025-10-22,26,26,0,1,97.31,Low
PO_006243,SUP_013,FAB_024,19504,5.18,101030.72,2025-02-15,2025-03-16,2025-03-17,29,30,1,0,95.17,Medium
PO_006244,SUP_010,FAB_005,11965,6.79,81242.35,2024-09-26,2024-10-15,2024-10-16,19,20,1,0,89.88,Medium
PO_006245,SUP_019,FAB_016,6796,5.34,36290.64,2024-04-06,2024-04-29,2024-04-30,23,24,1,0,86.56,Medium
PO_006246,SUP_019,FAB_015,15337,14.82,227294.34,2024-11-22,2024-12-20,2024-12-26,28,34,6,0,90.84,Medium
PO_006247,SUP_014,FAB_011,8152,6.09,49645.68,2024-02-11,2024-03-05,2024-03-08,23,26,3,0,94.38,Medium
PO_006248,SUP_024,FAB_021,11512,11.96,137683.52,2025-10-13,2025-10-30,2025-11-02,17,20,3,0,93.83,Medium
PO_006249,SUP_017,FAB_013,16729,11.71,195896.59,2025-05-19,2025-06-25,2025-06-27,37,39,2,0,89.98,Medium
PO_006250,SUP_003,FAB_010,13042,4.41,57515.22,2025-09-08,2025-09-23,2025-10-05,15,27,12,0,91.5,High
PO_006251,SUP_025,FAB_014,18551,17.33,321488.83,2025-01-15,2025-01-29,2025-01-30,14,15,1,0,93.08,Medium
PO_006252,SUP_003,FAB_018,1584,10.14,16061.76,2025-10-30,2025-11-25,2025-11-30,26,31,5,0,95.2,Medium
PO_006253,SUP_012,FAB_027,2086,12.77,26638.22,2024-01-30,2024-03-05,2024-03-05,35,35,0,1,95.99,Low
PO_006254,SUP_017,FAB_020,15595,8.11,126475.45,2024-07-25,2024-08-20,2024-08-23,26,29,3,0,91.17,Medium
PO_006255,SUP_020,FAB_018,12190,10.58,128970.2,2025-09-25,2025-10-19,2025-10-22,24,27,3,0,86.96,Medium
PO_006256,SUP_015,FAB_001,1295,11.17,14465.15,2024-01-26,2024-03-05,2024-03-06,39,40,1,0,96.69,Medium
PO_006257,SUP_006,FAB_007,15964,7.38,117814.32,2024-11-06,2024-11-26,2024-11-29,20,23,3,0,98.31,Medium
PO_006258,SUP_007,FAB_018,2233,10.76,24027.08,2024-04-28,2024-05-15,2024-05-26,17,28,11,0,100.0,High
PO_006259,SUP_015,FAB_024,5632,5.13,28892.16,2024-08-21,2024-09-08,2024-09-14,18,24,6,0,94.24,Medium
PO_006260,SUP_024,FAB_025,14415,19.85,286137.75,2025-01-28,2025-02-13,2025-02-14,16,17,1,0,92.65,Medium
PO_006261,SUP_023,FAB_006,12964,14.79,191737.56,2024-11-04,2024-12-09,2024-12-12,35,38,3,0,91.22,Medium
PO_006262,SUP_025,FAB_016,19553,5.26,102848.78,2024-06-07,2024-06-22,2024-06-22,15,15,0,1,96.14,Low
PO_006263,SUP_023,FAB_007,15385,8.16,125541.6,2024-12-14,2025-01-05,2025-01-16,22,33,11,0,89.89,High
PO_006264,SUP_008,FAB_023,17766,6.73,119565.18,2024-06-25,2024-07-27,2024-07-31,32,36,4,0,96.65,Medium
PO_006265,SUP_023,FAB_016,2011,5.8,11663.8,2025-02-27,2025-03-29,2025-04-02,30,34,4,0,91.46,Medium
PO_006266,SUP_012,FAB_008,8458,13.43,113590.94,2025-01-28,2025-03-04,2025-03-05,35,36,1,0,96.86,Medium
PO_006267,SUP_017,FAB_018,14198,10.55,149788.9,2024-03-22,2024-04-23,2024-04-28,32,37,5,0,91.77,Medium
PO_006268,SUP_010,FAB_005,16779,6.79,113929.41,2024-03-19,2024-04-07,2024-04-11,19,23,4,0,93.37,Medium
PO_006269,SUP_001,FAB_017,17111,11.59,198316.49,2025-04-03,2025-05-08,2025-05-12,35,39,4,0,99.14,Medium
PO_006270,SUP_015,FAB_009,17314,8.22,142321.08,2025-08-07,2025-09-12,2025-09-17,36,41,5,0,92.89,Medium
PO_006271,SUP_015,FAB_009,9101,8.22,74810.22,2025-01-27,2025-03-04,2025-03-04,36,36,0,1,92.8,Low
PO_006272,SUP_015,FAB_008,11857,13.31,157816.67,2024-06-24,2024-07-11,2024-07-12,17,18,1,0,92.12,Medium
PO_006273,SUP_007,FAB_002,19355,15.33,296712.15,2025-08-28,2025-09-12,2025-09-12,15,15,0,1,85.76,Low
PO_006274,SUP_019,FAB_011,1171,5.61,6569.31,2024-10-31,2024-11-15,2024-11-18,15,18,3,0,89.88,Medium
PO_006275,SUP_013,FAB_021,7434,12.18,90546.12,2025-03-10,2025-04-11,2025-04-13,32,34,2,0,96.94,Medium
PO_006276,SUP_022,FAB_011,15025,6.02,90450.5,2025-07-23,2025-08-06,2025-08-06,14,14,0,1,100.0,Low
PO_006277,SUP_001,FAB_017,4956,11.59,57440.04,2024-02-28,2024-04-03,2024-04-05,35,37,2,0,100.0,Medium
PO_006278,SUP_021,FAB_021,13481,13.21,178084.01,2024-03-26,2024-04-11,2024-04-13,16,18,2,0,95.67,Medium
PO_006279,SUP_010,FAB_018,15271,11.86,181114.06,2024-11-26,2024-12-13,2024-12-13,17,17,0,1,94.91,Low
PO_006280,SUP_003,FAB_014,13686,19.82,271256.52,2025-10-24,2025-11-16,2025-11-17,23,24,1,0,90.49,Medium
PO_006281,SUP_002,FAB_028,19238,16.61,319543.18,2025-06-25,2025-07-23,2025-07-23,28,28,0,1,100.0,Low
PO_006282,SUP_013,FAB_021,15717,12.18,191433.06,2025-06-20,2025-07-22,2025-08-08,32,49,17,0,91.17,High
PO_006283,SUP_024,FAB_029,14251,9.81,139802.31,2024-07-23,2024-08-18,2024-08-23,26,31,5,0,90.86,Medium
PO_006284,SUP_017,FAB_017,13646,11.31,154336.26,2025-03-26,2025-04-21,2025-04-28,26,33,7,0,88.07,Medium
PO_006285,SUP_001,FAB_001,1916,9.92,19006.72,2025-04-10,2025-04-25,2025-04-25,15,15,0,1,100.0,Low
PO_006286,SUP_023,FAB_024,5409,4.32,23366.88,2024-11-14,2024-12-15,2024-12-28,31,44,13,0,98.5,High
PO_006287,SUP_023,FAB_025,4359,20.24,88226.16,2024-07-13,2024-07-29,2024-08-01,16,19,3,0,92.92,Medium
PO_006288,SUP_012,FAB_023,6683,7.53,50322.99,2024-11-04,2024-11-29,2024-11-29,25,25,0,1,95.43,Low
PO_006289,SUP_017,FAB_007,8915,6.62,59017.3,2025-10-26,2025-11-16,2025-11-16,21,21,0,1,89.46,Low
PO_006290,SUP_011,FAB_002,11755,14.61,171740.55,2024-07-24,2024-08-11,2024-08-14,18,21,3,0,94.97,Medium
PO_006291,SUP_013,FAB_013,15884,13.87,220311.08,2025-02-26,2025-03-18,2025-03-27,20,29,9,0,89.71,High
PO_006292,SUP_018,FAB_008,2319,14.6,33857.4,2025-04-28,2025-05-14,2025-05-15,16,17,1,0,90.16,Medium
PO_006293,SUP_022,FAB_001,15944,9.5,151468.0,2024-12-03,2024-12-23,2024-12-27,20,24,4,0,94.41,Medium
PO_006294,SUP_009,FAB_020,10994,8.32,91470.08,2025-03-10,2025-03-25,2025-03-29,15,19,4,0,93.26,Medium
PO_006295,SUP_006,FAB_016,5369,4.91,26361.79,2024-06-25,2024-08-02,2024-08-05,38,41,3,0,87.36,Medium
PO_006296,SUP_002,FAB_030,6308,15.39,97080.12,2024-08-01,2024-09-07,2024-09-08,37,38,1,0,96.65,Medium
PO_006297,SUP_024,FAB_026,16095,14.09,226778.55,2025-01-10,2025-02-18,2025-02-23,39,44,5,0,95.0,Medium
PO_006298,SUP_008,FAB_001,6113,9.4,57462.2,2025-03-31,2025-04-19,2025-04-23,19,23,4,0,91.63,Medium
PO_006299,SUP_017,FAB_021,16063,13.27,213156.01,2025-09-20,2025-10-18,2025-10-21,28,31,3,0,94.46,Medium
PO_006300,SUP_008,FAB_006,15072,16.71,251853.12,2024-11-18,2024-12-24,2024-12-25,36,37,1,0,94.89,Medium
PO_006301,SUP_019,FAB_019,17710,14.46,256086.6,2025-06-12,2025-07-13,2025-07-19,31,37,6,0,81.89,High
PO_006302,SUP_010,FAB_022,15878,5.48,87011.44,2024-01-07,2024-01-24,2024-01-30,17,23,6,0,93.21,Medium
PO_006303,SUP_023,FAB_018,14699,12.17,178886.83,2024-10-15,2024-11-11,2024-11-13,27,29,2,0,84.78,High
PO_006304,SUP_019,FAB_010,10676,4.57,48789.32,2025-09-09,2025-10-09,2025-10-10,30,31,1,0,88.26,Medium
PO_006305,SUP_021,FAB_017,2893,10.83,31331.19,2024-08-25,2024-10-01,2024-10-08,37,44,7,0,91.13,Medium
PO_006306,SUP_012,FAB_008,5899,13.43,79223.57,2024-02-25,2024-03-31,2024-03-31,35,35,0,1,100.0,Low
PO_006307,SUP_014,FAB_001,4916,11.57,56878.12,2024-08-13,2024-09-10,2024-09-13,28,31,3,0,98.24,Medium
PO_006308,SUP_016,FAB_022,16519,5.51,91019.69,2024-11-24,2024-12-31,2025-01-05,37,42,5,0,96.39,Medium
PO_006309,SUP_022,FAB_011,12651,6.02,76159.02,2025-06-21,2025-07-05,2025-07-08,14,17,3,0,94.04,Medium
PO_006310,SUP_011,FAB_019,15177,15.83,240251.91,2025-02-05,2025-02-21,2025-02-22,16,17,1,0,95.29,Medium
PO_006311,SUP_005,FAB_021,15498,11.74,181946.52,2025-01-30,2025-02-20,2025-02-21,21,22,1,0,89.69,Medium
PO_006312,SUP_021,FAB_014,938,20.05,18806.9,2024-04-26,2024-05-19,2024-05-25,23,29,6,0,93.41,Medium
PO_006313,SUP_019,FAB_019,15132,14.46,218808.72,2024-06-23,2024-07-24,2024-07-26,31,33,2,0,95.27,Medium
PO_006314,SUP_012,FAB_028,2901,16.72,48504.72,2025-09-21,2025-10-11,2025-10-11,20,20,0,1,89.73,Low
PO_006315,SUP_004,FAB_019,18319,15.3,280280.7,2024-06-06,2024-07-02,2024-07-10,26,34,8,0,96.76,High
PO_006316,SUP_025,FAB_014,2839,17.33,49199.87,2025-08-05,2025-08-19,2025-08-23,14,18,4,0,100.0,Medium
PO_006317,SUP_024,FAB_015,16912,12.36,209032.32,2024-07-27,2024-08-23,2024-08-30,27,34,7,0,94.2,Medium
PO_006318,SUP_014,FAB_003,14796,14.68,217205.28,2024-05-11,2024-06-17,2024-06-19,37,39,2,0,94.62,Medium
PO_006319,SUP_015,FAB_002,3324,15.2,50524.8,2025-03-20,2025-04-28,2025-05-04,39,45,6,0,94.05,Medium
PO_006320,SUP_023,FAB_024,11661,4.32,50375.52,2025-05-26,2025-06-26,2025-06-28,31,33,2,0,99.03,Medium
PO_006321,SUP_013,FAB_026,14105,11.83,166862.15,2025-05-30,2025-07-01,2025-07-03,32,34,2,0,95.21,Medium
PO_006322,SUP_024,FAB_020,17411,8.15,141899.65,2025-09-28,2025-11-01,2025-11-06,34,39,5,0,93.61,Medium
PO_006323,SUP_007,FAB_019,17214,16.0,275424.0,2025-07-26,2025-09-04,2025-09-06,40,42,2,0,90.0,Medium
PO_006324,SUP_003,FAB_023,7383,7.68,56701.44,2025-11-28,2025-12-12,2025-12-21,14,23,9,0,91.46,High
PO_006325,SUP_015,FAB_006,7725,15.2,117420.0,2025-04-03,2025-05-01,2025-05-02,28,29,1,0,91.99,Medium
PO_006326,SUP_018,FAB_019,12254,15.93,195206.22,2025-04-03,2025-05-03,2025-05-03,30,30,0,1,96.98,Low
PO_006327,SUP_025,FAB_014,13459,17.33,233244.47,2025-10-02,2025-10-16,2025-10-17,14,15,1,0,98.52,Medium
PO_006328,SUP_017,FAB_007,3089,6.62,20449.18,2024-04-21,2024-05-12,2024-05-24,21,33,12,0,91.68,High
PO_006329,SUP_003,FAB_022,17717,5.47,96911.99,2024-06-25,2024-07-26,2024-08-01,31,37,6,0,93.22,Medium
PO_006330,SUP_022,FAB_030,3135,18.31,57401.85,2025-11-25,2025-12-21,2025-12-21,26,26,0,1,94.44,Low
PO_006331,SUP_010,FAB_018,731,11.86,8669.66,2025-11-13,2025-11-30,2025-12-01,17,18,1,0,97.03,Medium
PO_006332,SUP_013,FAB_022,11481,5.44,62456.64,2025-09-22,2025-11-01,2025-11-01,40,40,0,1,93.79,Low
PO_006333,SUP_010,FAB_006,16764,16.62,278617.68,2025-06-03,2025-07-09,2025-07-12,36,39,3,0,85.19,Medium
PO_006334,SUP_005,FAB_030,2746,15.73,43194.58,2024-11-19,2024-12-11,2024-12-12,22,23,1,0,94.65,Medium
PO_006335,SUP_019,FAB_015,7774,14.82,115210.68,2025-06-04,2025-07-02,2025-07-04,28,30,2,0,87.99,Medium
PO_006336,SUP_002,FAB_003,6026,16.83,101417.58,2025-01-15,2025-02-06,2025-02-07,22,23,1,0,98.63,Medium
PO_006337,SUP_009,FAB_015,10847,13.73,148929.31,2024-08-18,2024-09-15,2024-09-15,28,28,0,1,95.97,Low
PO_006338,SUP_021,FAB_019,8910,17.9,159489.0,2025-02-22,2025-03-22,2025-03-23,28,29,1,0,91.73,Medium
PO_006339,SUP_004,FAB_018,3145,12.22,38431.9,2025-10-10,2025-10-24,2025-10-25,14,15,1,0,95.29,Medium
PO_006340,SUP_006,FAB_007,14617,7.38,107873.46,2025-08-27,2025-09-16,2025-09-19,20,23,3,0,92.78,Medium
PO_006341,SUP_008,FAB_015,11178,13.41,149896.98,2024-02-03,2024-03-02,2024-03-11,28,37,9,0,98.92,High
PO_006342,SUP_015,FAB_018,2239,12.21,27338.19,2024-12-12,2025-01-11,2025-01-11,30,30,0,1,92.53,Low
PO_006343,SUP_008,FAB_023,8730,6.73,58752.9,2024-01-13,2024-02-14,2024-02-19,32,37,5,0,91.39,Medium
PO_006344,SUP_012,FAB_017,6240,9.86,61526.4,2024-12-11,2025-01-08,2025-01-08,28,28,0,1,95.03,Low
PO_006345,SUP_015,FAB_012,5080,12.48,63398.4,2024-01-18,2024-02-21,2024-02-22,34,35,1,0,93.84,Medium
PO_006346,SUP_018,FAB_028,10544,16.57,174714.08,2024-12-30,2025-01-22,2025-01-27,23,28,5,0,95.65,Medium
PO_006347,SUP_024,FAB_004,15634,7.78,121632.52,2025-08-17,2025-09-20,2025-09-25,34,39,5,0,92.44,Medium
PO_006348,SUP_009,FAB_025,9610,19.05,183070.5,2025-04-12,2025-04-30,2025-04-30,18,18,0,1,100.0,Low
PO_006349,SUP_009,FAB_005,9844,7.36,72451.84,2025-10-09,2025-11-04,2025-11-08,26,30,4,0,96.2,Medium
PO_006350,SUP_024,FAB_004,17056,7.78,132695.68,2024-03-27,2024-04-30,2024-05-05,34,39,5,0,92.77,Medium
PO_006351,SUP_005,FAB_017,13151,10.84,142556.84,2024-09-01,2024-10-03,2024-10-03,32,32,0,1,88.74,Low
PO_006352,SUP_009,FAB_026,13477,14.0,188678.0,2024-04-07,2024-04-23,2024-04-23,16,16,0,1,86.76,Low
PO_006353,SUP_017,FAB_015,14837,14.49,214988.13,2024-06-03,2024-06-25,2024-06-29,22,26,4,0,89.43,Medium
PO_006354,SUP_010,FAB_016,19804,4.77,94465.08,2025-01-24,2025-02-13,2025-02-16,20,23,3,0,91.35,Medium
PO_006355,SUP_001,FAB_025,16772,16.86,282775.92,2024-03-15,2024-04-11,2024-04-11,27,27,0,1,95.83,Low
PO_006356,SUP_019,FAB_024,14941,5.38,80382.58,2025-07-13,2025-07-27,2025-07-31,14,18,4,0,89.42,Medium
PO_006357,SUP_002,FAB_030,8939,15.39,137571.21,2024-12-24,2025-01-30,2025-01-30,37,37,0,1,99.98,Low
PO_006358,SUP_018,FAB_008,9413,14.6,137429.8,2025-09-08,2025-09-24,2025-09-26,16,18,2,0,94.01,Medium
PO_006359,SUP_018,FAB_024,7319,5.25,38424.75,2025-09-25,2025-10-11,2025-10-13,16,18,2,0,97.75,Medium
PO_006360,SUP_016,FAB_021,10435,13.4,139829.0,2024-10-20,2024-11-12,2024-11-16,23,27,4,0,94.37,Medium
PO_006361,SUP_020,FAB_009,10618,9.98,105967.64,2025-04-12,2025-04-29,2025-04-29,17,17,0,1,89.3,Low
PO_006362,SUP_017,FAB_020,16141,8.11,130903.51,2024-05-21,2024-06-16,2024-06-23,26,33,7,0,95.32,Medium
PO_006363,SUP_017,FAB_013,8938,11.71,104663.98,2024-08-31,2024-10-07,2024-10-07,37,37,0,1,87.76,Low
PO_006364,SUP_022,FAB_025,7170,18.59,133290.3,2024-12-15,2025-01-04,2025-01-05,20,21,1,0,90.57,Medium
PO_006365,SUP_011,FAB_011,9428,6.37,60056.36,2024-09-19,2024-10-15,2024-10-17,26,28,2,0,99.77,Medium
PO_006366,SUP_014,FAB_019,17444,16.12,281197.28,2024-10-22,2024-11-26,2024-12-02,35,41,6,0,92.5,Medium
PO_006367,SUP_006,FAB_018,9285,11.78,109377.3,2024-05-13,2024-06-19,2024-06-23,37,41,4,0,91.81,Medium
PO_006368,SUP_018,FAB_014,8059,19.73,159004.07,2025-08-21,2025-09-09,2025-09-09,19,19,0,1,94.33,Low
PO_006369,SUP_007,FAB_016,1325,4.91,6505.75,2024-05-16,2024-06-11,2024-06-22,26,37,11,0,84.66,High
PO_006370,SUP_019,FAB_024,18438,5.38,99196.44,2025-05-13,2025-05-27,2025-06-03,14,21,7,0,92.15,Medium
PO_006371,SUP_001,FAB_017,19074,11.59,221067.66,2025-06-01,2025-07-06,2025-07-08,35,37,2,0,90.22,Medium
PO_006372,SUP_019,FAB_011,12030,5.61,67488.3,2024-06-08,2024-06-23,2024-07-07,15,29,14,0,95.32,High
PO_006373,SUP_008,FAB_005,14072,6.91,97237.52,2025-11-16,2025-12-23,2025-12-26,37,40,3,0,90.23,Medium
PO_006374,SUP_007,FAB_002,16142,15.33,247456.86,2024-09-07,2024-09-22,2024-09-25,15,18,3,0,96.77,Medium
PO_006375,SUP_018,FAB_019,14691,15.93,234027.63,2025-08-05,2025-09-04,2025-09-04,30,30,0,1,93.71,Low
PO_006376,SUP_015,FAB_007,18443,8.43,155474.49,2024-06-05,2024-07-13,2024-07-15,38,40,2,0,94.91,Medium
PO_006377,SUP_015,FAB_007,10014,8.43,84418.02,2024-05-16,2024-06-23,2024-06-23,38,38,0,1,89.24,Low
PO_006378,SUP_005,FAB_030,19313,15.73,303793.49,2025-06-07,2025-06-29,2025-06-30,22,23,1,0,96.49,Medium
PO_006379,SUP_003,FAB_010,16676,4.41,73541.16,2024-03-16,2024-03-31,2024-04-07,15,22,7,0,90.27,Medium
PO_006380,SUP_016,FAB_029,8672,9.89,85766.08,2024-10-28,2024-11-15,2024-11-20,18,23,5,0,91.25,Medium
PO_006381,SUP_023,FAB_017,1563,9.24,14442.12,2024-08-12,2024-09-18,2024-09-23,37,42,5,0,92.88,Medium
PO_006382,SUP_012,FAB_028,6703,16.72,112074.16,2024-12-23,2025-01-12,2025-01-13,20,21,1,0,97.87,Medium
PO_006383,SUP_008,FAB_005,16843,6.91,116385.13,2025-11-19,2025-12-26,2025-12-30,37,41,4,0,91.72,Medium
PO_006384,SUP_023,FAB_023,18395,7.03,129316.85,2024-05-25,2024-06-26,2024-06-29,32,35,3,0,87.66,Medium
PO_006385,SUP_010,FAB_018,17356,11.86,205842.16,2024-09-17,2024-10-04,2024-10-06,17,19,2,0,95.66,Medium
PO_006386,SUP_014,FAB_014,6441,17.09,110076.69,2025-05-08,2025-06-06,2025-06-09,29,32,3,0,93.65,Medium
PO_006387,SUP_001,FAB_004,12504,7.06,88278.24,2025-01-14,2025-02-06,2025-02-06,23,23,0,1,97.44,Low
PO_006388,SUP_008,FAB_028,15706,16.49,258991.94,2024-04-21,2024-05-17,2024-05-22,26,31,5,0,93.23,Medium
PO_006389,SUP_007,FAB_011,17364,5.74,99669.36,2024-09-25,2024-10-31,2024-11-05,36,41,5,0,92.01,Medium
PO_006390,SUP_006,FAB_014,12841,16.46,211362.86,2024-06-01,2024-06-21,2024-06-21,20,20,0,1,92.62,Low
PO_006391,SUP_025,FAB_002,1727,14.8,25559.6,2024-06-11,2024-07-01,2024-07-02,20,21,1,0,96.82,Medium
PO_006392,SUP_011,FAB_015,5259,13.68,71943.12,2024-12-06,2025-01-04,2025-01-04,29,29,0,1,100.0,Low
PO_006393,SUP_002,FAB_019,18951,17.14,324820.14,2025-07-11,2025-07-31,2025-08-02,20,22,2,0,97.31,Medium
PO_006394,SUP_006,FAB_015,8421,13.95,117472.95,2024-09-19,2024-10-06,2024-10-19,17,30,13,0,91.2,High
PO_006395,SUP_017,FAB_015,14593,14.49,211452.57,2025-08-21,2025-09-12,2025-09-19,22,29,7,0,93.84,Medium
PO_006396,SUP_010,FAB_011,13209,6.57,86783.13,2024-10-27,2024-11-11,2024-11-18,15,22,7,0,92.74,Medium
PO_006397,SUP_024,FAB_004,18868,7.78,146793.04,2025-07-08,2025-08-11,2025-08-20,34,43,9,0,93.54,High
PO_006398,SUP_008,FAB_028,12711,16.49,209604.39,2024-03-30,2024-04-25,2024-04-25,26,26,0,1,92.31,Low
PO_006399,SUP_022,FAB_020,6692,10.02,67053.84,2025-07-31,2025-08-28,2025-08-30,28,30,2,0,100.0,Medium
PO_006400,SUP_009,FAB_008,7884,14.7,115894.8,2024-02-17,2024-03-11,2024-03-12,23,24,1,0,92.49,Medium
PO_006401,SUP_006,FAB_008,6592,16.35,107779.2,2025-04-16,2025-05-25,2025-06-01,39,46,7,0,98.12,Medium
PO_006402,SUP_004,FAB_017,6172,11.49,70916.28,2025-07-18,2025-08-19,2025-08-20,32,33,1,0,91.19,Medium
PO_006403,SUP_023,FAB_025,13028,20.24,263686.72,2024-01-11,2024-01-27,2024-01-27,16,16,0,1,92.32,Low
PO_006404,SUP_015,FAB_009,4976,8.22,40902.72,2025-04-17,2025-05-23,2025-05-23,36,36,0,1,92.82,Low
PO_006405,SUP_017,FAB_018,16723,10.55,176427.65,2024-07-11,2024-08-12,2024-08-14,32,34,2,0,92.48,Medium
PO_006406,SUP_015,FAB_024,2081,5.13,10675.53,2024-11-24,2024-12-12,2024-12-14,18,20,2,0,96.33,Medium
PO_006407,SUP_017,FAB_007,10335,6.62,68417.7,2025-03-14,2025-04-04,2025-04-09,21,26,5,0,94.1,Medium
PO_006408,SUP_014,FAB_003,6812,14.68,100000.16,2025-09-06,2025-10-13,2025-10-14,37,38,1,0,93.27,Medium
PO_006409,SUP_025,FAB_015,18989,13.15,249705.35,2025-09-11,2025-10-13,2025-10-19,32,38,6,0,91.66,Medium
PO_006410,SUP_025,FAB_016,18316,5.26,96342.16,2025-09-11,2025-09-26,2025-09-28,15,17,2,0,98.3,Medium
PO_006411,SUP_018,FAB_019,4575,15.93,72879.75,2025-03-09,2025-04-08,2025-04-10,30,32,2,0,96.24,Medium
PO_006412,SUP_012,FAB_023,3474,7.53,26159.22,2025-08-27,2025-09-21,2025-09-25,25,29,4,0,91.21,Medium
PO_006413,SUP_001,FAB_007,2126,8.25,17539.5,2024-12-30,2025-02-03,2025-02-05,35,37,2,0,100.0,Medium
PO_006414,SUP_025,FAB_005,17754,6.69,118774.26,2024-05-04,2024-05-25,2024-05-27,21,23,2,0,98.77,Medium
PO_006415,SUP_008,FAB_015,4584,13.41,61471.44,2024-07-15,2024-08-12,2024-08-14,28,30,2,0,96.79,Medium
PO_006416,SUP_025,FAB_002,8320,14.8,123136.0,2025-05-12,2025-06-01,2025-06-03,20,22,2,0,100.0,Medium
PO_006417,SUP_001,FAB_024,19603,4.4,86253.2,2025-05-13,2025-06-10,2025-06-12,28,30,2,0,100.0,Medium
PO_006418,SUP_018,FAB_024,9249,5.25,48557.25,2024-08-19,2024-09-04,2024-09-07,16,19,3,0,94.2,Medium
PO_006419,SUP_001,FAB_018,1240,11.04,13689.6,2024-04-02,2024-04-20,2024-04-20,18,18,0,1,97.7,Low
PO_006420,SUP_023,FAB_019,1997,15.67,31292.99,2024-09-13,2024-09-29,2024-10-08,16,25,9,0,89.96,High
PO_006421,SUP_007,FAB_026,7813,14.05,109772.65,2024-04-15,2024-05-01,2024-05-02,16,17,1,0,96.56,Medium
PO_006422,SUP_007,FAB_016,17222,4.91,84560.02,2025-09-14,2025-10-10,2025-10-14,26,30,4,0,98.38,Medium
PO_006423,SUP_022,FAB_001,2549,9.5,24215.5,2024-05-27,2024-06-16,2024-06-17,20,21,1,0,88.63,Medium
PO_006424,SUP_012,FAB_030,2467,15.33,37819.11,2024-01-09,2024-02-05,2024-02-07,27,29,2,0,93.63,Medium
PO_006425,SUP_007,FAB_012,19580,10.96,214596.8,2024-01-18,2024-02-09,2024-02-11,22,24,2,0,99.78,Medium
PO_006426,SUP_018,FAB_028,18058,16.57,299221.06,2025-10-13,2025-11-05,2025-11-06,23,24,1,0,92.08,Medium
PO_006427,SUP_005,FAB_014,18401,19.38,356611.38,2024-08-16,2024-09-17,2024-09-18,32,33,1,0,99.92,Medium
PO_006428,SUP_019,FAB_019,16036,14.46,231880.56,2024-12-19,2025-01-19,2025-01-20,31,32,1,0,92.46,Medium
PO_006429,SUP_013,FAB_023,19124,6.49,124114.76,2025-04-17,2025-05-07,2025-05-10,20,23,3,0,92.41,Medium
PO_006430,SUP_013,FAB_016,1448,5.34,7732.32,2024-06-27,2024-07-12,2024-07-17,15,20,5,0,94.3,Medium
PO_006431,SUP_019,FAB_028,13665,16.65,227522.25,2024-07-22,2024-08-26,2024-08-28,35,37,2,0,94.77,Medium
PO_006432,SUP_005,FAB_021,11835,11.74,138942.9,2025-10-21,2025-11-11,2025-11-13,21,23,2,0,94.95,Medium
PO_006433,SUP_025,FAB_015,7455,13.15,98033.25,2025-05-06,2025-06-07,2025-06-08,32,33,1,0,98.62,Medium
PO_006434,SUP_006,FAB_026,2929,12.79,37461.91,2025-04-16,2025-05-02,2025-05-05,16,19,3,0,89.82,Medium
PO_006435,SUP_015,FAB_006,15769,15.2,239688.8,2024-11-16,2024-12-14,2024-12-14,28,28,0,1,92.72,Low
PO_006436,SUP_010,FAB_015,2168,12.31,26688.08,2024-04-14,2024-05-19,2024-05-20,35,36,1,0,88.85,Medium
PO_006437,SUP_023,FAB_019,7264,15.67,113826.88,2025-08-15,2025-08-31,2025-09-03,16,19,3,0,99.48,Medium
PO_006438,SUP_001,FAB_001,14430,9.92,143145.6,2024-08-02,2024-08-17,2024-08-18,15,16,1,0,99.57,Medium
PO_006439,SUP_010,FAB_016,16671,4.77,79520.67,2025-04-25,2025-05-15,2025-05-17,20,22,2,0,89.55,Medium
PO_006440,SUP_006,FAB_026,4688,12.79,59959.52,2024-09-29,2024-10-15,2024-10-18,16,19,3,0,95.95,Medium
PO_006441,SUP_002,FAB_003,18403,16.83,309722.49,2025-03-18,2025-04-09,2025-04-11,22,24,2,0,98.48,Medium
PO_006442,SUP_025,FAB_005,11247,6.69,75242.43,2024-02-19,2024-03-11,2024-03-11,21,21,0,1,98.32,Low
PO_006443,SUP_006,FAB_001,14903,9.25,137852.75,2024-08-14,2024-09-18,2024-10-02,35,49,14,0,92.1,High
PO_006444,SUP_018,FAB_019,14377,15.93,229025.61,2024-08-11,2024-09-10,2024-09-10,30,30,0,1,90.67,Low
PO_006445,SUP_013,FAB_026,14238,11.83,168435.54,2024-04-28,2024-05-30,2024-06-06,32,39,7,0,82.97,High
PO_006446,SUP_010,FAB_016,8876,4.77,42338.52,2024-01-02,2024-01-22,2024-01-25,20,23,3,0,95.38,Medium
PO_006447,SUP_018,FAB_019,15545,15.93,247631.85,2024-06-23,2024-07-23,2024-07-24,30,31,1,0,91.17,Medium
PO_006448,SUP_018,FAB_028,11020,16.57,182601.4,2024-06-01,2024-06-24,2024-06-26,23,25,2,0,98.4,Medium
PO_006449,SUP_002,FAB_028,8774,16.61,145736.14,2025-10-11,2025-11-08,2025-11-08,28,28,0,1,91.39,Low
PO_006450,SUP_011,FAB_030,1268,15.43,19565.24,2025-10-05,2025-10-22,2025-10-23,17,18,1,0,94.43,Medium
PO_006451,SUP_007,FAB_026,17912,14.05,251663.6,2024-06-15,2024-07-01,2024-07-02,16,17,1,0,92.45,Medium
PO_006452,SUP_019,FAB_013,9004,12.25,110299.0,2024-04-01,2024-04-15,2024-04-19,14,18,4,0,96.6,Medium
PO_006453,SUP_017,FAB_013,14003,11.71,163975.13,2025-08-01,2025-09-07,2025-09-15,37,45,8,0,93.39,High
PO_006454,SUP_022,FAB_001,11021,9.5,104699.5,2024-04-09,2024-04-29,2024-04-30,20,21,1,0,99.27,Medium
PO_006455,SUP_022,FAB_020,11763,10.02,117865.26,2024-08-24,2024-09-21,2024-09-21,28,28,0,1,96.25,Low
PO_006456,SUP_011,FAB_011,11809,6.37,75223.33,2024-08-22,2024-09-17,2024-09-18,26,27,1,0,93.13,Medium
PO_006457,SUP_020,FAB_030,7789,15.13,117847.57,2025-07-21,2025-08-09,2025-08-15,19,25,6,0,87.54,Medium
PO_006458,SUP_023,FAB_016,10700,5.8,62060.0,2024-10-28,2024-11-27,2024-12-02,30,35,5,0,98.36,Medium
PO_006459,SUP_019,FAB_028,16255,16.65,270645.75,2024-11-15,2024-12-20,2024-12-21,35,36,1,0,93.37,Medium
PO_006460,SUP_021,FAB_007,4158,7.73,32141.34,2024-09-07,2024-10-12,2024-10-13,35,36,1,0,100.0,Medium
PO_006461,SUP_023,FAB_023,18887,7.03,132775.61,2025-10-07,2025-11-08,2025-11-08,32,32,0,1,95.17,Low
PO_006462,SUP_001,FAB_004,8774,7.06,61944.44,2024-04-01,2024-04-24,2024-04-24,23,23,0,1,97.81,Low
PO_006463,SUP_023,FAB_025,16119,20.24,326248.56,2025-10-27,2025-11-12,2025-11-16,16,20,4,0,89.46,Medium
PO_006464,SUP_023,FAB_007,16200,8.16,132192.0,2024-09-29,2024-10-21,2024-10-26,22,27,5,0,95.45,Medium
PO_006465,SUP_018,FAB_015,3706,13.28,49215.68,2024-03-30,2024-04-14,2024-04-15,15,16,1,0,99.05,Medium
PO_006466,SUP_025,FAB_009,18781,8.15,153065.15,2024-10-09,2024-11-05,2024-11-06,27,28,1,0,98.47,Medium
PO_006467,SUP_010,FAB_016,6389,4.77,30475.53,2025-11-24,2025-12-14,2025-12-14,20,20,0,1,90.17,Low
PO_006468,SUP_011,FAB_002,17625,14.61,257501.25,2025-04-13,2025-05-01,2025-05-01,18,18,0,1,95.16,Low
PO_006469,SUP_017,FAB_029,15934,9.81,156312.54,2024-09-05,2024-10-09,2024-10-23,34,48,14,0,92.57,High
PO_006470,SUP_012,FAB_008,18225,13.43,244761.75,2024-06-26,2024-07-31,2024-08-03,35,38,3,0,93.22,Medium
PO_006471,SUP_009,FAB_025,9784,19.05,186385.2,2025-06-24,2025-07-12,2025-07-15,18,21,3,0,99.02,Medium
PO_006472,SUP_008,FAB_023,15067,6.73,101400.91,2025-04-04,2025-05-06,2025-05-08,32,34,2,0,90.11,Medium
PO_006473,SUP_021,FAB_010,11035,4.79,52857.65,2024-07-28,2024-09-05,2024-09-08,39,42,3,0,91.05,Medium
PO_006474,SUP_018,FAB_028,5739,16.57,95095.23,2024-01-29,2024-02-21,2024-02-24,23,26,3,0,90.85,Medium
PO_006475,SUP_003,FAB_014,2167,19.82,42949.94,2024-01-11,2024-02-03,2024-02-12,23,32,9,0,93.82,High
PO_006476,SUP_012,FAB_023,14983,7.53,112821.99,2024-04-23,2024-05-18,2024-05-21,25,28,3,0,100.0,Medium
PO_006477,SUP_001,FAB_004,15614,7.06,110234.84,2025-07-13,2025-08-05,2025-08-08,23,26,3,0,100.0,Medium
PO_006478,SUP_009,FAB_008,3437,14.7,50523.9,2025-11-28,2025-12-21,2025-12-26,23,28,5,0,96.26,Medium
PO_006479,SUP_021,FAB_003,10157,17.73,180083.61,2025-05-06,2025-05-26,2025-05-29,20,23,3,0,95.0,Medium
PO_006480,SUP_011,FAB_002,4562,14.61,66650.82,2025-11-12,2025-11-30,2025-12-02,18,20,2,0,93.18,Medium
PO_006481,SUP_022,FAB_023,18061,7.57,136721.77,2025-10-02,2025-10-24,2025-10-25,22,23,1,0,92.53,Medium
PO_006482,SUP_004,FAB_011,12498,6.56,81986.88,2024-02-02,2024-03-05,2024-03-08,32,35,3,0,93.02,Medium
PO_006483,SUP_010,FAB_005,16314,6.79,110772.06,2025-03-29,2025-04-17,2025-04-21,19,23,4,0,90.89,Medium
PO_006484,SUP_023,FAB_023,6724,7.03,47269.72,2024-11-11,2024-12-13,2024-12-23,32,42,10,0,97.77,High
PO_006485,SUP_012,FAB_008,19949,13.43,267915.07,2024-02-23,2024-03-29,2024-03-29,35,35,0,1,94.34,Low
PO_006486,SUP_003,FAB_010,4979,4.41,21957.39,2025-11-30,2025-12-15,2025-12-18,15,18,3,0,97.67,Medium
PO_006487,SUP_011,FAB_019,10989,15.83,173955.87,2024-02-18,2024-03-05,2024-03-05,16,16,0,1,98.14,Low
PO_006488,SUP_002,FAB_013,14301,13.79,197210.79,2024-06-11,2024-06-28,2024-07-01,17,20,3,0,98.75,Medium
PO_006489,SUP_002,FAB_028,16641,16.61,276407.01,2025-11-28,2025-12-26,2025-12-31,28,33,5,0,91.96,Medium
PO_006490,SUP_011,FAB_022,7122,5.56,39598.32,2025-04-22,2025-05-25,2025-05-29,33,37,4,0,96.41,Medium
PO_006491,SUP_001,FAB_001,2167,9.92,21496.64,2025-01-28,2025-02-12,2025-02-14,15,17,2,0,100.0,Medium
PO_006492,SUP_011,FAB_022,17692,5.56,98367.52,2025-01-06,2025-02-08,2025-02-08,33,33,0,1,100.0,Low
PO_006493,SUP_010,FAB_018,9864,11.86,116987.04,2024-01-22,2024-02-08,2024-02-08,17,17,0,1,96.55,Low
PO_006494,SUP_005,FAB_016,11443,5.84,66827.12,2025-10-08,2025-11-05,2025-11-06,28,29,1,0,100.0,Medium
PO_006495,SUP_021,FAB_021,8781,13.21,115997.01,2024-11-11,2024-11-27,2024-11-29,16,18,2,0,91.74,Medium
PO_006496,SUP_018,FAB_004,8956,7.39,66184.84,2024-12-31,2025-01-30,2025-02-01,30,32,2,0,95.92,Medium
PO_006497,SUP_009,FAB_020,12326,8.32,102552.32,2024-07-28,2024-08-12,2024-08-13,15,16,1,0,98.13,Medium
PO_006498,SUP_020,FAB_027,15326,10.12,155099.12,2024-07-15,2024-08-05,2024-08-06,21,22,1,0,90.99,Medium
PO_006499,SUP_016,FAB_022,3451,5.51,19015.01,2024-07-30,2024-09-05,2024-09-12,37,44,7,0,89.77,Medium
PO_006500,SUP_022,FAB_020,6998,10.02,70119.96,2025-10-07,2025-11-04,2025-11-05,28,29,1,0,95.27,Medium
PO_006501,SUP_023,FAB_022,4814,5.21,25080.94,2024-05-23,2024-06-22,2024-06-25,30,33,3,0,93.89,Medium
PO_006502,SUP_013,FAB_021,17476,12.18,212857.68,2025-09-16,2025-10-18,2025-10-20,32,34,2,0,93.3,Medium
PO_006503,SUP_018,FAB_011,9008,5.86,52786.88,2024-03-23,2024-04-20,2024-04-22,28,30,2,0,98.69,Medium
PO_006504,SUP_013,FAB_016,5662,5.34,30235.08,2025-09-23,2025-10-08,2025-10-13,15,20,5,0,97.62,Medium
PO_006505,SUP_003,FAB_028,18127,18.9,342600.3,2025-05-11,2025-05-26,2025-05-31,15,20,5,0,93.77,Medium
PO_006506,SUP_006,FAB_010,13998,5.13,71809.74,2025-01-17,2025-02-12,2025-02-14,26,28,2,0,95.43,Medium
PO_006507,SUP_002,FAB_019,8489,17.14,145501.46,2024-12-04,2024-12-24,2024-12-24,20,20,0,1,95.53,Low
PO_006508,SUP_019,FAB_013,10731,12.25,131454.75,2025-05-26,2025-06-09,2025-06-15,14,20,6,0,100.0,Medium
PO_006509,SUP_003,FAB_016,9613,4.92,47295.96,2025-06-04,2025-07-08,2025-07-22,34,48,14,0,93.27,High
PO_006510,SUP_019,FAB_028,18115,16.65,301614.75,2024-11-11,2024-12-16,2024-12-17,35,36,1,0,95.25,Medium
PO_006511,SUP_008,FAB_015,15535,13.41,208324.35,2024-02-01,2024-02-29,2024-03-05,28,33,5,0,90.8,Medium
PO_006512,SUP_013,FAB_022,18642,5.44,101412.48,2024-05-20,2024-06-29,2024-07-03,40,44,4,0,96.97,Medium
PO_006513,SUP_019,FAB_010,3484,4.57,15921.88,2025-10-31,2025-11-30,2025-12-04,30,34,4,0,99.35,Medium
PO_006514,SUP_002,FAB_013,16567,13.79,228458.93,2025-04-29,2025-05-16,2025-05-17,17,18,1,0,97.12,Medium
PO_006515,SUP_018,FAB_014,14311,19.73,282356.03,2024-05-09,2024-05-28,2024-05-30,19,21,2,0,92.26,Medium
PO_006516,SUP_021,FAB_017,6357,10.83,68846.31,2025-11-07,2025-12-14,2025-12-16,37,39,2,0,87.87,Medium
PO_006517,SUP_020,FAB_030,16356,15.13,247466.28,2025-10-17,2025-11-05,2025-11-25,19,39,20,0,86.65,High
PO_006518,SUP_023,FAB_023,3388,7.03,23817.64,2025-01-05,2025-02-06,2025-02-13,32,39,7,0,95.95,Medium
PO_006519,SUP_014,FAB_018,17131,11.55,197863.05,2024-03-11,2024-04-19,2024-04-22,39,42,3,0,94.79,Medium
PO_006520,SUP_008,FAB_023,2939,6.73,19779.47,2025-10-26,2025-11-27,2025-11-30,32,35,3,0,93.21,Medium
PO_006521,SUP_022,FAB_030,3789,18.31,69376.59,2024-07-08,2024-08-03,2024-08-03,26,26,0,1,95.15,Low
PO_006522,SUP_010,FAB_018,16142,11.86,191444.12,2025-05-11,2025-05-28,2025-05-30,17,19,2,0,90.02,Medium
PO_006523,SUP_020,FAB_004,2598,8.06,20939.88,2024-01-25,2024-02-17,2024-02-21,23,27,4,0,93.0,Medium
PO_006524,SUP_020,FAB_005,16170,6.02,97343.4,2024-03-01,2024-04-01,2024-04-01,31,31,0,1,90.06,Low
PO_006525,SUP_024,FAB_021,19752,11.96,236233.92,2025-01-08,2025-01-25,2025-01-28,17,20,3,0,92.74,Medium
PO_006526,SUP_012,FAB_008,15373,13.43,206459.39,2024-04-14,2024-05-19,2024-05-21,35,37,2,0,97.09,Medium
PO_006527,SUP_025,FAB_024,9909,5.42,53706.78,2025-01-24,2025-02-13,2025-02-13,20,20,0,1,100.0,Low
PO_006528,SUP_013,FAB_023,6323,6.49,41036.27,2025-05-31,2025-06-20,2025-06-24,20,24,4,0,84.86,High
PO_006529,SUP_025,FAB_006,4065,16.41,66706.65,2025-11-08,2025-11-25,2025-11-25,17,17,0,1,97.05,Low
PO_006530,SUP_005,FAB_007,2849,7.27,20712.23,2024-03-21,2024-04-11,2024-04-12,21,22,1,0,94.92,Medium
PO_006531,SUP_017,FAB_020,18572,8.11,150618.92,2025-04-04,2025-04-30,2025-05-02,26,28,2,0,94.84,Medium
PO_006532,SUP_024,FAB_025,19179,19.85,380703.15,2025-02-10,2025-02-26,2025-03-01,16,19,3,0,93.81,Medium
PO_006533,SUP_005,FAB_014,3936,19.38,76279.68,2025-09-27,2025-10-29,2025-10-30,32,33,1,0,93.39,Medium
PO_006534,SUP_013,FAB_022,4762,5.44,25905.28,2024-01-05,2024-02-14,2024-02-20,40,46,6,0,92.14,Medium
PO_006535,SUP_023,FAB_024,18058,4.32,78010.56,2025-11-30,2025-12-31,2026-01-02,31,33,2,0,97.43,Medium
PO_006536,SUP_017,FAB_013,11172,11.71,130824.12,2024-01-20,2024-02-26,2024-03-04,37,44,7,0,94.36,Medium
PO_006537,SUP_012,FAB_017,2604,9.86,25675.44,2024-02-15,2024-03-14,2024-03-14,28,28,0,1,98.89,Low
PO_006538,SUP_009,FAB_010,5922,5.01,29669.22,2025-10-09,2025-11-02,2025-11-05,24,27,3,0,86.8,Medium
PO_006539,SUP_001,FAB_007,13900,8.25,114675.0,2025-11-22,2025-12-27,2025-12-27,35,35,0,1,96.7,Low
PO_006540,SUP_012,FAB_021,10171,12.26,124696.46,2024-07-29,2024-08-13,2024-08-14,15,16,1,0,100.0,Medium
PO_006541,SUP_015,FAB_007,4445,8.43,37471.35,2024-12-06,2025-01-13,2025-01-13,38,38,0,1,88.5,Low
PO_006542,SUP_013,FAB_021,14674,12.18,178729.32,2024-12-23,2025-01-24,2025-01-29,32,37,5,0,87.33,Medium
PO_006543,SUP_021,FAB_010,2127,4.79,10188.33,2025-06-06,2025-07-15,2025-07-15,39,39,0,1,97.02,Low
PO_006544,SUP_025,FAB_012,16292,13.62,221897.04,2024-02-28,2024-03-17,2024-03-17,18,18,0,1,92.1,Low
PO_006545,SUP_018,FAB_019,15415,15.93,245560.95,2025-08-20,2025-09-19,2025-09-22,30,33,3,0,98.75,Medium
PO_006546,SUP_013,FAB_020,16627,8.4,139666.8,2025-05-24,2025-06-30,2025-07-03,37,40,3,0,94.57,Medium
PO_006547,SUP_011,FAB_022,10597,5.56,58919.32,2025-11-15,2025-12-18,2025-12-18,33,33,0,1,100.0,Low
PO_006548,SUP_007,FAB_012,16948,10.96,185750.08,2024-11-23,2024-12-15,2024-12-16,22,23,1,0,93.7,Medium
PO_006549,SUP_006,FAB_016,10229,4.91,50224.39,2024-12-15,2025-01-22,2025-01-27,38,43,5,0,94.69,Medium
PO_006550,SUP_009,FAB_012,775,11.07,8579.25,2024-04-20,2024-05-19,2024-05-20,29,30,1,0,95.39,Medium
PO_006551,SUP_020,FAB_027,15453,10.12,156384.36,2024-02-17,2024-03-09,2024-03-12,21,24,3,0,96.64,Medium
PO_006552,SUP_012,FAB_021,14973,12.26,183568.98,2025-10-24,2025-11-08,2025-11-10,15,17,2,0,90.83,Medium
PO_006553,SUP_008,FAB_023,11258,6.73,75766.34,2025-08-13,2025-09-14,2025-09-16,32,34,2,0,94.49,Medium
PO_006554,SUP_011,FAB_011,7358,6.37,46870.46,2024-10-26,2024-11-21,2024-11-21,26,26,0,1,95.45,Low
PO_006555,SUP_019,FAB_016,10647,5.34,56854.98,2025-11-01,2025-11-24,2025-11-26,23,25,2,0,86.72,Medium
PO_006556,SUP_020,FAB_030,13089,15.13,198036.57,2025-06-15,2025-07-04,2025-07-09,19,24,5,0,96.29,Medium
PO_006557,SUP_009,FAB_025,5457,19.05,103955.85,2025-04-01,2025-04-19,2025-04-19,18,18,0,1,94.99,Low
PO_006558,SUP_015,FAB_018,15051,12.21,183772.71,2025-02-19,2025-03-21,2025-03-29,30,38,8,0,97.17,High
PO_006559,SUP_015,FAB_001,12385,11.17,138340.45,2024-09-24,2024-11-02,2024-11-03,39,40,1,0,99.94,Medium
PO_006560,SUP_007,FAB_011,11798,5.74,67720.52,2024-04-12,2024-05-18,2024-05-26,36,44,8,0,93.03,High
PO_006561,SUP_008,FAB_024,17208,4.27,73478.16,2024-08-13,2024-09-16,2024-09-25,34,43,9,0,93.32,High
PO_006562,SUP_023,FAB_020,1572,8.76,13770.72,2025-04-12,2025-05-16,2025-05-18,34,36,2,0,93.45,Medium
PO_006563,SUP_014,FAB_011,8004,6.09,48744.36,2025-01-22,2025-02-14,2025-02-19,23,28,5,0,88.75,Medium
PO_006564,SUP_005,FAB_014,11959,19.38,231765.42,2024-04-10,2024-05-12,2024-05-15,32,35,3,0,93.13,Medium
PO_006565,SUP_001,FAB_010,6517,5.36,34931.12,2025-05-08,2025-06-02,2025-06-06,25,29,4,0,100.0,Medium
PO_006566,SUP_022,FAB_030,19234,18.31,352174.54,2025-09-10,2025-10-06,2025-10-07,26,27,1,0,100.0,Medium
PO_006567,SUP_003,FAB_010,8949,4.41,39465.09,2025-06-16,2025-07-01,2025-07-02,15,16,1,0,93.98,Medium
PO_006568,SUP_020,FAB_004,11482,8.06,92544.92,2024-11-08,2024-12-01,2024-12-05,23,27,4,0,83.5,High
PO_006569,SUP_011,FAB_015,10043,13.68,137388.24,2025-03-17,2025-04-15,2025-04-15,29,29,0,1,90.66,Low
PO_006570,SUP_012,FAB_017,5327,9.86,52524.22,2025-12-01,2025-12-29,2025-12-30,28,29,1,0,95.43,Medium
PO_006571,SUP_006,FAB_015,12435,13.95,173468.25,2024-12-29,2025-01-15,2025-01-17,17,19,2,0,93.08,Medium
PO_006572,SUP_008,FAB_002,14600,12.75,186150.0,2025-11-06,2025-11-25,2025-11-25,19,19,0,1,95.77,Low
PO_006573,SUP_004,FAB_017,7320,11.49,84106.8,2024-12-19,2025-01-20,2025-01-26,32,38,6,0,92.77,Medium
PO_006574,SUP_015,FAB_008,14728,13.31,196029.68,2024-11-24,2024-12-11,2024-12-14,17,20,3,0,87.99,Medium
PO_006575,SUP_016,FAB_025,12175,19.48,237169.0,2025-07-02,2025-07-18,2025-07-19,16,17,1,0,98.15,Medium
PO_006576,SUP_007,FAB_016,5588,4.91,27437.08,2024-10-16,2024-11-11,2024-11-18,26,33,7,0,89.87,Medium
PO_006577,SUP_022,FAB_011,7550,6.02,45451.0,2024-01-22,2024-02-05,2024-02-07,14,16,2,0,93.88,Medium
PO_006578,SUP_009,FAB_010,12280,5.01,61522.8,2024-06-27,2024-07-21,2024-07-23,24,26,2,0,97.78,Medium
PO_006579,SUP_006,FAB_018,1001,11.78,11791.78,2025-10-01,2025-11-07,2025-11-07,37,37,0,1,88.42,Low
PO_006580,SUP_011,FAB_020,13420,8.32,111654.4,2025-10-19,2025-11-27,2025-11-29,39,41,2,0,95.47,Medium
PO_006581,SUP_015,FAB_021,15933,13.5,215095.5,2024-09-06,2024-09-30,2024-10-03,24,27,3,0,93.44,Medium
PO_006582,SUP_020,FAB_005,8314,6.02,50050.28,2025-04-03,2025-05-04,2025-05-07,31,34,3,0,94.52,Medium
PO_006583,SUP_025,FAB_008,7888,13.68,107907.84,2024-07-16,2024-08-19,2024-08-20,34,35,1,0,98.96,Medium
PO_006584,SUP_015,FAB_024,17625,5.13,90416.25,2025-06-19,2025-07-07,2025-07-11,18,22,4,0,90.29,Medium
PO_006585,SUP_002,FAB_005,13130,6.1,80093.0,2024-05-26,2024-06-24,2024-06-25,29,30,1,0,93.31,Medium
PO_006586,SUP_018,FAB_008,3260,14.6,47596.0,2024-04-21,2024-05-07,2024-05-07,16,16,0,1,95.19,Low
PO_006587,SUP_025,FAB_016,2815,5.26,14806.9,2024-12-12,2024-12-27,2024-12-28,15,16,1,0,95.92,Medium
PO_006588,SUP_007,FAB_028,12633,17.07,215645.31,2025-02-28,2025-03-21,2025-03-23,21,23,2,0,91.12,Medium
PO_006589,SUP_006,FAB_001,3570,9.25,33022.5,2024-12-17,2025-01-21,2025-01-22,35,36,1,0,95.72,Medium
PO_006590,SUP_023,FAB_017,7187,9.24,66407.88,2024-11-04,2024-12-11,2024-12-23,37,49,12,0,92.82,High
PO_006591,SUP_013,FAB_022,9066,5.44,49319.04,2024-09-27,2024-11-06,2024-11-06,40,40,0,1,89.07,Low
PO_006592,SUP_001,FAB_010,9628,5.36,51606.08,2025-04-11,2025-05-06,2025-05-06,25,25,0,1,99.25,Low
PO_006593,SUP_007,FAB_002,1046,15.33,16035.18,2024-09-04,2024-09-19,2024-09-19,15,15,0,1,95.53,Low
PO_006594,SUP_014,FAB_018,7029,11.55,81184.95,2025-11-19,2025-12-28,2025-12-30,39,41,2,0,95.29,Medium
PO_006595,SUP_006,FAB_026,16731,12.79,213989.49,2024-07-16,2024-08-01,2024-08-03,16,18,2,0,91.41,Medium
PO_006596,SUP_003,FAB_023,941,7.68,7226.88,2024-11-27,2024-12-11,2024-12-15,14,18,4,0,96.39,Medium
PO_006597,SUP_022,FAB_025,5299,18.59,98508.41,2024-06-12,2024-07-02,2024-07-03,20,21,1,0,93.4,Medium
PO_006598,SUP_025,FAB_012,4930,13.62,67146.6,2024-11-26,2024-12-14,2024-12-16,18,20,2,0,96.71,Medium
PO_006599,SUP_023,FAB_018,5378,12.17,65450.26,2024-09-01,2024-09-28,2024-10-03,27,32,5,0,91.57,Medium
PO_006600,SUP_011,FAB_030,10422,15.43,160811.46,2025-07-22,2025-08-08,2025-08-09,17,18,1,0,88.97,Medium
PO_006601,SUP_011,FAB_019,2802,15.83,44355.66,2024-08-31,2024-09-16,2024-09-16,16,16,0,1,95.6,Low
PO_006602,SUP_010,FAB_016,11409,4.77,54420.93,2024-01-26,2024-02-15,2024-02-20,20,25,5,0,96.52,Medium
PO_006603,SUP_015,FAB_024,10865,5.13,55737.45,2025-02-24,2025-03-14,2025-03-20,18,24,6,0,91.41,Medium
PO_006604,SUP_002,FAB_003,18679,16.83,314367.57,2024-07-03,2024-07-25,2024-07-26,22,23,1,0,95.73,Medium
PO_006605,SUP_025,FAB_015,13891,13.15,182666.65,2025-10-29,2025-11-30,2025-11-30,32,32,0,1,95.57,Low
PO_006606,SUP_025,FAB_016,6814,5.26,35841.64,2024-05-30,2024-06-14,2024-06-18,15,19,4,0,96.77,Medium
PO_006607,SUP_022,FAB_021,18578,13.91,258419.98,2024-05-11,2024-06-02,2024-06-03,22,23,1,0,94.14,Medium
PO_006608,SUP_020,FAB_005,2158,6.02,12991.16,2025-04-15,2025-05-16,2025-05-28,31,43,12,0,92.9,High
PO_006609,SUP_022,FAB_023,888,7.57,6722.16,2025-02-09,2025-03-03,2025-03-05,22,24,2,0,99.06,Medium
PO_006610,SUP_006,FAB_026,15791,12.79,201966.89,2024-07-08,2024-07-24,2024-07-25,16,17,1,0,97.74,Medium
PO_006611,SUP_008,FAB_027,2079,12.68,26361.72,2025-11-14,2025-11-28,2025-11-29,14,15,1,0,89.13,Medium
PO_006612,SUP_018,FAB_017,2306,11.15,25711.9,2024-01-20,2024-02-19,2024-02-20,30,31,1,0,93.15,Medium
PO_006613,SUP_012,FAB_005,15509,7.19,111509.71,2025-07-17,2025-08-03,2025-08-04,17,18,1,0,97.2,Medium
PO_006614,SUP_017,FAB_017,3778,11.31,42729.18,2025-01-27,2025-02-22,2025-02-22,26,26,0,1,89.34,Low
PO_006615,SUP_013,FAB_026,4340,11.83,51342.2,2024-03-22,2024-04-23,2024-05-05,32,44,12,0,89.01,High
PO_006616,SUP_009,FAB_026,1408,14.0,19712.0,2025-09-15,2025-10-01,2025-10-04,16,19,3,0,94.75,Medium
PO_006617,SUP_006,FAB_014,10479,16.46,172484.34,2025-07-22,2025-08-11,2025-08-17,20,26,6,0,94.19,Medium
PO_006618,SUP_024,FAB_003,7641,16.11,123096.51,2025-04-25,2025-05-10,2025-05-19,15,24,9,0,90.44,High
PO_006619,SUP_018,FAB_024,901,5.25,4730.25,2024-05-25,2024-06-10,2024-06-10,16,16,0,1,94.72,Low
PO_006620,SUP_002,FAB_003,19394,16.83,326401.02,2024-11-16,2024-12-08,2024-12-18,22,32,10,0,92.66,High
PO_006621,SUP_022,FAB_023,5702,7.57,43164.14,2024-04-25,2024-05-17,2024-05-20,22,25,3,0,97.13,Medium
PO_006622,SUP_015,FAB_010,4712,5.34,25162.08,2024-06-29,2024-07-14,2024-07-17,15,18,3,0,92.86,Medium
PO_006623,SUP_025,FAB_025,3589,17.52,62879.28,2024-12-26,2025-01-20,2025-01-24,25,29,4,0,94.58,Medium
PO_006624,SUP_013,FAB_026,6602,11.83,78101.66,2024-03-23,2024-04-24,2024-04-27,32,35,3,0,95.87,Medium
PO_006625,SUP_016,FAB_023,9586,6.9,66143.4,2025-02-03,2025-03-03,2025-03-06,28,31,3,0,86.27,Medium
PO_006626,SUP_024,FAB_028,11185,18.15,203007.75,2025-01-12,2025-01-27,2025-01-28,15,16,1,0,85.98,Medium
PO_006627,SUP_015,FAB_012,17850,12.48,222768.0,2024-07-03,2024-08-06,2024-08-17,34,45,11,0,98.14,High
PO_006628,SUP_002,FAB_006,14146,14.77,208936.42,2025-02-27,2025-03-26,2025-03-26,27,27,0,1,93.68,Low
PO_006629,SUP_006,FAB_014,5697,16.46,93772.62,2025-09-04,2025-09-24,2025-09-27,20,23,3,0,96.5,Medium
PO_006630,SUP_024,FAB_029,9486,9.81,93057.66,2025-04-08,2025-05-04,2025-05-08,26,30,4,0,94.13,Medium
PO_006631,SUP_012,FAB_030,1080,15.33,16556.4,2024-08-14,2024-09-10,2024-09-11,27,28,1,0,94.62,Medium
PO_006632,SUP_022,FAB_005,2633,7.26,19115.58,2024-08-26,2024-09-18,2024-09-20,23,25,2,0,94.17,Medium
PO_006633,SUP_009,FAB_025,5304,19.05,101041.2,2025-07-19,2025-08-06,2025-08-07,18,19,1,0,94.36,Medium
PO_006634,SUP_022,FAB_020,5095,10.02,51051.9,2025-10-12,2025-11-09,2025-11-10,28,29,1,0,96.14,Medium
PO_006635,SUP_012,FAB_022,7540,4.72,35588.8,2025-09-02,2025-09-29,2025-09-30,27,28,1,0,97.71,Medium
PO_006636,SUP_025,FAB_005,4773,6.69,31931.37,2024-10-05,2024-10-26,2024-10-28,21,23,2,0,95.33,Medium
PO_006637,SUP_005,FAB_026,1114,13.45,14983.3,2025-08-24,2025-10-01,2025-10-02,38,39,1,0,90.09,Medium
PO_006638,SUP_012,FAB_021,17168,12.26,210479.68,2024-12-05,2024-12-20,2024-12-25,15,20,5,0,93.07,Medium
PO_006639,SUP_003,FAB_022,4249,5.47,23242.03,2024-09-16,2024-10-17,2024-10-18,31,32,1,0,93.8,Medium
PO_006640,SUP_005,FAB_016,8316,5.84,48565.44,2024-04-02,2024-04-30,2024-04-30,28,28,0,1,94.42,Low
PO_006641,SUP_016,FAB_012,13196,13.37,176430.52,2024-09-25,2024-10-22,2024-10-30,27,35,8,0,91.56,High
PO_006642,SUP_011,FAB_002,19441,14.61,284033.01,2024-03-10,2024-03-28,2024-03-28,18,18,0,1,96.93,Low
PO_006643,SUP_018,FAB_019,8472,15.93,134958.96,2024-10-25,2024-11-24,2024-11-27,30,33,3,0,90.89,Medium
PO_006644,SUP_002,FAB_005,9618,6.1,58669.8,2024-01-14,2024-02-12,2024-02-13,29,30,1,0,90.85,Medium
PO_006645,SUP_017,FAB_023,10394,7.59,78890.46,2025-09-07,2025-09-21,2025-09-24,14,17,3,0,92.21,Medium
PO_006646,SUP_023,FAB_017,12927,9.24,119445.48,2024-07-20,2024-08-26,2024-08-30,37,41,4,0,99.57,Medium
PO_006647,SUP_009,FAB_005,8903,7.36,65526.08,2024-04-26,2024-05-22,2024-05-24,26,28,2,0,95.91,Medium
PO_006648,SUP_012,FAB_027,16981,12.77,216847.37,2025-02-16,2025-03-23,2025-03-24,35,36,1,0,99.09,Medium
PO_006649,SUP_015,FAB_009,19779,8.22,162583.38,2025-07-22,2025-08-27,2025-08-27,36,36,0,1,91.41,Low
PO_006650,SUP_022,FAB_011,14269,6.02,85899.38,2025-02-21,2025-03-07,2025-03-08,14,15,1,0,99.34,Medium
PO_006651,SUP_020,FAB_009,16856,9.98,168222.88,2025-03-19,2025-04-05,2025-04-09,17,21,4,0,92.14,Medium
PO_006652,SUP_010,FAB_029,8675,8.48,73564.0,2024-10-25,2024-11-09,2024-11-12,15,18,3,0,91.97,Medium
PO_006653,SUP_021,FAB_014,9379,20.05,188048.95,2025-01-12,2025-02-04,2025-02-12,23,31,8,0,93.37,High
PO_006654,SUP_021,FAB_019,6311,17.9,112966.9,2025-07-28,2025-08-25,2025-08-25,28,28,0,1,94.61,Low
PO_006655,SUP_014,FAB_009,2254,8.16,18392.64,2025-11-21,2025-12-10,2025-12-11,19,20,1,0,88.72,Medium
PO_006656,SUP_018,FAB_014,18845,19.73,371811.85,2024-11-18,2024-12-07,2024-12-07,19,19,0,1,92.83,Low
PO_006657,SUP_017,FAB_020,14995,8.11,121609.45,2024-09-22,2024-10-18,2024-10-21,26,29,3,0,91.93,Medium
PO_006658,SUP_019,FAB_015,3575,14.82,52981.5,2024-06-09,2024-07-07,2024-07-10,28,31,3,0,93.81,Medium
PO_006659,SUP_018,FAB_014,10729,19.73,211683.17,2025-04-03,2025-04-22,2025-04-25,19,22,3,0,93.72,Medium
PO_006660,SUP_023,FAB_024,13591,4.32,58713.12,2025-06-15,2025-07-16,2025-07-20,31,35,4,0,93.05,Medium
PO_006661,SUP_014,FAB_009,16660,8.16,135945.6,2024-03-10,2024-03-29,2024-04-03,19,24,5,0,97.92,Medium
PO_006662,SUP_006,FAB_008,7193,16.35,117605.55,2025-09-16,2025-10-25,2025-10-26,39,40,1,0,97.38,Medium
PO_006663,SUP_004,FAB_017,3741,11.49,42984.09,2025-01-13,2025-02-14,2025-02-15,32,33,1,0,100.0,Medium
PO_006664,SUP_019,FAB_016,19266,5.34,102880.44,2024-02-03,2024-02-26,2024-02-27,23,24,1,0,92.63,Medium
PO_006665,SUP_006,FAB_007,16396,7.38,121002.48,2025-01-27,2025-02-16,2025-02-18,20,22,2,0,94.85,Medium
PO_006666,SUP_011,FAB_027,5083,11.21,56980.43,2025-10-01,2025-10-28,2025-10-30,27,29,2,0,93.53,Medium
PO_006667,SUP_025,FAB_020,8924,9.52,84956.48,2025-01-19,2025-02-24,2025-03-01,36,41,5,0,95.96,Medium
PO_006668,SUP_016,FAB_021,8660,13.4,116044.0,2025-03-19,2025-04-11,2025-04-11,23,23,0,1,95.05,Low
PO_006669,SUP_001,FAB_001,15174,9.92,150526.08,2025-04-28,2025-05-13,2025-05-14,15,16,1,0,95.55,Medium
PO_006670,SUP_004,FAB_019,5404,15.3,82681.2,2025-04-16,2025-05-12,2025-05-14,26,28,2,0,98.01,Medium
PO_006671,SUP_014,FAB_014,5980,17.09,102198.2,2024-05-19,2024-06-17,2024-06-18,29,30,1,0,100.0,Medium
PO_006672,SUP_013,FAB_022,6245,5.44,33972.8,2025-02-25,2025-04-06,2025-04-07,40,41,1,0,89.27,Medium
PO_006673,SUP_022,FAB_005,9145,7.26,66392.7,2025-09-22,2025-10-15,2025-10-16,23,24,1,0,95.48,Medium
PO_006674,SUP_021,FAB_015,17610,15.16,266967.6,2025-01-29,2025-02-20,2025-03-03,22,33,11,0,100.0,High
PO_006675,SUP_017,FAB_020,17509,8.11,141997.99,2024-08-06,2024-09-01,2024-09-01,26,26,0,1,94.11,Low
PO_006676,SUP_013,FAB_022,719,5.44,3911.36,2025-10-21,2025-11-30,2025-12-04,40,44,4,0,92.59,Medium
PO_006677,SUP_016,FAB_014,17025,20.14,342883.5,2024-12-18,2025-01-14,2025-01-18,27,31,4,0,92.44,Medium
PO_006678,SUP_013,FAB_020,1066,8.4,8954.4,2025-01-19,2025-02-25,2025-03-02,37,42,5,0,88.0,Medium
PO_006679,SUP_004,FAB_017,14970,11.49,172005.3,2024-06-05,2024-07-07,2024-07-14,32,39,7,0,93.78,Medium
PO_006680,SUP_018,FAB_019,1746,15.93,27813.78,2025-08-16,2025-09-15,2025-09-18,30,33,3,0,99.52,Medium
PO_006681,SUP_015,FAB_024,2090,5.13,10721.7,2024-03-13,2024-03-31,2024-03-31,18,18,0,1,96.75,Low
PO_006682,SUP_011,FAB_021,3215,13.4,43081.0,2025-09-01,2025-10-10,2025-10-10,39,39,0,1,98.22,Low
PO_006683,SUP_010,FAB_024,4101,4.93,20217.93,2024-07-20,2024-08-18,2024-08-22,29,33,4,0,94.0,Medium
PO_006684,SUP_005,FAB_016,6960,5.84,40646.4,2025-04-14,2025-05-12,2025-05-12,28,28,0,1,100.0,Low
PO_006685,SUP_005,FAB_017,10074,10.84,109202.16,2024-07-14,2024-08-15,2024-08-15,32,32,0,1,91.9,Low
PO_006686,SUP_019,FAB_013,19580,12.25,239855.0,2025-08-01,2025-08-15,2025-08-28,14,27,13,0,92.1,High
PO_006687,SUP_007,FAB_016,5747,4.91,28217.77,2024-09-18,2024-10-14,2024-10-14,26,26,0,1,96.1,Low
PO_006688,SUP_010,FAB_016,17287,4.77,82458.99,2024-08-12,2024-09-01,2024-09-03,20,22,2,0,95.4,Medium
PO_006689,SUP_024,FAB_025,537,19.85,10659.45,2024-07-07,2024-07-23,2024-07-29,16,22,6,0,89.75,Medium
PO_006690,SUP_016,FAB_025,3748,19.48,73011.04,2024-01-08,2024-01-24,2024-01-28,16,20,4,0,93.97,Medium
PO_006691,SUP_007,FAB_002,17751,15.33,272122.83,2025-04-05,2025-04-20,2025-04-26,15,21,6,0,90.33,Medium
PO_006692,SUP_010,FAB_021,17401,13.79,239959.79,2025-03-26,2025-05-05,2025-05-07,40,42,2,0,90.86,Medium
PO_006693,SUP_019,FAB_010,563,4.57,2572.91,2024-10-17,2024-11-16,2024-11-19,30,33,3,0,89.43,Medium
PO_006694,SUP_012,FAB_026,9089,11.82,107431.98,2025-07-02,2025-07-19,2025-07-20,17,18,1,0,96.98,Medium
PO_006695,SUP_023,FAB_023,12769,7.03,89766.07,2025-01-18,2025-02-19,2025-02-19,32,32,0,1,93.05,Low
PO_006696,SUP_020,FAB_005,14425,6.02,86838.5,2025-11-12,2025-12-13,2025-12-29,31,47,16,0,90.28,High
PO_006697,SUP_021,FAB_019,13431,17.9,240414.9,2024-07-14,2024-08-11,2024-08-12,28,29,1,0,97.47,Medium
PO_006698,SUP_021,FAB_017,8608,10.83,93224.64,2024-07-26,2024-09-01,2024-09-01,37,37,0,1,99.72,Low
PO_006699,SUP_017,FAB_018,17948,10.55,189351.4,2025-05-18,2025-06-19,2025-06-21,32,34,2,0,86.49,Medium
PO_006700,SUP_019,FAB_028,9418,16.65,156809.7,2025-03-18,2025-04-22,2025-04-24,35,37,2,0,89.09,Medium
PO_006701,SUP_015,FAB_010,4406,5.34,23528.04,2025-10-27,2025-11-11,2025-11-13,15,17,2,0,93.77,Medium
PO_006702,SUP_014,FAB_019,19382,16.12,312437.84,2024-07-18,2024-08-22,2024-08-28,35,41,6,0,98.88,Medium
PO_006703,SUP_007,FAB_018,1506,10.76,16204.56,2024-08-07,2024-08-24,2024-08-31,17,24,7,0,92.75,Medium
PO_006704,SUP_015,FAB_018,3508,12.21,42832.68,2025-01-12,2025-02-11,2025-02-13,30,32,2,0,99.62,Medium
PO_006705,SUP_013,FAB_021,17538,12.18,213612.84,2024-11-12,2024-12-14,2024-12-15,32,33,1,0,94.04,Medium
PO_006706,SUP_011,FAB_011,4823,6.37,30722.51,2024-12-14,2025-01-09,2025-01-10,26,27,1,0,93.27,Medium
PO_006707,SUP_005,FAB_016,13996,5.84,81736.64,2024-03-08,2024-04-05,2024-04-09,28,32,4,0,97.54,Medium
PO_006708,SUP_001,FAB_025,9033,16.86,152296.38,2024-06-01,2024-06-28,2024-06-28,27,27,0,1,93.18,Low
PO_006709,SUP_007,FAB_026,7747,14.05,108845.35,2025-07-20,2025-08-05,2025-08-14,16,25,9,0,87.43,High
PO_006710,SUP_007,FAB_016,8101,4.91,39775.91,2024-04-24,2024-05-20,2024-05-23,26,29,3,0,86.19,Medium
PO_006711,SUP_002,FAB_028,2871,16.61,47687.31,2024-11-18,2024-12-16,2024-12-16,28,28,0,1,97.46,Low
PO_006712,SUP_017,FAB_017,6284,11.31,71072.04,2024-10-12,2024-11-07,2024-11-15,26,34,8,0,91.72,High
PO_006713,SUP_017,FAB_023,16007,7.59,121493.13,2024-02-07,2024-02-21,2024-02-28,14,21,7,0,96.7,Medium
PO_006714,SUP_001,FAB_004,3478,7.06,24554.68,2024-11-28,2024-12-21,2024-12-21,23,23,0,1,95.53,Low
PO_006715,SUP_003,FAB_023,19848,7.68,152432.64,2025-06-23,2025-07-07,2025-07-24,14,31,17,0,92.66,High
PO_006716,SUP_024,FAB_021,2109,11.96,25223.64,2025-10-28,2025-11-14,2025-11-19,17,22,5,0,90.16,Medium
PO_006717,SUP_015,FAB_010,15314,5.34,81776.76,2024-07-10,2024-07-25,2024-07-31,15,21,6,0,91.41,Medium
PO_006718,SUP_012,FAB_005,17698,7.19,127248.62,2024-12-14,2024-12-31,2025-01-02,17,19,2,0,99.13,Medium
PO_006719,SUP_009,FAB_020,10353,8.32,86136.96,2025-04-03,2025-04-18,2025-04-20,15,17,2,0,98.63,Medium
PO_006720,SUP_003,FAB_006,17615,16.44,289590.6,2025-09-11,2025-10-08,2025-10-12,27,31,4,0,88.03,Medium
PO_006721,SUP_018,FAB_024,10681,5.25,56075.25,2024-03-14,2024-03-30,2024-04-05,16,22,6,0,91.1,Medium
PO_006722,SUP_012,FAB_026,1312,11.82,15507.84,2025-09-08,2025-09-25,2025-09-25,17,17,0,1,91.24,Low
PO_006723,SUP_021,FAB_017,16278,10.83,176290.74,2025-05-20,2025-06-26,2025-06-26,37,37,0,1,90.05,Low
PO_006724,SUP_012,FAB_026,5065,11.82,59868.3,2025-08-31,2025-09-17,2025-09-20,17,20,3,0,97.09,Medium
PO_006725,SUP_013,FAB_021,16009,12.18,194989.62,2024-03-25,2024-04-26,2024-04-29,32,35,3,0,92.46,Medium
PO_006726,SUP_016,FAB_021,8080,13.4,108272.0,2024-01-12,2024-02-04,2024-02-09,23,28,5,0,96.52,Medium
PO_006727,SUP_009,FAB_019,13476,17.77,239468.52,2025-11-02,2025-11-24,2025-11-25,22,23,1,0,100.0,Medium
PO_006728,SUP_008,FAB_025,13392,16.9,226324.8,2025-03-06,2025-04-06,2025-04-14,31,39,8,0,89.48,High
PO_006729,SUP_004,FAB_019,15748,15.3,240944.4,2025-08-03,2025-08-29,2025-09-04,26,32,6,0,87.78,Medium
PO_006730,SUP_002,FAB_006,18713,14.77,276391.01,2025-10-29,2025-11-25,2025-11-28,27,30,3,0,92.15,Medium
PO_006731,SUP_013,FAB_020,4395,8.4,36918.0,2024-06-26,2024-08-02,2024-08-12,37,47,10,0,88.43,High
PO_006732,SUP_023,FAB_022,14244,5.21,74211.24,2025-04-27,2025-05-27,2025-06-01,30,35,5,0,90.59,Medium
PO_006733,SUP_010,FAB_025,11764,19.23,226221.72,2025-09-12,2025-10-14,2025-10-18,32,36,4,0,94.69,Medium
PO_006734,SUP_006,FAB_015,18351,13.95,255996.45,2025-07-08,2025-07-25,2025-07-27,17,19,2,0,93.9,Medium
PO_006735,SUP_012,FAB_005,5521,7.19,39695.99,2025-11-24,2025-12-11,2025-12-12,17,18,1,0,94.44,Medium
PO_006736,SUP_002,FAB_022,5648,5.07,28635.36,2025-09-28,2025-10-22,2025-10-25,24,27,3,0,92.26,Medium
PO_006737,SUP_001,FAB_018,15970,11.04,176308.8,2025-10-04,2025-10-22,2025-10-23,18,19,1,0,94.09,Medium
PO_006738,SUP_002,FAB_019,3114,17.14,53373.96,2025-03-17,2025-04-06,2025-04-08,20,22,2,0,96.24,Medium
PO_006739,SUP_019,FAB_015,2130,14.82,31566.6,2025-06-21,2025-07-19,2025-07-21,28,30,2,0,95.09,Medium
PO_006740,SUP_025,FAB_009,15622,8.15,127319.3,2025-04-05,2025-05-02,2025-05-02,27,27,0,1,90.13,Low
PO_006741,SUP_007,FAB_028,13196,17.07,225255.72,2025-07-05,2025-07-26,2025-07-31,21,26,5,0,94.79,Medium
PO_006742,SUP_024,FAB_003,14802,16.11,238460.22,2024-12-13,2024-12-28,2025-01-03,15,21,6,0,87.76,Medium
PO_006743,SUP_001,FAB_007,10732,8.25,88539.0,2025-05-31,2025-07-05,2025-07-05,35,35,0,1,99.37,Low
PO_006744,SUP_012,FAB_008,13532,13.43,181734.76,2025-02-26,2025-04-02,2025-04-04,35,37,2,0,95.83,Medium
PO_006745,SUP_001,FAB_024,5348,4.4,23531.2,2025-09-15,2025-10-13,2025-10-16,28,31,3,0,100.0,Medium
PO_006746,SUP_009,FAB_010,17546,5.01,87905.46,2024-03-08,2024-04-01,2024-04-02,24,25,1,0,93.27,Medium
PO_006747,SUP_016,FAB_023,17382,6.9,119935.8,2024-04-06,2024-05-04,2024-05-14,28,38,10,0,99.38,High
PO_006748,SUP_006,FAB_018,11312,11.78,133255.36,2025-07-15,2025-08-21,2025-08-28,37,44,7,0,95.3,Medium
PO_006749,SUP_010,FAB_029,6292,8.48,53356.16,2025-01-26,2025-02-10,2025-02-19,15,24,9,0,89.67,High
PO_006750,SUP_025,FAB_008,5191,13.68,71012.88,2024-10-25,2024-11-28,2024-12-04,34,40,6,0,96.98,Medium
PO_006751,SUP_023,FAB_028,7655,15.73,120413.15,2025-09-07,2025-10-01,2025-10-04,24,27,3,0,93.63,Medium
PO_006752,SUP_009,FAB_019,7942,17.77,141129.34,2024-11-17,2024-12-09,2024-12-10,22,23,1,0,86.83,Medium
PO_006753,SUP_018,FAB_017,19808,11.15,220859.2,2024-10-31,2024-11-30,2024-12-02,30,32,2,0,96.56,Medium
PO_006754,SUP_009,FAB_001,3301,10.99,36277.99,2024-02-21,2024-03-25,2024-03-25,33,33,0,1,94.92,Low
PO_006755,SUP_002,FAB_013,19858,13.79,273841.82,2024-02-05,2024-02-22,2024-02-22,17,17,0,1,95.81,Low
PO_006756,SUP_010,FAB_006,17681,16.62,293858.22,2024-07-30,2024-09-04,2024-09-04,36,36,0,1,91.67,Low
PO_006757,SUP_015,FAB_010,16052,5.34,85717.68,2025-05-18,2025-06-02,2025-06-03,15,16,1,0,98.92,Medium
PO_006758,SUP_015,FAB_024,15293,5.13,78453.09,2024-11-23,2024-12-11,2024-12-21,18,28,10,0,96.61,High
PO_006759,SUP_007,FAB_018,11088,10.76,119306.88,2025-03-30,2025-04-16,2025-04-19,17,20,3,0,85.8,Medium
PO_006760,SUP_019,FAB_015,19434,14.82,288011.88,2025-09-26,2025-10-24,2025-10-28,28,32,4,0,87.85,Medium
PO_006761,SUP_022,FAB_001,7961,9.5,75629.5,2025-11-13,2025-12-03,2025-12-04,20,21,1,0,100.0,Medium
PO_006762,SUP_010,FAB_021,19045,13.79,262630.55,2025-11-19,2025-12-29,2025-12-31,40,42,2,0,100.0,Medium
PO_006763,SUP_024,FAB_003,13296,16.11,214198.56,2025-06-04,2025-06-19,2025-06-21,15,17,2,0,97.14,Medium
PO_006764,SUP_025,FAB_005,7855,6.69,52549.95,2024-08-29,2024-09-19,2024-09-19,21,21,0,1,98.56,Low
PO_006765,SUP_008,FAB_028,1143,16.49,18848.07,2025-11-10,2025-12-06,2025-12-08,26,28,2,0,90.87,Medium
PO_006766,SUP_015,FAB_008,19896,13.31,264815.76,2024-07-13,2024-07-30,2024-08-01,17,19,2,0,86.45,Medium
PO_006767,SUP_012,FAB_017,7767,9.86,76582.62,2025-01-02,2025-01-30,2025-02-01,28,30,2,0,95.07,Medium
PO_006768,SUP_022,FAB_030,7935,18.31,145289.85,2024-06-25,2024-07-21,2024-07-21,26,26,0,1,93.3,Low
PO_006769,SUP_018,FAB_008,19265,14.6,281269.0,2025-10-14,2025-10-30,2025-10-30,16,16,0,1,99.82,Low
PO_006770,SUP_002,FAB_019,13064,17.14,223916.96,2024-04-15,2024-05-05,2024-05-07,20,22,2,0,94.53,Medium
PO_006771,SUP_007,FAB_026,2505,14.05,35195.25,2025-08-04,2025-08-20,2025-08-22,16,18,2,0,86.39,Medium
PO_006772,SUP_022,FAB_011,3171,6.02,19089.42,2025-10-03,2025-10-17,2025-10-18,14,15,1,0,94.08,Medium
PO_006773,SUP_009,FAB_008,15886,14.7,233524.2,2025-10-26,2025-11-18,2025-11-20,23,25,2,0,92.06,Medium
PO_006774,SUP_002,FAB_030,12051,15.39,185464.89,2025-11-16,2025-12-23,2025-12-23,37,37,0,1,95.46,Low
PO_006775,SUP_011,FAB_021,7546,13.4,101116.4,2024-07-31,2024-09-08,2024-09-08,39,39,0,1,100.0,Low
PO_006776,SUP_024,FAB_003,16521,16.11,266153.31,2024-07-26,2024-08-10,2024-08-17,15,22,7,0,86.59,Medium
PO_006777,SUP_019,FAB_014,17042,19.06,324820.52,2025-08-15,2025-08-31,2025-09-05,16,21,5,0,92.47,Medium
PO_006778,SUP_005,FAB_016,19581,5.84,114353.04,2024-08-24,2024-09-21,2024-09-25,28,32,4,0,96.8,Medium
PO_006779,SUP_004,FAB_014,744,19.52,14522.88,2025-10-27,2025-11-16,2025-11-18,20,22,2,0,91.5,Medium
PO_006780,SUP_007,FAB_023,17508,6.79,118879.32,2024-06-28,2024-07-26,2024-07-26,28,28,0,1,89.5,Low
PO_006781,SUP_019,FAB_013,16656,12.25,204036.0,2025-03-04,2025-03-18,2025-03-20,14,16,2,0,94.23,Medium
PO_006782,SUP_019,FAB_010,9404,4.57,42976.28,2024-03-05,2024-04-04,2024-04-07,30,33,3,0,94.1,Medium
PO_006783,SUP_013,FAB_022,6581,5.44,35800.64,2025-05-23,2025-07-02,2025-07-07,40,45,5,0,92.55,Medium
PO_006784,SUP_016,FAB_009,15872,8.41,133483.52,2025-06-04,2025-07-12,2025-07-17,38,43,5,0,86.53,Medium
PO_006785,SUP_025,FAB_025,2697,17.52,47251.44,2024-11-22,2024-12-17,2024-12-18,25,26,1,0,93.34,Medium
PO_006786,SUP_022,FAB_021,15428,13.91,214603.48,2024-12-23,2025-01-14,2025-01-16,22,24,2,0,94.55,Medium
PO_006787,SUP_010,FAB_011,19765,6.57,129856.05,2024-06-30,2024-07-15,2024-07-20,15,20,5,0,92.59,Medium
PO_006788,SUP_008,FAB_027,2541,12.68,32219.88,2025-08-03,2025-08-17,2025-08-19,14,16,2,0,95.18,Medium
PO_006789,SUP_008,FAB_023,17311,6.73,116503.03,2024-12-07,2025-01-08,2025-01-08,32,32,0,1,94.37,Low
PO_006790,SUP_005,FAB_016,5786,5.84,33790.24,2024-02-26,2024-03-25,2024-03-26,28,29,1,0,96.33,Medium
PO_006791,SUP_015,FAB_010,6594,5.34,35211.96,2025-05-19,2025-06-03,2025-06-07,15,19,4,0,97.42,Medium
PO_006792,SUP_004,FAB_022,768,5.07,3893.76,2024-06-29,2024-07-19,2024-07-20,20,21,1,0,98.95,Medium
PO_006793,SUP_017,FAB_007,6954,6.62,46035.48,2024-05-10,2024-05-31,2024-06-06,21,27,6,0,82.23,High
PO_006794,SUP_011,FAB_020,19318,8.32,160725.76,2025-01-19,2025-02-27,2025-02-28,39,40,1,0,94.94,Medium
PO_006795,SUP_004,FAB_018,4068,12.22,49710.96,2024-05-25,2024-06-08,2024-06-10,14,16,2,0,89.84,Medium
PO_006796,SUP_024,FAB_026,11089,14.09,156244.01,2024-03-26,2024-05-04,2024-05-11,39,46,7,0,88.55,Medium
PO_006797,SUP_005,FAB_003,1916,17.05,32667.8,2024-09-11,2024-10-20,2024-10-20,39,39,0,1,96.49,Low
PO_006798,SUP_001,FAB_018,2890,11.04,31905.6,2025-02-21,2025-03-11,2025-03-11,18,18,0,1,98.47,Low
PO_006799,SUP_024,FAB_028,15497,18.15,281270.55,2024-01-27,2024-02-11,2024-02-17,15,21,6,0,95.23,Medium
PO_006800,SUP_018,FAB_004,18273,7.39,135037.47,2025-02-21,2025-03-23,2025-03-27,30,34,4,0,94.72,Medium
PO_006801,SUP_018,FAB_012,4486,13.73,61592.78,2025-06-19,2025-07-22,2025-07-23,33,34,1,0,100.0,Medium
PO_006802,SUP_002,FAB_023,2216,7.36,16309.76,2025-05-02,2025-06-09,2025-06-09,38,38,0,1,90.42,Low
PO_006803,SUP_005,FAB_003,18921,17.05,322603.05,2025-04-17,2025-05-26,2025-05-26,39,39,0,1,96.9,Low
PO_006804,SUP_002,FAB_030,15525,15.39,238929.75,2024-04-16,2024-05-23,2024-05-27,37,41,4,0,92.73,Medium
PO_006805,SUP_004,FAB_017,19571,11.49,224870.79,2025-10-11,2025-11-12,2025-11-18,32,38,6,0,95.68,Medium
PO_006806,SUP_020,FAB_005,18189,6.02,109497.78,2024-11-17,2024-12-18,2024-12-19,31,32,1,0,88.57,Medium
PO_006807,SUP_025,FAB_020,18209,9.52,173349.68,2025-07-04,2025-08-09,2025-08-13,36,40,4,0,96.46,Medium
PO_006808,SUP_020,FAB_009,14484,9.98,144550.32,2025-11-02,2025-11-19,2025-11-28,17,26,9,0,92.02,High
PO_006809,SUP_022,FAB_011,14330,6.02,86266.6,2024-03-18,2024-04-01,2024-04-02,14,15,1,0,94.17,Medium
PO_006810,SUP_006,FAB_016,12771,4.91,62705.61,2024-09-19,2024-10-27,2024-11-01,38,43,5,0,95.88,Medium
PO_006811,SUP_011,FAB_011,12343,6.37,78624.91,2024-12-28,2025-01-23,2025-01-29,26,32,6,0,100.0,Medium
PO_006812,SUP_021,FAB_010,1724,4.79,8257.96,2024-11-16,2024-12-25,2024-12-25,39,39,0,1,98.54,Low
PO_006813,SUP_009,FAB_009,11142,10.06,112088.52,2024-11-16,2024-12-25,2024-12-25,39,39,0,1,97.28,Low
PO_006814,SUP_015,FAB_006,1387,15.2,21082.4,2024-04-02,2024-04-30,2024-04-30,28,28,0,1,94.05,Low
PO_006815,SUP_012,FAB_021,15355,12.26,188252.3,2025-03-18,2025-04-02,2025-04-05,15,18,3,0,95.44,Medium
PO_006816,SUP_007,FAB_019,10877,16.0,174032.0,2025-05-20,2025-06-29,2025-06-29,40,40,0,1,86.95,Low
PO_006817,SUP_018,FAB_008,17197,14.6,251076.2,2024-10-24,2024-11-09,2024-11-10,16,17,1,0,94.25,Medium
PO_006818,SUP_018,FAB_005,13186,7.22,95202.92,2025-11-19,2025-12-28,2025-12-29,39,40,1,0,94.18,Medium
PO_006819,SUP_017,FAB_023,19815,7.59,150395.85,2025-08-16,2025-08-30,2025-09-05,14,20,6,0,88.51,Medium
PO_006820,SUP_022,FAB_015,15214,14.68,223341.52,2025-08-22,2025-09-25,2025-09-29,34,38,4,0,99.77,Medium
PO_006821,SUP_004,FAB_022,7697,5.07,39023.79,2025-01-28,2025-02-17,2025-02-23,20,26,6,0,95.86,Medium
PO_006822,SUP_007,FAB_023,17244,6.79,117086.76,2025-05-18,2025-06-15,2025-06-24,28,37,9,0,88.72,High
PO_006823,SUP_008,FAB_006,5994,16.71,100159.74,2025-06-05,2025-07-11,2025-07-13,36,38,2,0,96.86,Medium
PO_006824,SUP_017,FAB_023,15560,7.59,118100.4,2025-06-27,2025-07-11,2025-07-12,14,15,1,0,92.48,Medium
PO_006825,SUP_015,FAB_010,17003,5.34,90796.02,2025-04-14,2025-04-29,2025-05-04,15,20,5,0,96.24,Medium
PO_006826,SUP_013,FAB_016,9312,5.34,49726.08,2025-01-26,2025-02-10,2025-02-11,15,16,1,0,93.09,Medium
PO_006827,SUP_012,FAB_016,10158,5.69,57799.02,2024-09-10,2024-09-26,2024-09-27,16,17,1,0,94.97,Medium
PO_006828,SUP_013,FAB_024,1184,5.18,6133.12,2025-05-23,2025-06-21,2025-07-01,29,39,10,0,86.87,High
PO_006829,SUP_002,FAB_028,3100,16.61,51491.0,2025-07-07,2025-08-04,2025-08-05,28,29,1,0,93.99,Medium
PO_006830,SUP_024,FAB_028,19107,18.15,346792.05,2024-09-25,2024-10-10,2024-10-17,15,22,7,0,92.82,Medium
PO_006831,SUP_021,FAB_014,709,20.05,14215.45,2024-12-07,2024-12-30,2024-12-30,23,23,0,1,100.0,Low
PO_006832,SUP_003,FAB_028,14702,18.9,277867.8,2025-05-10,2025-05-25,2025-05-28,15,18,3,0,100.0,Medium
PO_006833,SUP_002,FAB_019,13865,17.14,237646.1,2024-09-27,2024-10-17,2024-10-21,20,24,4,0,99.23,Medium
PO_006834,SUP_017,FAB_020,16276,8.11,131998.36,2025-04-16,2025-05-12,2025-05-21,26,35,9,0,89.83,High
PO_006835,SUP_005,FAB_012,2686,13.26,35616.36,2025-08-05,2025-09-01,2025-09-04,27,30,3,0,100.0,Medium
PO_006836,SUP_010,FAB_024,14060,4.93,69315.8,2024-04-03,2024-05-02,2024-05-06,29,33,4,0,98.66,Medium
PO_006837,SUP_015,FAB_024,10783,5.13,55316.79,2024-03-12,2024-03-30,2024-03-30,18,18,0,1,97.15,Low
PO_006838,SUP_003,FAB_014,8019,19.82,158936.58,2024-08-08,2024-08-31,2024-09-04,23,27,4,0,88.85,Medium
PO_006839,SUP_014,FAB_019,12430,16.12,200371.6,2025-09-18,2025-10-23,2025-10-24,35,36,1,0,93.75,Medium
PO_006840,SUP_025,FAB_005,9455,6.69,63253.95,2025-02-06,2025-02-27,2025-02-28,21,22,1,0,100.0,Medium
PO_006841,SUP_004,FAB_014,16535,19.52,322763.2,2025-01-18,2025-02-07,2025-02-12,20,25,5,0,91.59,Medium
PO_006842,SUP_010,FAB_011,13781,6.57,90541.17,2025-11-16,2025-12-01,2025-12-04,15,18,3,0,88.79,Medium
PO_006843,SUP_025,FAB_006,6080,16.41,99772.8,2024-12-31,2025-01-17,2025-01-18,17,18,1,0,96.01,Medium
PO_006844,SUP_012,FAB_030,11262,15.33,172646.46,2024-05-27,2024-06-23,2024-06-26,27,30,3,0,98.24,Medium
PO_006845,SUP_021,FAB_017,17675,10.83,191420.25,2025-05-03,2025-06-09,2025-06-10,37,38,1,0,94.41,Medium
PO_006846,SUP_014,FAB_009,11185,8.16,91269.6,2024-07-10,2024-07-29,2024-08-16,19,37,18,0,94.32,High
PO_006847,SUP_011,FAB_019,17529,15.83,277484.07,2025-05-25,2025-06-10,2025-06-13,16,19,3,0,91.35,Medium
PO_006848,SUP_018,FAB_004,17313,7.39,127943.07,2025-05-09,2025-06-08,2025-06-12,30,34,4,0,88.47,Medium
PO_006849,SUP_006,FAB_010,9565,5.13,49068.45,2025-04-27,2025-05-23,2025-05-30,26,33,7,0,93.34,Medium
PO_006850,SUP_005,FAB_021,6694,11.74,78587.56,2024-06-01,2024-06-22,2024-06-25,21,24,3,0,98.77,Medium
PO_006851,SUP_015,FAB_024,12865,5.13,65997.45,2024-09-26,2024-10-14,2024-10-17,18,21,3,0,91.1,Medium
PO_006852,SUP_005,FAB_019,7142,16.25,116057.5,2024-12-30,2025-01-26,2025-01-27,27,28,1,0,93.1,Medium
PO_006853,SUP_014,FAB_014,8095,17.09,138343.55,2024-11-05,2024-12-04,2024-12-07,29,32,3,0,94.53,Medium
PO_006854,SUP_023,FAB_017,16620,9.24,153568.8,2024-03-27,2024-05-03,2024-05-19,37,53,16,0,98.65,High
PO_006855,SUP_012,FAB_016,8317,5.69,47323.73,2025-05-08,2025-05-24,2025-05-27,16,19,3,0,97.41,Medium
PO_006856,SUP_009,FAB_008,3488,14.7,51273.6,2025-10-19,2025-11-11,2025-11-21,23,33,10,0,97.44,High
PO_006857,SUP_024,FAB_015,11020,12.36,136207.2,2024-05-05,2024-06-01,2024-06-06,27,32,5,0,88.11,Medium
PO_006858,SUP_002,FAB_028,3637,16.61,60410.57,2024-07-06,2024-08-03,2024-08-03,28,28,0,1,92.77,Low
PO_006859,SUP_016,FAB_012,10577,13.37,141414.49,2025-02-15,2025-03-14,2025-03-17,27,30,3,0,99.1,Medium
PO_006860,SUP_012,FAB_016,7863,5.69,44740.47,2024-12-25,2025-01-10,2025-01-12,16,18,2,0,96.17,Medium
PO_006861,SUP_023,FAB_017,8048,9.24,74363.52,2024-04-07,2024-05-14,2024-05-20,37,43,6,0,94.23,Medium
PO_006862,SUP_002,FAB_027,8770,11.4,99978.0,2025-05-19,2025-06-19,2025-06-23,31,35,4,0,92.16,Medium
PO_006863,SUP_022,FAB_030,2530,18.31,46324.3,2025-11-27,2025-12-23,2025-12-28,26,31,5,0,89.1,Medium
PO_006864,SUP_012,FAB_028,9755,16.72,163103.6,2024-07-05,2024-07-25,2024-07-31,20,26,6,0,94.75,Medium
PO_006865,SUP_020,FAB_005,10074,6.02,60645.48,2025-07-31,2025-08-31,2025-09-01,31,32,1,0,96.25,Medium
PO_006866,SUP_007,FAB_002,6696,15.33,102649.68,2024-03-25,2024-04-09,2024-04-14,15,20,5,0,88.94,Medium
PO_006867,SUP_020,FAB_010,16168,5.04,81486.72,2025-07-03,2025-08-02,2025-08-05,30,33,3,0,92.89,Medium
PO_006868,SUP_009,FAB_001,2522,10.99,27716.78,2024-01-03,2024-02-05,2024-02-05,33,33,0,1,92.21,Low
PO_006869,SUP_009,FAB_019,4047,17.77,71915.19,2024-08-12,2024-09-03,2024-09-03,22,22,0,1,90.98,Low
PO_006870,SUP_023,FAB_019,7336,15.67,114955.12,2025-06-09,2025-06-25,2025-06-27,16,18,2,0,89.6,Medium
PO_006871,SUP_020,FAB_009,3224,9.98,32175.52,2025-01-05,2025-01-22,2025-01-26,17,21,4,0,87.9,Medium
PO_006872,SUP_004,FAB_017,3010,11.49,34584.9,2024-01-25,2024-02-26,2024-02-28,32,34,2,0,93.98,Medium
PO_006873,SUP_010,FAB_016,14413,4.77,68750.01,2025-03-06,2025-03-26,2025-04-02,20,27,7,0,92.59,Medium
PO_006874,SUP_025,FAB_015,18346,13.15,241249.9,2024-11-12,2024-12-14,2024-12-16,32,34,2,0,94.11,Medium
PO_006875,SUP_001,FAB_004,9918,7.06,70021.08,2025-07-01,2025-07-24,2025-07-24,23,23,0,1,99.76,Low
PO_006876,SUP_011,FAB_015,2890,13.68,39535.2,2024-05-01,2024-05-30,2024-05-30,29,29,0,1,99.79,Low
PO_006877,SUP_016,FAB_012,15041,13.37,201098.17,2025-09-19,2025-10-16,2025-10-16,27,27,0,1,93.92,Low
PO_006878,SUP_011,FAB_030,2563,15.43,39547.09,2025-04-02,2025-04-19,2025-04-25,17,23,6,0,96.41,Medium
PO_006879,SUP_012,FAB_016,4750,5.69,27027.5,2024-02-04,2024-02-20,2024-02-22,16,18,2,0,99.93,Medium
PO_006880,SUP_021,FAB_017,6327,10.83,68521.41,2025-08-26,2025-10-02,2025-10-12,37,47,10,0,96.62,High
PO_006881,SUP_008,FAB_023,4852,6.73,32653.96,2025-05-11,2025-06-12,2025-06-16,32,36,4,0,95.17,Medium
PO_006882,SUP_001,FAB_017,12069,11.59,139879.71,2025-08-16,2025-09-20,2025-09-21,35,36,1,0,100.0,Medium
PO_006883,SUP_024,FAB_028,13976,18.15,253664.4,2024-02-12,2024-02-27,2024-03-01,15,18,3,0,92.92,Medium
PO_006884,SUP_011,FAB_020,4597,8.32,38247.04,2024-10-20,2024-11-28,2024-11-28,39,39,0,1,93.82,Low
PO_006885,SUP_006,FAB_014,12336,16.46,203050.56,2024-02-28,2024-03-19,2024-03-30,20,31,11,0,91.93,High
PO_006886,SUP_018,FAB_004,8038,7.39,59400.82,2025-10-07,2025-11-06,2025-11-06,30,30,0,1,100.0,Low
PO_006887,SUP_007,FAB_004,17039,8.1,138015.9,2025-09-14,2025-09-30,2025-10-08,16,24,8,0,88.05,High
PO_006888,SUP_009,FAB_015,12149,13.73,166805.77,2024-07-09,2024-08-06,2024-08-08,28,30,2,0,96.89,Medium
PO_006889,SUP_014,FAB_009,1935,8.16,15789.6,2025-03-29,2025-04-17,2025-04-22,19,24,5,0,90.36,Medium
PO_006890,SUP_019,FAB_014,17291,19.06,329566.46,2024-03-07,2024-03-23,2024-03-23,16,16,0,1,91.03,Low
PO_006891,SUP_007,FAB_018,4827,10.76,51938.52,2025-03-04,2025-03-21,2025-03-25,17,21,4,0,93.38,Medium
PO_006892,SUP_011,FAB_011,9603,6.37,61171.11,2024-08-27,2024-09-22,2024-09-27,26,31,5,0,96.49,Medium
PO_006893,SUP_018,FAB_028,7061,16.57,117000.77,2025-01-10,2025-02-02,2025-02-05,23,26,3,0,94.22,Medium
PO_006894,SUP_023,FAB_019,16321,15.67,255750.07,2024-03-02,2024-03-18,2024-03-23,16,21,5,0,93.59,Medium
PO_006895,SUP_025,FAB_008,11140,13.68,152395.2,2024-04-13,2024-05-17,2024-05-17,34,34,0,1,96.17,Low
PO_006896,SUP_002,FAB_019,18842,17.14,322951.88,2025-09-16,2025-10-06,2025-10-10,20,24,4,0,100.0,Medium
PO_006897,SUP_014,FAB_014,3134,17.09,53560.06,2024-11-24,2024-12-23,2024-12-25,29,31,2,0,92.58,Medium
PO_006898,SUP_015,FAB_018,15709,12.21,191806.89,2025-08-08,2025-09-07,2025-09-08,30,31,1,0,96.75,Medium
PO_006899,SUP_012,FAB_030,5983,15.33,91719.39,2024-09-05,2024-10-02,2024-10-04,27,29,2,0,94.51,Medium
PO_006900,SUP_018,FAB_011,4347,5.86,25473.42,2025-08-15,2025-09-12,2025-09-19,28,35,7,0,88.66,Medium
PO_006901,SUP_003,FAB_028,8308,18.9,157021.2,2025-05-02,2025-05-17,2025-05-20,15,18,3,0,96.06,Medium
PO_006902,SUP_002,FAB_022,6478,5.07,32843.46,2025-08-25,2025-09-18,2025-09-18,24,24,0,1,93.0,Low
PO_006903,SUP_021,FAB_017,1255,10.83,13591.65,2025-04-13,2025-05-20,2025-05-23,37,40,3,0,100.0,Medium
PO_006904,SUP_007,FAB_018,1970,10.76,21197.2,2025-01-15,2025-02-01,2025-02-05,17,21,4,0,86.94,Medium
PO_006905,SUP_013,FAB_026,18916,11.83,223776.28,2024-03-19,2024-04-20,2024-04-21,32,33,1,0,89.78,Medium
PO_006906,SUP_021,FAB_019,1728,17.9,30931.2,2025-11-07,2025-12-05,2025-12-08,28,31,3,0,96.12,Medium
PO_006907,SUP_005,FAB_016,1419,5.84,8286.96,2025-03-12,2025-04-09,2025-04-17,28,36,8,0,95.63,High
PO_006908,SUP_022,FAB_015,10314,14.68,151409.52,2024-03-19,2024-04-22,2024-04-23,34,35,1,0,96.81,Medium
PO_006909,SUP_017,FAB_005,18460,6.39,117959.4,2025-01-12,2025-02-11,2025-02-24,30,43,13,0,87.3,High
PO_006910,SUP_023,FAB_018,19224,12.17,233956.08,2024-01-11,2024-02-07,2024-02-08,27,28,1,0,96.59,Medium
PO_006911,SUP_010,FAB_006,7900,16.62,131298.0,2025-11-30,2026-01-05,2026-01-10,36,41,5,0,92.13,Medium
PO_006912,SUP_011,FAB_022,7517,5.56,41794.52,2024-06-13,2024-07-16,2024-07-19,33,36,3,0,88.25,Medium
PO_006913,SUP_022,FAB_023,1787,7.57,13527.59,2024-07-03,2024-07-25,2024-07-27,22,24,2,0,98.34,Medium
PO_006914,SUP_005,FAB_021,7051,11.74,82778.74,2025-04-28,2025-05-19,2025-05-19,21,21,0,1,93.72,Low
PO_006915,SUP_020,FAB_006,17819,15.75,280649.25,2025-03-14,2025-03-29,2025-04-06,15,23,8,0,89.67,High
PO_006916,SUP_002,FAB_022,8548,5.07,43338.36,2024-01-05,2024-01-29,2024-02-01,24,27,3,0,94.27,Medium
PO_006917,SUP_012,FAB_023,4169,7.53,31392.57,2024-10-25,2024-11-19,2024-11-20,25,26,1,0,97.68,Medium
PO_006918,SUP_016,FAB_022,6362,5.51,35054.62,2024-03-17,2024-04-23,2024-05-01,37,45,8,0,94.33,High
PO_006919,SUP_019,FAB_014,3593,19.06,68482.58,2025-05-08,2025-05-24,2025-05-26,16,18,2,0,96.97,Medium
PO_006920,SUP_001,FAB_007,16163,8.25,133344.75,2024-08-06,2024-09-10,2024-09-11,35,36,1,0,100.0,Medium
PO_006921,SUP_021,FAB_003,9304,17.73,164959.92,2025-06-29,2025-07-19,2025-07-20,20,21,1,0,92.49,Medium
PO_006922,SUP_023,FAB_016,17056,5.8,98924.8,2025-10-29,2025-11-28,2025-12-02,30,34,4,0,92.07,Medium
PO_006923,SUP_005,FAB_021,9051,11.74,106258.74,2025-09-24,2025-10-15,2025-10-18,21,24,3,0,98.72,Medium
PO_006924,SUP_017,FAB_018,11346,10.55,119700.3,2024-10-05,2024-11-06,2024-11-11,32,37,5,0,93.64,Medium
PO_006925,SUP_023,FAB_006,1090,14.79,16121.1,2025-09-11,2025-10-16,2025-10-17,35,36,1,0,94.19,Medium
PO_006926,SUP_023,FAB_006,17255,14.79,255201.45,2024-01-07,2024-02-11,2024-02-20,35,44,9,0,98.21,High
PO_006927,SUP_019,FAB_010,16554,4.57,75651.78,2024-04-15,2024-05-15,2024-05-19,30,34,4,0,92.35,Medium
PO_006928,SUP_023,FAB_006,11710,14.79,173190.9,2024-06-21,2024-07-26,2024-07-28,35,37,2,0,87.09,Medium
PO_006929,SUP_013,FAB_025,9573,18.47,176813.31,2024-03-09,2024-04-09,2024-04-11,31,33,2,0,99.75,Medium
PO_006930,SUP_008,FAB_025,858,16.9,14500.2,2025-01-17,2025-02-17,2025-02-24,31,38,7,0,97.17,Medium
PO_006931,SUP_015,FAB_024,2059,5.13,10562.67,2024-09-16,2024-10-04,2024-10-06,18,20,2,0,94.24,Medium
PO_006932,SUP_017,FAB_017,15023,11.31,169910.13,2025-10-18,2025-11-13,2025-11-18,26,31,5,0,90.79,Medium
PO_006933,SUP_002,FAB_006,9365,14.77,138321.05,2024-10-27,2024-11-23,2024-11-25,27,29,2,0,97.37,Medium
PO_006934,SUP_013,FAB_015,4171,13.25,55265.75,2024-01-07,2024-02-12,2024-02-24,36,48,12,0,86.39,High
PO_006935,SUP_022,FAB_001,15459,9.5,146860.5,2024-12-13,2025-01-02,2025-01-03,20,21,1,0,90.62,Medium
PO_006936,SUP_014,FAB_019,850,16.12,13702.0,2025-08-06,2025-09-10,2025-09-25,35,50,15,0,86.9,High
PO_006937,SUP_024,FAB_029,4808,9.81,47166.48,2024-01-15,2024-02-10,2024-02-19,26,35,9,0,95.67,High
PO_006938,SUP_018,FAB_028,13908,16.57,230455.56,2025-06-06,2025-06-29,2025-07-02,23,26,3,0,96.98,Medium
PO_006939,SUP_010,FAB_016,12937,4.77,61709.49,2024-02-20,2024-03-11,2024-03-15,20,24,4,0,95.3,Medium
PO_006940,SUP_023,FAB_022,15313,5.21,79780.73,2025-01-16,2025-02-15,2025-02-24,30,39,9,0,91.76,High
PO_006941,SUP_012,FAB_030,5419,15.33,83073.27,2025-03-27,2025-04-23,2025-04-27,27,31,4,0,99.86,Medium
PO_006942,SUP_025,FAB_025,15619,17.52,273644.88,2025-10-14,2025-11-08,2025-11-10,25,27,2,0,98.23,Medium
PO_006943,SUP_008,FAB_015,13177,13.41,176703.57,2024-05-18,2024-06-15,2024-06-17,28,30,2,0,94.34,Medium
PO_006944,SUP_018,FAB_011,1369,5.86,8022.34,2024-02-29,2024-03-28,2024-03-28,28,28,0,1,94.24,Low
PO_006945,SUP_022,FAB_007,19055,8.25,157203.75,2024-02-03,2024-03-03,2024-03-05,29,31,2,0,98.54,Medium
PO_006946,SUP_016,FAB_029,2535,9.89,25071.15,2024-09-07,2024-09-25,2024-09-25,18,18,0,1,100.0,Low
PO_006947,SUP_017,FAB_015,13072,14.49,189413.28,2025-03-10,2025-04-01,2025-04-05,22,26,4,0,91.21,Medium
PO_006948,SUP_006,FAB_015,18199,13.95,253876.05,2025-11-04,2025-11-21,2025-11-24,17,20,3,0,93.39,Medium
PO_006949,SUP_024,FAB_026,2261,14.09,31857.49,2024-07-08,2024-08-16,2024-08-19,39,42,3,0,95.8,Medium
PO_006950,SUP_025,FAB_005,16038,6.69,107294.22,2024-09-27,2024-10-18,2024-10-20,21,23,2,0,93.51,Medium
PO_006951,SUP_009,FAB_001,13205,10.99,145122.95,2024-10-12,2024-11-14,2024-11-15,33,34,1,0,91.37,Medium
PO_006952,SUP_018,FAB_017,9998,11.15,111477.7,2025-08-10,2025-09-09,2025-09-11,30,32,2,0,98.29,Medium
PO_006953,SUP_015,FAB_012,2817,12.48,35156.16,2025-06-20,2025-07-24,2025-07-24,34,34,0,1,100.0,Low
PO_006954,SUP_002,FAB_027,16686,11.4,190220.4,2025-03-10,2025-04-10,2025-04-15,31,36,5,0,98.84,Medium
PO_006955,SUP_023,FAB_025,5290,20.24,107069.6,2025-04-19,2025-05-05,2025-05-07,16,18,2,0,96.45,Medium
PO_006956,SUP_009,FAB_005,12476,7.36,91823.36,2025-03-16,2025-04-11,2025-04-13,26,28,2,0,85.97,Medium
PO_006957,SUP_007,FAB_002,3644,15.33,55862.52,2025-10-15,2025-10-30,2025-11-06,15,22,7,0,91.57,Medium
PO_006958,SUP_013,FAB_024,18906,5.18,97933.08,2024-08-04,2024-09-02,2024-09-14,29,41,12,0,93.69,High
PO_006959,SUP_021,FAB_021,17598,13.21,232469.58,2024-09-16,2024-10-02,2024-10-07,16,21,5,0,97.04,Medium
PO_006960,SUP_021,FAB_010,9118,4.79,43675.22,2025-01-20,2025-02-28,2025-03-07,39,46,7,0,89.06,Medium
PO_006961,SUP_022,FAB_030,8193,18.31,150013.83,2025-04-28,2025-05-24,2025-05-26,26,28,2,0,93.45,Medium
PO_006962,SUP_002,FAB_023,14228,7.36,104718.08,2025-01-24,2025-03-03,2025-03-05,38,40,2,0,96.55,Medium
PO_006963,SUP_010,FAB_021,18318,13.79,252605.22,2025-06-28,2025-08-07,2025-08-08,40,41,1,0,94.41,Medium
PO_006964,SUP_005,FAB_019,13189,16.25,214321.25,2024-08-10,2024-09-06,2024-09-08,27,29,2,0,100.0,Medium
PO_006965,SUP_022,FAB_020,4408,10.02,44168.16,2024-03-23,2024-04-20,2024-04-21,28,29,1,0,100.0,Medium
PO_006966,SUP_025,FAB_020,6209,9.52,59109.68,2024-05-01,2024-06-06,2024-06-08,36,38,2,0,99.32,Medium
PO_006967,SUP_012,FAB_008,8900,13.43,119527.0,2025-10-31,2025-12-05,2025-12-05,35,35,0,1,98.96,Low
PO_006968,SUP_023,FAB_007,10080,8.16,82252.8,2025-04-12,2025-05-04,2025-05-17,22,35,13,0,81.01,High
PO_006969,SUP_005,FAB_016,15562,5.84,90882.08,2025-01-12,2025-02-09,2025-02-09,28,28,0,1,96.98,Low
PO_006970,SUP_010,FAB_006,5787,16.62,96179.94,2025-11-03,2025-12-09,2025-12-09,36,36,0,1,96.96,Low
PO_006971,SUP_012,FAB_022,2351,4.72,11096.72,2024-10-15,2024-11-11,2024-11-11,27,27,0,1,94.03,Low
PO_006972,SUP_017,FAB_020,15749,8.11,127724.39,2025-11-03,2025-11-29,2025-12-04,26,31,5,0,91.28,Medium
PO_006973,SUP_009,FAB_008,10328,14.7,151821.6,2025-04-09,2025-05-02,2025-05-02,23,23,0,1,97.2,Low
PO_006974,SUP_002,FAB_005,2190,6.1,13359.0,2024-08-27,2024-09-25,2024-09-26,29,30,1,0,93.78,Medium
PO_006975,SUP_005,FAB_017,6529,10.84,70774.36,2024-10-20,2024-11-21,2024-11-21,32,32,0,1,95.39,Low
PO_006976,SUP_008,FAB_024,4646,4.27,19838.42,2025-03-14,2025-04-17,2025-04-21,34,38,4,0,94.56,Medium
PO_006977,SUP_012,FAB_028,9732,16.72,162719.04,2025-11-26,2025-12-16,2025-12-16,20,20,0,1,100.0,Low
PO_006978,SUP_022,FAB_023,9656,7.57,73095.92,2025-06-17,2025-07-09,2025-07-13,22,26,4,0,99.15,Medium
PO_006979,SUP_015,FAB_024,16761,5.13,85983.93,2025-10-25,2025-11-12,2025-11-14,18,20,2,0,89.71,Medium
PO_006980,SUP_001,FAB_018,14402,11.04,158998.08,2025-11-23,2025-12-11,2025-12-11,18,18,0,1,95.44,Low
PO_006981,SUP_013,FAB_010,19047,5.1,97139.7,2025-01-21,2025-02-17,2025-02-23,27,33,6,0,94.53,Medium
PO_006982,SUP_012,FAB_026,9633,11.82,113862.06,2025-05-05,2025-05-22,2025-05-23,17,18,1,0,97.58,Medium
PO_006983,SUP_002,FAB_013,13895,13.79,191612.05,2025-07-18,2025-08-04,2025-08-04,17,17,0,1,89.69,Low
PO_006984,SUP_012,FAB_008,7487,13.43,100550.41,2025-02-09,2025-03-16,2025-03-19,35,38,3,0,96.95,Medium
PO_006985,SUP_013,FAB_021,4953,12.18,60327.54,2025-03-05,2025-04-06,2025-04-08,32,34,2,0,88.85,Medium
PO_006986,SUP_022,FAB_011,10447,6.02,62890.94,2024-03-25,2024-04-08,2024-04-12,14,18,4,0,96.27,Medium
PO_006987,SUP_003,FAB_018,10587,10.14,107352.18,2024-03-06,2024-04-01,2024-04-06,26,31,5,0,94.83,Medium
PO_006988,SUP_024,FAB_015,6341,12.36,78374.76,2024-09-22,2024-10-19,2024-10-22,27,30,3,0,93.31,Medium
PO_006989,SUP_002,FAB_027,14674,11.4,167283.6,2025-04-01,2025-05-02,2025-05-03,31,32,1,0,97.82,Medium
PO_006990,SUP_006,FAB_008,12860,16.35,210261.0,2025-11-19,2025-12-28,2025-12-31,39,42,3,0,89.77,Medium
PO_006991,SUP_015,FAB_009,11674,8.22,95960.28,2024-09-11,2024-10-17,2024-10-20,36,39,3,0,91.27,Medium
PO_006992,SUP_005,FAB_030,11859,15.73,186542.07,2025-07-01,2025-07-23,2025-07-24,22,23,1,0,93.89,Medium
PO_006993,SUP_009,FAB_012,19769,11.07,218842.83,2024-07-30,2024-08-28,2024-09-02,29,34,5,0,99.54,Medium
PO_006994,SUP_022,FAB_030,17687,18.31,323848.97,2025-08-28,2025-09-23,2025-09-23,26,26,0,1,98.75,Low
PO_006995,SUP_009,FAB_009,958,10.06,9637.48,2024-06-03,2024-07-12,2024-07-12,39,39,0,1,98.02,Low
PO_006996,SUP_025,FAB_009,12705,8.15,103545.75,2024-10-13,2024-11-09,2024-11-09,27,27,0,1,100.0,Low
PO_006997,SUP_022,FAB_030,2474,18.31,45298.94,2024-10-14,2024-11-09,2024-11-10,26,27,1,0,89.87,Medium
PO_006998,SUP_011,FAB_030,7186,15.43,110879.98,2025-05-14,2025-05-31,2025-06-01,17,18,1,0,87.93,Medium
PO_006999,SUP_017,FAB_013,18642,11.71,218297.82,2025-08-09,2025-09-15,2025-09-20,37,42,5,0,87.9,Medium
PO_007000,SUP_002,FAB_003,10703,16.83,180131.49,2024-07-08,2024-07-30,2024-08-06,22,29,7,0,92.33,Medium
PO_007001,SUP_005,FAB_014,680,19.38,13178.4,2025-03-25,2025-04-26,2025-04-26,32,32,0,1,98.71,Low
PO_007002,SUP_017,FAB_007,13564,6.62,89793.68,2024-02-13,2024-03-05,2024-03-06,21,22,1,0,96.36,Medium
PO_007003,SUP_011,FAB_001,9197,9.83,90406.51,2025-09-27,2025-11-04,2025-11-04,38,38,0,1,96.6,Low
PO_007004,SUP_008,FAB_023,15473,6.73,104133.29,2025-06-17,2025-07-19,2025-07-19,32,32,0,1,87.99,Low
PO_007005,SUP_018,FAB_028,7070,16.57,117149.9,2025-02-17,2025-03-12,2025-03-12,23,23,0,1,100.0,Low
PO_007006,SUP_011,FAB_020,5235,8.32,43555.2,2025-02-01,2025-03-12,2025-03-13,39,40,1,0,100.0,Medium
PO_007007,SUP_004,FAB_002,16203,12.42,201241.26,2024-10-02,2024-10-19,2024-10-20,17,18,1,0,87.64,Medium
PO_007008,SUP_008,FAB_001,12365,9.4,116231.0,2025-01-08,2025-01-27,2025-01-28,19,20,1,0,95.81,Medium
PO_007009,SUP_005,FAB_012,6915,13.26,91692.9,2025-02-01,2025-02-28,2025-03-02,27,29,2,0,97.85,Medium
PO_007010,SUP_021,FAB_015,8657,15.16,131240.12,2024-04-30,2024-05-22,2024-05-22,22,22,0,1,92.49,Low
PO_007011,SUP_003,FAB_006,17038,16.44,280104.72,2024-05-24,2024-06-20,2024-07-08,27,45,18,0,94.65,High
PO_007012,SUP_016,FAB_022,9121,5.51,50256.71,2024-05-17,2024-06-23,2024-06-24,37,38,1,0,96.01,Medium
PO_007013,SUP_019,FAB_028,11766,16.65,195903.9,2025-06-27,2025-08-01,2025-08-02,35,36,1,0,92.69,Medium
PO_007014,SUP_008,FAB_011,2102,5.27,11077.54,2025-01-07,2025-01-28,2025-01-31,21,24,3,0,90.21,Medium
PO_007015,SUP_010,FAB_025,11312,19.23,217529.76,2024-05-29,2024-06-30,2024-07-05,32,37,5,0,89.91,Medium
PO_007016,SUP_024,FAB_003,14510,16.11,233756.1,2024-03-16,2024-03-31,2024-04-02,15,17,2,0,93.28,Medium
PO_007017,SUP_024,FAB_015,3398,12.36,41999.28,2024-09-14,2024-10-11,2024-10-13,27,29,2,0,100.0,Medium
PO_007018,SUP_007,FAB_026,7132,14.05,100204.6,2024-08-13,2024-08-29,2024-09-05,16,23,7,0,90.48,Medium
PO_007019,SUP_004,FAB_019,15899,15.3,243254.7,2024-06-20,2024-07-16,2024-07-21,26,31,5,0,94.06,Medium
PO_007020,SUP_008,FAB_001,10919,9.4,102638.6,2025-01-17,2025-02-05,2025-02-05,19,19,0,1,98.41,Low
PO_007021,SUP_007,FAB_028,5956,17.07,101668.92,2025-11-05,2025-11-26,2025-11-28,21,23,2,0,95.57,Medium
PO_007022,SUP_005,FAB_003,1631,17.05,27808.55,2025-02-17,2025-03-28,2025-03-31,39,42,3,0,95.34,Medium
PO_007023,SUP_010,FAB_022,1247,5.48,6833.56,2025-02-02,2025-02-19,2025-03-01,17,27,10,0,94.02,High
PO_007024,SUP_015,FAB_010,16107,5.34,86011.38,2025-11-19,2025-12-04,2025-12-05,15,16,1,0,87.77,Medium
PO_007025,SUP_022,FAB_005,4938,7.26,35849.88,2024-11-30,2024-12-23,2024-12-27,23,27,4,0,92.13,Medium
PO_007026,SUP_001,FAB_017,17988,11.59,208480.92,2024-05-31,2024-07-05,2024-07-05,35,35,0,1,94.74,Low
PO_007027,SUP_019,FAB_003,15701,16.33,256397.33,2024-08-21,2024-09-18,2024-09-24,28,34,6,0,92.59,Medium
PO_007028,SUP_013,FAB_013,8838,13.87,122583.06,2024-02-01,2024-02-21,2024-02-29,20,28,8,0,93.05,High
PO_007029,SUP_010,FAB_005,2022,6.79,13729.38,2025-09-23,2025-10-12,2025-10-16,19,23,4,0,94.75,Medium
PO_007030,SUP_021,FAB_010,12540,4.79,60066.6,2024-12-24,2025-02-01,2025-02-03,39,41,2,0,95.58,Medium
PO_007031,SUP_015,FAB_021,2804,13.5,37854.0,2025-01-13,2025-02-06,2025-02-07,24,25,1,0,93.45,Medium
PO_007032,SUP_001,FAB_006,2383,18.61,44347.63,2025-09-01,2025-10-11,2025-10-12,40,41,1,0,96.89,Medium
PO_007033,SUP_006,FAB_016,3783,4.91,18574.53,2024-08-11,2024-09-18,2024-09-24,38,44,6,0,87.7,Medium
PO_007034,SUP_004,FAB_022,3978,5.07,20168.46,2025-07-09,2025-07-29,2025-08-05,20,27,7,0,92.86,Medium
PO_007035,SUP_023,FAB_028,4694,15.73,73836.62,2024-01-14,2024-02-07,2024-02-09,24,26,2,0,91.48,Medium
PO_007036,SUP_010,FAB_015,17667,12.31,217480.77,2024-03-20,2024-04-24,2024-04-30,35,41,6,0,85.28,Medium
PO_007037,SUP_022,FAB_023,6793,7.57,51423.01,2025-06-30,2025-07-22,2025-07-22,22,22,0,1,97.34,Low
PO_007038,SUP_003,FAB_023,1274,7.68,9784.32,2024-12-03,2024-12-17,2024-12-23,14,20,6,0,94.83,Medium
PO_007039,SUP_022,FAB_015,9596,14.68,140869.28,2025-01-30,2025-03-05,2025-03-05,34,34,0,1,96.16,Low
PO_007040,SUP_005,FAB_021,11578,11.74,135925.72,2024-10-11,2024-11-01,2024-11-03,21,23,2,0,94.29,Medium
PO_007041,SUP_005,FAB_021,5233,11.74,61435.42,2024-07-03,2024-07-24,2024-07-26,21,23,2,0,99.81,Medium
PO_007042,SUP_002,FAB_013,14575,13.79,200989.25,2025-08-31,2025-09-17,2025-09-17,17,17,0,1,96.39,Low
PO_007043,SUP_010,FAB_015,11991,12.31,147609.21,2025-04-20,2025-05-25,2025-05-25,35,35,0,1,99.42,Low
PO_007044,SUP_005,FAB_012,11100,13.26,147186.0,2025-03-23,2025-04-19,2025-04-20,27,28,1,0,100.0,Medium
PO_007045,SUP_012,FAB_021,11234,12.26,137728.84,2025-05-06,2025-05-21,2025-05-21,15,15,0,1,97.1,Low
PO_007046,SUP_024,FAB_026,11263,14.09,158695.67,2025-08-04,2025-09-12,2025-09-16,39,43,4,0,98.7,Medium
PO_007047,SUP_012,FAB_022,13248,4.72,62530.56,2024-10-07,2024-11-03,2024-11-04,27,28,1,0,94.01,Medium
PO_007048,SUP_024,FAB_029,19454,9.81,190843.74,2024-11-19,2024-12-15,2024-12-19,26,30,4,0,86.68,Medium
PO_007049,SUP_018,FAB_005,1887,7.22,13624.14,2024-03-17,2024-04-25,2024-04-26,39,40,1,0,96.05,Medium
PO_007050,SUP_017,FAB_020,18041,8.11,146312.51,2024-12-09,2025-01-04,2025-01-04,26,26,0,1,93.56,Low
PO_007051,SUP_010,FAB_025,8643,19.23,166204.89,2025-06-25,2025-07-27,2025-07-28,32,33,1,0,86.02,Medium
PO_007052,SUP_018,FAB_017,16214,11.15,180786.1,2024-07-27,2024-08-26,2024-08-31,30,35,5,0,95.48,Medium
PO_007053,SUP_017,FAB_021,16294,13.27,216221.38,2025-02-01,2025-03-01,2025-03-06,28,33,5,0,92.27,Medium
PO_007054,SUP_023,FAB_016,7513,5.8,43575.4,2025-04-14,2025-05-14,2025-05-14,30,30,0,1,92.97,Low
PO_007055,SUP_011,FAB_030,16713,15.43,257881.59,2024-11-25,2024-12-12,2024-12-13,17,18,1,0,100.0,Medium
PO_007056,SUP_011,FAB_021,17297,13.4,231779.8,2025-04-13,2025-05-22,2025-05-24,39,41,2,0,97.95,Medium
PO_007057,SUP_017,FAB_007,7164,6.62,47425.68,2024-12-27,2025-01-17,2025-02-03,21,38,17,0,91.14,High
PO_007058,SUP_009,FAB_005,5775,7.36,42504.0,2025-04-20,2025-05-16,2025-05-16,26,26,0,1,93.53,Low
PO_007059,SUP_014,FAB_003,10039,14.68,147372.52,2024-02-29,2024-04-06,2024-04-07,37,38,1,0,94.62,Medium
PO_007060,SUP_024,FAB_021,16449,11.96,196730.04,2025-10-29,2025-11-15,2025-12-02,17,34,17,0,93.35,High
PO_007061,SUP_010,FAB_022,1452,5.48,7956.96,2025-09-16,2025-10-03,2025-10-08,17,22,5,0,99.33,Medium
PO_007062,SUP_004,FAB_019,1138,15.3,17411.4,2025-07-07,2025-08-02,2025-08-04,26,28,2,0,90.66,Medium
PO_007063,SUP_013,FAB_010,7540,5.1,38454.0,2025-01-21,2025-02-17,2025-02-18,27,28,1,0,94.42,Medium
PO_007064,SUP_016,FAB_014,6050,20.14,121847.0,2025-05-17,2025-06-13,2025-06-17,27,31,4,0,91.1,Medium
PO_007065,SUP_001,FAB_024,12553,4.4,55233.2,2024-10-28,2024-11-25,2024-11-28,28,31,3,0,97.54,Medium
PO_007066,SUP_015,FAB_010,6972,5.34,37230.48,2024-10-24,2024-11-08,2024-11-09,15,16,1,0,96.02,Medium
PO_007067,SUP_001,FAB_017,12483,11.59,144677.97,2024-09-11,2024-10-16,2024-10-19,35,38,3,0,100.0,Medium
PO_007068,SUP_018,FAB_015,15588,13.28,207008.64,2024-06-10,2024-06-25,2024-06-26,15,16,1,0,94.89,Medium
PO_007069,SUP_010,FAB_011,15137,6.57,99450.09,2025-05-15,2025-05-30,2025-06-06,15,22,7,0,99.14,Medium
PO_007070,SUP_017,FAB_007,18956,6.62,125488.72,2025-01-03,2025-01-24,2025-01-30,21,27,6,0,93.61,Medium
PO_007071,SUP_010,FAB_006,18378,16.62,305442.36,2025-07-01,2025-08-06,2025-08-13,36,43,7,0,93.88,Medium
PO_007072,SUP_023,FAB_020,8653,8.76,75800.28,2024-09-04,2024-10-08,2024-10-09,34,35,1,0,88.07,Medium
PO_007073,SUP_009,FAB_001,14842,10.99,163113.58,2024-06-21,2024-07-24,2024-08-04,33,44,11,0,94.19,High
PO_007074,SUP_018,FAB_005,13341,7.22,96322.02,2024-04-03,2024-05-12,2024-05-13,39,40,1,0,91.75,Medium
PO_007075,SUP_014,FAB_014,19354,17.09,330759.86,2024-10-03,2024-11-01,2024-11-11,29,39,10,0,95.56,High
PO_007076,SUP_006,FAB_007,13483,7.38,99504.54,2025-08-24,2025-09-13,2025-09-17,20,24,4,0,91.22,Medium
PO_007077,SUP_022,FAB_030,15943,18.31,291916.33,2025-07-18,2025-08-13,2025-08-15,26,28,2,0,99.52,Medium
PO_007078,SUP_013,FAB_026,3646,11.83,43132.18,2024-10-29,2024-11-30,2024-12-08,32,40,8,0,89.25,High
PO_007079,SUP_010,FAB_016,12817,4.77,61137.09,2024-09-10,2024-09-30,2024-10-04,20,24,4,0,94.0,Medium
PO_007080,SUP_013,FAB_022,15248,5.44,82949.12,2024-02-13,2024-03-24,2024-03-24,40,40,0,1,93.87,Low
PO_007081,SUP_018,FAB_015,15430,13.28,204910.4,2025-11-14,2025-11-29,2025-11-29,15,15,0,1,89.99,Low
PO_007082,SUP_006,FAB_010,7712,5.13,39562.56,2024-03-11,2024-04-06,2024-04-06,26,26,0,1,93.09,Low
PO_007083,SUP_015,FAB_006,12595,15.2,191444.0,2024-01-26,2024-02-23,2024-03-02,28,36,8,0,95.67,High
PO_007084,SUP_015,FAB_009,13791,8.22,113362.02,2024-04-14,2024-05-20,2024-05-21,36,37,1,0,96.54,Medium
PO_007085,SUP_017,FAB_005,17099,6.39,109262.61,2024-05-17,2024-06-16,2024-06-23,30,37,7,0,95.17,Medium
PO_007086,SUP_022,FAB_020,984,10.02,9859.68,2025-08-24,2025-09-21,2025-09-21,28,28,0,1,100.0,Low
PO_007087,SUP_008,FAB_024,2355,4.27,10055.85,2025-06-29,2025-08-02,2025-08-03,34,35,1,0,94.63,Medium
PO_007088,SUP_003,FAB_022,19784,5.47,108218.48,2024-05-08,2024-06-08,2024-06-10,31,33,2,0,93.76,Medium
PO_007089,SUP_007,FAB_026,8757,14.05,123035.85,2024-06-04,2024-06-20,2024-06-27,16,23,7,0,91.9,Medium
PO_007090,SUP_008,FAB_024,15359,4.27,65582.93,2025-05-20,2025-06-23,2025-06-23,34,34,0,1,89.21,Low
PO_007091,SUP_022,FAB_030,15674,18.31,286990.94,2025-07-15,2025-08-10,2025-08-16,26,32,6,0,92.41,Medium
PO_007092,SUP_019,FAB_012,3216,12.38,39814.08,2024-04-21,2024-05-31,2024-06-01,40,41,1,0,92.21,Medium
PO_007093,SUP_025,FAB_014,15846,17.33,274611.18,2024-07-12,2024-07-26,2024-07-28,14,16,2,0,93.91,Medium
PO_007094,SUP_016,FAB_029,16808,9.89,166231.12,2024-03-13,2024-03-31,2024-04-02,18,20,2,0,95.02,Medium
PO_007095,SUP_011,FAB_020,6548,8.32,54479.36,2024-08-12,2024-09-20,2024-09-26,39,45,6,0,93.18,Medium
PO_007096,SUP_019,FAB_013,17969,12.25,220120.25,2025-11-06,2025-11-20,2025-11-30,14,24,10,0,97.45,High
PO_007097,SUP_016,FAB_029,8252,9.89,81612.28,2025-08-15,2025-09-02,2025-09-06,18,22,4,0,91.72,Medium
PO_007098,SUP_009,FAB_026,3884,14.0,54376.0,2025-06-11,2025-06-27,2025-06-29,16,18,2,0,96.85,Medium
PO_007099,SUP_024,FAB_004,715,7.78,5562.7,2025-06-16,2025-07-20,2025-07-23,34,37,3,0,92.99,Medium
PO_007100,SUP_009,FAB_012,2446,11.07,27077.22,2024-10-06,2024-11-04,2024-11-05,29,30,1,0,94.58,Medium
PO_007101,SUP_009,FAB_025,13580,19.05,258699.0,2024-04-13,2024-05-01,2024-05-02,18,19,1,0,98.25,Medium
PO_007102,SUP_005,FAB_016,19666,5.84,114849.44,2024-02-19,2024-03-18,2024-03-24,28,34,6,0,99.14,Medium
PO_007103,SUP_016,FAB_023,11287,6.9,77880.3,2025-10-05,2025-11-02,2025-11-05,28,31,3,0,96.86,Medium
PO_007104,SUP_017,FAB_029,2458,9.81,24112.98,2024-12-20,2025-01-23,2025-02-01,34,43,9,0,89.27,High
PO_007105,SUP_008,FAB_002,7319,12.75,93317.25,2025-03-20,2025-04-08,2025-04-09,19,20,1,0,89.42,Medium
PO_007106,SUP_013,FAB_016,13390,5.34,71502.6,2024-11-15,2024-11-30,2024-12-01,15,16,1,0,87.1,Medium
PO_007107,SUP_008,FAB_005,6447,6.91,44548.77,2025-03-29,2025-05-05,2025-05-07,37,39,2,0,94.75,Medium
PO_007108,SUP_021,FAB_015,16573,15.16,251246.68,2024-10-07,2024-10-29,2024-10-31,22,24,2,0,91.75,Medium
PO_007109,SUP_025,FAB_015,5791,13.15,76151.65,2024-03-17,2024-04-18,2024-04-22,32,36,4,0,95.68,Medium
PO_007110,SUP_015,FAB_018,11892,12.21,145201.32,2025-10-17,2025-11-16,2025-11-18,30,32,2,0,92.12,Medium
PO_007111,SUP_003,FAB_023,4746,7.68,36449.28,2024-06-05,2024-06-19,2024-06-21,14,16,2,0,98.78,Medium
PO_007112,SUP_013,FAB_025,19445,18.47,359149.15,2025-08-26,2025-09-26,2025-09-30,31,35,4,0,90.93,Medium
PO_007113,SUP_001,FAB_024,11375,4.4,50050.0,2025-04-09,2025-05-07,2025-05-07,28,28,0,1,96.48,Low
PO_007114,SUP_018,FAB_024,5731,5.25,30087.75,2024-03-05,2024-03-21,2024-03-24,16,19,3,0,96.41,Medium
PO_007115,SUP_011,FAB_011,13560,6.37,86377.2,2024-02-21,2024-03-18,2024-03-18,26,26,0,1,92.36,Low
PO_007116,SUP_016,FAB_009,3084,8.41,25936.44,2025-06-08,2025-07-16,2025-07-17,38,39,1,0,96.89,Medium
PO_007117,SUP_021,FAB_005,2529,7.53,19043.37,2024-06-21,2024-07-19,2024-07-20,28,29,1,0,96.3,Medium
PO_007118,SUP_008,FAB_005,3615,6.91,24979.65,2024-04-18,2024-05-25,2024-05-25,37,37,0,1,100.0,Low
PO_007119,SUP_018,FAB_004,17967,7.39,132776.13,2025-11-18,2025-12-18,2025-12-20,30,32,2,0,96.09,Medium
PO_007120,SUP_007,FAB_026,4537,14.05,63744.85,2024-08-12,2024-08-28,2024-08-30,16,18,2,0,91.01,Medium
PO_007121,SUP_008,FAB_021,11013,12.27,135129.51,2024-10-21,2024-11-08,2024-11-13,18,23,5,0,100.0,Medium
PO_007122,SUP_013,FAB_022,16950,5.44,92208.0,2024-05-27,2024-07-06,2024-07-18,40,52,12,0,94.04,High
PO_007123,SUP_018,FAB_028,7357,16.57,121905.49,2025-02-23,2025-03-18,2025-03-24,23,29,6,0,93.81,Medium
PO_007124,SUP_006,FAB_014,7631,16.46,125606.26,2024-02-18,2024-03-09,2024-03-14,20,25,5,0,92.05,Medium
PO_007125,SUP_004,FAB_018,3738,12.22,45678.36,2025-08-10,2025-08-24,2025-08-27,14,17,3,0,94.22,Medium
PO_007126,SUP_025,FAB_014,13628,17.33,236173.24,2024-09-14,2024-09-28,2024-09-28,14,14,0,1,91.02,Low
PO_007127,SUP_025,FAB_016,5220,5.26,27457.2,2024-12-21,2025-01-05,2025-01-07,15,17,2,0,90.4,Medium
PO_007128,SUP_006,FAB_016,17209,4.91,84496.19,2024-08-12,2024-09-19,2024-09-22,38,41,3,0,92.17,Medium
PO_007129,SUP_023,FAB_020,10504,8.76,92015.04,2024-06-20,2024-07-24,2024-07-29,34,39,5,0,96.18,Medium
PO_007130,SUP_010,FAB_015,16641,12.31,204850.71,2025-05-01,2025-06-05,2025-06-11,35,41,6,0,92.35,Medium
PO_007131,SUP_010,FAB_021,11085,13.79,152862.15,2025-01-25,2025-03-06,2025-03-07,40,41,1,0,92.56,Medium
PO_007132,SUP_003,FAB_006,7146,16.44,117480.24,2025-05-07,2025-06-03,2025-06-09,27,33,6,0,88.83,Medium
PO_007133,SUP_008,FAB_011,11594,5.27,61100.38,2024-10-25,2024-11-15,2024-11-17,21,23,2,0,96.9,Medium
PO_007134,SUP_014,FAB_014,1929,17.09,32966.61,2025-03-23,2025-04-21,2025-04-26,29,34,5,0,94.64,Medium
PO_007135,SUP_007,FAB_016,17581,4.91,86322.71,2024-05-12,2024-06-07,2024-06-20,26,39,13,0,86.43,High
PO_007136,SUP_017,FAB_007,9709,6.62,64273.58,2025-03-04,2025-03-25,2025-03-26,21,22,1,0,94.56,Medium
PO_007137,SUP_002,FAB_022,8673,5.07,43972.11,2024-09-19,2024-10-13,2024-10-13,24,24,0,1,100.0,Low
PO_007138,SUP_005,FAB_012,12679,13.26,168123.54,2024-11-10,2024-12-07,2024-12-07,27,27,0,1,99.03,Low
PO_007139,SUP_013,FAB_021,10745,12.18,130874.1,2025-02-26,2025-03-30,2025-04-03,32,36,4,0,87.51,Medium
PO_007140,SUP_017,FAB_015,10940,14.49,158520.6,2024-03-22,2024-04-13,2024-04-17,22,26,4,0,89.49,Medium
PO_007141,SUP_001,FAB_004,10303,7.06,72739.18,2025-03-16,2025-04-08,2025-04-08,23,23,0,1,100.0,Low
PO_007142,SUP_015,FAB_009,17248,8.22,141778.56,2024-05-26,2024-07-01,2024-07-03,36,38,2,0,94.19,Medium
PO_007143,SUP_011,FAB_021,17202,13.4,230506.8,2025-07-15,2025-08-23,2025-08-27,39,43,4,0,98.48,Medium
PO_007144,SUP_010,FAB_024,13328,4.93,65707.04,2024-12-03,2025-01-01,2025-01-01,29,29,0,1,86.61,Low
PO_007145,SUP_010,FAB_011,17889,6.57,117530.73,2024-12-18,2025-01-02,2025-01-04,15,17,2,0,95.05,Medium
PO_007146,SUP_009,FAB_020,8605,8.32,71593.6,2024-07-25,2024-08-09,2024-08-13,15,19,4,0,94.89,Medium
PO_007147,SUP_021,FAB_005,9374,7.53,70586.22,2024-11-01,2024-11-29,2024-12-03,28,32,4,0,94.54,Medium
PO_007148,SUP_005,FAB_012,3608,13.26,47842.08,2024-07-04,2024-07-31,2024-07-31,27,27,0,1,100.0,Low
PO_007149,SUP_009,FAB_020,11705,8.32,97385.6,2025-05-23,2025-06-07,2025-06-13,15,21,6,0,91.73,Medium
PO_007150,SUP_006,FAB_001,15348,9.25,141969.0,2025-09-24,2025-10-29,2025-10-31,35,37,2,0,96.27,Medium
PO_007151,SUP_023,FAB_007,4382,8.16,35757.12,2024-04-11,2024-05-03,2024-05-06,22,25,3,0,89.2,Medium
PO_007152,SUP_025,FAB_009,18994,8.15,154801.1,2025-08-20,2025-09-16,2025-09-18,27,29,2,0,91.99,Medium
PO_007153,SUP_021,FAB_003,7416,17.73,131485.68,2025-03-27,2025-04-16,2025-04-16,20,20,0,1,97.96,Low
PO_007154,SUP_025,FAB_012,1153,13.62,15703.86,2025-07-04,2025-07-22,2025-07-23,18,19,1,0,97.28,Medium
PO_007155,SUP_010,FAB_016,13774,4.77,65701.98,2024-09-28,2024-10-18,2024-10-31,20,33,13,0,87.08,High
PO_007156,SUP_010,FAB_005,2403,6.79,16316.37,2024-06-26,2024-07-15,2024-07-15,19,19,0,1,97.06,Low
PO_007157,SUP_015,FAB_012,11442,12.48,142796.16,2025-08-06,2025-09-09,2025-09-16,34,41,7,0,93.71,Medium
PO_007158,SUP_010,FAB_024,15078,4.93,74334.54,2025-04-30,2025-05-29,2025-06-02,29,33,4,0,92.31,Medium
PO_007159,SUP_023,FAB_025,2041,20.24,41309.84,2025-03-18,2025-04-03,2025-04-05,16,18,2,0,100.0,Medium
PO_007160,SUP_025,FAB_009,11526,8.15,93936.9,2024-01-05,2024-02-01,2024-02-03,27,29,2,0,94.14,Medium
PO_007161,SUP_023,FAB_020,17917,8.76,156952.92,2024-11-27,2024-12-31,2025-01-01,34,35,1,0,94.16,Medium
PO_007162,SUP_015,FAB_006,18937,15.2,287842.4,2025-11-04,2025-12-02,2025-12-05,28,31,3,0,89.96,Medium
PO_007163,SUP_021,FAB_005,18472,7.53,139094.16,2024-11-22,2024-12-20,2024-12-28,28,36,8,0,96.78,High
PO_007164,SUP_005,FAB_021,10659,11.74,125136.66,2024-04-02,2024-04-23,2024-04-23,21,21,0,1,95.18,Low
PO_007165,SUP_004,FAB_019,18885,15.3,288940.5,2024-03-25,2024-04-20,2024-04-28,26,34,8,0,96.73,High
PO_007166,SUP_017,FAB_007,9156,6.62,60612.72,2024-11-25,2024-12-16,2024-12-19,21,24,3,0,93.87,Medium
PO_007167,SUP_008,FAB_021,4678,12.27,57399.06,2025-05-26,2025-06-13,2025-06-22,18,27,9,0,91.99,High
PO_007168,SUP_006,FAB_026,7988,12.79,102166.52,2024-03-14,2024-03-30,2024-04-02,16,19,3,0,85.12,Medium
PO_007169,SUP_007,FAB_018,18674,10.76,200932.24,2024-07-07,2024-07-24,2024-07-26,17,19,2,0,91.68,Medium
PO_007170,SUP_011,FAB_020,10116,8.32,84165.12,2024-07-17,2024-08-25,2024-08-26,39,40,1,0,96.09,Medium
PO_007171,SUP_024,FAB_004,17884,7.78,139137.52,2024-08-12,2024-09-15,2024-09-18,34,37,3,0,92.17,Medium
PO_007172,SUP_022,FAB_021,9667,13.91,134467.97,2024-12-31,2025-01-22,2025-01-25,22,25,3,0,92.62,Medium
PO_007173,SUP_015,FAB_009,8944,8.22,73519.68,2024-05-15,2024-06-20,2024-06-25,36,41,5,0,96.84,Medium
PO_007174,SUP_019,FAB_014,3589,19.06,68406.34,2024-03-25,2024-04-10,2024-04-10,16,16,0,1,95.82,Low
PO_007175,SUP_020,FAB_030,14505,15.13,219460.65,2024-10-13,2024-11-01,2024-11-06,19,24,5,0,96.52,Medium
PO_007176,SUP_018,FAB_015,9097,13.28,120808.16,2025-03-01,2025-03-16,2025-03-16,15,15,0,1,98.4,Low
PO_007177,SUP_013,FAB_021,18049,12.18,219836.82,2024-04-09,2024-05-11,2024-05-17,32,38,6,0,92.9,Medium
PO_007178,SUP_016,FAB_025,14134,19.48,275330.32,2024-06-28,2024-07-14,2024-07-14,16,16,0,1,88.82,Low
PO_007179,SUP_015,FAB_018,13211,12.21,161306.31,2024-08-26,2024-09-25,2024-09-25,30,30,0,1,99.88,Low
PO_007180,SUP_008,FAB_024,7725,4.27,32985.75,2025-08-30,2025-10-03,2025-10-04,34,35,1,0,96.54,Medium
PO_007181,SUP_007,FAB_018,2635,10.76,28352.6,2025-11-30,2025-12-17,2025-12-19,17,19,2,0,96.76,Medium
PO_007182,SUP_014,FAB_017,4919,11.32,55683.08,2025-02-16,2025-03-17,2025-03-18,29,30,1,0,86.62,Medium
PO_007183,SUP_001,FAB_010,11709,5.36,62760.24,2025-04-13,2025-05-08,2025-05-12,25,29,4,0,96.77,Medium
PO_007184,SUP_006,FAB_015,17475,13.95,243776.25,2024-12-13,2024-12-30,2025-01-02,17,20,3,0,86.06,Medium
PO_007185,SUP_009,FAB_026,5346,14.0,74844.0,2024-12-12,2024-12-28,2024-12-29,16,17,1,0,99.56,Medium
PO_007186,SUP_014,FAB_003,7034,14.68,103259.12,2025-10-19,2025-11-25,2025-11-27,37,39,2,0,90.31,Medium
PO_007187,SUP_013,FAB_024,4286,5.18,22201.48,2024-06-09,2024-07-08,2024-07-13,29,34,5,0,92.67,Medium
PO_007188,SUP_010,FAB_021,10511,13.79,144946.69,2024-01-04,2024-02-13,2024-02-16,40,43,3,0,94.66,Medium
PO_007189,SUP_024,FAB_020,3610,8.15,29421.5,2024-04-03,2024-05-07,2024-05-07,34,34,0,1,90.12,Low
PO_007190,SUP_011,FAB_020,4389,8.32,36516.48,2025-05-20,2025-06-28,2025-06-30,39,41,2,0,96.27,Medium
PO_007191,SUP_001,FAB_007,4503,8.25,37149.75,2024-10-16,2024-11-20,2024-11-20,35,35,0,1,100.0,Low
PO_007192,SUP_005,FAB_017,17034,10.84,184648.56,2025-05-06,2025-06-07,2025-06-08,32,33,1,0,93.14,Medium
PO_007193,SUP_017,FAB_005,5256,6.39,33585.84,2025-10-01,2025-10-31,2025-11-10,30,40,10,0,94.6,High
PO_007194,SUP_014,FAB_017,5405,11.32,61184.6,2025-03-26,2025-04-24,2025-04-25,29,30,1,0,94.81,Medium
PO_007195,SUP_025,FAB_025,14777,17.52,258893.04,2024-03-17,2024-04-11,2024-04-12,25,26,1,0,97.9,Medium
PO_007196,SUP_022,FAB_020,17771,10.02,178065.42,2025-09-07,2025-10-05,2025-10-15,28,38,10,0,98.28,High
PO_007197,SUP_005,FAB_019,8174,16.25,132827.5,2025-03-26,2025-04-22,2025-04-24,27,29,2,0,89.28,Medium
PO_007198,SUP_007,FAB_011,16189,5.74,92924.86,2024-11-21,2024-12-27,2025-01-02,36,42,6,0,91.3,Medium
PO_007199,SUP_023,FAB_018,17042,12.17,207401.14,2025-06-09,2025-07-06,2025-07-15,27,36,9,0,94.99,High
PO_007200,SUP_008,FAB_024,13779,4.27,58836.33,2024-11-11,2024-12-15,2024-12-16,34,35,1,0,97.72,Medium
PO_007201,SUP_009,FAB_008,4848,14.7,71265.6,2024-06-18,2024-07-11,2024-07-12,23,24,1,0,96.96,Medium
PO_007202,SUP_012,FAB_022,8443,4.72,39850.96,2024-04-25,2024-05-22,2024-05-23,27,28,1,0,99.75,Medium
PO_007203,SUP_025,FAB_024,5047,5.42,27354.74,2025-09-20,2025-10-10,2025-10-10,20,20,0,1,96.05,Low
PO_007204,SUP_015,FAB_009,19042,8.22,156525.24,2025-08-12,2025-09-17,2025-09-24,36,43,7,0,94.53,Medium
PO_007205,SUP_005,FAB_012,6684,13.26,88629.84,2025-02-25,2025-03-24,2025-03-27,27,30,3,0,97.27,Medium
PO_007206,SUP_017,FAB_015,15113,14.49,218987.37,2024-12-18,2025-01-09,2025-01-14,22,27,5,0,90.78,Medium
PO_007207,SUP_016,FAB_025,13998,19.48,272681.04,2025-11-16,2025-12-02,2025-12-05,16,19,3,0,96.62,Medium
PO_007208,SUP_022,FAB_025,15080,18.59,280337.2,2024-07-24,2024-08-13,2024-08-15,20,22,2,0,91.31,Medium
PO_007209,SUP_021,FAB_003,4034,17.73,71522.82,2025-02-01,2025-02-21,2025-02-22,20,21,1,0,99.64,Medium
PO_007210,SUP_005,FAB_003,7419,17.05,126493.95,2025-04-12,2025-05-21,2025-05-21,39,39,0,1,100.0,Low
PO_007211,SUP_001,FAB_024,19775,4.4,87010.0,2024-04-19,2024-05-17,2024-05-18,28,29,1,0,94.37,Medium
PO_007212,SUP_003,FAB_006,9033,16.44,148502.52,2024-02-23,2024-03-21,2024-03-22,27,28,1,0,92.65,Medium
PO_007213,SUP_015,FAB_010,4228,5.34,22577.52,2024-06-26,2024-07-11,2024-07-12,15,16,1,0,95.73,Medium
PO_007214,SUP_017,FAB_007,14841,6.62,98247.42,2025-06-01,2025-06-22,2025-06-27,21,26,5,0,86.46,Medium
PO_007215,SUP_004,FAB_019,9663,15.3,147843.9,2024-04-16,2024-05-12,2024-05-16,26,30,4,0,93.56,Medium
PO_007216,SUP_022,FAB_023,1725,7.57,13058.25,2024-11-12,2024-12-04,2024-12-07,22,25,3,0,90.47,Medium
PO_007217,SUP_012,FAB_016,13624,5.69,77520.56,2025-04-19,2025-05-05,2025-05-05,16,16,0,1,97.53,Low
PO_007218,SUP_021,FAB_005,11505,7.53,86632.65,2025-01-10,2025-02-07,2025-02-10,28,31,3,0,93.76,Medium
PO_007219,SUP_011,FAB_019,14193,15.83,224675.19,2024-08-01,2024-08-17,2024-08-19,16,18,2,0,100.0,Medium
PO_007220,SUP_006,FAB_007,3463,7.38,25556.94,2024-08-06,2024-08-26,2024-08-26,20,20,0,1,93.73,Low
PO_007221,SUP_013,FAB_024,11882,5.18,61548.76,2024-03-07,2024-04-05,2024-04-07,29,31,2,0,92.01,Medium
PO_007222,SUP_017,FAB_013,2661,11.71,31160.31,2024-08-23,2024-09-29,2024-10-21,37,59,22,0,91.11,High
PO_007223,SUP_001,FAB_001,4904,9.92,48647.68,2024-08-26,2024-09-10,2024-09-11,15,16,1,0,94.71,Medium
PO_007224,SUP_012,FAB_016,12949,5.69,73679.81,2024-09-20,2024-10-06,2024-10-06,16,16,0,1,95.23,Low
PO_007225,SUP_013,FAB_024,6105,5.18,31623.9,2024-02-20,2024-03-20,2024-03-22,29,31,2,0,91.51,Medium
PO_007226,SUP_005,FAB_007,15373,7.27,111761.71,2025-10-27,2025-11-17,2025-11-19,21,23,2,0,98.14,Medium
PO_007227,SUP_003,FAB_028,5430,18.9,102627.0,2024-10-17,2024-11-01,2024-11-06,15,20,5,0,97.99,Medium
PO_007228,SUP_025,FAB_005,1932,6.69,12925.08,2025-10-05,2025-10-26,2025-10-26,21,21,0,1,92.59,Low
PO_007229,SUP_006,FAB_010,13669,5.13,70121.97,2024-09-24,2024-10-20,2024-10-23,26,29,3,0,91.47,Medium
PO_007230,SUP_003,FAB_025,19181,18.52,355232.12,2025-04-12,2025-05-15,2025-05-16,33,34,1,0,93.93,Medium
PO_007231,SUP_017,FAB_023,13747,7.59,104339.73,2024-09-27,2024-10-11,2024-10-19,14,22,8,0,94.09,High
PO_007232,SUP_002,FAB_027,15910,11.4,181374.0,2025-05-04,2025-06-04,2025-06-06,31,33,2,0,94.92,Medium
PO_007233,SUP_013,FAB_015,7947,13.25,105297.75,2025-10-14,2025-11-19,2025-11-27,36,44,8,0,92.1,High
PO_007234,SUP_012,FAB_016,4365,5.69,24836.85,2024-04-30,2024-05-16,2024-05-17,16,17,1,0,90.7,Medium
PO_007235,SUP_022,FAB_021,15330,13.91,213240.3,2024-04-02,2024-04-24,2024-04-26,22,24,2,0,97.61,Medium
PO_007236,SUP_014,FAB_019,6120,16.12,98654.4,2024-12-13,2025-01-17,2025-01-18,35,36,1,0,92.15,Medium
PO_007237,SUP_004,FAB_015,3298,13.72,45248.56,2025-10-23,2025-11-16,2025-11-18,24,26,2,0,95.54,Medium
PO_007238,SUP_024,FAB_004,17647,7.78,137293.66,2024-04-24,2024-05-28,2024-06-03,34,40,6,0,100.0,Medium
PO_007239,SUP_014,FAB_003,4028,14.68,59131.04,2025-09-01,2025-10-08,2025-10-28,37,57,20,0,96.52,High
PO_007240,SUP_003,FAB_023,19873,7.68,152624.64,2025-07-27,2025-08-10,2025-08-13,14,17,3,0,85.84,Medium
PO_007241,SUP_015,FAB_008,17201,13.31,228945.31,2025-09-26,2025-10-13,2025-10-14,17,18,1,0,91.45,Medium
PO_007242,SUP_012,FAB_005,15197,7.19,109266.43,2025-03-16,2025-04-02,2025-04-02,17,17,0,1,97.84,Low
PO_007243,SUP_023,FAB_016,18221,5.8,105681.8,2025-09-11,2025-10-11,2025-10-14,30,33,3,0,98.17,Medium
PO_007244,SUP_012,FAB_028,19885,16.72,332477.2,2024-04-20,2024-05-10,2024-05-10,20,20,0,1,100.0,Low
PO_007245,SUP_007,FAB_002,18304,15.33,280600.32,2025-02-03,2025-02-18,2025-02-19,15,16,1,0,88.15,Medium
PO_007246,SUP_008,FAB_001,4933,9.4,46370.2,2024-11-02,2024-11-21,2024-11-22,19,20,1,0,100.0,Medium
PO_007247,SUP_017,FAB_023,8197,7.59,62215.23,2024-04-03,2024-04-17,2024-04-18,14,15,1,0,95.01,Medium
PO_007248,SUP_022,FAB_005,6698,7.26,48627.48,2025-06-05,2025-06-28,2025-06-28,23,23,0,1,96.53,Low
PO_007249,SUP_008,FAB_023,15291,6.73,102908.43,2024-06-24,2024-07-26,2024-07-27,32,33,1,0,93.41,Medium
PO_007250,SUP_001,FAB_018,3622,11.04,39986.88,2025-01-25,2025-02-12,2025-02-12,18,18,0,1,96.34,Low
PO_007251,SUP_010,FAB_011,16012,6.57,105198.84,2025-04-14,2025-04-29,2025-05-07,15,23,8,0,91.6,High
PO_007252,SUP_005,FAB_016,4391,5.84,25643.44,2024-11-27,2024-12-25,2024-12-28,28,31,3,0,95.03,Medium
PO_007253,SUP_007,FAB_002,2156,15.33,33051.48,2024-01-02,2024-01-17,2024-01-21,15,19,4,0,85.74,Medium
PO_007254,SUP_011,FAB_021,19969,13.4,267584.6,2024-06-08,2024-07-17,2024-07-18,39,40,1,0,92.04,Medium
PO_007255,SUP_007,FAB_011,3443,5.74,19762.82,2024-03-08,2024-04-13,2024-04-27,36,50,14,0,86.9,High
PO_007256,SUP_019,FAB_016,994,5.34,5307.96,2024-03-16,2024-04-08,2024-04-09,23,24,1,0,91.3,Medium
PO_007257,SUP_010,FAB_022,19363,5.48,106109.24,2024-07-23,2024-08-09,2024-08-11,17,19,2,0,96.8,Medium
PO_007258,SUP_009,FAB_025,18759,19.05,357358.95,2024-08-01,2024-08-19,2024-08-22,18,21,3,0,98.44,Medium
PO_007259,SUP_013,FAB_024,9713,5.18,50313.34,2025-10-25,2025-11-23,2025-11-27,29,33,4,0,89.43,Medium
PO_007260,SUP_023,FAB_028,8901,15.73,140012.73,2024-07-10,2024-08-03,2024-08-04,24,25,1,0,94.78,Medium
PO_007261,SUP_025,FAB_002,7075,14.8,104710.0,2025-11-25,2025-12-15,2025-12-19,20,24,4,0,97.03,Medium
PO_007262,SUP_019,FAB_014,17754,19.06,338391.24,2025-09-24,2025-10-10,2025-10-14,16,20,4,0,90.75,Medium
PO_007263,SUP_011,FAB_011,13959,6.37,88918.83,2025-04-27,2025-05-23,2025-05-24,26,27,1,0,94.09,Medium
PO_007264,SUP_020,FAB_006,3972,15.75,62559.0,2024-09-19,2024-10-04,2024-10-04,15,15,0,1,92.08,Low
PO_007265,SUP_018,FAB_024,5181,5.25,27200.25,2024-12-07,2024-12-23,2024-12-24,16,17,1,0,95.41,Medium
PO_007266,SUP_025,FAB_008,10545,13.68,144255.6,2025-05-23,2025-06-26,2025-06-30,34,38,4,0,91.02,Medium
PO_007267,SUP_025,FAB_009,2197,8.15,17905.55,2025-10-28,2025-11-24,2025-11-24,27,27,0,1,94.25,Low
PO_007268,SUP_022,FAB_011,12874,6.02,77501.48,2025-04-19,2025-05-03,2025-05-03,14,14,0,1,97.33,Low
PO_007269,SUP_016,FAB_014,13086,20.14,263552.04,2024-03-01,2024-03-28,2024-03-31,27,30,3,0,95.88,Medium
PO_007270,SUP_010,FAB_024,18914,4.93,93246.02,2025-06-25,2025-07-24,2025-07-30,29,35,6,0,99.8,Medium
PO_007271,SUP_025,FAB_020,13185,9.52,125521.2,2025-07-05,2025-08-10,2025-08-11,36,37,1,0,96.99,Medium
PO_007272,SUP_019,FAB_016,1371,5.34,7321.14,2024-04-15,2024-05-08,2024-05-11,23,26,3,0,85.68,Medium
PO_007273,SUP_020,FAB_005,2657,6.02,15995.14,2024-01-23,2024-02-23,2024-03-01,31,38,7,0,94.5,Medium
PO_007274,SUP_005,FAB_014,15134,19.38,293296.92,2024-09-03,2024-10-05,2024-10-06,32,33,1,0,99.3,Medium
PO_007275,SUP_004,FAB_022,15796,5.07,80085.72,2025-08-18,2025-09-07,2025-09-12,20,25,5,0,92.86,Medium
PO_007276,SUP_008,FAB_025,13537,16.9,228775.3,2024-10-03,2024-11-03,2024-11-04,31,32,1,0,99.36,Medium
PO_007277,SUP_007,FAB_026,19702,14.05,276813.1,2024-03-12,2024-03-28,2024-03-30,16,18,2,0,94.32,Medium
PO_007278,SUP_008,FAB_023,5640,6.73,37957.2,2024-09-13,2024-10-15,2024-10-17,32,34,2,0,89.84,Medium
PO_007279,SUP_007,FAB_023,11332,6.79,76944.28,2025-09-27,2025-10-25,2025-10-29,28,32,4,0,90.74,Medium
PO_007280,SUP_022,FAB_005,13788,7.26,100100.88,2025-07-27,2025-08-19,2025-08-19,23,23,0,1,98.63,Low
PO_007281,SUP_015,FAB_008,18765,13.31,249762.15,2024-06-24,2024-07-11,2024-07-14,17,20,3,0,96.25,Medium
PO_007282,SUP_003,FAB_016,17783,4.92,87492.36,2025-03-06,2025-04-09,2025-04-11,34,36,2,0,90.28,Medium
PO_007283,SUP_018,FAB_019,5854,15.93,93254.22,2025-07-01,2025-07-31,2025-08-02,30,32,2,0,98.78,Medium
PO_007284,SUP_001,FAB_024,15615,4.4,68706.0,2025-08-27,2025-09-24,2025-09-24,28,28,0,1,96.23,Low
PO_007285,SUP_023,FAB_020,12752,8.76,111707.52,2025-02-10,2025-03-16,2025-04-04,34,53,19,0,88.12,High
PO_007286,SUP_023,FAB_019,8180,15.67,128180.6,2024-05-15,2024-05-31,2024-06-11,16,27,11,0,92.81,High
PO_007287,SUP_006,FAB_015,8438,13.95,117710.1,2025-08-06,2025-08-23,2025-08-27,17,21,4,0,95.83,Medium
PO_007288,SUP_021,FAB_017,19277,10.83,208769.91,2024-01-11,2024-02-17,2024-02-19,37,39,2,0,96.11,Medium
PO_007289,SUP_002,FAB_005,11750,6.1,71675.0,2025-08-30,2025-09-28,2025-10-01,29,32,3,0,89.41,Medium
PO_007290,SUP_012,FAB_027,17830,12.77,227689.1,2024-03-09,2024-04-13,2024-04-19,35,41,6,0,100.0,Medium
PO_007291,SUP_002,FAB_030,4870,15.39,74949.3,2024-03-14,2024-04-20,2024-04-24,37,41,4,0,100.0,Medium
PO_007292,SUP_025,FAB_016,4167,5.26,21918.42,2024-10-26,2024-11-10,2024-11-15,15,20,5,0,94.57,Medium
PO_007293,SUP_003,FAB_006,4764,16.44,78320.16,2024-07-05,2024-08-01,2024-08-18,27,44,17,0,94.74,High
PO_007294,SUP_005,FAB_030,9560,15.73,150378.8,2024-06-05,2024-06-27,2024-06-27,22,22,0,1,89.51,Low
PO_007295,SUP_021,FAB_019,17493,17.9,313124.7,2024-04-03,2024-05-01,2024-05-04,28,31,3,0,91.15,Medium
PO_007296,SUP_019,FAB_002,3288,15.11,49681.68,2025-07-31,2025-08-31,2025-09-03,31,34,3,0,95.75,Medium
PO_007297,SUP_007,FAB_012,9380,10.96,102804.8,2024-10-26,2024-11-17,2024-11-21,22,26,4,0,93.36,Medium
PO_007298,SUP_019,FAB_010,3269,4.57,14939.33,2024-06-22,2024-07-22,2024-07-25,30,33,3,0,89.33,Medium
PO_007299,SUP_019,FAB_013,17303,12.25,211961.75,2024-10-23,2024-11-06,2024-11-15,14,23,9,0,92.35,High
PO_007300,SUP_010,FAB_022,15654,5.48,85783.92,2024-06-19,2024-07-06,2024-07-06,17,17,0,1,91.26,Low
PO_007301,SUP_013,FAB_022,554,5.44,3013.76,2025-03-09,2025-04-18,2025-04-20,40,42,2,0,86.41,Medium
PO_007302,SUP_016,FAB_012,5253,13.37,70232.61,2024-01-17,2024-02-13,2024-02-15,27,29,2,0,91.25,Medium
PO_007303,SUP_015,FAB_002,9758,15.2,148321.6,2025-11-08,2025-12-17,2025-12-19,39,41,2,0,92.29,Medium
PO_007304,SUP_012,FAB_028,5878,16.72,98280.16,2024-12-28,2025-01-17,2025-01-17,20,20,0,1,95.93,Low
PO_007305,SUP_019,FAB_024,3362,5.38,18087.56,2025-05-08,2025-05-22,2025-05-26,14,18,4,0,100.0,Medium
PO_007306,SUP_007,FAB_023,9986,6.79,67804.94,2024-09-30,2024-10-28,2024-10-29,28,29,1,0,97.18,Medium
PO_007307,SUP_013,FAB_020,9314,8.4,78237.6,2025-01-23,2025-03-01,2025-03-03,37,39,2,0,91.84,Medium
PO_007308,SUP_002,FAB_022,8434,5.07,42760.38,2025-03-08,2025-04-01,2025-04-07,24,30,6,0,100.0,Medium
PO_007309,SUP_017,FAB_017,17524,11.31,198196.44,2025-10-17,2025-11-12,2025-11-15,26,29,3,0,91.96,Medium
PO_007310,SUP_001,FAB_018,19711,11.04,217609.44,2024-06-29,2024-07-17,2024-07-17,18,18,0,1,93.57,Low
PO_007311,SUP_022,FAB_007,9188,8.25,75801.0,2024-11-13,2024-12-12,2024-12-14,29,31,2,0,92.83,Medium
PO_007312,SUP_024,FAB_026,11286,14.09,159019.74,2024-06-10,2024-07-19,2024-08-02,39,53,14,0,97.35,High
PO_007313,SUP_004,FAB_002,13826,12.42,171718.92,2025-05-26,2025-06-12,2025-06-14,17,19,2,0,93.73,Medium
PO_007314,SUP_023,FAB_006,17102,14.79,252938.58,2025-07-27,2025-08-31,2025-09-07,35,42,7,0,93.69,Medium
PO_007315,SUP_004,FAB_018,19220,12.22,234868.4,2024-12-20,2025-01-03,2025-01-08,14,19,5,0,93.57,Medium
PO_007316,SUP_003,FAB_018,11631,10.14,117938.34,2024-08-18,2024-09-13,2024-09-14,26,27,1,0,95.8,Medium
PO_007317,SUP_011,FAB_021,17611,13.4,235987.4,2024-08-13,2024-09-21,2024-09-22,39,40,1,0,95.24,Medium
PO_007318,SUP_015,FAB_008,8090,13.31,107677.9,2024-11-08,2024-11-25,2024-11-29,17,21,4,0,91.29,Medium
PO_007319,SUP_004,FAB_019,6451,15.3,98700.3,2024-06-15,2024-07-11,2024-07-17,26,32,6,0,89.11,Medium
PO_007320,SUP_023,FAB_022,11587,5.21,60368.27,2024-08-28,2024-09-27,2024-09-29,30,32,2,0,91.1,Medium
PO_007321,SUP_019,FAB_003,6267,16.33,102340.11,2024-03-04,2024-04-01,2024-04-09,28,36,8,0,96.08,High
PO_007322,SUP_017,FAB_005,9249,6.39,59101.11,2024-03-10,2024-04-09,2024-04-17,30,38,8,0,88.93,High
PO_007323,SUP_018,FAB_004,16456,7.39,121609.84,2025-06-28,2025-07-28,2025-07-28,30,30,0,1,94.88,Low
PO_007324,SUP_002,FAB_013,17141,13.79,236374.39,2024-04-01,2024-04-18,2024-04-20,17,19,2,0,97.2,Medium
PO_007325,SUP_015,FAB_008,870,13.31,11579.7,2025-01-05,2025-01-22,2025-01-22,17,17,0,1,100.0,Low
PO_007326,SUP_007,FAB_016,6482,4.91,31826.62,2024-11-04,2024-11-30,2024-12-08,26,34,8,0,90.54,High
PO_007327,SUP_022,FAB_007,19389,8.25,159959.25,2024-01-03,2024-02-01,2024-02-02,29,30,1,0,100.0,Medium
PO_007328,SUP_022,FAB_030,9309,18.31,170447.79,2024-08-04,2024-08-30,2024-08-30,26,26,0,1,88.0,Low
PO_007329,SUP_011,FAB_002,19478,14.61,284573.58,2024-10-23,2024-11-10,2024-11-11,18,19,1,0,95.01,Medium
PO_007330,SUP_019,FAB_019,16252,14.46,235003.92,2025-09-06,2025-10-07,2025-10-07,31,31,0,1,95.42,Low
PO_007331,SUP_001,FAB_018,19053,11.04,210345.12,2025-07-04,2025-07-22,2025-07-22,18,18,0,1,97.27,Low
PO_007332,SUP_019,FAB_013,6080,12.25,74480.0,2025-07-19,2025-08-02,2025-08-06,14,18,4,0,92.95,Medium
PO_007333,SUP_009,FAB_005,18792,7.36,138309.12,2025-01-25,2025-02-20,2025-02-24,26,30,4,0,95.03,Medium
PO_007334,SUP_002,FAB_006,17997,14.77,265815.69,2025-10-20,2025-11-16,2025-11-16,27,27,0,1,100.0,Low
PO_007335,SUP_012,FAB_008,10556,13.43,141767.08,2024-12-25,2025-01-29,2025-01-30,35,36,1,0,91.13,Medium
PO_007336,SUP_011,FAB_030,16577,15.43,255783.11,2025-05-27,2025-06-13,2025-06-13,17,17,0,1,97.57,Low
PO_007337,SUP_018,FAB_015,15919,13.28,211404.32,2024-09-30,2024-10-15,2024-10-18,15,18,3,0,100.0,Medium
PO_007338,SUP_012,FAB_022,6154,4.72,29046.88,2025-10-04,2025-10-31,2025-11-02,27,29,2,0,95.26,Medium
PO_007339,SUP_006,FAB_001,19713,9.25,182345.25,2025-07-13,2025-08-17,2025-08-19,35,37,2,0,91.36,Medium
PO_007340,SUP_016,FAB_014,1245,20.14,25074.3,2024-04-23,2024-05-20,2024-05-25,27,32,5,0,93.18,Medium
PO_007341,SUP_001,FAB_018,8937,11.04,98664.48,2025-07-14,2025-08-01,2025-08-01,18,18,0,1,97.83,Low
PO_007342,SUP_011,FAB_021,3686,13.4,49392.4,2024-07-23,2024-08-31,2024-09-02,39,41,2,0,100.0,Medium
PO_007343,SUP_022,FAB_025,16072,18.59,298778.48,2024-06-03,2024-06-23,2024-06-25,20,22,2,0,90.88,Medium
PO_007344,SUP_008,FAB_011,7172,5.27,37796.44,2024-06-06,2024-06-27,2024-06-30,21,24,3,0,97.83,Medium
PO_007345,SUP_008,FAB_028,19043,16.49,314019.07,2024-02-17,2024-03-14,2024-03-15,26,27,1,0,100.0,Medium
PO_007346,SUP_022,FAB_007,1789,8.25,14759.25,2025-10-26,2025-11-24,2025-12-01,29,36,7,0,98.45,Medium
PO_007347,SUP_003,FAB_028,16241,18.9,306954.9,2024-05-23,2024-06-07,2024-06-11,15,19,4,0,94.36,Medium
PO_007348,SUP_002,FAB_027,3916,11.4,44642.4,2024-07-28,2024-08-28,2024-08-29,31,32,1,0,97.4,Medium
PO_007349,SUP_025,FAB_025,14869,17.52,260504.88,2025-06-04,2025-06-29,2025-07-01,25,27,2,0,94.74,Medium
PO_007350,SUP_021,FAB_015,16742,15.16,253808.72,2024-02-02,2024-02-24,2024-02-27,22,25,3,0,92.6,Medium
PO_007351,SUP_004,FAB_019,6786,15.3,103825.8,2024-05-04,2024-05-30,2024-05-31,26,27,1,0,88.85,Medium
PO_007352,SUP_023,FAB_006,6965,14.79,103012.35,2025-09-14,2025-10-19,2025-10-24,35,40,5,0,91.28,Medium
PO_007353,SUP_009,FAB_019,16923,17.77,300721.71,2024-05-02,2024-05-24,2024-05-26,22,24,2,0,93.52,Medium
PO_007354,SUP_008,FAB_015,13590,13.41,182241.9,2025-05-25,2025-06-22,2025-06-24,28,30,2,0,93.27,Medium
PO_007355,SUP_025,FAB_016,7884,5.26,41469.84,2024-09-21,2024-10-06,2024-10-07,15,16,1,0,94.76,Medium
PO_007356,SUP_022,FAB_030,8531,18.31,156202.61,2024-12-23,2025-01-18,2025-01-20,26,28,2,0,94.62,Medium
PO_007357,SUP_022,FAB_030,3307,18.31,60551.17,2025-07-24,2025-08-19,2025-08-21,26,28,2,0,98.65,Medium
PO_007358,SUP_007,FAB_002,1979,15.33,30338.07,2024-10-30,2024-11-14,2024-11-18,15,19,4,0,98.39,Medium
PO_007359,SUP_009,FAB_010,9402,5.01,47104.02,2025-06-13,2025-07-07,2025-07-07,24,24,0,1,89.55,Low
PO_007360,SUP_024,FAB_029,16839,9.81,165190.59,2024-09-28,2024-10-24,2024-10-25,26,27,1,0,93.65,Medium
PO_007361,SUP_017,FAB_029,4561,9.81,44743.41,2025-06-22,2025-07-26,2025-07-29,34,37,3,0,92.64,Medium
PO_007362,SUP_023,FAB_023,14825,7.03,104219.75,2025-11-27,2025-12-29,2026-01-06,32,40,8,0,90.81,High
PO_007363,SUP_009,FAB_009,10852,10.06,109171.12,2024-06-16,2024-07-25,2024-07-25,39,39,0,1,89.22,Low
PO_007364,SUP_013,FAB_023,1618,6.49,10500.82,2025-06-02,2025-06-22,2025-07-01,20,29,9,0,91.92,High
PO_007365,SUP_023,FAB_018,7258,12.17,88329.86,2024-12-11,2025-01-07,2025-01-09,27,29,2,0,92.2,Medium
PO_007366,SUP_005,FAB_007,18577,7.27,135054.79,2024-03-25,2024-04-15,2024-04-15,21,21,0,1,100.0,Low
PO_007367,SUP_017,FAB_018,6615,10.55,69788.25,2024-05-14,2024-06-15,2024-06-25,32,42,10,0,95.26,High
PO_007368,SUP_008,FAB_024,6605,4.27,28203.35,2025-02-10,2025-03-16,2025-03-17,34,35,1,0,93.27,Medium
PO_007369,SUP_009,FAB_026,18707,14.0,261898.0,2025-06-13,2025-06-29,2025-07-04,16,21,5,0,92.95,Medium
PO_007370,SUP_019,FAB_014,1372,19.06,26150.32,2025-06-16,2025-07-02,2025-07-09,16,23,7,0,91.39,Medium
PO_007371,SUP_009,FAB_001,9107,10.99,100085.93,2025-07-05,2025-08-07,2025-08-08,33,34,1,0,98.08,Medium
PO_007372,SUP_010,FAB_005,9524,6.79,64667.96,2024-01-02,2024-01-21,2024-01-23,19,21,2,0,92.58,Medium
PO_007373,SUP_010,FAB_024,11619,4.93,57281.67,2025-01-23,2025-02-21,2025-02-22,29,30,1,0,85.14,Medium
PO_007374,SUP_024,FAB_025,1254,19.85,24891.9,2025-02-09,2025-02-25,2025-02-28,16,19,3,0,98.87,Medium
PO_007375,SUP_013,FAB_015,17525,13.25,232206.25,2025-01-29,2025-03-06,2025-03-07,36,37,1,0,91.8,Medium
PO_007376,SUP_002,FAB_004,9067,7.87,71357.29,2024-07-01,2024-07-30,2024-07-31,29,30,1,0,97.92,Medium
PO_007377,SUP_007,FAB_016,8116,4.91,39849.56,2024-11-12,2024-12-08,2024-12-09,26,27,1,0,95.31,Medium
PO_007378,SUP_018,FAB_008,17244,14.6,251762.4,2025-09-06,2025-09-22,2025-09-22,16,16,0,1,95.36,Low
PO_007379,SUP_011,FAB_027,5333,11.21,59782.93,2024-09-03,2024-09-30,2024-10-04,27,31,4,0,100.0,Medium
PO_007380,SUP_004,FAB_019,6903,15.3,105615.9,2024-11-19,2024-12-15,2024-12-16,26,27,1,0,92.63,Medium
PO_007381,SUP_021,FAB_010,17495,4.79,83801.05,2025-02-07,2025-03-18,2025-03-22,39,43,4,0,95.27,Medium
PO_007382,SUP_023,FAB_020,13409,8.76,117462.84,2025-11-08,2025-12-12,2025-12-19,34,41,7,0,89.16,Medium
PO_007383,SUP_004,FAB_011,14176,6.56,92994.56,2024-10-20,2024-11-21,2024-12-05,32,46,14,0,92.49,High
PO_007384,SUP_023,FAB_006,9018,14.79,133376.22,2024-07-20,2024-08-24,2024-08-28,35,39,4,0,92.84,Medium
PO_007385,SUP_023,FAB_023,4500,7.03,31635.0,2024-10-17,2024-11-18,2024-11-25,32,39,7,0,90.3,Medium
PO_007386,SUP_023,FAB_017,2956,9.24,27313.44,2025-06-07,2025-07-14,2025-07-15,37,38,1,0,97.13,Medium
PO_007387,SUP_025,FAB_006,3592,16.41,58944.72,2025-08-13,2025-08-30,2025-09-02,17,20,3,0,93.58,Medium
PO_007388,SUP_012,FAB_022,11133,4.72,52547.76,2025-07-14,2025-08-10,2025-08-11,27,28,1,0,96.87,Medium
PO_007389,SUP_024,FAB_025,14684,19.85,291477.4,2025-01-31,2025-02-16,2025-02-18,16,18,2,0,92.16,Medium
PO_007390,SUP_017,FAB_020,16506,8.11,133863.66,2025-01-19,2025-02-14,2025-02-14,26,26,0,1,91.74,Low
PO_007391,SUP_008,FAB_027,13674,12.68,173386.32,2025-11-26,2025-12-10,2025-12-15,14,19,5,0,95.72,Medium
PO_007392,SUP_020,FAB_009,14233,9.98,142045.34,2024-10-14,2024-10-31,2024-11-04,17,21,4,0,96.64,Medium
PO_007393,SUP_008,FAB_011,4252,5.27,22408.04,2024-08-23,2024-09-13,2024-09-17,21,25,4,0,95.49,Medium
PO_007394,SUP_024,FAB_015,13928,12.36,172150.08,2025-04-27,2025-05-24,2025-05-30,27,33,6,0,97.91,Medium
PO_007395,SUP_023,FAB_019,16550,15.67,259338.5,2024-05-22,2024-06-07,2024-06-11,16,20,4,0,91.94,Medium
PO_007396,SUP_017,FAB_015,14154,14.49,205091.46,2025-06-30,2025-07-22,2025-08-14,22,45,23,0,93.51,High
PO_007397,SUP_007,FAB_016,5635,4.91,27667.85,2025-08-05,2025-08-31,2025-08-31,26,26,0,1,85.77,Low
PO_007398,SUP_020,FAB_009,7677,9.98,76616.46,2025-10-18,2025-11-04,2025-11-12,17,25,8,0,94.73,High
PO_007399,SUP_017,FAB_013,7913,11.71,92661.23,2025-05-15,2025-06-21,2025-06-29,37,45,8,0,91.17,High
PO_007400,SUP_020,FAB_010,4773,5.04,24055.92,2024-10-05,2024-11-04,2024-11-07,30,33,3,0,91.86,Medium
PO_007401,SUP_024,FAB_029,1806,9.81,17716.86,2025-10-25,2025-11-20,2025-11-20,26,26,0,1,90.7,Low
PO_007402,SUP_006,FAB_007,13004,7.38,95969.52,2024-12-01,2024-12-21,2024-12-21,20,20,0,1,88.95,Low
PO_007403,SUP_013,FAB_015,11957,13.25,158430.25,2025-09-21,2025-10-27,2025-11-02,36,42,6,0,90.65,Medium
PO_007404,SUP_020,FAB_005,13777,6.02,82937.54,2025-05-18,2025-06-18,2025-06-26,31,39,8,0,90.55,High
PO_007405,SUP_018,FAB_024,4822,5.25,25315.5,2025-04-03,2025-04-19,2025-04-24,16,21,5,0,92.9,Medium
PO_007406,SUP_008,FAB_002,13776,12.75,175644.0,2025-08-12,2025-08-31,2025-09-02,19,21,2,0,97.61,Medium
PO_007407,SUP_001,FAB_018,3314,11.04,36586.56,2025-08-30,2025-09-17,2025-09-18,18,19,1,0,100.0,Medium
PO_007408,SUP_014,FAB_017,6271,11.32,70987.72,2024-05-10,2024-06-08,2024-06-14,29,35,6,0,86.3,Medium
PO_007409,SUP_025,FAB_005,19867,6.69,132910.23,2025-09-11,2025-10-02,2025-10-02,21,21,0,1,97.4,Low
PO_007410,SUP_016,FAB_023,12195,6.9,84145.5,2024-09-26,2024-10-24,2024-11-01,28,36,8,0,99.15,High
PO_007411,SUP_014,FAB_001,6300,11.57,72891.0,2025-07-24,2025-08-21,2025-08-26,28,33,5,0,92.89,Medium
PO_007412,SUP_020,FAB_006,1540,15.75,24255.0,2025-08-30,2025-09-14,2025-09-15,15,16,1,0,96.74,Medium
PO_007413,SUP_013,FAB_010,17219,5.1,87816.9,2025-06-13,2025-07-10,2025-07-11,27,28,1,0,95.25,Medium
PO_007414,SUP_004,FAB_018,8180,12.22,99959.6,2025-04-20,2025-05-04,2025-05-10,14,20,6,0,91.56,Medium
PO_007415,SUP_009,FAB_025,19905,19.05,379190.25,2025-05-26,2025-06-13,2025-06-16,18,21,3,0,95.13,Medium
PO_007416,SUP_004,FAB_014,17563,19.52,342829.76,2024-12-12,2025-01-01,2025-01-09,20,28,8,0,90.32,High
PO_007417,SUP_019,FAB_019,9258,14.46,133870.68,2024-12-19,2025-01-19,2025-01-22,31,34,3,0,86.02,Medium
PO_007418,SUP_024,FAB_004,12485,7.78,97133.3,2024-01-21,2024-02-24,2024-03-01,34,40,6,0,97.53,Medium
PO_007419,SUP_025,FAB_020,5621,9.52,53511.92,2024-06-16,2024-07-22,2024-07-23,36,37,1,0,95.7,Medium
PO_007420,SUP_019,FAB_019,7072,14.46,102261.12,2024-02-04,2024-03-06,2024-03-07,31,32,1,0,94.79,Medium
PO_007421,SUP_006,FAB_014,12896,16.46,212268.16,2024-09-06,2024-09-26,2024-10-04,20,28,8,0,90.14,High
PO_007422,SUP_008,FAB_021,14245,12.27,174786.15,2024-02-04,2024-02-22,2024-02-28,18,24,6,0,87.25,Medium
PO_007423,SUP_019,FAB_002,10381,15.11,156856.91,2024-04-11,2024-05-12,2024-05-16,31,35,4,0,92.27,Medium
PO_007424,SUP_017,FAB_018,10020,10.55,105711.0,2024-11-06,2024-12-08,2024-12-10,32,34,2,0,90.95,Medium
PO_007425,SUP_022,FAB_020,19474,10.02,195129.48,2025-10-12,2025-11-09,2025-11-11,28,30,2,0,86.58,Medium
PO_007426,SUP_017,FAB_017,5951,11.31,67305.81,2024-02-14,2024-03-11,2024-03-16,26,31,5,0,92.09,Medium
PO_007427,SUP_024,FAB_029,1624,9.81,15931.44,2024-11-04,2024-11-30,2024-12-06,26,32,6,0,95.67,Medium
PO_007428,SUP_023,FAB_023,8012,7.03,56324.36,2024-12-28,2025-01-29,2025-02-05,32,39,7,0,93.86,Medium
PO_007429,SUP_015,FAB_024,16279,5.13,83511.27,2024-08-23,2024-09-10,2024-09-23,18,31,13,0,100.0,High
PO_007430,SUP_007,FAB_019,19023,16.0,304368.0,2024-06-13,2024-07-23,2024-08-03,40,51,11,0,95.93,High
PO_007431,SUP_006,FAB_015,11479,13.95,160132.05,2024-08-16,2024-09-02,2024-09-03,17,18,1,0,94.36,Medium
PO_007432,SUP_018,FAB_004,14546,7.39,107494.94,2025-10-21,2025-11-20,2025-11-20,30,30,0,1,96.23,Low
PO_007433,SUP_008,FAB_025,7436,16.9,125668.4,2025-08-27,2025-09-27,2025-10-06,31,40,9,0,94.23,High
PO_007434,SUP_011,FAB_002,6135,14.61,89632.35,2024-06-10,2024-06-28,2024-06-30,18,20,2,0,93.02,Medium
PO_007435,SUP_025,FAB_015,17435,13.15,229270.25,2025-03-14,2025-04-15,2025-04-20,32,37,5,0,99.61,Medium
PO_007436,SUP_021,FAB_003,6583,17.73,116716.59,2025-07-15,2025-08-04,2025-08-08,20,24,4,0,98.06,Medium
PO_007437,SUP_008,FAB_015,18190,13.41,243927.9,2024-11-26,2024-12-24,2024-12-27,28,31,3,0,87.1,Medium
PO_007438,SUP_008,FAB_006,18022,16.71,301147.62,2024-12-06,2025-01-11,2025-01-15,36,40,4,0,98.28,Medium
PO_007439,SUP_025,FAB_014,7801,17.33,135191.33,2024-09-29,2024-10-13,2024-10-18,14,19,5,0,94.89,Medium
PO_007440,SUP_004,FAB_011,10288,6.56,67489.28,2025-06-07,2025-07-09,2025-07-12,32,35,3,0,91.56,Medium
PO_007441,SUP_015,FAB_018,9583,12.21,117008.43,2024-03-31,2024-04-30,2024-04-30,30,30,0,1,93.28,Low
PO_007442,SUP_015,FAB_021,6888,13.5,92988.0,2024-11-19,2024-12-13,2024-12-16,24,27,3,0,95.03,Medium
PO_007443,SUP_010,FAB_029,5313,8.48,45054.24,2025-08-23,2025-09-07,2025-09-12,15,20,5,0,90.78,Medium
PO_007444,SUP_023,FAB_024,14766,4.32,63789.12,2025-03-05,2025-04-05,2025-04-08,31,34,3,0,92.89,Medium
PO_007445,SUP_003,FAB_014,9506,19.82,188408.92,2025-10-27,2025-11-19,2025-11-25,23,29,6,0,92.85,Medium
PO_007446,SUP_009,FAB_015,3236,13.73,44430.28,2024-10-17,2024-11-14,2024-11-21,28,35,7,0,97.61,Medium
PO_007447,SUP_011,FAB_001,12951,9.83,127308.33,2025-04-19,2025-05-27,2025-05-29,38,40,2,0,92.54,Medium
PO_007448,SUP_013,FAB_016,10511,5.34,56128.74,2024-04-20,2024-05-05,2024-05-09,15,19,4,0,91.85,Medium
PO_007449,SUP_013,FAB_026,3684,11.83,43581.72,2025-07-10,2025-08-11,2025-08-16,32,37,5,0,88.4,Medium
PO_007450,SUP_017,FAB_017,2975,11.31,33647.25,2025-11-26,2025-12-22,2026-01-02,26,37,11,0,89.21,High
PO_007451,SUP_013,FAB_013,12107,13.87,167924.09,2025-01-30,2025-02-19,2025-02-27,20,28,8,0,94.13,High
PO_007452,SUP_011,FAB_027,18647,11.21,209032.87,2025-02-14,2025-03-13,2025-03-16,27,30,3,0,98.02,Medium
PO_007453,SUP_015,FAB_021,4174,13.5,56349.0,2024-12-01,2024-12-25,2024-12-26,24,25,1,0,95.95,Medium
PO_007454,SUP_012,FAB_021,7239,12.26,88750.14,2024-11-10,2024-11-25,2024-11-26,15,16,1,0,98.92,Medium
PO_007455,SUP_007,FAB_011,8732,5.74,50121.68,2025-11-01,2025-12-07,2025-12-07,36,36,0,1,87.92,Low
PO_007456,SUP_002,FAB_028,4545,16.61,75492.45,2024-11-06,2024-12-04,2024-12-04,28,28,0,1,98.3,Low
PO_007457,SUP_006,FAB_007,8391,7.38,61925.58,2025-09-08,2025-09-28,2025-09-30,20,22,2,0,92.47,Medium
PO_007458,SUP_015,FAB_007,15045,8.43,126829.35,2024-05-09,2024-06-16,2024-06-26,38,48,10,0,92.16,High
PO_007459,SUP_003,FAB_022,7546,5.47,41276.62,2024-11-21,2024-12-22,2024-12-23,31,32,1,0,89.55,Medium
PO_007460,SUP_008,FAB_028,12919,16.49,213034.31,2025-03-27,2025-04-22,2025-04-22,26,26,0,1,92.78,Low
PO_007461,SUP_022,FAB_023,14696,7.57,111248.72,2025-07-09,2025-07-31,2025-08-01,22,23,1,0,91.07,Medium
PO_007462,SUP_025,FAB_015,9463,13.15,124438.45,2024-02-13,2024-03-16,2024-03-17,32,33,1,0,96.63,Medium
PO_007463,SUP_010,FAB_024,7167,4.93,35333.31,2025-11-16,2025-12-15,2025-12-17,29,31,2,0,99.4,Medium
PO_007464,SUP_013,FAB_022,16156,5.44,87888.64,2024-03-23,2024-05-02,2024-05-06,40,44,4,0,85.96,Medium
PO_007465,SUP_017,FAB_029,9355,9.81,91772.55,2024-03-25,2024-04-28,2024-05-12,34,48,14,0,90.5,High
PO_007466,SUP_010,FAB_024,16798,4.93,82814.14,2025-08-01,2025-08-30,2025-09-17,29,47,18,0,90.35,High
PO_007467,SUP_018,FAB_011,1181,5.86,6920.66,2025-05-26,2025-06-23,2025-06-23,28,28,0,1,97.37,Low
PO_007468,SUP_007,FAB_018,6682,10.76,71898.32,2024-09-23,2024-10-10,2024-10-12,17,19,2,0,94.22,Medium
PO_007469,SUP_005,FAB_012,17021,13.26,225698.46,2025-02-10,2025-03-09,2025-03-12,27,30,3,0,92.45,Medium
PO_007470,SUP_016,FAB_014,5207,20.14,104868.98,2024-08-16,2024-09-12,2024-09-16,27,31,4,0,89.49,Medium
PO_007471,SUP_016,FAB_025,6984,19.48,136048.32,2025-11-28,2025-12-14,2025-12-19,16,21,5,0,90.59,Medium
PO_007472,SUP_010,FAB_006,18378,16.62,305442.36,2025-06-19,2025-07-25,2025-08-02,36,44,8,0,91.37,High
PO_007473,SUP_018,FAB_005,18011,7.22,130039.42,2025-05-19,2025-06-27,2025-06-29,39,41,2,0,89.36,Medium
PO_007474,SUP_023,FAB_017,1916,9.24,17703.84,2024-11-01,2024-12-08,2024-12-10,37,39,2,0,94.23,Medium
PO_007475,SUP_022,FAB_021,2430,13.91,33801.3,2025-03-16,2025-04-07,2025-04-08,22,23,1,0,96.93,Medium
PO_007476,SUP_021,FAB_007,2663,7.73,20584.99,2024-01-17,2024-02-21,2024-02-24,35,38,3,0,92.5,Medium
PO_007477,SUP_012,FAB_008,5682,13.43,76309.26,2025-09-10,2025-10-15,2025-10-15,35,35,0,1,95.77,Low
PO_007478,SUP_024,FAB_020,18401,8.15,149968.15,2024-07-02,2024-08-05,2024-08-13,34,42,8,0,92.16,High
PO_007479,SUP_023,FAB_007,2725,8.16,22236.0,2025-05-18,2025-06-09,2025-06-11,22,24,2,0,87.71,Medium
PO_007480,SUP_011,FAB_030,14846,15.43,229073.78,2025-05-09,2025-05-26,2025-06-05,17,27,10,0,100.0,High
PO_007481,SUP_013,FAB_025,14669,18.47,270936.43,2025-09-16,2025-10-17,2025-10-30,31,44,13,0,98.54,High
PO_007482,SUP_018,FAB_015,11141,13.28,147952.48,2025-03-23,2025-04-07,2025-04-07,15,15,0,1,100.0,Low
PO_007483,SUP_022,FAB_021,9569,13.91,133104.79,2024-09-15,2024-10-07,2024-10-12,22,27,5,0,93.98,Medium
PO_007484,SUP_004,FAB_022,16354,5.07,82914.78,2025-11-11,2025-12-01,2025-12-03,20,22,2,0,96.42,Medium
PO_007485,SUP_003,FAB_014,6695,19.82,132694.9,2025-08-28,2025-09-20,2025-09-20,23,23,0,1,91.41,Low
PO_007486,SUP_014,FAB_017,15091,11.32,170830.12,2024-01-25,2024-02-23,2024-02-28,29,34,5,0,92.11,Medium
PO_007487,SUP_008,FAB_005,13285,6.91,91799.35,2024-08-26,2024-10-02,2024-10-03,37,38,1,0,99.48,Medium
PO_007488,SUP_010,FAB_025,12667,19.23,243586.41,2025-01-28,2025-03-01,2025-03-14,32,45,13,0,92.72,High
PO_007489,SUP_008,FAB_005,14009,6.91,96802.19,2024-02-17,2024-03-25,2024-03-30,37,42,5,0,95.66,Medium
PO_007490,SUP_004,FAB_022,13956,5.07,70756.92,2025-10-28,2025-11-17,2025-11-17,20,20,0,1,91.51,Low
PO_007491,SUP_004,FAB_018,8930,12.22,109124.6,2024-02-19,2024-03-04,2024-03-06,14,16,2,0,88.62,Medium
PO_007492,SUP_016,FAB_025,9071,19.48,176703.08,2024-04-22,2024-05-08,2024-05-14,16,22,6,0,96.61,Medium
PO_007493,SUP_017,FAB_007,11962,6.62,79188.44,2024-08-08,2024-08-29,2024-09-03,21,26,5,0,92.27,Medium
PO_007494,SUP_003,FAB_006,14521,16.44,238725.24,2024-12-26,2025-01-22,2025-01-29,27,34,7,0,91.22,Medium
PO_007495,SUP_019,FAB_014,1326,19.06,25273.56,2024-10-29,2024-11-14,2024-11-17,16,19,3,0,93.11,Medium
PO_007496,SUP_018,FAB_017,1257,11.15,14015.55,2025-05-01,2025-05-31,2025-06-03,30,33,3,0,91.52,Medium
PO_007497,SUP_002,FAB_030,4030,15.39,62021.7,2025-01-09,2025-02-15,2025-02-16,37,38,1,0,100.0,Medium
PO_007498,SUP_003,FAB_014,10481,19.82,207733.42,2024-06-09,2024-07-02,2024-07-03,23,24,1,0,95.11,Medium
PO_007499,SUP_022,FAB_020,11197,10.02,112193.94,2024-03-06,2024-04-03,2024-04-03,28,28,0,1,93.38,Low
PO_007500,SUP_015,FAB_006,17080,15.2,259616.0,2025-09-06,2025-10-04,2025-10-09,28,33,5,0,97.45,Medium
PO_007501,SUP_014,FAB_019,14870,16.12,239704.4,2024-04-26,2024-05-31,2024-06-01,35,36,1,0,95.03,Medium
PO_007502,SUP_002,FAB_023,10050,7.36,73968.0,2025-09-06,2025-10-14,2025-10-16,38,40,2,0,92.72,Medium
PO_007503,SUP_009,FAB_012,14986,11.07,165895.02,2025-04-23,2025-05-22,2025-05-26,29,33,4,0,93.69,Medium
PO_007504,SUP_012,FAB_028,16242,16.72,271566.24,2025-08-27,2025-09-16,2025-09-16,20,20,0,1,92.62,Low
PO_007505,SUP_010,FAB_022,5045,5.48,27646.6,2025-08-29,2025-09-15,2025-09-19,17,21,4,0,90.58,Medium
PO_007506,SUP_025,FAB_020,12972,9.52,123493.44,2024-03-20,2024-04-25,2024-04-26,36,37,1,0,100.0,Medium
PO_007507,SUP_023,FAB_017,8341,9.24,77070.84,2024-04-01,2024-05-08,2024-05-11,37,40,3,0,92.33,Medium
PO_007508,SUP_016,FAB_014,8326,20.14,167685.64,2025-05-23,2025-06-19,2025-06-21,27,29,2,0,94.43,Medium
PO_007509,SUP_009,FAB_026,3218,14.0,45052.0,2024-02-22,2024-03-09,2024-03-09,16,16,0,1,96.75,Low
PO_007510,SUP_021,FAB_017,19110,10.83,206961.3,2024-05-02,2024-06-08,2024-06-10,37,39,2,0,93.53,Medium
PO_007511,SUP_022,FAB_011,2424,6.02,14592.48,2025-04-30,2025-05-14,2025-05-16,14,16,2,0,98.23,Medium
PO_007512,SUP_015,FAB_008,11121,13.31,148020.51,2025-01-21,2025-02-07,2025-02-12,17,22,5,0,95.56,Medium
PO_007513,SUP_025,FAB_025,5569,17.52,97568.88,2024-09-30,2024-10-25,2024-10-25,25,25,0,1,97.65,Low
PO_007514,SUP_023,FAB_028,6140,15.73,96582.2,2025-04-23,2025-05-17,2025-05-29,24,36,12,0,90.14,High
PO_007515,SUP_003,FAB_023,11855,7.68,91046.4,2024-02-07,2024-02-21,2024-02-29,14,22,8,0,99.37,High
PO_007516,SUP_006,FAB_015,5852,13.95,81635.4,2024-10-25,2024-11-11,2024-11-13,17,19,2,0,94.9,Medium
PO_007517,SUP_011,FAB_002,19948,14.61,291440.28,2025-07-03,2025-07-21,2025-07-24,18,21,3,0,97.06,Medium
PO_007518,SUP_022,FAB_025,16285,18.59,302738.15,2024-02-04,2024-02-24,2024-02-27,20,23,3,0,95.2,Medium
PO_007519,SUP_019,FAB_016,5442,5.34,29060.28,2024-01-03,2024-01-26,2024-02-03,23,31,8,0,95.68,High
PO_007520,SUP_014,FAB_017,17257,11.32,195349.24,2024-11-18,2024-12-17,2024-12-25,29,37,8,0,89.57,High
PO_007521,SUP_001,FAB_018,17840,11.04,196953.6,2025-10-02,2025-10-20,2025-10-21,18,19,1,0,96.98,Medium
PO_007522,SUP_003,FAB_028,4794,18.9,90606.6,2025-03-28,2025-04-12,2025-04-16,15,19,4,0,88.84,Medium
PO_007523,SUP_017,FAB_023,7650,7.59,58063.5,2024-09-30,2024-10-14,2024-10-19,14,19,5,0,94.6,Medium
PO_007524,SUP_015,FAB_008,14073,13.31,187311.63,2024-11-17,2024-12-04,2024-12-06,17,19,2,0,89.29,Medium
PO_007525,SUP_007,FAB_016,14784,4.91,72589.44,2024-11-15,2024-12-11,2024-12-17,26,32,6,0,92.12,Medium
PO_007526,SUP_017,FAB_018,3172,10.55,33464.6,2024-06-07,2024-07-09,2024-07-13,32,36,4,0,96.23,Medium
PO_007527,SUP_011,FAB_027,6321,11.21,70858.41,2024-04-02,2024-04-29,2024-05-01,27,29,2,0,96.59,Medium
PO_007528,SUP_013,FAB_021,13791,12.18,167974.38,2024-12-25,2025-01-26,2025-02-04,32,41,9,0,98.77,High
PO_007529,SUP_018,FAB_014,6948,19.73,137084.04,2024-08-27,2024-09-15,2024-09-15,19,19,0,1,94.31,Low
PO_007530,SUP_025,FAB_005,13972,6.69,93472.68,2024-07-25,2024-08-15,2024-08-17,21,23,2,0,100.0,Medium
PO_007531,SUP_003,FAB_023,2091,7.68,16058.88,2025-09-29,2025-10-13,2025-10-26,14,27,13,0,93.85,High
PO_007532,SUP_014,FAB_011,11466,6.09,69827.94,2025-05-18,2025-06-10,2025-06-10,23,23,0,1,96.67,Low
PO_007533,SUP_023,FAB_019,16932,15.67,265324.44,2024-12-03,2024-12-19,2024-12-20,16,17,1,0,90.63,Medium
PO_007534,SUP_005,FAB_014,8892,19.38,172326.96,2024-04-14,2024-05-16,2024-05-17,32,33,1,0,91.73,Medium
PO_007535,SUP_018,FAB_014,8518,19.73,168060.14,2025-06-15,2025-07-04,2025-07-04,19,19,0,1,91.85,Low
PO_007536,SUP_013,FAB_010,17632,5.1,89923.2,2025-04-27,2025-05-24,2025-06-04,27,38,11,0,98.02,High
PO_007537,SUP_003,FAB_018,1667,10.14,16903.38,2024-08-02,2024-08-28,2024-08-29,26,27,1,0,96.15,Medium
PO_007538,SUP_008,FAB_006,1934,16.71,32317.14,2024-11-20,2024-12-26,2024-12-30,36,40,4,0,95.22,Medium
PO_007539,SUP_002,FAB_022,7687,5.07,38973.09,2025-10-16,2025-11-09,2025-11-09,24,24,0,1,89.09,Low
PO_007540,SUP_008,FAB_025,7021,16.9,118654.9,2024-08-24,2024-09-24,2024-09-25,31,32,1,0,95.02,Medium
PO_007541,SUP_005,FAB_021,18782,11.74,220500.68,2025-08-14,2025-09-04,2025-09-09,21,26,5,0,92.99,Medium
PO_007542,SUP_022,FAB_005,4593,7.26,33345.18,2024-05-08,2024-05-31,2024-05-31,23,23,0,1,91.66,Low
PO_007543,SUP_009,FAB_012,3531,11.07,39088.17,2024-01-14,2024-02-12,2024-02-12,29,29,0,1,97.6,Low
PO_007544,SUP_003,FAB_018,10094,10.14,102353.16,2025-08-28,2025-09-23,2025-09-24,26,27,1,0,99.04,Medium
PO_007545,SUP_016,FAB_021,10670,13.4,142978.0,2024-01-12,2024-02-04,2024-02-11,23,30,7,0,88.49,Medium
PO_007546,SUP_001,FAB_001,8186,9.92,81205.12,2024-05-09,2024-05-24,2024-05-24,15,15,0,1,100.0,Low
PO_007547,SUP_006,FAB_001,9623,9.25,89012.75,2025-07-12,2025-08-16,2025-08-22,35,41,6,0,89.57,Medium
PO_007548,SUP_023,FAB_025,612,20.24,12386.88,2024-02-24,2024-03-11,2024-03-11,16,16,0,1,92.21,Low
PO_007549,SUP_002,FAB_022,11304,5.07,57311.28,2025-02-10,2025-03-06,2025-03-06,24,24,0,1,98.92,Low
PO_007550,SUP_009,FAB_001,6635,10.99,72918.65,2025-11-13,2025-12-16,2025-12-19,33,36,3,0,98.65,Medium
PO_007551,SUP_011,FAB_027,11848,11.21,132816.08,2025-02-20,2025-03-19,2025-03-22,27,30,3,0,91.41,Medium
PO_007552,SUP_020,FAB_027,3340,10.12,33800.8,2024-06-09,2024-06-30,2024-07-06,21,27,6,0,94.22,Medium
PO_007553,SUP_018,FAB_007,1241,7.44,9233.04,2025-09-26,2025-11-02,2025-11-03,37,38,1,0,93.19,Medium
PO_007554,SUP_016,FAB_029,15884,9.89,157092.76,2024-08-06,2024-08-24,2024-08-31,18,25,7,0,91.43,Medium
PO_007555,SUP_017,FAB_020,6777,8.11,54961.47,2024-06-27,2024-07-23,2024-07-25,26,28,2,0,91.19,Medium
PO_007556,SUP_011,FAB_019,2650,15.83,41949.5,2025-04-11,2025-04-27,2025-04-28,16,17,1,0,96.0,Medium
PO_007557,SUP_025,FAB_002,9382,14.8,138853.6,2024-01-29,2024-02-18,2024-02-21,20,23,3,0,94.87,Medium
PO_007558,SUP_014,FAB_003,13974,14.68,205138.32,2024-12-17,2025-01-23,2025-01-26,37,40,3,0,97.06,Medium
PO_007559,SUP_021,FAB_007,15018,7.73,116089.14,2024-12-16,2025-01-20,2025-01-30,35,45,10,0,98.35,High
PO_007560,SUP_010,FAB_018,14185,11.86,168234.1,2024-04-18,2024-05-05,2024-05-08,17,20,3,0,90.36,Medium
PO_007561,SUP_019,FAB_014,13715,19.06,261407.9,2025-05-21,2025-06-06,2025-06-12,16,22,6,0,93.82,Medium
PO_007562,SUP_016,FAB_009,7588,8.41,63815.08,2024-05-19,2024-06-26,2024-06-26,38,38,0,1,97.15,Low
PO_007563,SUP_010,FAB_015,6229,12.31,76678.99,2025-04-14,2025-05-19,2025-05-27,35,43,8,0,96.72,High
PO_007564,SUP_004,FAB_015,3695,13.72,50695.4,2024-11-29,2024-12-23,2025-01-01,24,33,9,0,94.05,High
PO_007565,SUP_002,FAB_013,10664,13.79,147056.56,2025-05-28,2025-06-14,2025-06-17,17,20,3,0,97.46,Medium
PO_007566,SUP_007,FAB_012,10588,10.96,116044.48,2024-04-27,2024-05-19,2024-05-21,22,24,2,0,91.36,Medium
PO_007567,SUP_003,FAB_018,2564,10.14,25998.96,2024-07-15,2024-08-10,2024-08-11,26,27,1,0,88.28,Medium
PO_007568,SUP_018,FAB_011,885,5.86,5186.1,2024-05-23,2024-06-20,2024-06-22,28,30,2,0,94.18,Medium
PO_007569,SUP_016,FAB_012,8061,13.37,107775.57,2024-09-08,2024-10-05,2024-10-12,27,34,7,0,87.05,Medium
PO_007570,SUP_018,FAB_019,5320,15.93,84747.6,2025-09-13,2025-10-13,2025-10-15,30,32,2,0,96.15,Medium
PO_007571,SUP_025,FAB_012,12541,13.62,170808.42,2025-08-05,2025-08-23,2025-08-25,18,20,2,0,87.32,Medium
PO_007572,SUP_021,FAB_003,5505,17.73,97603.65,2025-05-25,2025-06-14,2025-06-14,20,20,0,1,91.16,Low
PO_007573,SUP_017,FAB_013,18781,11.71,219925.51,2025-11-30,2026-01-06,2026-01-11,37,42,5,0,91.19,Medium
PO_007574,SUP_008,FAB_011,17378,5.27,91582.06,2024-04-27,2024-05-18,2024-05-23,21,26,5,0,100.0,Medium
PO_007575,SUP_008,FAB_025,3723,16.9,62918.7,2024-05-06,2024-06-06,2024-06-08,31,33,2,0,93.75,Medium
PO_007576,SUP_020,FAB_009,11732,9.98,117085.36,2024-11-16,2024-12-03,2024-12-22,17,36,19,0,96.51,High
PO_007577,SUP_010,FAB_005,3899,6.79,26474.21,2025-09-13,2025-10-02,2025-10-10,19,27,8,0,88.53,High
PO_007578,SUP_010,FAB_011,5361,6.57,35221.77,2024-12-19,2025-01-03,2025-01-11,15,23,8,0,93.45,High
PO_007579,SUP_015,FAB_002,2219,15.2,33728.8,2025-08-26,2025-10-04,2025-10-06,39,41,2,0,97.0,Medium
PO_007580,SUP_004,FAB_011,3639,6.56,23871.84,2025-05-16,2025-06-17,2025-06-26,32,41,9,0,94.92,High
PO_007581,SUP_021,FAB_005,4516,7.53,34005.48,2025-01-05,2025-02-02,2025-02-06,28,32,4,0,94.45,Medium
PO_007582,SUP_014,FAB_019,13946,16.12,224809.52,2025-03-28,2025-05-02,2025-05-07,35,40,5,0,88.33,Medium
PO_007583,SUP_022,FAB_020,19066,10.02,191041.32,2024-11-30,2024-12-28,2024-12-30,28,30,2,0,95.88,Medium
PO_007584,SUP_018,FAB_012,3613,13.73,49606.49,2025-04-02,2025-05-05,2025-05-11,33,39,6,0,95.64,Medium
PO_007585,SUP_011,FAB_019,8508,15.83,134681.64,2024-12-23,2025-01-08,2025-01-08,16,16,0,1,93.48,Low
PO_007586,SUP_015,FAB_002,6180,15.2,93936.0,2025-04-20,2025-05-29,2025-06-03,39,44,5,0,85.91,Medium
PO_007587,SUP_017,FAB_013,4971,11.71,58210.41,2025-01-12,2025-02-18,2025-02-25,37,44,7,0,94.47,Medium
PO_007588,SUP_002,FAB_003,15884,16.83,267327.72,2024-08-11,2024-09-02,2024-09-04,22,24,2,0,99.02,Medium
PO_007589,SUP_019,FAB_012,3909,12.38,48393.42,2024-02-01,2024-03-12,2024-03-13,40,41,1,0,91.48,Medium
PO_007590,SUP_011,FAB_020,2151,8.32,17896.32,2025-09-17,2025-10-26,2025-10-27,39,40,1,0,96.29,Medium
PO_007591,SUP_005,FAB_019,10975,16.25,178343.75,2024-11-29,2024-12-26,2024-12-26,27,27,0,1,97.77,Low
PO_007592,SUP_010,FAB_011,1725,6.57,11333.25,2024-08-03,2024-08-18,2024-08-18,15,15,0,1,94.0,Low
PO_007593,SUP_017,FAB_005,9914,6.39,63350.46,2025-09-17,2025-10-17,2025-10-22,30,35,5,0,94.49,Medium
PO_007594,SUP_020,FAB_004,1222,8.06,9849.32,2024-06-11,2024-07-04,2024-07-04,23,23,0,1,86.86,Low
PO_007595,SUP_025,FAB_020,16938,9.52,161249.76,2024-01-02,2024-02-07,2024-02-07,36,36,0,1,96.45,Low
PO_007596,SUP_024,FAB_015,10779,12.36,133228.44,2025-02-26,2025-03-25,2025-03-31,27,33,6,0,96.39,Medium
PO_007597,SUP_004,FAB_002,14962,12.42,185828.04,2024-07-25,2024-08-11,2024-08-23,17,29,12,0,92.89,High
PO_007598,SUP_004,FAB_002,14437,12.42,179307.54,2024-06-06,2024-06-23,2024-06-28,17,22,5,0,97.67,Medium
PO_007599,SUP_023,FAB_025,14576,20.24,295018.24,2024-04-11,2024-04-27,2024-04-28,16,17,1,0,90.39,Medium
PO_007600,SUP_004,FAB_011,16164,6.56,106035.84,2024-04-03,2024-05-05,2024-05-06,32,33,1,0,89.75,Medium
PO_007601,SUP_008,FAB_027,19336,12.68,245180.48,2024-07-15,2024-07-29,2024-07-30,14,15,1,0,94.35,Medium
PO_007602,SUP_006,FAB_010,2983,5.13,15302.79,2024-12-09,2025-01-04,2025-01-11,26,33,7,0,90.44,Medium
PO_007603,SUP_008,FAB_006,4234,16.71,70750.14,2025-03-09,2025-04-14,2025-04-16,36,38,2,0,94.88,Medium
PO_007604,SUP_025,FAB_008,13381,13.68,183052.08,2024-11-10,2024-12-14,2024-12-14,34,34,0,1,96.63,Low
PO_007605,SUP_023,FAB_024,1216,4.32,5253.12,2025-02-02,2025-03-05,2025-03-06,31,32,1,0,93.72,Medium
PO_007606,SUP_004,FAB_014,8879,19.52,173318.08,2024-03-29,2024-04-18,2024-04-23,20,25,5,0,94.73,Medium
PO_007607,SUP_012,FAB_027,6999,12.77,89377.23,2024-07-30,2024-09-03,2024-09-05,35,37,2,0,95.75,Medium
PO_007608,SUP_025,FAB_005,14139,6.69,94589.91,2025-04-27,2025-05-18,2025-05-20,21,23,2,0,98.16,Medium
PO_007609,SUP_010,FAB_011,15563,6.57,102248.91,2024-07-06,2024-07-21,2024-07-22,15,16,1,0,91.52,Medium
PO_007610,SUP_013,FAB_015,16403,13.25,217339.75,2024-10-18,2024-11-23,2024-11-27,36,40,4,0,91.74,Medium
PO_007611,SUP_021,FAB_007,7553,7.73,58384.69,2024-12-30,2025-02-03,2025-02-04,35,36,1,0,96.5,Medium
PO_007612,SUP_020,FAB_027,3038,10.12,30744.56,2024-03-28,2024-04-18,2024-04-19,21,22,1,0,92.52,Medium
PO_007613,SUP_013,FAB_021,8147,12.18,99230.46,2025-10-27,2025-11-28,2025-12-13,32,47,15,0,90.41,High
PO_007614,SUP_024,FAB_028,4581,18.15,83145.15,2025-08-04,2025-08-19,2025-08-26,15,22,7,0,91.11,Medium
PO_007615,SUP_004,FAB_018,1292,12.22,15788.24,2025-03-11,2025-03-25,2025-04-02,14,22,8,0,97.04,High
PO_007616,SUP_021,FAB_017,5564,10.83,60258.12,2024-10-08,2024-11-14,2024-11-22,37,45,8,0,97.01,High
PO_007617,SUP_006,FAB_001,10656,9.25,98568.0,2024-01-01,2024-02-05,2024-02-09,35,39,4,0,98.03,Medium
PO_007618,SUP_012,FAB_026,9552,11.82,112904.64,2024-08-30,2024-09-16,2024-09-21,17,22,5,0,94.73,Medium
PO_007619,SUP_016,FAB_022,15421,5.51,84969.71,2024-08-19,2024-09-25,2024-09-27,37,39,2,0,90.5,Medium
PO_007620,SUP_023,FAB_018,18163,12.17,221043.71,2024-04-07,2024-05-04,2024-05-05,27,28,1,0,92.34,Medium
PO_007621,SUP_018,FAB_024,16678,5.25,87559.5,2025-10-22,2025-11-07,2025-11-08,16,17,1,0,92.77,Medium
PO_007622,SUP_022,FAB_007,17329,8.25,142964.25,2024-09-06,2024-10-05,2024-10-06,29,30,1,0,96.55,Medium
PO_007623,SUP_025,FAB_016,15740,5.26,82792.4,2024-07-06,2024-07-21,2024-07-22,15,16,1,0,97.54,Medium
PO_007624,SUP_020,FAB_009,15046,9.98,150159.08,2025-10-08,2025-10-25,2025-11-02,17,25,8,0,95.27,High
PO_007625,SUP_018,FAB_007,2229,7.44,16583.76,2024-10-19,2024-11-25,2024-11-27,37,39,2,0,96.49,Medium
PO_007626,SUP_018,FAB_014,9690,19.73,191183.7,2025-05-20,2025-06-08,2025-06-12,19,23,4,0,100.0,Medium
PO_007627,SUP_016,FAB_025,5143,19.48,100185.64,2025-10-26,2025-11-11,2025-11-18,16,23,7,0,93.62,Medium
PO_007628,SUP_016,FAB_021,3595,13.4,48173.0,2024-01-29,2024-02-21,2024-02-22,23,24,1,0,90.86,Medium
PO_007629,SUP_023,FAB_020,3113,8.76,27269.88,2024-10-03,2024-11-06,2024-11-14,34,42,8,0,94.68,High
PO_007630,SUP_018,FAB_015,7310,13.28,97076.8,2025-07-26,2025-08-10,2025-08-10,15,15,0,1,98.01,Low
PO_007631,SUP_001,FAB_006,911,18.61,16953.71,2024-01-26,2024-03-06,2024-03-07,40,41,1,0,91.76,Medium
PO_007632,SUP_019,FAB_010,18702,4.57,85468.14,2025-08-19,2025-09-18,2025-09-23,30,35,5,0,92.13,Medium
PO_007633,SUP_003,FAB_025,1069,18.52,19797.88,2025-01-27,2025-03-01,2025-03-03,33,35,2,0,95.85,Medium
PO_007634,SUP_013,FAB_022,14008,5.44,76203.52,2024-01-01,2024-02-10,2024-02-12,40,42,2,0,94.26,Medium
PO_007635,SUP_023,FAB_022,14672,5.21,76441.12,2024-12-26,2025-01-25,2025-02-04,30,40,10,0,96.07,High
PO_007636,SUP_007,FAB_026,16633,14.05,233693.65,2025-11-29,2025-12-15,2025-12-20,16,21,5,0,100.0,Medium
PO_007637,SUP_001,FAB_006,981,18.61,18256.41,2025-06-22,2025-08-01,2025-08-01,40,40,0,1,98.53,Low
PO_007638,SUP_003,FAB_006,17740,16.44,291645.6,2024-09-17,2024-10-14,2024-10-17,27,30,3,0,93.68,Medium
PO_007639,SUP_019,FAB_024,4077,5.38,21934.26,2024-07-16,2024-07-30,2024-07-31,14,15,1,0,92.09,Medium
PO_007640,SUP_024,FAB_020,12866,8.15,104857.9,2024-04-10,2024-05-14,2024-05-17,34,37,3,0,94.03,Medium
PO_007641,SUP_016,FAB_014,2217,20.14,44650.38,2024-12-30,2025-01-26,2025-02-04,27,36,9,0,94.36,High
PO_007642,SUP_008,FAB_023,1452,6.73,9771.96,2024-05-26,2024-06-27,2024-07-01,32,36,4,0,92.17,Medium
PO_007643,SUP_009,FAB_001,17798,10.99,195600.02,2024-01-24,2024-02-26,2024-03-01,33,37,4,0,91.46,Medium
PO_007644,SUP_015,FAB_007,5380,8.43,45353.4,2024-09-29,2024-11-06,2024-11-07,38,39,1,0,89.76,Medium
PO_007645,SUP_023,FAB_020,1785,8.76,15636.6,2024-04-09,2024-05-13,2024-05-16,34,37,3,0,92.62,Medium
PO_007646,SUP_012,FAB_017,19590,9.86,193157.4,2024-12-15,2025-01-12,2025-01-14,28,30,2,0,92.87,Medium
PO_007647,SUP_017,FAB_020,4499,8.11,36486.89,2024-11-26,2024-12-22,2024-12-23,26,27,1,0,94.98,Medium
PO_007648,SUP_024,FAB_025,17372,19.85,344834.2,2025-09-25,2025-10-11,2025-10-13,16,18,2,0,92.25,Medium
PO_007649,SUP_003,FAB_022,4352,5.47,23805.44,2025-08-31,2025-10-01,2025-10-04,31,34,3,0,97.24,Medium
PO_007650,SUP_007,FAB_026,9615,14.05,135090.75,2025-02-27,2025-03-15,2025-03-16,16,17,1,0,99.32,Medium
PO_007651,SUP_018,FAB_008,15905,14.6,232213.0,2025-08-07,2025-08-23,2025-08-24,16,17,1,0,100.0,Medium
PO_007652,SUP_012,FAB_026,12838,11.82,151745.16,2024-11-22,2024-12-09,2024-12-09,17,17,0,1,96.8,Low
PO_007653,SUP_008,FAB_024,2527,4.27,10790.29,2025-02-23,2025-03-29,2025-04-03,34,39,5,0,90.69,Medium
PO_007654,SUP_021,FAB_015,7333,15.16,111168.28,2025-05-19,2025-06-10,2025-06-10,22,22,0,1,91.4,Low
PO_007655,SUP_004,FAB_002,18283,12.42,227074.86,2025-08-27,2025-09-13,2025-09-15,17,19,2,0,97.79,Medium
PO_007656,SUP_009,FAB_009,11860,10.06,119311.6,2024-06-11,2024-07-20,2024-07-28,39,47,8,0,94.45,High
PO_007657,SUP_022,FAB_030,11448,18.31,209612.88,2024-05-16,2024-06-11,2024-06-12,26,27,1,0,100.0,Medium
PO_007658,SUP_010,FAB_006,16308,16.62,271038.96,2025-01-31,2025-03-08,2025-03-14,36,42,6,0,97.15,Medium
PO_007659,SUP_015,FAB_009,16734,8.22,137553.48,2024-06-09,2024-07-15,2024-07-25,36,46,10,0,92.51,High
PO_007660,SUP_017,FAB_020,3058,8.11,24800.38,2024-01-20,2024-02-15,2024-02-20,26,31,5,0,93.97,Medium
PO_007661,SUP_017,FAB_029,13392,9.81,131375.52,2025-11-06,2025-12-10,2025-12-13,34,37,3,0,92.76,Medium
PO_007662,SUP_012,FAB_026,12784,11.82,151106.88,2024-10-11,2024-10-28,2024-10-31,17,20,3,0,100.0,Medium
PO_007663,SUP_003,FAB_023,8147,7.68,62568.96,2025-03-22,2025-04-05,2025-04-09,14,18,4,0,92.81,Medium
PO_007664,SUP_005,FAB_012,6203,13.26,82251.78,2024-10-16,2024-11-12,2024-11-12,27,27,0,1,95.66,Low
PO_007665,SUP_017,FAB_017,16008,11.31,181050.48,2024-07-25,2024-08-20,2024-08-28,26,34,8,0,90.15,High
PO_007666,SUP_006,FAB_007,9499,7.38,70102.62,2024-12-07,2024-12-27,2025-01-02,20,26,6,0,92.61,Medium
PO_007667,SUP_007,FAB_016,1423,4.91,6986.93,2024-09-25,2024-10-21,2024-10-23,26,28,2,0,90.93,Medium
PO_007668,SUP_010,FAB_021,4426,13.79,61034.54,2024-03-01,2024-04-10,2024-04-16,40,46,6,0,97.48,Medium
PO_007669,SUP_024,FAB_028,8183,18.15,148521.45,2024-06-29,2024-07-14,2024-07-24,15,25,10,0,97.11,High
PO_007670,SUP_007,FAB_019,19756,16.0,316096.0,2024-07-20,2024-08-29,2024-09-02,40,44,4,0,95.44,Medium
PO_007671,SUP_008,FAB_011,9180,5.27,48378.6,2024-05-22,2024-06-12,2024-06-13,21,22,1,0,97.58,Medium
PO_007672,SUP_003,FAB_018,7895,10.14,80055.3,2024-08-08,2024-09-03,2024-09-05,26,28,2,0,94.64,Medium
PO_007673,SUP_018,FAB_019,12591,15.93,200574.63,2025-01-05,2025-02-04,2025-02-06,30,32,2,0,96.98,Medium
PO_007674,SUP_011,FAB_027,3533,11.21,39604.93,2025-08-01,2025-08-28,2025-08-30,27,29,2,0,90.71,Medium
PO_007675,SUP_013,FAB_016,15167,5.34,80991.78,2025-03-17,2025-04-01,2025-04-02,15,16,1,0,88.15,Medium
PO_007676,SUP_017,FAB_015,18633,14.49,269992.17,2025-05-08,2025-05-30,2025-05-30,22,22,0,1,89.21,Low
PO_007677,SUP_008,FAB_002,8160,12.75,104040.0,2025-11-12,2025-12-01,2025-12-13,19,31,12,0,93.85,High
PO_007678,SUP_006,FAB_010,12577,5.13,64520.01,2024-02-14,2024-03-11,2024-03-14,26,29,3,0,95.03,Medium
PO_007679,SUP_008,FAB_027,8266,12.68,104812.88,2024-11-18,2024-12-02,2024-12-04,14,16,2,0,100.0,Medium
PO_007680,SUP_007,FAB_011,17232,5.74,98911.68,2024-03-25,2024-04-30,2024-04-30,36,36,0,1,89.03,Low
PO_007681,SUP_015,FAB_010,11058,5.34,59049.72,2025-01-03,2025-01-18,2025-01-22,15,19,4,0,98.6,Medium
PO_007682,SUP_006,FAB_015,6957,13.95,97050.15,2024-12-06,2024-12-23,2024-12-30,17,24,7,0,92.34,Medium
PO_007683,SUP_007,FAB_026,10478,14.05,147215.9,2025-10-27,2025-11-12,2025-11-20,16,24,8,0,98.39,High
PO_007684,SUP_008,FAB_006,11928,16.71,199316.88,2025-06-06,2025-07-12,2025-07-13,36,37,1,0,95.92,Medium
PO_007685,SUP_010,FAB_005,15096,6.79,102501.84,2025-03-25,2025-04-13,2025-04-18,19,24,5,0,90.88,Medium
PO_007686,SUP_018,FAB_019,3192,15.93,50848.56,2024-02-28,2024-03-29,2024-03-30,30,31,1,0,98.69,Medium
PO_007687,SUP_008,FAB_015,9715,13.41,130278.15,2024-10-28,2024-11-25,2024-11-26,28,29,1,0,94.36,Medium
PO_007688,SUP_012,FAB_005,15352,7.19,110380.88,2025-08-05,2025-08-22,2025-08-22,17,17,0,1,96.99,Low
PO_007689,SUP_015,FAB_002,18094,15.2,275028.8,2024-12-08,2025-01-16,2025-01-17,39,40,1,0,94.12,Medium
PO_007690,SUP_009,FAB_025,19011,19.05,362159.55,2025-10-22,2025-11-09,2025-11-13,18,22,4,0,86.0,Medium
PO_007691,SUP_005,FAB_017,5027,10.84,54492.68,2024-07-05,2024-08-06,2024-08-06,32,32,0,1,99.29,Low
PO_007692,SUP_008,FAB_025,11980,16.9,202462.0,2025-11-30,2025-12-31,2026-01-01,31,32,1,0,93.11,Medium
PO_007693,SUP_005,FAB_007,12732,7.27,92561.64,2025-01-05,2025-01-26,2025-01-26,21,21,0,1,93.27,Low
PO_007694,SUP_022,FAB_030,6922,18.31,126741.82,2024-05-09,2024-06-04,2024-06-06,26,28,2,0,93.5,Medium
PO_007695,SUP_003,FAB_014,18964,19.82,375866.48,2024-02-21,2024-03-15,2024-03-27,23,35,12,0,91.86,High
PO_007696,SUP_020,FAB_027,18316,10.12,185357.92,2025-08-06,2025-08-27,2025-08-29,21,23,2,0,87.7,Medium
PO_007697,SUP_002,FAB_013,12984,13.79,179049.36,2025-01-28,2025-02-14,2025-02-19,17,22,5,0,100.0,Medium
PO_007698,SUP_003,FAB_028,1518,18.9,28690.2,2024-05-06,2024-05-21,2024-05-27,15,21,6,0,95.25,Medium
PO_007699,SUP_004,FAB_015,5788,13.72,79411.36,2024-12-02,2024-12-26,2024-12-29,24,27,3,0,95.35,Medium
PO_007700,SUP_008,FAB_027,18836,12.68,238840.48,2024-03-13,2024-03-27,2024-03-30,14,17,3,0,92.67,Medium
PO_007701,SUP_002,FAB_005,14815,6.1,90371.5,2024-01-11,2024-02-09,2024-02-09,29,29,0,1,93.57,Low
PO_007702,SUP_005,FAB_016,11151,5.84,65121.84,2025-01-01,2025-01-29,2025-01-29,28,28,0,1,99.81,Low
PO_007703,SUP_015,FAB_008,9255,13.31,123184.05,2025-01-14,2025-01-31,2025-02-04,17,21,4,0,92.41,Medium
PO_007704,SUP_003,FAB_022,15697,5.47,85862.59,2024-10-04,2024-11-04,2024-11-07,31,34,3,0,93.46,Medium
PO_007705,SUP_015,FAB_021,13544,13.5,182844.0,2024-11-23,2024-12-17,2024-12-19,24,26,2,0,97.6,Medium
PO_007706,SUP_015,FAB_018,11596,12.21,141587.16,2025-06-30,2025-07-30,2025-08-12,30,43,13,0,97.19,High
PO_007707,SUP_019,FAB_012,18111,12.38,224214.18,2025-01-28,2025-03-09,2025-03-15,40,46,6,0,93.8,Medium
PO_007708,SUP_016,FAB_014,15362,20.14,309390.68,2025-08-17,2025-09-13,2025-09-23,27,37,10,0,94.44,High
PO_007709,SUP_025,FAB_024,15695,5.42,85066.9,2025-06-04,2025-06-24,2025-06-25,20,21,1,0,100.0,Medium
PO_007710,SUP_025,FAB_008,15711,13.68,214926.48,2025-08-28,2025-10-01,2025-10-03,34,36,2,0,90.32,Medium
PO_007711,SUP_004,FAB_014,12200,19.52,238144.0,2025-08-07,2025-08-27,2025-09-03,20,27,7,0,97.73,Medium
PO_007712,SUP_002,FAB_028,6816,16.61,113213.76,2024-10-01,2024-10-29,2024-11-01,28,31,3,0,96.31,Medium
PO_007713,SUP_004,FAB_011,19717,6.56,129343.52,2025-11-14,2025-12-16,2025-12-18,32,34,2,0,92.03,Medium
PO_007714,SUP_019,FAB_013,6327,12.25,77505.75,2024-02-15,2024-02-29,2024-03-01,14,15,1,0,85.92,Medium
PO_007715,SUP_018,FAB_011,15489,5.86,90765.54,2025-06-10,2025-07-08,2025-07-09,28,29,1,0,93.67,Medium
PO_007716,SUP_010,FAB_006,5174,16.62,85991.88,2024-09-25,2024-10-31,2024-11-13,36,49,13,0,91.06,High
PO_007717,SUP_022,FAB_030,2395,18.31,43852.45,2024-11-06,2024-12-02,2024-12-04,26,28,2,0,96.37,Medium
PO_007718,SUP_025,FAB_025,6701,17.52,117401.52,2024-10-22,2024-11-16,2024-11-19,25,28,3,0,95.12,Medium
PO_007719,SUP_009,FAB_025,19304,19.05,367741.2,2024-07-31,2024-08-18,2024-08-21,18,21,3,0,96.36,Medium
PO_007720,SUP_008,FAB_024,10970,4.27,46841.9,2024-02-10,2024-03-15,2024-03-17,34,36,2,0,94.58,Medium
PO_007721,SUP_010,FAB_016,6162,4.77,29392.74,2024-06-22,2024-07-12,2024-07-15,20,23,3,0,97.02,Medium
PO_007722,SUP_014,FAB_019,18147,16.12,292529.64,2024-01-12,2024-02-16,2024-02-17,35,36,1,0,95.85,Medium
PO_007723,SUP_010,FAB_022,19433,5.48,106492.84,2025-03-12,2025-03-29,2025-04-01,17,20,3,0,90.04,Medium
PO_007724,SUP_017,FAB_023,9042,7.59,68628.78,2024-04-05,2024-04-19,2024-04-20,14,15,1,0,98.11,Medium
PO_007725,SUP_012,FAB_028,17777,16.72,297231.44,2025-03-04,2025-03-24,2025-03-24,20,20,0,1,94.02,Low
PO_007726,SUP_019,FAB_010,8226,4.57,37592.82,2025-02-12,2025-03-14,2025-03-18,30,34,4,0,90.48,Medium
PO_007727,SUP_015,FAB_002,15251,15.2,231815.2,2024-07-27,2024-09-04,2024-09-04,39,39,0,1,93.95,Low
PO_007728,SUP_014,FAB_003,14857,14.68,218100.76,2025-03-26,2025-05-02,2025-05-13,37,48,11,0,87.53,High
PO_007729,SUP_014,FAB_001,19296,11.57,223254.72,2024-07-22,2024-08-19,2024-08-24,28,33,5,0,95.39,Medium
PO_007730,SUP_025,FAB_016,11967,5.26,62946.42,2024-10-23,2024-11-07,2024-11-07,15,15,0,1,92.45,Low
PO_007731,SUP_019,FAB_015,18337,14.82,271754.34,2025-08-17,2025-09-14,2025-09-21,28,35,7,0,94.61,Medium
PO_007732,SUP_006,FAB_008,8658,16.35,141558.3,2024-01-18,2024-02-26,2024-03-05,39,47,8,0,92.03,High
PO_007733,SUP_007,FAB_016,16521,4.91,81118.11,2024-01-20,2024-02-15,2024-02-22,26,33,7,0,92.59,Medium
PO_007734,SUP_018,FAB_015,799,13.28,10610.72,2025-10-09,2025-10-24,2025-10-27,15,18,3,0,88.77,Medium
PO_007735,SUP_016,FAB_025,523,19.48,10188.04,2024-11-07,2024-11-23,2024-11-24,16,17,1,0,93.47,Medium
PO_007736,SUP_006,FAB_018,4312,11.78,50795.36,2024-06-25,2024-08-01,2024-08-04,37,40,3,0,88.35,Medium
PO_007737,SUP_011,FAB_030,9225,15.43,142341.75,2024-04-25,2024-05-12,2024-05-12,17,17,0,1,98.72,Low
PO_007738,SUP_014,FAB_014,5559,17.09,95003.31,2025-10-15,2025-11-13,2025-11-26,29,42,13,0,93.37,High
PO_007739,SUP_015,FAB_009,17669,8.22,145239.18,2024-02-18,2024-03-25,2024-03-30,36,41,5,0,90.51,Medium
PO_007740,SUP_019,FAB_014,9375,19.06,178687.5,2025-07-25,2025-08-10,2025-08-17,16,23,7,0,91.84,Medium
PO_007741,SUP_007,FAB_019,19835,16.0,317360.0,2024-12-03,2025-01-12,2025-01-13,40,41,1,0,95.02,Medium
PO_007742,SUP_024,FAB_025,15848,19.85,314582.8,2025-06-19,2025-07-05,2025-07-06,16,17,1,0,94.45,Medium
PO_007743,SUP_017,FAB_013,8567,11.71,100319.57,2024-05-05,2024-06-11,2024-06-16,37,42,5,0,86.55,Medium
PO_007744,SUP_013,FAB_020,13418,8.4,112711.2,2025-08-29,2025-10-05,2025-10-15,37,47,10,0,92.68,High
PO_007745,SUP_019,FAB_003,15606,16.33,254845.98,2025-08-09,2025-09-06,2025-09-14,28,36,8,0,88.46,High
PO_007746,SUP_004,FAB_019,4942,15.3,75612.6,2024-06-21,2024-07-17,2024-07-19,26,28,2,0,91.87,Medium
PO_007747,SUP_002,FAB_027,8590,11.4,97926.0,2024-01-06,2024-02-06,2024-02-08,31,33,2,0,98.48,Medium
PO_007748,SUP_008,FAB_001,16834,9.4,158239.6,2024-12-11,2024-12-30,2024-12-30,19,19,0,1,93.36,Low
PO_007749,SUP_007,FAB_019,5517,16.0,88272.0,2025-03-22,2025-05-01,2025-05-02,40,41,1,0,96.3,Medium
PO_007750,SUP_020,FAB_018,11663,10.58,123394.54,2025-06-03,2025-06-27,2025-06-29,24,26,2,0,89.55,Medium
PO_007751,SUP_002,FAB_027,4921,11.4,56099.4,2024-05-16,2024-06-16,2024-06-17,31,32,1,0,98.29,Medium
PO_007752,SUP_009,FAB_009,17550,10.06,176553.0,2024-02-15,2024-03-25,2024-03-31,39,45,6,0,96.45,Medium
PO_007753,SUP_002,FAB_004,14467,7.87,113855.29,2024-10-18,2024-11-16,2024-11-19,29,32,3,0,98.18,Medium
PO_007754,SUP_021,FAB_015,5755,15.16,87245.8,2024-01-23,2024-02-14,2024-02-18,22,26,4,0,89.53,Medium
PO_007755,SUP_022,FAB_030,10684,18.31,195624.04,2024-07-15,2024-08-10,2024-08-12,26,28,2,0,88.76,Medium
PO_007756,SUP_010,FAB_015,8673,12.31,106764.63,2025-03-20,2025-04-24,2025-05-04,35,45,10,0,95.22,High
PO_007757,SUP_021,FAB_010,5432,4.79,26019.28,2024-05-23,2024-07-01,2024-07-02,39,40,1,0,91.78,Medium
PO_007758,SUP_023,FAB_019,3846,15.67,60266.82,2024-10-10,2024-10-26,2024-11-02,16,23,7,0,96.99,Medium
PO_007759,SUP_009,FAB_020,9919,8.32,82526.08,2024-02-08,2024-02-23,2024-02-28,15,20,5,0,94.52,Medium
PO_007760,SUP_011,FAB_015,14695,13.68,201027.6,2025-08-28,2025-09-26,2025-09-26,29,29,0,1,100.0,Low
PO_007761,SUP_021,FAB_010,18509,4.79,88658.11,2025-06-12,2025-07-21,2025-07-22,39,40,1,0,94.37,Medium
PO_007762,SUP_015,FAB_024,7869,5.13,40367.97,2024-12-20,2025-01-07,2025-01-11,18,22,4,0,98.1,Medium
PO_007763,SUP_011,FAB_021,4607,13.4,61733.8,2024-01-10,2024-02-18,2024-02-22,39,43,4,0,95.37,Medium
PO_007764,SUP_002,FAB_004,1285,7.87,10112.95,2025-04-18,2025-05-17,2025-05-21,29,33,4,0,97.45,Medium
PO_007765,SUP_024,FAB_025,18373,19.85,364704.05,2025-01-23,2025-02-08,2025-02-15,16,23,7,0,93.1,Medium
PO_007766,SUP_018,FAB_012,17450,13.73,239588.5,2025-05-09,2025-06-11,2025-06-16,33,38,5,0,93.21,Medium
PO_007767,SUP_012,FAB_023,6388,7.53,48101.64,2024-02-07,2024-03-03,2024-03-07,25,29,4,0,98.83,Medium
PO_007768,SUP_014,FAB_019,7901,16.12,127364.12,2024-06-20,2024-07-25,2024-07-26,35,36,1,0,100.0,Medium
PO_007769,SUP_021,FAB_003,3621,17.73,64200.33,2024-10-14,2024-11-03,2024-11-03,20,20,0,1,92.79,Low
PO_007770,SUP_013,FAB_016,8680,5.34,46351.2,2025-11-19,2025-12-04,2025-12-08,15,19,4,0,97.33,Medium
PO_007771,SUP_023,FAB_019,12312,15.67,192929.04,2025-10-06,2025-10-22,2025-10-24,16,18,2,0,91.52,Medium
PO_007772,SUP_007,FAB_028,11442,17.07,195314.94,2024-12-17,2025-01-07,2025-01-10,21,24,3,0,95.56,Medium
PO_007773,SUP_004,FAB_018,3014,12.22,36831.08,2025-09-20,2025-10-04,2025-10-09,14,19,5,0,97.13,Medium
PO_007774,SUP_024,FAB_028,18909,18.15,343198.35,2024-05-18,2024-06-02,2024-06-11,15,24,9,0,93.82,High
PO_007775,SUP_016,FAB_029,4669,9.89,46176.41,2024-03-05,2024-03-23,2024-03-27,18,22,4,0,99.62,Medium
PO_007776,SUP_025,FAB_006,14389,16.41,236123.49,2025-05-26,2025-06-12,2025-06-13,17,18,1,0,96.46,Medium
PO_007777,SUP_023,FAB_016,6341,5.8,36777.8,2025-02-19,2025-03-21,2025-03-27,30,36,6,0,87.0,Medium
PO_007778,SUP_015,FAB_006,6868,15.2,104393.6,2025-11-12,2025-12-10,2025-12-11,28,29,1,0,96.4,Medium
PO_007779,SUP_010,FAB_015,5434,12.31,66892.54,2024-11-24,2024-12-29,2025-01-01,35,38,3,0,100.0,Medium
PO_007780,SUP_002,FAB_028,2380,16.61,39531.8,2024-07-11,2024-08-08,2024-08-08,28,28,0,1,96.29,Low
PO_007781,SUP_014,FAB_014,6099,17.09,104231.91,2024-11-16,2024-12-15,2024-12-19,29,33,4,0,88.67,Medium
PO_007782,SUP_005,FAB_016,1329,5.84,7761.36,2025-05-11,2025-06-08,2025-06-11,28,31,3,0,90.26,Medium
PO_007783,SUP_023,FAB_025,6365,20.24,128827.6,2025-05-14,2025-05-30,2025-06-01,16,18,2,0,99.08,Medium
PO_007784,SUP_017,FAB_013,2925,11.71,34251.75,2025-06-23,2025-07-30,2025-08-01,37,39,2,0,98.62,Medium
PO_007785,SUP_021,FAB_021,1629,13.21,21519.09,2025-08-26,2025-09-11,2025-09-13,16,18,2,0,98.58,Medium
PO_007786,SUP_017,FAB_015,17803,14.49,257965.47,2024-09-19,2024-10-11,2024-10-17,22,28,6,0,92.97,Medium
PO_007787,SUP_006,FAB_010,14242,5.13,73061.46,2025-10-27,2025-11-22,2025-12-03,26,37,11,0,85.8,High
PO_007788,SUP_017,FAB_029,19753,9.81,193776.93,2025-05-18,2025-06-21,2025-06-25,34,38,4,0,89.07,Medium
PO_007789,SUP_002,FAB_019,7148,17.14,122516.72,2025-09-22,2025-10-12,2025-10-17,20,25,5,0,98.06,Medium
PO_007790,SUP_024,FAB_015,18102,12.36,223740.72,2024-05-29,2024-06-25,2024-06-29,27,31,4,0,90.01,Medium
PO_007791,SUP_007,FAB_023,17905,6.79,121574.95,2024-02-14,2024-03-13,2024-03-18,28,33,5,0,91.17,Medium
PO_007792,SUP_004,FAB_019,5956,15.3,91126.8,2024-12-02,2024-12-28,2025-01-04,26,33,7,0,96.31,Medium
PO_007793,SUP_018,FAB_011,14070,5.86,82450.2,2024-05-17,2024-06-14,2024-06-15,28,29,1,0,96.8,Medium
PO_007794,SUP_009,FAB_010,13598,5.01,68125.98,2024-05-09,2024-06-02,2024-06-03,24,25,1,0,96.63,Medium
PO_007795,SUP_015,FAB_002,7962,15.2,121022.4,2025-03-29,2025-05-07,2025-05-10,39,42,3,0,94.16,Medium
PO_007796,SUP_020,FAB_006,13507,15.75,212735.25,2024-06-09,2024-06-24,2024-06-30,15,21,6,0,89.95,Medium
PO_007797,SUP_022,FAB_005,19386,7.26,140742.36,2025-11-22,2025-12-15,2025-12-15,23,23,0,1,97.19,Low
PO_007798,SUP_015,FAB_008,12835,13.31,170833.85,2024-11-26,2024-12-13,2024-12-14,17,18,1,0,94.61,Medium
PO_007799,SUP_003,FAB_025,10878,18.52,201460.56,2025-06-20,2025-07-23,2025-07-24,33,34,1,0,93.04,Medium
PO_007800,SUP_005,FAB_017,3212,10.84,34818.08,2025-05-24,2025-06-25,2025-06-25,32,32,0,1,95.63,Low
PO_007801,SUP_022,FAB_005,9966,7.26,72353.16,2024-06-06,2024-06-29,2024-07-03,23,27,4,0,96.82,Medium
PO_007802,SUP_024,FAB_015,9453,12.36,116839.08,2024-09-23,2024-10-20,2024-10-25,27,32,5,0,94.92,Medium
PO_007803,SUP_008,FAB_027,4306,12.68,54600.08,2025-02-15,2025-03-01,2025-03-05,14,18,4,0,90.57,Medium
PO_007804,SUP_012,FAB_008,12488,13.43,167713.84,2025-06-01,2025-07-06,2025-07-07,35,36,1,0,96.67,Medium
PO_007805,SUP_008,FAB_028,13040,16.49,215029.6,2024-09-09,2024-10-05,2024-10-10,26,31,5,0,96.95,Medium
PO_007806,SUP_002,FAB_022,10535,5.07,53412.45,2024-10-05,2024-10-29,2024-10-31,24,26,2,0,100.0,Medium
PO_007807,SUP_016,FAB_009,16562,8.41,139286.42,2025-07-07,2025-08-14,2025-08-15,38,39,1,0,95.59,Medium
PO_007808,SUP_002,FAB_006,8619,14.77,127302.63,2024-07-03,2024-07-30,2024-07-31,27,28,1,0,97.09,Medium
PO_007809,SUP_014,FAB_009,13759,8.16,112273.44,2025-11-18,2025-12-07,2025-12-17,19,29,10,0,92.0,High
PO_007810,SUP_006,FAB_026,6072,12.79,77660.88,2024-09-22,2024-10-08,2024-10-08,16,16,0,1,90.87,Low
PO_007811,SUP_005,FAB_012,2580,13.26,34210.8,2024-11-08,2024-12-05,2024-12-06,27,28,1,0,100.0,Medium
PO_007812,SUP_021,FAB_021,8771,13.21,115864.91,2024-07-15,2024-07-31,2024-08-02,16,18,2,0,97.71,Medium
PO_007813,SUP_008,FAB_025,2446,16.9,41337.4,2024-03-19,2024-04-19,2024-04-23,31,35,4,0,92.41,Medium
PO_007814,SUP_018,FAB_019,10562,15.93,168252.66,2024-07-15,2024-08-14,2024-08-14,30,30,0,1,92.29,Low
PO_007815,SUP_015,FAB_012,18675,12.48,233064.0,2025-05-21,2025-06-24,2025-07-03,34,43,9,0,93.36,High
PO_007816,SUP_010,FAB_024,14188,4.93,69946.84,2024-08-15,2024-09-13,2024-09-26,29,42,13,0,90.1,High
PO_007817,SUP_012,FAB_030,13598,15.33,208457.34,2024-11-07,2024-12-04,2024-12-07,27,30,3,0,90.7,Medium
PO_007818,SUP_021,FAB_019,15548,17.9,278309.2,2025-03-07,2025-04-04,2025-04-08,28,32,4,0,100.0,Medium
PO_007819,SUP_024,FAB_021,10594,11.96,126704.24,2024-09-03,2024-09-20,2024-09-27,17,24,7,0,92.52,Medium
PO_007820,SUP_008,FAB_006,19328,16.71,322970.88,2024-01-14,2024-02-19,2024-02-24,36,41,5,0,93.16,Medium
PO_007821,SUP_022,FAB_023,11341,7.57,85851.37,2025-05-18,2025-06-09,2025-06-12,22,25,3,0,92.34,Medium
PO_007822,SUP_014,FAB_014,10737,17.09,183495.33,2025-10-04,2025-11-02,2025-11-04,29,31,2,0,94.04,Medium
PO_007823,SUP_011,FAB_022,9709,5.56,53982.04,2024-12-19,2025-01-21,2025-01-21,33,33,0,1,100.0,Low
PO_007824,SUP_009,FAB_001,18954,10.99,208304.46,2025-10-13,2025-11-15,2025-11-17,33,35,2,0,99.86,Medium
PO_007825,SUP_019,FAB_013,6346,12.25,77738.5,2024-07-14,2024-07-28,2024-07-30,14,16,2,0,96.87,Medium
PO_007826,SUP_023,FAB_016,7521,5.8,43621.8,2024-08-20,2024-09-19,2024-10-03,30,44,14,0,87.32,High
PO_007827,SUP_016,FAB_014,14774,20.14,297548.36,2024-09-14,2024-10-11,2024-10-19,27,35,8,0,98.38,High
PO_007828,SUP_010,FAB_025,3176,19.23,61074.48,2025-08-28,2025-09-29,2025-10-01,32,34,2,0,93.85,Medium
PO_007829,SUP_010,FAB_021,1738,13.79,23967.02,2025-09-13,2025-10-23,2025-10-24,40,41,1,0,93.36,Medium
PO_007830,SUP_004,FAB_014,7326,19.52,143003.52,2025-04-12,2025-05-02,2025-05-06,20,24,4,0,85.84,Medium
PO_007831,SUP_004,FAB_022,617,5.07,3128.19,2024-09-10,2024-09-30,2024-10-02,20,22,2,0,98.55,Medium
PO_007832,SUP_001,FAB_007,650,8.25,5362.5,2024-12-19,2025-01-23,2025-01-23,35,35,0,1,95.64,Low
PO_007833,SUP_007,FAB_026,818,14.05,11492.9,2024-03-26,2024-04-11,2024-04-20,16,25,9,0,91.5,High
PO_007834,SUP_003,FAB_018,1815,10.14,18404.1,2025-02-05,2025-03-03,2025-03-04,26,27,1,0,92.14,Medium
PO_007835,SUP_002,FAB_005,2872,6.1,17519.2,2024-04-10,2024-05-09,2024-05-13,29,33,4,0,98.94,Medium
PO_007836,SUP_009,FAB_009,6282,10.06,63196.92,2025-07-02,2025-08-10,2025-08-11,39,40,1,0,90.89,Medium
PO_007837,SUP_005,FAB_007,11431,7.27,83103.37,2024-04-06,2024-04-27,2024-04-27,21,21,0,1,99.58,Low
PO_007838,SUP_024,FAB_015,12847,12.36,158788.92,2025-08-08,2025-09-04,2025-09-13,27,36,9,0,98.46,High
PO_007839,SUP_021,FAB_017,15539,10.83,168287.37,2025-06-17,2025-07-24,2025-07-24,37,37,0,1,92.68,Low
PO_007840,SUP_017,FAB_013,3671,11.71,42987.41,2025-03-19,2025-04-25,2025-04-29,37,41,4,0,89.38,Medium
PO_007841,SUP_017,FAB_018,17155,10.55,180985.25,2025-02-27,2025-03-31,2025-04-09,32,41,9,0,89.67,High
PO_007842,SUP_012,FAB_005,9727,7.19,69937.13,2025-04-22,2025-05-09,2025-05-12,17,20,3,0,97.57,Medium
PO_007843,SUP_001,FAB_007,4858,8.25,40078.5,2024-02-17,2024-03-23,2024-03-23,35,35,0,1,96.03,Low
PO_007844,SUP_019,FAB_015,18368,14.82,272213.76,2024-03-19,2024-04-16,2024-04-20,28,32,4,0,93.44,Medium
PO_007845,SUP_012,FAB_016,15524,5.69,88331.56,2024-05-09,2024-05-25,2024-05-26,16,17,1,0,100.0,Medium
PO_007846,SUP_014,FAB_019,4948,16.12,79761.76,2024-06-20,2024-07-25,2024-07-29,35,39,4,0,94.6,Medium
PO_007847,SUP_012,FAB_017,7257,9.86,71554.02,2024-04-04,2024-05-02,2024-05-02,28,28,0,1,94.21,Low
PO_007848,SUP_003,FAB_018,12509,10.14,126841.26,2025-01-22,2025-02-17,2025-02-21,26,30,4,0,94.72,Medium
PO_007849,SUP_002,FAB_005,17458,6.1,106493.8,2025-04-28,2025-05-27,2025-05-29,29,31,2,0,99.15,Medium
PO_007850,SUP_011,FAB_021,10428,13.4,139735.2,2024-05-09,2024-06-17,2024-06-18,39,40,1,0,92.36,Medium
PO_007851,SUP_009,FAB_001,7118,10.99,78226.82,2024-05-21,2024-06-23,2024-06-24,33,34,1,0,98.76,Medium
PO_007852,SUP_017,FAB_017,18315,11.31,207142.65,2024-04-27,2024-05-23,2024-05-27,26,30,4,0,92.35,Medium
PO_007853,SUP_020,FAB_005,4824,6.02,29040.48,2025-06-19,2025-07-20,2025-07-25,31,36,5,0,89.73,Medium
PO_007854,SUP_017,FAB_029,6701,9.81,65736.81,2024-04-16,2024-05-20,2024-05-21,34,35,1,0,89.51,Medium
PO_007855,SUP_006,FAB_001,16980,9.25,157065.0,2024-09-27,2024-11-01,2024-11-06,35,40,5,0,89.01,Medium
PO_007856,SUP_019,FAB_013,10208,12.25,125048.0,2024-11-18,2024-12-02,2024-12-06,14,18,4,0,92.67,Medium
PO_007857,SUP_015,FAB_007,12982,8.43,109438.26,2025-08-03,2025-09-10,2025-09-16,38,44,6,0,88.67,Medium
PO_007858,SUP_013,FAB_021,9731,12.18,118523.58,2024-05-26,2024-06-27,2024-06-29,32,34,2,0,89.97,Medium
PO_007859,SUP_008,FAB_005,12527,6.91,86561.57,2025-06-01,2025-07-08,2025-07-14,37,43,6,0,91.67,Medium
PO_007860,SUP_025,FAB_014,6457,17.33,111899.81,2024-05-08,2024-05-22,2024-05-23,14,15,1,0,92.87,Medium
PO_007861,SUP_022,FAB_020,12908,10.02,129338.16,2024-11-12,2024-12-10,2024-12-11,28,29,1,0,93.3,Medium
PO_007862,SUP_002,FAB_003,15819,16.83,266233.77,2025-12-01,2025-12-23,2025-12-24,22,23,1,0,95.13,Medium
PO_007863,SUP_006,FAB_018,2942,11.78,34656.76,2024-01-03,2024-02-09,2024-02-17,37,45,8,0,89.4,High
PO_007864,SUP_015,FAB_008,15130,13.31,201380.3,2024-03-24,2024-04-10,2024-04-10,17,17,0,1,92.32,Low
PO_007865,SUP_018,FAB_004,10270,7.39,75895.3,2024-06-30,2024-07-30,2024-08-08,30,39,9,0,95.46,High
PO_007866,SUP_020,FAB_018,4297,10.58,45462.26,2025-04-23,2025-05-17,2025-05-19,24,26,2,0,88.59,Medium
PO_007867,SUP_003,FAB_028,4384,18.9,82857.6,2025-06-09,2025-06-24,2025-07-01,15,22,7,0,89.7,Medium
PO_007868,SUP_006,FAB_007,3933,7.38,29025.54,2025-01-06,2025-01-26,2025-01-26,20,20,0,1,92.62,Low
PO_007869,SUP_015,FAB_018,5413,12.21,66092.73,2024-03-04,2024-04-03,2024-04-03,30,30,0,1,92.13,Low
PO_007870,SUP_017,FAB_021,9751,13.27,129395.77,2024-03-16,2024-04-13,2024-04-17,28,32,4,0,92.93,Medium
PO_007871,SUP_024,FAB_025,18661,19.85,370420.85,2024-03-10,2024-03-26,2024-03-27,16,17,1,0,92.62,Medium
PO_007872,SUP_002,FAB_003,17320,16.83,291495.6,2024-09-15,2024-10-07,2024-10-08,22,23,1,0,100.0,Medium
PO_007873,SUP_012,FAB_016,15417,5.69,87722.73,2025-07-22,2025-08-07,2025-08-08,16,17,1,0,97.91,Medium
PO_007874,SUP_008,FAB_001,14440,9.4,135736.0,2024-05-25,2024-06-13,2024-06-15,19,21,2,0,92.65,Medium
PO_007875,SUP_007,FAB_019,4032,16.0,64512.0,2025-06-05,2025-07-15,2025-07-21,40,46,6,0,95.8,Medium
PO_007876,SUP_019,FAB_010,1496,4.57,6836.72,2024-07-31,2024-08-30,2024-09-07,30,38,8,0,94.12,High
PO_007877,SUP_013,FAB_026,12215,11.83,144503.45,2024-07-23,2024-08-24,2024-08-31,32,39,7,0,89.52,Medium
PO_007878,SUP_016,FAB_023,2148,6.9,14821.2,2025-02-24,2025-03-24,2025-03-26,28,30,2,0,96.4,Medium
PO_007879,SUP_021,FAB_019,18310,17.9,327749.0,2024-06-28,2024-07-26,2024-08-10,28,43,15,0,92.47,High
PO_007880,SUP_018,FAB_007,12561,7.44,93453.84,2025-05-06,2025-06-12,2025-06-16,37,41,4,0,95.06,Medium
PO_007881,SUP_022,FAB_007,11662,8.25,96211.5,2024-08-19,2024-09-17,2024-09-17,29,29,0,1,98.58,Low
PO_007882,SUP_002,FAB_003,7406,16.83,124642.98,2025-03-22,2025-04-13,2025-04-16,22,25,3,0,96.01,Medium
PO_007883,SUP_017,FAB_005,11728,6.39,74941.92,2025-07-13,2025-08-12,2025-08-14,30,32,2,0,88.8,Medium
PO_007884,SUP_018,FAB_007,17951,7.44,133555.44,2025-08-04,2025-09-10,2025-09-10,37,37,0,1,91.41,Low
PO_007885,SUP_022,FAB_011,12920,6.02,77778.4,2025-11-06,2025-11-20,2025-11-22,14,16,2,0,93.91,Medium
PO_007886,SUP_019,FAB_016,14031,5.34,74925.54,2024-06-04,2024-06-27,2024-07-01,23,27,4,0,89.49,Medium
PO_007887,SUP_020,FAB_018,4154,10.58,43949.32,2025-08-31,2025-09-24,2025-09-26,24,26,2,0,86.02,Medium
PO_007888,SUP_011,FAB_021,1505,13.4,20167.0,2024-03-30,2024-05-08,2024-05-09,39,40,1,0,95.55,Medium
PO_007889,SUP_025,FAB_002,4579,14.8,67769.2,2024-09-17,2024-10-07,2024-10-08,20,21,1,0,93.05,Medium
PO_007890,SUP_007,FAB_004,5774,8.1,46769.4,2025-05-11,2025-05-27,2025-05-28,16,17,1,0,90.04,Medium
PO_007891,SUP_003,FAB_006,10110,16.44,166208.4,2025-04-26,2025-05-23,2025-05-26,27,30,3,0,93.21,Medium
PO_007892,SUP_005,FAB_016,14826,5.84,86583.84,2024-08-25,2024-09-22,2024-09-24,28,30,2,0,96.64,Medium
PO_007893,SUP_007,FAB_016,16466,4.91,80848.06,2025-02-09,2025-03-07,2025-03-20,26,39,13,0,95.07,High
PO_007894,SUP_023,FAB_017,605,9.24,5590.2,2025-11-04,2025-12-11,2025-12-12,37,38,1,0,88.71,Medium
PO_007895,SUP_019,FAB_002,6310,15.11,95344.1,2024-10-19,2024-11-19,2024-11-19,31,31,0,1,95.23,Low
PO_007896,SUP_014,FAB_003,19146,14.68,281063.28,2024-08-05,2024-09-11,2024-09-15,37,41,4,0,89.71,Medium
PO_007897,SUP_008,FAB_001,4814,9.4,45251.6,2025-07-06,2025-07-25,2025-07-26,19,20,1,0,99.46,Medium
PO_007898,SUP_024,FAB_015,5344,12.36,66051.84,2025-06-15,2025-07-12,2025-07-14,27,29,2,0,92.02,Medium
PO_007899,SUP_011,FAB_021,2423,13.4,32468.2,2025-07-11,2025-08-19,2025-08-20,39,40,1,0,94.81,Medium
PO_007900,SUP_008,FAB_027,11635,12.68,147531.8,2025-05-15,2025-05-29,2025-05-30,14,15,1,0,94.43,Medium
PO_007901,SUP_020,FAB_009,8769,9.98,87514.62,2024-10-12,2024-10-29,2024-11-07,17,26,9,0,93.16,High
PO_007902,SUP_019,FAB_013,7269,12.25,89045.25,2024-02-04,2024-02-18,2024-02-27,14,23,9,0,97.6,High
PO_007903,SUP_025,FAB_002,9847,14.8,145735.6,2025-08-11,2025-08-31,2025-08-31,20,20,0,1,93.71,Low
PO_007904,SUP_018,FAB_012,3386,13.73,46489.78,2025-01-03,2025-02-05,2025-02-05,33,33,0,1,94.05,Low
PO_007905,SUP_011,FAB_022,12920,5.56,71835.2,2024-03-02,2024-04-04,2024-04-06,33,35,2,0,98.13,Medium
PO_007906,SUP_010,FAB_016,17305,4.77,82544.85,2025-03-27,2025-04-16,2025-04-25,20,29,9,0,86.94,High
PO_007907,SUP_021,FAB_010,6286,4.79,30109.94,2024-12-06,2025-01-14,2025-01-14,39,39,0,1,94.46,Low
PO_007908,SUP_019,FAB_013,16399,12.25,200887.75,2025-01-13,2025-01-27,2025-01-28,14,15,1,0,91.26,Medium
PO_007909,SUP_018,FAB_011,12265,5.86,71872.9,2024-01-30,2024-02-27,2024-02-28,28,29,1,0,97.5,Medium
PO_007910,SUP_018,FAB_008,9149,14.6,133575.4,2024-09-15,2024-10-01,2024-10-02,16,17,1,0,96.65,Medium
PO_007911,SUP_021,FAB_003,3234,17.73,57338.82,2025-10-22,2025-11-11,2025-11-15,20,24,4,0,91.19,Medium
PO_007912,SUP_006,FAB_001,1833,9.25,16955.25,2024-09-30,2024-11-04,2024-11-06,35,37,2,0,92.09,Medium
PO_007913,SUP_003,FAB_006,11752,16.44,193202.88,2024-06-27,2024-07-24,2024-07-28,27,31,4,0,94.16,Medium
PO_007914,SUP_019,FAB_011,10448,5.61,58613.28,2024-05-29,2024-06-13,2024-06-15,15,17,2,0,93.76,Medium
PO_007915,SUP_020,FAB_005,15509,6.02,93364.18,2025-06-22,2025-07-23,2025-07-25,31,33,2,0,91.73,Medium
PO_007916,SUP_004,FAB_017,10177,11.49,116933.73,2025-07-24,2025-08-25,2025-08-25,32,32,0,1,87.27,Low
PO_007917,SUP_020,FAB_027,4370,10.12,44224.4,2025-08-02,2025-08-23,2025-08-24,21,22,1,0,98.71,Medium
PO_007918,SUP_020,FAB_027,5983,10.12,60547.96,2025-06-09,2025-06-30,2025-07-01,21,22,1,0,94.22,Medium
PO_007919,SUP_022,FAB_005,12647,7.26,91817.22,2025-10-28,2025-11-20,2025-11-21,23,24,1,0,96.3,Medium
PO_007920,SUP_024,FAB_028,12061,18.15,218907.15,2024-10-16,2024-10-31,2024-11-08,15,23,8,0,96.72,High
PO_007921,SUP_015,FAB_009,11456,8.22,94168.32,2024-08-20,2024-09-25,2024-10-04,36,45,9,0,95.26,High
PO_007922,SUP_002,FAB_028,8979,16.61,149141.19,2025-09-23,2025-10-21,2025-10-22,28,29,1,0,92.95,Medium
PO_007923,SUP_004,FAB_002,19320,12.42,239954.4,2025-04-03,2025-04-20,2025-04-21,17,18,1,0,92.43,Medium
PO_007924,SUP_001,FAB_010,6328,5.36,33918.08,2025-07-30,2025-08-24,2025-08-26,25,27,2,0,94.33,Medium
PO_007925,SUP_011,FAB_021,5066,13.4,67884.4,2025-05-09,2025-06-17,2025-06-17,39,39,0,1,93.3,Low
PO_007926,SUP_019,FAB_028,15036,16.65,250349.4,2025-08-25,2025-09-29,2025-09-29,35,35,0,1,94.69,Low
PO_007927,SUP_008,FAB_006,12328,16.71,206000.88,2024-10-22,2024-11-27,2024-11-29,36,38,2,0,92.25,Medium
PO_007928,SUP_023,FAB_022,5001,5.21,26055.21,2024-02-05,2024-03-06,2024-03-07,30,31,1,0,95.09,Medium
PO_007929,SUP_008,FAB_027,5206,12.68,66012.08,2025-01-11,2025-01-25,2025-01-26,14,15,1,0,95.3,Medium
PO_007930,SUP_010,FAB_011,19163,6.57,125900.91,2024-09-25,2024-10-10,2024-10-12,15,17,2,0,95.78,Medium
PO_007931,SUP_011,FAB_027,11988,11.21,134385.48,2024-12-31,2025-01-27,2025-01-29,27,29,2,0,95.63,Medium
PO_007932,SUP_004,FAB_015,15788,13.72,216611.36,2024-06-14,2024-07-08,2024-07-14,24,30,6,0,93.1,Medium
PO_007933,SUP_013,FAB_015,8625,13.25,114281.25,2024-06-10,2024-07-16,2024-07-26,36,46,10,0,91.05,High
PO_007934,SUP_023,FAB_022,11229,5.21,58503.09,2025-01-01,2025-01-31,2025-02-04,30,34,4,0,86.13,Medium
PO_007935,SUP_025,FAB_024,514,5.42,2785.88,2025-10-31,2025-11-20,2025-11-22,20,22,2,0,91.06,Medium
PO_007936,SUP_007,FAB_018,19437,10.76,209142.12,2025-04-22,2025-05-09,2025-05-09,17,17,0,1,95.26,Low
PO_007937,SUP_021,FAB_019,11624,17.9,208069.6,2024-07-31,2024-08-28,2024-08-28,28,28,0,1,91.97,Low
PO_007938,SUP_011,FAB_021,5498,13.4,73673.2,2024-11-08,2024-12-17,2024-12-19,39,41,2,0,100.0,Medium
PO_007939,SUP_009,FAB_005,5925,7.36,43608.0,2024-10-29,2024-11-24,2024-11-24,26,26,0,1,96.68,Low
PO_007940,SUP_016,FAB_025,19065,19.48,371386.2,2024-10-27,2024-11-12,2024-11-12,16,16,0,1,96.5,Low
PO_007941,SUP_023,FAB_028,5140,15.73,80852.2,2024-01-03,2024-01-27,2024-01-30,24,27,3,0,96.86,Medium
PO_007942,SUP_016,FAB_012,14277,13.37,190883.49,2024-06-15,2024-07-12,2024-07-16,27,31,4,0,87.4,Medium
PO_007943,SUP_010,FAB_018,11168,11.86,132452.48,2025-04-22,2025-05-09,2025-05-17,17,25,8,0,88.83,High
PO_007944,SUP_007,FAB_018,16820,10.76,180983.2,2025-10-08,2025-10-25,2025-10-26,17,18,1,0,96.96,Medium
PO_007945,SUP_011,FAB_015,8615,13.68,117853.2,2024-12-06,2025-01-04,2025-01-07,29,32,3,0,98.64,Medium
PO_007946,SUP_020,FAB_030,5839,15.13,88344.07,2024-09-15,2024-10-04,2024-10-14,19,29,10,0,94.44,High
PO_007947,SUP_014,FAB_017,3122,11.32,35341.04,2024-07-31,2024-08-29,2024-09-01,29,32,3,0,94.07,Medium
PO_007948,SUP_015,FAB_010,3376,5.34,18027.84,2025-01-10,2025-01-25,2025-02-01,15,22,7,0,100.0,Medium
PO_007949,SUP_024,FAB_029,19695,9.81,193207.95,2025-07-23,2025-08-18,2025-08-23,26,31,5,0,90.61,Medium
PO_007950,SUP_003,FAB_016,13652,4.92,67167.84,2025-01-20,2025-02-23,2025-02-24,34,35,1,0,91.48,Medium
PO_007951,SUP_023,FAB_006,14156,14.79,209367.24,2025-03-25,2025-04-29,2025-05-01,35,37,2,0,97.44,Medium
PO_007952,SUP_009,FAB_008,8749,14.7,128610.3,2025-03-22,2025-04-14,2025-04-17,23,26,3,0,98.6,Medium
PO_007953,SUP_016,FAB_023,2699,6.9,18623.1,2025-08-03,2025-08-31,2025-09-01,28,29,1,0,94.21,Medium
PO_007954,SUP_025,FAB_015,14252,13.15,187413.8,2025-02-11,2025-03-15,2025-03-16,32,33,1,0,92.98,Medium
PO_007955,SUP_008,FAB_011,6962,5.27,36689.74,2025-11-05,2025-11-26,2025-11-27,21,22,1,0,90.13,Medium
PO_007956,SUP_023,FAB_023,16876,7.03,118638.28,2024-08-17,2024-09-18,2024-09-19,32,33,1,0,91.46,Medium
PO_007957,SUP_025,FAB_012,4874,13.62,66383.88,2025-06-07,2025-06-25,2025-06-30,18,23,5,0,94.86,Medium
PO_007958,SUP_014,FAB_011,17177,6.09,104607.93,2025-05-31,2025-06-23,2025-06-25,23,25,2,0,88.71,Medium
PO_007959,SUP_006,FAB_016,13525,4.91,66407.75,2024-06-06,2024-07-14,2024-07-15,38,39,1,0,91.19,Medium
PO_007960,SUP_022,FAB_007,12080,8.25,99660.0,2025-05-27,2025-06-25,2025-06-27,29,31,2,0,96.2,Medium
PO_007961,SUP_002,FAB_030,10518,15.39,161872.02,2024-05-15,2024-06-21,2024-06-22,37,38,1,0,96.37,Medium
PO_007962,SUP_025,FAB_020,663,9.52,6311.76,2024-06-30,2024-08-05,2024-08-07,36,38,2,0,92.42,Medium
PO_007963,SUP_011,FAB_021,6709,13.4,89900.6,2024-09-18,2024-10-27,2024-10-28,39,40,1,0,98.7,Medium
PO_007964,SUP_004,FAB_019,4679,15.3,71588.7,2024-11-13,2024-12-09,2024-12-13,26,30,4,0,96.1,Medium
PO_007965,SUP_007,FAB_012,10670,10.96,116943.2,2024-05-20,2024-06-11,2024-06-15,22,26,4,0,98.2,Medium
PO_007966,SUP_002,FAB_027,5776,11.4,65846.4,2025-08-14,2025-09-14,2025-09-14,31,31,0,1,96.31,Low
PO_007967,SUP_020,FAB_027,3715,10.12,37595.8,2025-04-12,2025-05-03,2025-05-06,21,24,3,0,90.83,Medium
PO_007968,SUP_009,FAB_026,4603,14.0,64442.0,2024-10-23,2024-11-08,2024-11-12,16,20,4,0,94.97,Medium
PO_007969,SUP_003,FAB_006,9932,16.44,163282.08,2024-01-27,2024-02-23,2024-02-26,27,30,3,0,91.31,Medium
PO_007970,SUP_007,FAB_011,2738,5.74,15716.12,2024-10-01,2024-11-06,2024-11-12,36,42,6,0,90.46,Medium
PO_007971,SUP_025,FAB_014,16846,17.33,291941.18,2024-06-02,2024-06-16,2024-06-16,14,14,0,1,92.2,Low
PO_007972,SUP_008,FAB_015,5168,13.41,69302.88,2024-05-19,2024-06-16,2024-06-17,28,29,1,0,99.47,Medium
PO_007973,SUP_007,FAB_018,6285,10.76,67626.6,2024-11-01,2024-11-18,2024-11-25,17,24,7,0,91.28,Medium
PO_007974,SUP_008,FAB_015,19352,13.41,259510.32,2024-08-15,2024-09-12,2024-09-18,28,34,6,0,98.78,Medium
PO_007975,SUP_019,FAB_012,991,12.38,12268.58,2024-11-14,2024-12-24,2024-12-29,40,45,5,0,91.03,Medium
PO_007976,SUP_020,FAB_010,10995,5.04,55414.8,2025-08-31,2025-09-30,2025-10-01,30,31,1,0,91.67,Medium
PO_007977,SUP_019,FAB_003,18524,16.33,302496.92,2024-04-11,2024-05-09,2024-05-14,28,33,5,0,90.55,Medium
PO_007978,SUP_016,FAB_022,18063,5.51,99527.13,2024-04-07,2024-05-14,2024-05-20,37,43,6,0,98.2,Medium
PO_007979,SUP_010,FAB_011,12552,6.57,82466.64,2024-03-02,2024-03-17,2024-03-25,15,23,8,0,94.43,High
PO_007980,SUP_006,FAB_026,10160,12.79,129946.4,2025-11-02,2025-11-18,2025-11-19,16,17,1,0,93.27,Medium
PO_007981,SUP_012,FAB_021,19913,12.26,244133.38,2025-05-02,2025-05-17,2025-05-17,15,15,0,1,94.03,Low
PO_007982,SUP_021,FAB_019,17945,17.9,321215.5,2024-04-07,2024-05-05,2024-05-05,28,28,0,1,88.99,Low
PO_007983,SUP_023,FAB_024,8539,4.32,36888.48,2024-10-01,2024-11-01,2024-11-01,31,31,0,1,95.96,Low
PO_007984,SUP_009,FAB_009,13166,10.06,132449.96,2025-10-31,2025-12-09,2025-12-10,39,40,1,0,90.46,Medium
PO_007985,SUP_015,FAB_018,2844,12.21,34725.24,2025-07-10,2025-08-09,2025-08-11,30,32,2,0,90.47,Medium
PO_007986,SUP_025,FAB_020,11506,9.52,109537.12,2025-05-09,2025-06-14,2025-06-15,36,37,1,0,89.7,Medium
PO_007987,SUP_002,FAB_027,5187,11.4,59131.8,2024-10-17,2024-11-17,2024-11-18,31,32,1,0,98.63,Medium
PO_007988,SUP_007,FAB_012,17629,10.96,193213.84,2025-03-24,2025-04-15,2025-04-20,22,27,5,0,92.55,Medium
PO_007989,SUP_012,FAB_008,6190,13.43,83131.7,2024-08-12,2024-09-16,2024-09-16,35,35,0,1,97.47,Low
PO_007990,SUP_022,FAB_001,18812,9.5,178714.0,2024-11-17,2024-12-07,2024-12-11,20,24,4,0,97.43,Medium
PO_007991,SUP_023,FAB_018,15617,12.17,190058.89,2025-10-10,2025-11-06,2025-11-23,27,44,17,0,89.02,High
PO_007992,SUP_024,FAB_026,9682,14.09,136419.38,2024-06-21,2024-07-30,2024-08-02,39,42,3,0,92.22,Medium
PO_007993,SUP_024,FAB_003,1405,16.11,22634.55,2024-04-03,2024-04-18,2024-04-19,15,16,1,0,93.13,Medium
PO_007994,SUP_009,FAB_025,13841,19.05,263671.05,2024-09-04,2024-09-22,2024-09-26,18,22,4,0,96.08,Medium
PO_007995,SUP_018,FAB_024,4330,5.25,22732.5,2025-01-03,2025-01-19,2025-01-21,16,18,2,0,86.18,Medium
PO_007996,SUP_024,FAB_028,19713,18.15,357790.95,2025-08-12,2025-08-27,2025-09-06,15,25,10,0,93.72,High
PO_007997,SUP_015,FAB_002,3752,15.2,57030.4,2024-02-09,2024-03-19,2024-03-22,39,42,3,0,96.47,Medium
PO_007998,SUP_012,FAB_030,1693,15.33,25953.69,2025-02-25,2025-03-24,2025-03-24,27,27,0,1,96.81,Low
PO_007999,SUP_001,FAB_010,12226,5.36,65531.36,2024-08-13,2024-09-07,2024-09-07,25,25,0,1,96.36,Low
PO_008000,SUP_012,FAB_016,18117,5.69,103085.73,2024-04-01,2024-04-17,2024-04-20,16,19,3,0,97.05,Medium
