sell_through_id,sku_id,selling_week,units_available,units_sold,sell_through_rate
ST_000001,SKU_0046,2026-W18,9429,3045,0.3229
ST_000002,SKU_0038,2026-W16,7850,4363,0.5558
ST_000003,SKU_0022,2026-W38,5878,3711,0.6313
ST_000004,SKU_0029,2026-W03,5978,296,0.0495
ST_000005,SKU_0002,2026-W40,7556,2253,0.2982
ST_000006,SKU_0027,2026-W26,4187,1462,0.3492
ST_000007,SKU_0012,2026-W19,9593,7970,0.8308
ST_000008,SKU_0026,2026-W13,8578,1363,0.1589
ST_000009,SKU_0029,2026-W17,6413,3370,0.5255
ST_000010,SKU_0017,2026-W29,6626,2629,0.3968
ST_000011,SKU_0044,2026-W06,7401,721,0.0974
ST_000012,SKU_0024,2026-W13,3863,2668,0.6907
ST_000013,SKU_0013,2026-W30,2424,1240,0.5116
ST_000014,SKU_0002,2026-W27,2301,414,0.1799
ST_000015,SKU_0001,2026-W07,6157,3540,0.575
ST_000016,SKU_0015,2026-W21,3151,3120,0.9902
ST_000017,SKU_0011,2026-W41,7997,4465,0.5583
ST_000018,SKU_0018,2026-W52,8224,6776,0.8239
ST_000019,SKU_0028,2026-W52,7852,2096,0.2669
ST_000020,SKU_0007,2026-W14,4600,2883,0.6267
ST_000021,SKU_0013,2026-W36,7196,4145,0.576
ST_000022,SKU_0012,2026-W04,2827,1353,0.4786
ST_000023,SKU_0023,2026-W21,3507,2112,0.6022
ST_000024,SKU_0044,2026-W46,2258,1092,0.4836
ST_000025,SKU_0045,2026-W29,9569,1573,0.1644
ST_000026,SKU_0018,2026-W01,6879,881,0.1281
ST_000027,SKU_0003,2026-W16,7955,1696,0.2132
ST_000028,SKU_0030,2026-W29,9615,1246,0.1296
ST_000029,SKU_0013,2026-W03,3233,1574,0.4869
ST_000030,SKU_0008,2026-W06,8437,5688,0.6742
ST_000031,SKU_0020,2026-W31,3877,1572,0.4055
ST_000032,SKU_0046,2026-W12,3756,2775,0.7388
ST_000033,SKU_0013,2026-W17,3103,1380,0.4447
ST_000034,SKU_0005,2026-W24,2977,874,0.2936
ST_000035,SKU_0036,2026-W30,9071,7147,0.7879
ST_000036,SKU_0044,2026-W10,5395,3502,0.6491
ST_000037,SKU_0040,2026-W26,7708,1656,0.2148
ST_000038,SKU_0034,2026-W14,9831,942,0.0958
ST_000039,SKU_0029,2026-W32,5487,4800,0.8748
ST_000040,SKU_0018,2026-W05,9316,5549,0.5956
ST_000041,SKU_0002,2026-W21,5211,3578,0.6866
ST_000042,SKU_0001,2026-W05,8407,911,0.1084
ST_000043,SKU_0020,2026-W37,8902,257,0.0289
ST_000044,SKU_0021,2026-W24,7800,1447,0.1855
ST_000045,SKU_0022,2026-W44,6219,4689,0.754
ST_000046,SKU_0006,2026-W26,4713,2688,0.5703
ST_000047,SKU_0044,2026-W51,2562,486,0.1897
ST_000048,SKU_0048,2026-W50,8831,1463,0.1657
ST_000049,SKU_0025,2026-W31,7858,1174,0.1494
ST_000050,SKU_0029,2026-W42,7212,1278,0.1772
ST_000051,SKU_0008,2026-W10,2236,384,0.1717
ST_000052,SKU_0049,2026-W25,4938,476,0.0964
ST_000053,SKU_0004,2026-W19,3267,1739,0.5323
ST_000054,SKU_0049,2026-W02,9189,1673,0.1821
ST_000055,SKU_0040,2026-W20,9056,5693,0.6286
ST_000056,SKU_0027,2026-W03,5026,2283,0.4542
ST_000057,SKU_0019,2026-W06,7901,1439,0.1821
ST_000058,SKU_0011,2026-W06,5798,3853,0.6645
ST_000059,SKU_0007,2026-W12,7493,7472,0.9972
ST_000060,SKU_0027,2026-W17,2746,1318,0.48
ST_000061,SKU_0038,2026-W29,2529,412,0.1629
ST_000062,SKU_0013,2026-W32,4552,3131,0.6878
ST_000063,SKU_0025,2026-W37,3117,2335,0.7491
ST_000064,SKU_0008,2026-W30,6391,4064,0.6359
ST_000065,SKU_0041,2026-W06,5328,2577,0.4837
ST_000066,SKU_0008,2026-W51,7989,3737,0.4678
ST_000067,SKU_0006,2026-W20,6153,4385,0.7127
ST_000068,SKU_0048,2026-W11,2175,1851,0.851
ST_000069,SKU_0027,2026-W23,9772,614,0.0628
ST_000070,SKU_0035,2026-W40,7798,5790,0.7425
ST_000071,SKU_0010,2026-W20,4066,4002,0.9843
ST_000072,SKU_0004,2026-W04,7112,5880,0.8268
ST_000073,SKU_0020,2026-W22,4624,1479,0.3199
ST_000074,SKU_0011,2026-W46,5118,426,0.0832
ST_000075,SKU_0013,2026-W42,4747,1095,0.2307
ST_000076,SKU_0041,2026-W46,9942,8423,0.8472
ST_000077,SKU_0005,2026-W14,9853,6245,0.6338
ST_000078,SKU_0034,2026-W45,8809,5004,0.5681
ST_000079,SKU_0040,2026-W36,8010,6257,0.7811
ST_000080,SKU_0011,2026-W10,5149,2465,0.4787
ST_000081,SKU_0032,2026-W18,2768,1027,0.371
ST_000082,SKU_0035,2026-W27,5983,1390,0.2323
ST_000083,SKU_0049,2026-W52,8677,1958,0.2257
ST_000084,SKU_0040,2026-W03,2864,722,0.2521
ST_000085,SKU_0010,2026-W30,3371,1055,0.313
ST_000086,SKU_0018,2026-W28,2636,1440,0.5463
ST_000087,SKU_0028,2026-W28,4147,2487,0.5997
ST_000088,SKU_0041,2026-W10,6368,3526,0.5537
ST_000089,SKU_0026,2026-W26,9746,3951,0.4054
ST_000090,SKU_0040,2026-W17,5402,3667,0.6788
ST_000091,SKU_0049,2026-W01,6130,471,0.0768
ST_000092,SKU_0032,2026-W11,3435,2691,0.7834
ST_000093,SKU_0047,2026-W21,4601,3211,0.6979
ST_000094,SKU_0019,2026-W30,4194,3971,0.9468
ST_000095,SKU_0006,2026-W36,6461,3013,0.4663
ST_000096,SKU_0014,2026-W50,8187,8084,0.9874
ST_000097,SKU_0012,2026-W06,6617,5965,0.9015
ST_000098,SKU_0024,2026-W26,9228,7527,0.8157
ST_000099,SKU_0011,2026-W51,4697,1709,0.3638
ST_000100,SKU_0010,2026-W36,9017,6949,0.7707
ST_000101,SKU_0006,2026-W03,4839,4206,0.8692
ST_000102,SKU_0034,2026-W38,2311,432,0.1869
ST_000103,SKU_0040,2026-W23,4837,3562,0.7364
ST_000104,SKU_0006,2026-W17,3142,2345,0.7463
ST_000105,SKU_0041,2026-W51,7731,2573,0.3328
ST_000106,SKU_0044,2026-W40,4324,1779,0.4114
ST_000107,SKU_0026,2026-W20,9203,2592,0.2816
ST_000108,SKU_0014,2026-W11,7093,5455,0.7691
ST_000109,SKU_0006,2026-W23,2266,560,0.2471
ST_000110,SKU_0024,2026-W20,7785,963,0.1237
ST_000111,SKU_0044,2026-W27,5490,555,0.1011
ST_000112,SKU_0033,2026-W39,7841,7036,0.8973
ST_000113,SKU_0012,2026-W10,6877,3566,0.5185
ST_000114,SKU_0040,2026-W32,3458,2718,0.786
ST_000115,SKU_0020,2026-W49,7616,2216,0.291
ST_000116,SKU_0033,2026-W47,6631,6130,0.9244
ST_000117,SKU_0008,2026-W40,4674,3752,0.8027
ST_000118,SKU_0021,2026-W50,2749,997,0.3627
ST_000119,SKU_0005,2026-W45,5130,962,0.1875
ST_000120,SKU_0048,2026-W44,4656,1037,0.2227
ST_000121,SKU_0016,2026-W24,2069,2048,0.9899
ST_000122,SKU_0012,2026-W30,8295,259,0.0312
ST_000123,SKU_0036,2026-W21,3667,2230,0.6081
ST_000124,SKU_0006,2026-W32,4112,2770,0.6736
ST_000125,SKU_0003,2026-W31,7200,7169,0.9957
ST_000126,SKU_0034,2026-W16,6684,5819,0.8706
ST_000127,SKU_0012,2026-W51,3215,708,0.2202
ST_000128,SKU_0043,2026-W41,8539,2660,0.3115
ST_000129,SKU_0008,2026-W27,2073,1468,0.7082
ST_000130,SKU_0010,2026-W32,5435,5237,0.9636
ST_000131,SKU_0021,2026-W45,9579,8598,0.8976
ST_000132,SKU_0026,2026-W36,8378,3364,0.4015
ST_000133,SKU_0040,2026-W42,2298,401,0.1745
ST_000134,SKU_0022,2026-W31,7682,6068,0.7899
ST_000135,SKU_0024,2026-W36,6064,4023,0.6634
ST_000136,SKU_0026,2026-W03,8914,5572,0.6251
ST_000137,SKU_0021,2026-W11,5663,963,0.1701
ST_000138,SKU_0004,2026-W06,4964,3166,0.6378
ST_000139,SKU_0031,2026-W02,8440,5615,0.6653
ST_000140,SKU_0031,2026-W25,5159,1332,0.2582
ST_000141,SKU_0005,2026-W38,7654,1743,0.2277
ST_000142,SKU_0003,2026-W37,6712,5801,0.8643
ST_000143,SKU_0024,2026-W03,4326,4269,0.9868
ST_000144,SKU_0026,2026-W17,5408,2728,0.5044
ST_000145,SKU_0006,2026-W42,9322,6893,0.7394
ST_000146,SKU_0032,2026-W44,8942,1231,0.1377
ST_000147,SKU_0042,2026-W15,8034,2510,0.3124
ST_000148,SKU_0029,2026-W43,8838,5724,0.6477
ST_000149,SKU_0024,2026-W17,5740,4379,0.7629
ST_000150,SKU_0011,2026-W40,8515,6328,0.7432
ST_000151,SKU_0010,2026-W42,7074,6996,0.989
ST_000152,SKU_0020,2026-W07,7727,7326,0.9481
ST_000153,SKU_0023,2026-W33,7436,6192,0.8327
ST_000154,SKU_0022,2026-W37,2056,1386,0.6741
ST_000155,SKU_0042,2026-W48,4754,1183,0.2488
ST_000156,SKU_0049,2026-W28,6934,6150,0.8869
ST_000157,SKU_0029,2026-W35,6511,437,0.0671
ST_000158,SKU_0021,2026-W38,6804,2763,0.4061
ST_000159,SKU_0026,2026-W23,6886,5270,0.7653
ST_000160,SKU_0028,2026-W19,8330,8303,0.9968
ST_000161,SKU_0041,2026-W40,2500,1667,0.6668
ST_000162,SKU_0033,2026-W09,5081,344,0.0677
ST_000163,SKU_0008,2026-W21,8987,3725,0.4145
ST_000164,SKU_0025,2026-W48,8729,2299,0.2634
ST_000165,SKU_0024,2026-W23,5192,3524,0.6787
ST_000166,SKU_0018,2026-W13,8260,6951,0.8415
ST_000167,SKU_0028,2026-W13,3097,3044,0.9829
ST_000168,SKU_0011,2026-W27,4786,996,0.2081
ST_000169,SKU_0017,2026-W48,2448,1153,0.471
ST_000170,SKU_0042,2026-W34,2794,1691,0.6052
ST_000171,SKU_0004,2026-W10,8985,4264,0.4746
ST_000172,SKU_0039,2026-W52,2206,1242,0.563
ST_000173,SKU_0014,2026-W44,5834,474,0.0812
ST_000174,SKU_0041,2026-W27,3956,1129,0.2854
ST_000175,SKU_0025,2026-W07,2006,1937,0.9656
ST_000176,SKU_0031,2026-W52,9774,2857,0.2923
ST_000177,SKU_0026,2026-W32,4263,1880,0.441
ST_000178,SKU_0001,2026-W41,5965,4135,0.6932
ST_000179,SKU_0003,2026-W22,5431,5314,0.9785
ST_000180,SKU_0045,2026-W15,8107,3640,0.449
ST_000181,SKU_0013,2026-W43,6535,5546,0.8487
ST_000182,SKU_0005,2026-W16,6546,3851,0.5883
ST_000183,SKU_0043,2026-W06,7994,243,0.0304
ST_000184,SKU_0039,2026-W15,5480,2606,0.4755
ST_000185,SKU_0007,2026-W29,2735,431,0.1576
ST_000186,SKU_0004,2026-W30,6161,637,0.1034
ST_000187,SKU_0024,2026-W32,7101,5615,0.7907
ST_000188,SKU_0020,2026-W05,9764,1287,0.1318
ST_000189,SKU_0013,2026-W35,2062,1162,0.5635
ST_000190,SKU_0004,2026-W51,7372,1478,0.2005
ST_000191,SKU_0045,2026-W48,9347,7308,0.7819
ST_000192,SKU_0030,2026-W48,6058,1601,0.2643
ST_000193,SKU_0022,2026-W22,3441,1362,0.3958
ST_000194,SKU_0042,2026-W08,8306,8305,0.9999
ST_000195,SKU_0021,2026-W16,6318,2974,0.4707
ST_000196,SKU_0019,2026-W21,4877,1145,0.2348
ST_000197,SKU_0012,2026-W40,4795,3870,0.8071
ST_000198,SKU_0043,2026-W46,2294,1030,0.449
ST_000199,SKU_0026,2026-W42,4115,1031,0.2505
ST_000200,SKU_0050,2026-W02,4319,959,0.222
ST_000201,SKU_0050,2026-W25,5596,828,0.148
ST_000202,SKU_0045,2026-W34,7439,609,0.0819
ST_000203,SKU_0025,2026-W08,2432,1155,0.4749
ST_000204,SKU_0039,2026-W34,7347,5333,0.7259
ST_000205,SKU_0030,2026-W07,9788,5815,0.5941
ST_000206,SKU_0024,2026-W42,8690,8266,0.9512
ST_000207,SKU_0041,2026-W21,9902,868,0.0877
ST_000208,SKU_0036,2026-W43,4740,4574,0.965
ST_000209,SKU_0017,2026-W08,3859,2872,0.7442
ST_000210,SKU_0015,2026-W24,3796,2853,0.7516
ST_000211,SKU_0037,2026-W02,8518,5247,0.616
ST_000212,SKU_0021,2026-W44,8861,4801,0.5418
ST_000213,SKU_0012,2026-W27,4001,2763,0.6906
ST_000214,SKU_0043,2026-W10,5995,2529,0.4219
ST_000215,SKU_0016,2026-W50,6019,3270,0.5433
ST_000216,SKU_0023,2026-W24,2482,1959,0.7893
ST_000217,SKU_0038,2026-W15,3704,1847,0.4987
ST_000218,SKU_0029,2026-W33,9370,9350,0.9979
ST_000219,SKU_0009,2026-W02,9846,5723,0.5813
ST_000220,SKU_0045,2026-W08,3709,2509,0.6765
ST_000221,SKU_0043,2026-W51,7107,5842,0.822
ST_000222,SKU_0030,2026-W08,9694,3215,0.3316
ST_000223,SKU_0038,2026-W48,6155,3468,0.5634
ST_000224,SKU_0016,2026-W45,7911,1879,0.2375
ST_000225,SKU_0047,2026-W33,5078,4970,0.9787
ST_000226,SKU_0002,2026-W24,7343,5810,0.7912
ST_000227,SKU_0003,2026-W49,9500,4008,0.4219
ST_000228,SKU_0050,2026-W52,4062,2961,0.729
ST_000229,SKU_0016,2026-W11,2655,461,0.1736
ST_000230,SKU_0012,2026-W21,8614,6161,0.7152
ST_000231,SKU_0049,2026-W13,3121,1658,0.5312
ST_000232,SKU_0038,2026-W34,5428,2403,0.4427
ST_000233,SKU_0022,2026-W49,8478,1860,0.2194
ST_000234,SKU_0037,2026-W52,7323,3471,0.474
ST_000235,SKU_0033,2026-W18,4897,603,0.1231
ST_000236,SKU_0001,2026-W46,5534,2631,0.4754
ST_000237,SKU_0048,2026-W37,3732,3091,0.8282
ST_000238,SKU_0005,2026-W29,3863,3607,0.9337
ST_000239,SKU_0016,2026-W38,9866,622,0.063
ST_000240,SKU_0013,2026-W33,4828,2616,0.5418
ST_000241,SKU_0034,2026-W31,2499,1855,0.7423
ST_000242,SKU_0039,2026-W28,6669,3687,0.5529
ST_000243,SKU_0037,2026-W15,5029,1018,0.2024
ST_000244,SKU_0009,2026-W52,4260,2294,0.5385
ST_000245,SKU_0031,2026-W28,3153,1777,0.5636
ST_000246,SKU_0018,2026-W26,9003,3090,0.3432
ST_000247,SKU_0029,2026-W09,5736,1357,0.2366
ST_000248,SKU_0038,2026-W08,4777,3529,0.7387
ST_000249,SKU_0010,2026-W43,8246,8242,0.9995
ST_000250,SKU_0006,2026-W35,8905,4238,0.4759
ST_000251,SKU_0034,2026-W37,9510,4258,0.4477
ST_000252,SKU_0001,2026-W26,2302,455,0.1977
ST_000253,SKU_0009,2026-W15,6761,5394,0.7978
ST_000254,SKU_0023,2026-W14,3211,2992,0.9318
ST_000255,SKU_0003,2026-W07,3270,1340,0.4098
ST_000256,SKU_0010,2026-W35,9056,1389,0.1534
ST_000257,SKU_0019,2026-W43,2748,2142,0.7795
ST_000258,SKU_0036,2026-W33,5880,1168,0.1986
ST_000259,SKU_0027,2026-W39,5011,3083,0.6152
ST_000260,SKU_0022,2026-W07,7763,1772,0.2283
ST_000261,SKU_0033,2026-W12,5514,4219,0.7651
ST_000262,SKU_0048,2026-W22,3983,661,0.166
ST_000263,SKU_0027,2026-W47,7797,4160,0.5335
ST_000264,SKU_0018,2026-W20,8500,4967,0.5844
ST_000265,SKU_0028,2026-W20,9748,2768,0.284
ST_000266,SKU_0043,2026-W40,8435,1281,0.1519
ST_000267,SKU_0035,2026-W47,2853,1601,0.5612
ST_000268,SKU_0013,2026-W09,3083,618,0.2005
ST_000269,SKU_0004,2026-W21,8275,5891,0.7119
ST_000270,SKU_0047,2026-W24,8491,2804,0.3302
ST_000271,SKU_0015,2026-W50,8711,7300,0.838
ST_000272,SKU_0022,2026-W01,8109,5127,0.6323
ST_000273,SKU_0014,2026-W37,9253,4090,0.442
ST_000274,SKU_0042,2026-W19,5439,258,0.0474
ST_000275,SKU_0016,2026-W44,6733,5013,0.7445
ST_000276,SKU_0003,2026-W05,6057,523,0.0863
ST_000277,SKU_0043,2026-W27,5850,1757,0.3003
ST_000278,SKU_0028,2026-W30,9089,6276,0.6905
ST_000279,SKU_0023,2026-W50,4981,1020,0.2048
ST_000280,SKU_0015,2026-W45,3905,583,0.1493
ST_000281,SKU_0026,2026-W43,2192,1833,0.8362
ST_000282,SKU_0022,2026-W05,3970,2780,0.7003
ST_000283,SKU_0040,2026-W39,8957,7218,0.8059
ST_000284,SKU_0046,2026-W52,8306,4633,0.5578
ST_000285,SKU_0018,2026-W36,6262,3719,0.5939
ST_000286,SKU_0028,2026-W36,3593,1563,0.435
ST_000287,SKU_0050,2026-W28,6874,2616,0.3806
ST_000288,SKU_0021,2026-W31,2822,776,0.275
ST_000289,SKU_0026,2026-W35,3845,239,0.0622
ST_000290,SKU_0024,2026-W43,7500,6721,0.8961
ST_000291,SKU_0015,2026-W11,5869,3114,0.5306
ST_000292,SKU_0018,2026-W03,5103,3880,0.7603
ST_000293,SKU_0042,2026-W04,4471,2761,0.6175
ST_000294,SKU_0028,2026-W03,4041,2106,0.5212
ST_000295,SKU_0023,2026-W45,9769,8219,0.8413
ST_000296,SKU_0024,2026-W35,2295,1819,0.7926
ST_000297,SKU_0046,2026-W15,4077,837,0.2053
ST_000298,SKU_0037,2026-W28,3119,1703,0.546
ST_000299,SKU_0002,2026-W50,5388,1907,0.3539
ST_000300,SKU_0006,2026-W39,6163,3180,0.516
ST_000301,SKU_0027,2026-W09,2556,1980,0.7746
ST_000302,SKU_0018,2026-W17,2233,2152,0.9637
ST_000303,SKU_0028,2026-W17,3624,648,0.1788
ST_000304,SKU_0014,2026-W22,3264,460,0.1409
ST_000305,SKU_0039,2026-W19,8355,5271,0.6309
ST_000306,SKU_0021,2026-W37,2665,1428,0.5358
ST_000307,SKU_0015,2026-W38,4169,742,0.178
ST_000308,SKU_0048,2026-W49,8045,1771,0.2201
ST_000309,SKU_0010,2026-W33,6432,845,0.1314
ST_000310,SKU_0029,2026-W14,4553,2915,0.6402
ST_000311,SKU_0020,2026-W41,8889,4719,0.5309
ST_000312,SKU_0018,2026-W23,2464,1202,0.4878
ST_000313,SKU_0002,2026-W45,3130,2153,0.6879
ST_000314,SKU_0031,2026-W19,7853,2426,0.3089
ST_000315,SKU_0036,2026-W24,2840,1603,0.5644
ST_000316,SKU_0009,2026-W28,4087,1974,0.483
ST_000317,SKU_0046,2026-W34,4057,949,0.2339
ST_000318,SKU_0023,2026-W38,3271,1690,0.5167
ST_000319,SKU_0019,2026-W33,5029,4854,0.9652
ST_000320,SKU_0001,2026-W23,3140,758,0.2414
ST_000321,SKU_0002,2026-W11,6090,806,0.1323
ST_000322,SKU_0048,2026-W02,9378,3202,0.3414
ST_000323,SKU_0048,2026-W25,9986,354,0.0354
ST_000324,SKU_0047,2026-W14,5852,2679,0.4578
ST_000325,SKU_0045,2026-W04,4251,520,0.1223
ST_000326,SKU_0039,2026-W04,7495,1064,0.142
ST_000327,SKU_0007,2026-W15,4405,3352,0.761
ST_000328,SKU_0018,2026-W32,3340,2691,0.8057
ST_000329,SKU_0028,2026-W32,8756,8177,0.9339
ST_000330,SKU_0040,2026-W09,6163,1749,0.2838
ST_000331,SKU_0049,2026-W20,3074,2811,0.9144
ST_000332,SKU_0002,2026-W38,6129,2540,0.4144
ST_000333,SKU_0025,2026-W41,4647,1776,0.3822
ST_000334,SKU_0007,2026-W48,6266,1145,0.1827
ST_000335,SKU_0021,2026-W22,8207,1555,0.1895
ST_000336,SKU_0013,2026-W14,8258,4887,0.5918
ST_000337,SKU_0017,2026-W41,8057,1222,0.1517
ST_000338,SKU_0008,2026-W24,9421,7311,0.776
ST_000339,SKU_0032,2026-W25,5554,668,0.1203
ST_000340,SKU_0006,2026-W09,9029,4615,0.5111
ST_000341,SKU_0032,2026-W02,7705,297,0.0385
ST_000342,SKU_0026,2026-W39,9350,648,0.0693
ST_000343,SKU_0007,2026-W34,8045,4947,0.6149
ST_000344,SKU_0018,2026-W42,6565,4987,0.7596
ST_000345,SKU_0034,2026-W48,9440,3888,0.4119
ST_000346,SKU_0010,2026-W09,8018,3664,0.457
ST_000347,SKU_0028,2026-W42,6440,6214,0.9649
ST_000348,SKU_0023,2026-W16,5678,543,0.0956
ST_000349,SKU_0024,2026-W39,2542,2125,0.836
ST_000350,SKU_0048,2026-W52,3186,511,0.1604
ST_000351,SKU_0015,2026-W44,9789,6222,0.6356
ST_000352,SKU_0045,2026-W41,7685,911,0.1185
ST_000353,SKU_0047,2026-W50,6367,2364,0.3713
ST_000354,SKU_0014,2026-W49,7294,6714,0.9205
ST_000355,SKU_0030,2026-W41,9263,7836,0.8459
ST_000356,SKU_0049,2026-W36,9887,4837,0.4892
ST_000357,SKU_0048,2026-W01,4121,3458,0.8391
ST_000358,SKU_0038,2026-W04,2341,454,0.1939
ST_000359,SKU_0036,2026-W14,2494,1501,0.6018
ST_000360,SKU_0034,2026-W07,4077,3014,0.7393
ST_000361,SKU_0046,2026-W28,4046,2830,0.6995
ST_000362,SKU_0050,2026-W19,2738,862,0.3148
ST_000363,SKU_0049,2026-W03,3040,869,0.2859
ST_000364,SKU_0014,2026-W02,7838,6967,0.8889
ST_000365,SKU_0014,2026-W25,5419,2650,0.489
ST_000366,SKU_0047,2026-W45,6776,1721,0.254
ST_000367,SKU_0007,2026-W08,3815,837,0.2194
ST_000368,SKU_0049,2026-W17,5622,1553,0.2762
ST_000369,SKU_0020,2026-W46,4433,2724,0.6145
ST_000370,SKU_0042,2026-W06,8376,5819,0.6947
ST_000371,SKU_0037,2026-W19,7187,5700,0.7931
ST_000372,SKU_0048,2026-W05,4940,480,0.0972
ST_000373,SKU_0019,2026-W24,9201,3833,0.4166
ST_000374,SKU_0011,2026-W24,6125,4935,0.8057
ST_000375,SKU_0027,2026-W18,9357,3620,0.3869
ST_000376,SKU_0032,2026-W52,4495,4143,0.9217
ST_000377,SKU_0016,2026-W31,5476,2493,0.4553
ST_000378,SKU_0002,2026-W44,9850,9779,0.9928
ST_000379,SKU_0049,2026-W23,4626,1701,0.3677
ST_000380,SKU_0041,2026-W24,7817,7562,0.9674
ST_000381,SKU_0032,2026-W01,3536,819,0.2316
ST_000382,SKU_0035,2026-W18,8950,5428,0.6065
ST_000383,SKU_0034,2026-W08,3632,3182,0.8761
ST_000384,SKU_0009,2026-W19,5874,4094,0.697
ST_000385,SKU_0021,2026-W49,7288,2624,0.36
ST_000386,SKU_0047,2026-W38,8353,1679,0.201
ST_000387,SKU_0037,2026-W04,3291,2823,0.8578
ST_000388,SKU_0026,2026-W09,5368,3821,0.7118
ST_000389,SKU_0020,2026-W26,2517,1757,0.6981
ST_000390,SKU_0016,2026-W37,4358,2293,0.5262
ST_000391,SKU_0025,2026-W46,3976,3312,0.833
ST_000392,SKU_0035,2026-W11,4817,1198,0.2487
ST_000393,SKU_0005,2026-W48,4348,3143,0.7229
ST_000394,SKU_0024,2026-W09,9461,4894,0.5173
ST_000395,SKU_0042,2026-W10,7947,5713,0.7189
ST_000396,SKU_0017,2026-W46,5314,1300,0.2446
ST_000397,SKU_0045,2026-W06,5193,527,0.1015
ST_000398,SKU_0014,2026-W52,4644,3008,0.6477
ST_000399,SKU_0049,2026-W32,3874,2261,0.5836
ST_000400,SKU_0039,2026-W06,9783,6151,0.6287
ST_000401,SKU_0025,2026-W10,9317,6016,0.6457
ST_000402,SKU_0014,2026-W01,4865,4635,0.9527
ST_000403,SKU_0004,2026-W33,6097,2970,0.4871
ST_000404,SKU_0044,2026-W50,6682,5029,0.7526
ST_000405,SKU_0036,2026-W45,2804,2368,0.8445
ST_000406,SKU_0005,2026-W07,6638,6412,0.966
ST_000407,SKU_0017,2026-W10,9482,1222,0.1289
ST_000408,SKU_0027,2026-W12,3800,1296,0.3411
ST_000409,SKU_0040,2026-W18,5864,3961,0.6755
ST_000410,SKU_0042,2026-W30,7603,2264,0.2978
ST_000411,SKU_0042,2026-W51,4240,3251,0.7667
ST_000412,SKU_0012,2026-W24,7052,4928,0.6988
ST_000413,SKU_0045,2026-W46,4862,4745,0.9759
ST_000414,SKU_0010,2026-W14,4739,1933,0.4079
ST_000415,SKU_0030,2026-W46,7769,5178,0.6665
ST_000416,SKU_0049,2026-W42,8216,6532,0.795
ST_000417,SKU_0025,2026-W51,8681,1918,0.2209
ST_000418,SKU_0014,2026-W05,3013,487,0.1616
ST_000419,SKU_0003,2026-W41,3827,3790,0.9903
ST_000420,SKU_0022,2026-W13,2447,2382,0.9734
ST_000421,SKU_0044,2026-W45,8719,3602,0.4131
ST_000422,SKU_0021,2026-W07,3186,535,0.1679
ST_000423,SKU_0006,2026-W18,9367,3253,0.3473
ST_000424,SKU_0019,2026-W14,2857,1948,0.6818
ST_000425,SKU_0047,2026-W16,2829,2053,0.7257
ST_000426,SKU_0017,2026-W51,5437,1341,0.2466
ST_000427,SKU_0016,2026-W22,4920,949,0.1929
ST_000428,SKU_0045,2026-W10,8223,6677,0.812
ST_000429,SKU_0048,2026-W28,6707,3932,0.5863
ST_000430,SKU_0030,2026-W10,3695,3640,0.9851
ST_000431,SKU_0022,2026-W41,7561,1018,0.1346
ST_000432,SKU_0044,2026-W11,7237,446,0.0616
ST_000433,SKU_0008,2026-W50,3212,2812,0.8755
ST_000434,SKU_0031,2026-W20,7425,5124,0.6901
ST_000435,SKU_0036,2026-W38,6237,5410,0.8674
ST_000436,SKU_0005,2026-W08,8677,4271,0.4922
ST_000437,SKU_0046,2026-W19,3789,585,0.1544
ST_000438,SKU_0038,2026-W06,3175,1990,0.6268
ST_000439,SKU_0039,2026-W30,4669,1357,0.2906
ST_000440,SKU_0045,2026-W51,7349,4300,0.5851
ST_000441,SKU_0008,2026-W45,2782,206,0.074
ST_000442,SKU_0030,2026-W51,2452,2020,0.8238
ST_000443,SKU_0040,2026-W12,4321,4125,0.9546
ST_000444,SKU_0031,2026-W30,2618,239,0.0913
ST_000445,SKU_0008,2026-W11,4918,2295,0.4667
ST_000446,SKU_0021,2026-W05,6283,2589,0.4121
ST_000447,SKU_0032,2026-W28,2303,1322,0.574
ST_000448,SKU_0038,2026-W46,8416,4229,0.5025
ST_000449,SKU_0018,2026-W43,9147,1069,0.1169
ST_000450,SKU_0035,2026-W44,2469,2419,0.9797
ST_000451,SKU_0015,2026-W31,9638,6434,0.6676
ST_000452,SKU_0028,2026-W43,5351,3563,0.6659
ST_000453,SKU_0031,2026-W36,4709,4452,0.9454
ST_000454,SKU_0006,2026-W12,9821,1465,0.1492
ST_000455,SKU_0020,2026-W40,4576,1910,0.4174
ST_000456,SKU_0046,2026-W04,7096,2232,0.3145
ST_000457,SKU_0011,2026-W50,9795,6393,0.6527
ST_000458,SKU_0018,2026-W35,3275,798,0.2437
ST_000459,SKU_0028,2026-W35,9176,4158,0.4531
ST_000460,SKU_0008,2026-W38,8312,2173,0.2614
ST_000461,SKU_0038,2026-W10,9663,3654,0.3781
ST_000462,SKU_0023,2026-W31,5153,2461,0.4776
ST_000463,SKU_0036,2026-W16,8338,3717,0.4458
ST_000464,SKU_0004,2026-W24,6694,3063,0.4576
ST_000465,SKU_0041,2026-W50,4191,2524,0.6022
ST_000466,SKU_0007,2026-W19,7569,2746,0.3628
ST_000467,SKU_0026,2026-W18,5530,3146,0.5689
ST_000468,SKU_0020,2026-W27,7696,7589,0.9861
ST_000469,SKU_0015,2026-W37,6612,1375,0.208
ST_000470,SKU_0019,2026-W45,2123,942,0.4437
ST_000471,SKU_0011,2026-W45,4462,3167,0.7098
ST_000472,SKU_0042,2026-W40,2421,2114,0.8732
ST_000473,SKU_0024,2026-W18,9387,3679,0.3919
ST_000474,SKU_0014,2026-W28,3231,1708,0.5286
ST_000475,SKU_0016,2026-W49,5795,5124,0.8842
ST_000476,SKU_0029,2026-W29,2717,1874,0.6897
ST_000477,SKU_0025,2026-W40,3513,2908,0.8278
ST_000478,SKU_0023,2026-W37,7271,5273,0.7252
ST_000479,SKU_0041,2026-W45,7586,666,0.0878
ST_000480,SKU_0038,2026-W51,9117,8079,0.8861
ST_000481,SKU_0011,2026-W11,9369,8009,0.8548
ST_000482,SKU_0003,2026-W46,3356,1900,0.5662
ST_000483,SKU_0002,2026-W31,6964,1253,0.1799
ST_000484,SKU_0050,2026-W20,4985,1727,0.3464
ST_000485,SKU_0017,2026-W40,3720,729,0.196
ST_000486,SKU_0042,2026-W27,2325,1858,0.7991
ST_000487,SKU_0007,2026-W04,5423,1398,0.2578
ST_000488,SKU_0041,2026-W11,5703,1292,0.2265
ST_000489,SKU_0037,2026-W20,4785,474,0.0991
ST_000490,SKU_0044,2026-W44,5988,292,0.0488
ST_000491,SKU_0025,2026-W27,2568,754,0.2936
ST_000492,SKU_0019,2026-W38,8330,505,0.0606
ST_000493,SKU_0002,2026-W37,2102,1947,0.9263
ST_000494,SKU_0008,2026-W16,6504,2528,0.3887
ST_000495,SKU_0031,2026-W32,2374,2148,0.9048
ST_000496,SKU_0017,2026-W27,4992,4450,0.8914
ST_000497,SKU_0050,2026-W30,6192,1517,0.245
ST_000498,SKU_0012,2026-W50,3067,796,0.2595
ST_000499,SKU_0045,2026-W40,5923,1240,0.2094
ST_000500,SKU_0041,2026-W38,7564,2759,0.3648
ST_000501,SKU_0026,2026-W12,6199,2828,0.4562
ST_000502,SKU_0015,2026-W22,6855,5254,0.7664
ST_000503,SKU_0030,2026-W40,3833,3813,0.9948
ST_000504,SKU_0033,2026-W02,2518,2227,0.8844
ST_000505,SKU_0003,2026-W26,6210,2939,0.4733
ST_000506,SKU_0009,2026-W20,6137,4056,0.6609
ST_000507,SKU_0013,2026-W29,6137,5619,0.9156
ST_000508,SKU_0037,2026-W30,9617,8120,0.8443
ST_000509,SKU_0024,2026-W12,3681,1318,0.3581
ST_000510,SKU_0048,2026-W13,2435,1638,0.6727
ST_000511,SKU_0050,2026-W36,3907,2412,0.6174
ST_000512,SKU_0039,2026-W42,5243,4127,0.7871
ST_000513,SKU_0016,2026-W07,7683,3511,0.457
ST_000514,SKU_0023,2026-W22,5598,3932,0.7024
ST_000515,SKU_0008,2026-W44,9441,399,0.0423
ST_000516,SKU_0012,2026-W45,7536,1743,0.2313
ST_000517,SKU_0022,2026-W26,9167,8077,0.8811
ST_000518,SKU_0042,2026-W21,9285,3309,0.3564
ST_000519,SKU_0018,2026-W39,5623,4833,0.8595
ST_000520,SKU_0045,2026-W27,8692,6833,0.7861
ST_000521,SKU_0004,2026-W14,9677,7991,0.8258
ST_000522,SKU_0031,2026-W42,8736,2519,0.2883
ST_000523,SKU_0030,2026-W27,6550,520,0.0794
ST_000524,SKU_0037,2026-W36,3662,1874,0.5117
ST_000525,SKU_0012,2026-W11,5631,1203,0.2136
ST_000526,SKU_0001,2026-W39,7810,4910,0.6287
ST_000527,SKU_0028,2026-W33,9578,4310,0.45
ST_000528,SKU_0009,2026-W30,7606,3510,0.4615
ST_000529,SKU_0010,2026-W16,8073,3224,0.3994
ST_000530,SKU_0001,2026-W47,8766,741,0.0845
ST_000531,SKU_0049,2026-W43,2722,963,0.3538
ST_000532,SKU_0016,2026-W01,3582,1578,0.4405
ST_000533,SKU_0002,2026-W22,5957,4511,0.7573
ST_000534,SKU_0019,2026-W16,3193,914,0.2863
ST_000535,SKU_0049,2026-W35,3613,2820,0.7805
ST_000536,SKU_0009,2026-W36,7047,2426,0.3443
ST_000537,SKU_0032,2026-W13,9977,7752,0.777
ST_000538,SKU_0012,2026-W38,9661,799,0.0827
ST_000539,SKU_0034,2026-W41,9575,9082,0.9485
ST_000540,SKU_0033,2026-W52,3803,1453,0.3821
ST_000541,SKU_0047,2026-W31,2399,1980,0.8253
ST_000542,SKU_0038,2026-W40,3243,1740,0.5365
ST_000543,SKU_0016,2026-W05,3153,2757,0.8744
ST_000544,SKU_0011,2026-W44,5019,2097,0.4178
ST_000545,SKU_0045,2026-W21,5247,2759,0.5258
ST_000546,SKU_0039,2026-W21,4530,799,0.1764
ST_000547,SKU_0033,2026-W15,4221,2406,0.57
ST_000548,SKU_0041,2026-W44,8995,7960,0.8849
ST_000549,SKU_0050,2026-W32,8509,8228,0.967
ST_000550,SKU_0004,2026-W50,5605,5391,0.9618
ST_000551,SKU_0038,2026-W27,4402,2975,0.6758
ST_000552,SKU_0047,2026-W37,6670,6199,0.9294
ST_000553,SKU_0015,2026-W49,6638,2457,0.3701
ST_000554,SKU_0046,2026-W20,2994,2253,0.7525
ST_000555,SKU_0014,2026-W13,6392,2063,0.3227
ST_000556,SKU_0037,2026-W32,5105,4422,0.8662
ST_000557,SKU_0018,2026-W09,8205,6117,0.7455
ST_000558,SKU_0028,2026-W09,2043,1309,0.6407
ST_000559,SKU_0023,2026-W49,6752,4507,0.6675
ST_000560,SKU_0004,2026-W45,9548,8785,0.9201
ST_000561,SKU_0007,2026-W06,9491,1213,0.1278
ST_000562,SKU_0022,2026-W03,6801,6429,0.9453
ST_000563,SKU_0003,2026-W40,3581,880,0.2457
ST_000564,SKU_0012,2026-W16,2161,1098,0.5081
ST_000565,SKU_0050,2026-W42,6902,3394,0.4917
ST_000566,SKU_0022,2026-W17,4335,2595,0.5986
ST_000567,SKU_0046,2026-W30,7935,4515,0.569
ST_000568,SKU_0009,2026-W32,8271,7308,0.8836
ST_000569,SKU_0037,2026-W42,2532,2148,0.8483
ST_000570,SKU_0002,2026-W49,8811,6021,0.6834
ST_000571,SKU_0038,2026-W21,9789,6015,0.6145
ST_000572,SKU_0036,2026-W31,9869,2323,0.2354
ST_000573,SKU_0003,2026-W27,8674,5699,0.657
ST_000574,SKU_0046,2026-W36,8839,3970,0.4491
ST_000575,SKU_0006,2026-W29,6921,743,0.1074
ST_000576,SKU_0022,2026-W23,7131,1694,0.2376
ST_000577,SKU_0023,2026-W48,8259,8098,0.9805
ST_000578,SKU_0005,2026-W41,9721,5955,0.6126
ST_000579,SKU_0047,2026-W22,4634,1335,0.2881
ST_000580,SKU_0004,2026-W38,9500,5458,0.5745
ST_000581,SKU_0010,2026-W29,2230,2045,0.917
ST_000582,SKU_0015,2026-W07,2225,1754,0.7883
ST_000583,SKU_0043,2026-W50,9105,3353,0.3683
ST_000584,SKU_0007,2026-W10,2416,2108,0.8725
ST_000585,SKU_0049,2026-W33,9557,3483,0.3644
ST_000586,SKU_0009,2026-W42,9926,7992,0.8052
ST_000587,SKU_0044,2026-W31,9119,6911,0.7579
ST_000588,SKU_0036,2026-W37,2415,914,0.3785
ST_000589,SKU_0021,2026-W41,5853,4446,0.7596
ST_000590,SKU_0034,2026-W46,5882,659,0.112
ST_000591,SKU_0023,2026-W07,9813,3459,0.3525
ST_000592,SKU_0048,2026-W26,9875,4294,0.4348
ST_000593,SKU_0007,2026-W30,3091,665,0.2151
ST_000594,SKU_0015,2026-W01,8866,5749,0.6484
ST_000595,SKU_0007,2026-W51,9167,8406,0.917
ST_000596,SKU_0034,2026-W10,8333,1915,0.2298
ST_000597,SKU_0044,2026-W37,7155,3511,0.4907
ST_000598,SKU_0043,2026-W11,3705,362,0.0977
ST_000599,SKU_0037,2026-W21,3614,3093,0.8558
ST_000600,SKU_0008,2026-W31,9103,2257,0.2479
ST_000601,SKU_0033,2026-W28,6185,3025,0.4891
ST_000602,SKU_0002,2026-W07,6298,6218,0.9873
ST_000603,SKU_0039,2026-W43,9088,7231,0.7957
ST_000604,SKU_0015,2026-W05,5812,2423,0.4169
ST_000605,SKU_0023,2026-W08,3833,2777,0.7245
ST_000606,SKU_0048,2026-W20,5150,384,0.0746
ST_000607,SKU_0039,2026-W35,4391,4327,0.9854
ST_000608,SKU_0004,2026-W16,7610,5273,0.6929
ST_000609,SKU_0034,2026-W51,6349,4465,0.7033
ST_000610,SKU_0031,2026-W43,3922,1188,0.3029
ST_000611,SKU_0046,2026-W32,5212,1325,0.2542
ST_000612,SKU_0009,2026-W21,8027,4693,0.5847
ST_000613,SKU_0031,2026-W35,7619,5515,0.7238
ST_000614,SKU_0023,2026-W05,2935,1997,0.6804
ST_000615,SKU_0008,2026-W37,7998,7666,0.9585
ST_000616,SKU_0028,2026-W14,4593,252,0.0549
ST_000617,SKU_0026,2026-W29,5550,525,0.0946
ST_000618,SKU_0002,2026-W01,7633,5036,0.6598
ST_000619,SKU_0049,2026-W09,4404,4007,0.9099
ST_000620,SKU_0024,2026-W29,9788,1266,0.1293
ST_000621,SKU_0047,2026-W49,6377,4386,0.6878
ST_000622,SKU_0018,2026-W18,6235,304,0.0488
ST_000623,SKU_0044,2026-W22,7525,5677,0.7544
ST_000624,SKU_0029,2026-W15,5193,3029,0.5833
ST_000625,SKU_0046,2026-W42,2589,1152,0.445
ST_000626,SKU_0011,2026-W31,2690,2597,0.9654
ST_000627,SKU_0001,2026-W18,2997,1328,0.4431
ST_000628,SKU_0005,2026-W46,3338,2513,0.7528
ST_000629,SKU_0002,2026-W05,5329,3870,0.7262
ST_000630,SKU_0019,2026-W31,3642,3389,0.9305
ST_000631,SKU_0032,2026-W20,2127,1114,0.5237
ST_000632,SKU_0014,2026-W26,4071,1801,0.4424
ST_000633,SKU_0029,2026-W48,8555,6574,0.7684
ST_000634,SKU_0048,2026-W36,8061,1873,0.2324
ST_000635,SKU_0041,2026-W31,6412,3292,0.5134
ST_000636,SKU_0048,2026-W03,4428,3385,0.7645
ST_000637,SKU_0005,2026-W10,8863,1454,0.1641
ST_000638,SKU_0021,2026-W46,2498,2066,0.8271
ST_000639,SKU_0047,2026-W48,6493,5852,0.9013
ST_000640,SKU_0019,2026-W37,8205,1010,0.1231
ST_000641,SKU_0011,2026-W37,3407,2049,0.6014
ST_000642,SKU_0048,2026-W17,5742,5126,0.8927
ST_000643,SKU_0027,2026-W02,4105,2738,0.667
ST_000644,SKU_0008,2026-W22,3002,2129,0.7092
ST_000645,SKU_0029,2026-W34,5477,2865,0.5231
ST_000646,SKU_0035,2026-W02,8975,5441,0.6062
ST_000647,SKU_0035,2026-W25,9820,8594,0.8752
ST_000648,SKU_0041,2026-W37,9306,9254,0.9944
ST_000649,SKU_0020,2026-W39,6168,1269,0.2057
ST_000650,SKU_0014,2026-W20,3804,2655,0.6979
ST_000651,SKU_0005,2026-W51,2533,1876,0.7406
ST_000652,SKU_0013,2026-W15,7877,1387,0.1761
ST_000653,SKU_0048,2026-W23,5953,481,0.0808
ST_000654,SKU_0043,2026-W44,4406,1025,0.2326
ST_000655,SKU_0018,2026-W12,4332,1174,0.271
ST_000656,SKU_0047,2026-W07,6274,3174,0.5059
ST_000657,SKU_0032,2026-W36,5409,1247,0.2305
ST_000658,SKU_0020,2026-W47,3946,1170,0.2965
ST_000659,SKU_0013,2026-W48,9395,3580,0.3811
ST_000660,SKU_0050,2026-W43,6357,5721,0.9
ST_000661,SKU_0046,2026-W21,3938,650,0.1651
ST_000662,SKU_0016,2026-W13,5288,4285,0.8103
ST_000663,SKU_0001,2026-W12,3471,2579,0.743
ST_000664,SKU_0032,2026-W03,2384,342,0.1435
ST_000665,SKU_0021,2026-W26,3922,2052,0.5232
ST_000666,SKU_0050,2026-W35,3151,2985,0.9473
ST_000667,SKU_0034,2026-W40,4513,4224,0.936
ST_000668,SKU_0039,2026-W33,9110,1167,0.1281
ST_000669,SKU_0012,2026-W31,8054,5623,0.6982
ST_000670,SKU_0029,2026-W08,6789,5631,0.8294
ST_000671,SKU_0037,2026-W43,4082,687,0.1683
ST_000672,SKU_0016,2026-W41,7942,5208,0.6558
ST_000673,SKU_0032,2026-W17,4930,907,0.184
ST_000674,SKU_0033,2026-W19,3602,414,0.1149
ST_000675,SKU_0013,2026-W34,6001,2637,0.4394
ST_000676,SKU_0037,2026-W35,4680,3207,0.6853
ST_000677,SKU_0031,2026-W33,3205,2655,0.8284
ST_000678,SKU_0011,2026-W22,2283,232,0.1016
ST_000679,SKU_0048,2026-W32,3622,1636,0.4517
ST_000680,SKU_0044,2026-W49,7030,1584,0.2253
ST_000681,SKU_0027,2026-W52,7243,365,0.0504
ST_000682,SKU_0047,2026-W08,9834,6206,0.6311
ST_000683,SKU_0032,2026-W23,9443,8034,0.8508
ST_000684,SKU_0034,2026-W27,7296,7288,0.9989
ST_000685,SKU_0014,2026-W36,9149,758,0.0829
ST_000686,SKU_0025,2026-W47,8991,3418,0.3802
ST_000687,SKU_0041,2026-W22,6763,5786,0.8555
ST_000688,SKU_0009,2026-W43,3076,2897,0.9418
ST_000689,SKU_0012,2026-W37,3271,1902,0.5815
ST_000690,SKU_0036,2026-W48,3983,3466,0.8702
ST_000691,SKU_0035,2026-W52,7948,217,0.0273
ST_000692,SKU_0049,2026-W14,9700,3571,0.3681
ST_000693,SKU_0027,2026-W15,2442,2234,0.9148
ST_000694,SKU_0017,2026-W47,6135,2117,0.3451
ST_000695,SKU_0014,2026-W03,7132,4271,0.5989
ST_000696,SKU_0044,2026-W25,2542,1877,0.7384
ST_000697,SKU_0009,2026-W35,8445,4462,0.5284
ST_000698,SKU_0035,2026-W01,3208,3179,0.991
ST_000699,SKU_0033,2026-W04,6968,2456,0.3525
ST_000700,SKU_0007,2026-W21,8384,6182,0.7374
ST_000701,SKU_0014,2026-W17,5299,1027,0.1938
ST_000702,SKU_0048,2026-W42,3200,2783,0.8697
ST_000703,SKU_0008,2026-W49,9488,5982,0.6305
ST_000704,SKU_0013,2026-W08,7293,6798,0.9321
ST_000705,SKU_0042,2026-W24,6001,5197,0.866
ST_000706,SKU_0036,2026-W07,9193,8972,0.976
ST_000707,SKU_0032,2026-W32,7436,5610,0.7544
ST_000708,SKU_0014,2026-W23,3006,879,0.2924
ST_000709,SKU_0030,2026-W47,3546,977,0.2755
ST_000710,SKU_0044,2026-W07,8403,2123,0.2526
ST_000711,SKU_0012,2026-W22,7609,3654,0.4802
ST_000712,SKU_0005,2026-W40,2237,1891,0.8453
ST_000713,SKU_0032,2026-W42,3631,410,0.1129
ST_000714,SKU_0040,2026-W15,6418,6040,0.9411
ST_000715,SKU_0036,2026-W08,7014,5120,0.73
ST_000716,SKU_0004,2026-W31,3515,2980,0.8478
ST_000717,SKU_0014,2026-W32,8178,5721,0.6996
ST_000718,SKU_0045,2026-W24,5045,3498,0.6934
ST_000719,SKU_0039,2026-W24,3970,3858,0.9718
ST_000720,SKU_0049,2026-W12,7536,853,0.1132
ST_000721,SKU_0011,2026-W49,2715,1395,0.5138
ST_000722,SKU_0044,2026-W01,9414,552,0.0586
ST_000723,SKU_0050,2026-W33,9035,2986,0.3305
ST_000724,SKU_0005,2026-W27,7954,972,0.1222
ST_000725,SKU_0008,2026-W07,4864,1919,0.3945
ST_000726,SKU_0006,2026-W15,2408,2284,0.9485
ST_000727,SKU_0046,2026-W43,8603,441,0.0513
ST_000728,SKU_0041,2026-W49,8620,4833,0.5607
ST_000729,SKU_0037,2026-W33,2453,857,0.3494
ST_000730,SKU_0004,2026-W37,5760,3581,0.6217
ST_000731,SKU_0010,2026-W15,2590,2111,0.8151
ST_000732,SKU_0040,2026-W34,9307,8208,0.8819
ST_000733,SKU_0015,2026-W13,6471,1030,0.1592
ST_000734,SKU_0046,2026-W35,3382,3030,0.8959
ST_000735,SKU_0044,2026-W05,9676,8601,0.8889
ST_000736,SKU_0010,2026-W48,6828,2247,0.3291
ST_000737,SKU_0014,2026-W42,4010,740,0.1845
ST_000738,SKU_0015,2026-W41,3795,1329,0.3502
ST_000739,SKU_0019,2026-W48,9679,6312,0.6521
ST_000740,SKU_0009,2026-W33,4101,763,0.1861
ST_000741,SKU_0006,2026-W34,7419,1395,0.188
ST_000742,SKU_0027,2026-W28,8210,6207,0.756
ST_000743,SKU_0016,2026-W26,3683,2941,0.7985
ST_000744,SKU_0010,2026-W34,7407,898,0.1212
ST_000745,SKU_0023,2026-W41,8125,4111,0.506
ST_000746,SKU_0043,2026-W31,7573,4290,0.5665
ST_000747,SKU_0019,2026-W07,6234,1099,0.1763
ST_000748,SKU_0011,2026-W07,9583,6561,0.6846
ST_000749,SKU_0008,2026-W05,3455,657,0.1902
ST_000750,SKU_0035,2026-W28,7970,2446,0.3069
ST_000751,SKU_0038,2026-W24,9809,2823,0.2878
ST_000752,SKU_0003,2026-W39,5892,3600,0.611
ST_000753,SKU_0002,2026-W13,4974,3737,0.7513
ST_000754,SKU_0050,2026-W09,4773,3787,0.7934
ST_000755,SKU_0012,2026-W49,8810,552,0.0627
ST_000756,SKU_0004,2026-W22,5913,3674,0.6213
ST_000757,SKU_0003,2026-W47,3235,476,0.1471
ST_000758,SKU_0041,2026-W07,7644,2284,0.2988
ST_000759,SKU_0043,2026-W37,9226,2177,0.236
ST_000760,SKU_0022,2026-W39,5347,1990,0.3722
ST_000761,SKU_0039,2026-W14,9086,5329,0.5865
ST_000762,SKU_0010,2026-W08,2450,769,0.3139
ST_000763,SKU_0020,2026-W18,2525,1362,0.5394
ST_000764,SKU_0022,2026-W47,3534,537,0.152
ST_000765,SKU_0011,2026-W01,9429,573,0.0608
ST_000766,SKU_0026,2026-W15,5090,1185,0.2328
ST_000767,SKU_0042,2026-W50,2999,1279,0.4265
ST_000768,SKU_0031,2026-W14,9172,1334,0.1454
ST_000769,SKU_0019,2026-W08,2382,1796,0.754
ST_000770,SKU_0024,2026-W15,9850,4838,0.4912
ST_000771,SKU_0018,2026-W29,4634,2964,0.6396
ST_000772,SKU_0028,2026-W29,9782,8447,0.8635
ST_000773,SKU_0040,2026-W28,3525,226,0.0641
ST_000774,SKU_0041,2026-W01,2203,1598,0.7254
ST_000775,SKU_0020,2026-W11,6691,2286,0.3417
ST_000776,SKU_0029,2026-W04,8197,726,0.0886
ST_000777,SKU_0033,2026-W20,7672,1241,0.1618
ST_000778,SKU_0011,2026-W05,8444,4630,0.5483
ST_000779,SKU_0017,2026-W50,4077,1671,0.4099
ST_000780,SKU_0037,2026-W24,3019,1737,0.5754
ST_000781,SKU_0042,2026-W45,2793,2643,0.9463
ST_000782,SKU_0026,2026-W34,4517,3538,0.7833
ST_000783,SKU_0041,2026-W05,4724,2226,0.4712
ST_000784,SKU_0046,2026-W33,8413,7814,0.9288
ST_000785,SKU_0012,2026-W07,2020,1479,0.7322
ST_000786,SKU_0024,2026-W34,3246,1092,0.3364
ST_000787,SKU_0043,2026-W22,8107,4390,0.5415
ST_000788,SKU_0048,2026-W35,7476,4058,0.5428
ST_000789,SKU_0016,2026-W03,6981,6834,0.9789
ST_000790,SKU_0033,2026-W30,6245,2121,0.3396
ST_000791,SKU_0009,2026-W24,8585,3198,0.3725
ST_000792,SKU_0025,2026-W11,7121,2026,0.2845
ST_000793,SKU_0045,2026-W50,3388,3283,0.969
ST_000794,SKU_0030,2026-W50,8025,7079,0.8821
ST_000795,SKU_0016,2026-W17,3997,3115,0.7793
ST_000796,SKU_0017,2026-W11,5117,3813,0.7452
ST_000797,SKU_0013,2026-W04,5600,400,0.0714
ST_000798,SKU_0042,2026-W38,6895,4715,0.6838
ST_000799,SKU_0023,2026-W46,6655,3236,0.4863
ST_000800,SKU_0033,2026-W36,3668,1421,0.3874
ST_000801,SKU_0022,2026-W09,3200,1650,0.5156
ST_000802,SKU_0004,2026-W49,7678,6542,0.852
ST_000803,SKU_0045,2026-W45,2543,2232,0.8777
ST_000804,SKU_0016,2026-W23,2491,698,0.2802
ST_000805,SKU_0032,2026-W43,3574,3518,0.9843
ST_000806,SKU_0039,2026-W45,7799,2795,0.3584
ST_000807,SKU_0027,2026-W19,6100,4570,0.7492
ST_000808,SKU_0032,2026-W35,8994,1695,0.1885
ST_000809,SKU_0047,2026-W41,7557,1486,0.1966
ST_000810,SKU_0015,2026-W26,2989,1729,0.5785
ST_000811,SKU_0045,2026-W11,5064,3068,0.6058
ST_000812,SKU_0012,2026-W05,3103,1281,0.4128
ST_000813,SKU_0030,2026-W11,6580,4920,0.7477
ST_000814,SKU_0050,2026-W14,7070,2245,0.3175
ST_000815,SKU_0004,2026-W48,9053,223,0.0246
ST_000816,SKU_0035,2026-W13,9168,8475,0.9244
ST_000817,SKU_0037,2026-W14,5870,1209,0.206
ST_000818,SKU_0045,2026-W38,3671,253,0.0689
ST_000819,SKU_0039,2026-W38,8221,1036,0.126
ST_000820,SKU_0027,2026-W04,5311,951,0.1791
ST_000821,SKU_0020,2026-W44,9162,8765,0.9567
ST_000822,SKU_0038,2026-W50,9842,637,0.0647
ST_000823,SKU_0042,2026-W16,4528,763,0.1685
ST_000824,SKU_0004,2026-W07,2848,942,0.3308
ST_000825,SKU_0049,2026-W29,9267,1273,0.1374
ST_000826,SKU_0043,2026-W49,7411,1269,0.1712
ST_000827,SKU_0002,2026-W26,5154,1204,0.2336
ST_000828,SKU_0009,2026-W14,2408,218,0.0905
ST_000829,SKU_0048,2026-W39,5482,1169,0.2132
ST_000830,SKU_0046,2026-W24,2397,760,0.3171
ST_000831,SKU_0040,2026-W19,7943,4881,0.6145
ST_000832,SKU_0033,2026-W32,8369,7670,0.9165
ST_000833,SKU_0038,2026-W45,5193,4063,0.7824
ST_000834,SKU_0029,2026-W06,4191,4051,0.9666
ST_000835,SKU_0043,2026-W02,5427,5067,0.9337
ST_000836,SKU_0043,2026-W25,5847,3795,0.6491
ST_000837,SKU_0038,2026-W11,6188,406,0.0656
ST_000838,SKU_0025,2026-W44,3587,1364,0.3803
ST_000839,SKU_0036,2026-W41,6680,6610,0.9895
ST_000840,SKU_0006,2026-W19,3592,629,0.1751
ST_000841,SKU_0004,2026-W08,5569,2107,0.3783
ST_000842,SKU_0044,2026-W13,7912,5065,0.6402
ST_000843,SKU_0017,2026-W44,3762,3048,0.8102
ST_000844,SKU_0033,2026-W42,8874,5179,0.5836
ST_000845,SKU_0040,2026-W04,6454,2128,0.3297
ST_000846,SKU_0039,2026-W16,5001,3175,0.6349
ST_000847,SKU_0038,2026-W38,5618,2755,0.4904
ST_000848,SKU_0034,2026-W47,6720,441,0.0656
ST_000849,SKU_0004,2026-W05,6438,2998,0.4657
ST_000850,SKU_0015,2026-W03,5603,2655,0.4739
ST_000851,SKU_0031,2026-W16,9273,8188,0.883
ST_000852,SKU_0003,2026-W18,2683,2211,0.8241
ST_000853,SKU_0015,2026-W17,5625,1078,0.1916
ST_000854,SKU_0043,2026-W07,4619,2939,0.6363
ST_000855,SKU_0007,2026-W24,5358,2590,0.4834
ST_000856,SKU_0032,2026-W33,6273,4912,0.783
ST_000857,SKU_0047,2026-W46,7657,3282,0.4286
ST_000858,SKU_0037,2026-W45,4070,1165,0.2862
ST_000859,SKU_0029,2026-W10,3249,818,0.2518
ST_000860,SKU_0006,2026-W04,7843,2344,0.2989
ST_000861,SKU_0045,2026-W44,8383,3412,0.407
ST_000862,SKU_0013,2026-W06,6810,3365,0.4941
ST_000863,SKU_0030,2026-W44,3906,637,0.1631
ST_000864,SKU_0010,2026-W04,8635,1849,0.2141
ST_000865,SKU_0022,2026-W18,4664,4566,0.979
ST_000866,SKU_0003,2026-W11,6876,5221,0.7593
ST_000867,SKU_0015,2026-W23,5444,215,0.0395
ST_000868,SKU_0023,2026-W40,6804,5250,0.7716
ST_000869,SKU_0008,2026-W41,3612,3080,0.8527
ST_000870,SKU_0029,2026-W30,9977,2813,0.2819
ST_000871,SKU_0048,2026-W09,5178,1856,0.3584
ST_000872,SKU_0029,2026-W51,4060,1003,0.247
ST_000873,SKU_0043,2026-W01,2426,813,0.3351
ST_000874,SKU_0014,2026-W39,5528,1490,0.2695
ST_000875,SKU_0046,2026-W14,2159,1864,0.8634
ST_000876,SKU_0001,2026-W02,4316,1306,0.3026
ST_000877,SKU_0002,2026-W03,4061,281,0.0692
ST_000878,SKU_0001,2026-W25,2912,1622,0.557
ST_000879,SKU_0033,2026-W21,3190,487,0.1527
ST_000880,SKU_0037,2026-W38,5690,1898,0.3336
ST_000881,SKU_0002,2026-W17,6421,1103,0.1718
ST_000882,SKU_0023,2026-W27,2415,476,0.1971
ST_000883,SKU_0026,2026-W19,7396,4474,0.6049
ST_000884,SKU_0013,2026-W10,8717,7485,0.8587
ST_000885,SKU_0043,2026-W05,3953,3238,0.8191
ST_000886,SKU_0024,2026-W19,3685,3044,0.8261
ST_000887,SKU_0011,2026-W13,7122,1697,0.2383
ST_000888,SKU_0002,2026-W23,4332,4109,0.9485
ST_000889,SKU_0009,2026-W38,2806,1601,0.5706
ST_000890,SKU_0022,2026-W12,7406,1530,0.2066
ST_000891,SKU_0032,2026-W09,4798,4763,0.9927
ST_000892,SKU_0038,2026-W44,9770,6729,0.6887
ST_000893,SKU_0005,2026-W47,8285,4095,0.4943
ST_000894,SKU_0035,2026-W26,9206,4033,0.4381
ST_000895,SKU_0036,2026-W46,7034,694,0.0987
ST_000896,SKU_0019,2026-W41,3555,622,0.175
ST_000897,SKU_0013,2026-W51,8186,3376,0.4124
ST_000898,SKU_0041,2026-W13,6660,3850,0.5781
ST_000899,SKU_0026,2026-W04,8370,1644,0.1964
ST_000900,SKU_0021,2026-W39,8872,8722,0.9831
ST_000901,SKU_0050,2026-W16,2837,2409,0.8491
ST_000902,SKU_0041,2026-W41,8341,6555,0.7859
ST_000903,SKU_0036,2026-W10,6178,3228,0.5225
ST_000904,SKU_0024,2026-W04,7278,4575,0.6286
ST_000905,SKU_0021,2026-W47,4051,352,0.0869
ST_000906,SKU_0001,2026-W52,5744,2180,0.3795
ST_000907,SKU_0027,2026-W20,8495,4936,0.581
ST_000908,SKU_0039,2026-W29,3874,539,0.1391
ST_000909,SKU_0018,2026-W15,6682,367,0.0549
ST_000910,SKU_0028,2026-W15,9463,9194,0.9716
ST_000911,SKU_0037,2026-W16,4905,3869,0.7888
ST_000912,SKU_0001,2026-W01,7737,1938,0.2505
ST_000913,SKU_0031,2026-W29,4262,1815,0.4259
ST_000914,SKU_0035,2026-W20,7068,6401,0.9056
ST_000915,SKU_0028,2026-W48,9670,8648,0.8943
ST_000916,SKU_0014,2026-W09,9199,7332,0.797
ST_000917,SKU_0040,2026-W06,7795,3978,0.5103
ST_000918,SKU_0046,2026-W45,4782,4705,0.9839
ST_000919,SKU_0036,2026-W51,8683,7961,0.9168
ST_000920,SKU_0003,2026-W44,2497,581,0.2327
ST_000921,SKU_0027,2026-W30,4701,2549,0.5422
ST_000922,SKU_0009,2026-W16,9568,2688,0.2809
ST_000923,SKU_0008,2026-W46,9286,2382,0.2565
ST_000924,SKU_0018,2026-W34,9744,8279,0.8497
ST_000925,SKU_0042,2026-W31,2324,1706,0.7341
ST_000926,SKU_0028,2026-W34,5065,4096,0.8087
ST_000927,SKU_0044,2026-W26,5729,5537,0.9665
ST_000928,SKU_0029,2026-W40,8624,2766,0.3207
ST_000929,SKU_0006,2026-W06,2284,392,0.1716
ST_000930,SKU_0027,2026-W36,7900,2830,0.3582
ST_000931,SKU_0010,2026-W06,7691,2119,0.2755
ST_000932,SKU_0012,2026-W41,5399,4696,0.8698
ST_000933,SKU_0007,2026-W50,8636,1055,0.1222
ST_000934,SKU_0047,2026-W40,6538,4920,0.7525
ST_000935,SKU_0017,2026-W31,5540,2439,0.4403
ST_000936,SKU_0046,2026-W38,3807,1483,0.3895
ST_000937,SKU_0035,2026-W36,9480,4231,0.4463
ST_000938,SKU_0042,2026-W37,8896,3087,0.347
ST_000939,SKU_0029,2026-W27,2260,619,0.2739
ST_000940,SKU_0048,2026-W18,6418,4041,0.6296
ST_000941,SKU_0033,2026-W43,6006,3583,0.5966
ST_000942,SKU_0035,2026-W03,5701,848,0.1487
ST_000943,SKU_0008,2026-W26,3341,2541,0.7606
ST_000944,SKU_0007,2026-W45,4202,3984,0.9481
ST_000945,SKU_0010,2026-W46,7341,2266,0.3087
ST_000946,SKU_0028,2026-W08,7976,831,0.1042
ST_000947,SKU_0033,2026-W35,9302,1336,0.1436
ST_000948,SKU_0047,2026-W27,5032,2008,0.399
ST_000949,SKU_0034,2026-W50,7174,217,0.0302
ST_000950,SKU_0035,2026-W17,9922,1964,0.1979
ST_000951,SKU_0017,2026-W37,3226,3077,0.9538
ST_000952,SKU_0045,2026-W31,6044,661,0.1094
ST_000953,SKU_0013,2026-W40,8593,7484,0.8709
ST_000954,SKU_0019,2026-W46,3584,1779,0.4964
ST_000955,SKU_0040,2026-W30,5277,1663,0.3151
ST_000956,SKU_0030,2026-W31,2423,1877,0.7747
ST_000957,SKU_0032,2026-W14,7288,6782,0.9306
ST_000958,SKU_0010,2026-W10,8292,7464,0.9001
ST_000959,SKU_0035,2026-W23,3239,2234,0.6897
ST_000960,SKU_0050,2026-W29,3024,1258,0.416
ST_000961,SKU_0019,2026-W10,9843,4763,0.4839
ST_000962,SKU_0029,2026-W21,5721,296,0.0517
ST_000963,SKU_0006,2026-W30,8761,7227,0.8249
ST_000964,SKU_0013,2026-W27,5854,2329,0.3978
ST_000965,SKU_0045,2026-W37,4987,310,0.0622
ST_000966,SKU_0007,2026-W38,5715,730,0.1277
ST_000967,SKU_0030,2026-W37,5536,1389,0.2509
ST_000968,SKU_0034,2026-W11,3907,2620,0.6706
ST_000969,SKU_0042,2026-W22,3270,1660,0.5076
ST_000970,SKU_0037,2026-W29,3090,1981,0.6411
ST_000971,SKU_0046,2026-W16,7538,3044,0.4038
ST_000972,SKU_0010,2026-W51,7523,6814,0.9058
ST_000973,SKU_0027,2026-W32,4986,2924,0.5864
ST_000974,SKU_0026,2026-W06,7666,5380,0.7018
ST_000975,SKU_0048,2026-W12,5638,2975,0.5277
ST_000976,SKU_0011,2026-W26,9638,7474,0.7755
ST_000977,SKU_0049,2026-W15,5340,4409,0.8257
ST_000978,SKU_0036,2026-W40,3004,654,0.2177
ST_000979,SKU_0025,2026-W22,3332,231,0.0693
ST_000980,SKU_0001,2026-W28,2297,1665,0.7249
ST_000981,SKU_0019,2026-W51,5435,2826,0.52
ST_000982,SKU_0044,2026-W03,7622,2793,0.3664
ST_000983,SKU_0024,2026-W06,4833,2197,0.4546
ST_000984,SKU_0035,2026-W32,2398,1232,0.5138
ST_000985,SKU_0049,2026-W48,2167,1187,0.5478
ST_000986,SKU_0017,2026-W22,8538,4757,0.5572
ST_000987,SKU_0041,2026-W26,3631,2768,0.7623
ST_000988,SKU_0044,2026-W17,9257,3541,0.3825
ST_000989,SKU_0004,2026-W41,6348,3957,0.6233
ST_000990,SKU_0009,2026-W29,3293,2910,0.8837
ST_000991,SKU_0016,2026-W39,5681,279,0.0491
ST_000992,SKU_0014,2026-W18,5894,5553,0.9421
ST_000993,SKU_0036,2026-W27,9405,6122,0.6509
ST_000994,SKU_0027,2026-W42,6964,6079,0.8729
ST_000995,SKU_0038,2026-W31,3758,1130,0.3007
ST_000996,SKU_0016,2026-W47,4883,1642,0.3363
ST_000997,SKU_0013,2026-W21,4343,1569,0.3613
ST_000998,SKU_0012,2026-W46,3597,2487,0.6914
ST_000999,SKU_0049,2026-W34,4454,2253,0.5058
ST_001000,SKU_0044,2026-W23,6539,1260,0.1927
ST_001001,SKU_0005,2026-W50,4022,3019,0.7506
ST_001002,SKU_0035,2026-W42,3232,2431,0.7522
ST_001003,SKU_0045,2026-W22,6830,303,0.0444
ST_001004,SKU_0032,2026-W12,2794,2131,0.7627
ST_001005,SKU_0030,2026-W22,2512,350,0.1393
ST_001006,SKU_0007,2026-W16,5248,1849,0.3523
ST_001007,SKU_0038,2026-W37,5987,4501,0.7518
ST_001008,SKU_0033,2026-W33,9702,1439,0.1483
ST_001009,SKU_0026,2026-W30,7646,6794,0.8886
ST_001010,SKU_0043,2026-W13,9810,2201,0.2244
ST_001011,SKU_0012,2026-W26,6468,3732,0.577
ST_001012,SKU_0008,2026-W23,6277,5015,0.7989
ST_001013,SKU_0020,2026-W02,8633,4177,0.4838
ST_001014,SKU_0049,2026-W08,6452,1928,0.2988
ST_001015,SKU_0005,2026-W11,6785,5813,0.8567
ST_001016,SKU_0020,2026-W25,7767,7108,0.9152
ST_001017,SKU_0024,2026-W30,9615,5828,0.6061
ST_001018,SKU_0021,2026-W18,8301,2333,0.2811
ST_001019,SKU_0014,2026-W12,3564,1334,0.3743
ST_001020,SKU_0042,2026-W49,7140,2929,0.4102
ST_001021,SKU_0027,2026-W21,9711,8378,0.8627
ST_001022,SKU_0025,2026-W49,7695,5853,0.7606
ST_001023,SKU_0011,2026-W03,2637,747,0.2833
ST_001024,SKU_0034,2026-W44,8836,4866,0.5507
ST_001025,SKU_0016,2026-W09,2453,1093,0.4456
ST_001026,SKU_0010,2026-W40,8208,4355,0.5306
ST_001027,SKU_0017,2026-W49,4153,3289,0.792
ST_001028,SKU_0011,2026-W17,2508,1707,0.6806
ST_001029,SKU_0046,2026-W29,6527,4540,0.6956
ST_001030,SKU_0038,2026-W22,5800,253,0.0436
ST_001031,SKU_0041,2026-W03,4061,3758,0.9254
ST_001032,SKU_0019,2026-W40,7024,6223,0.886
ST_001033,SKU_0025,2026-W02,9874,1717,0.1739
ST_001034,SKU_0025,2026-W25,6648,1826,0.2747
ST_001035,SKU_0041,2026-W17,8644,2066,0.239
ST_001036,SKU_0017,2026-W02,6480,5539,0.8548
ST_001037,SKU_0017,2026-W25,5779,1995,0.3452
ST_001038,SKU_0004,2026-W46,3063,1154,0.3768
ST_001039,SKU_0010,2026-W27,8060,1773,0.22
ST_001040,SKU_0018,2026-W19,4676,1034,0.2211
ST_001041,SKU_0011,2026-W23,6644,2892,0.4353
ST_001042,SKU_0020,2026-W52,2424,1896,0.7822
ST_001043,SKU_0045,2026-W49,9896,2500,0.2526
ST_001044,SKU_0001,2026-W19,3548,1209,0.3408
ST_001045,SKU_0019,2026-W27,4496,2439,0.5425
ST_001046,SKU_0030,2026-W49,2211,1582,0.7155
ST_001047,SKU_0021,2026-W12,4980,4840,0.9719
ST_001048,SKU_0041,2026-W23,8229,6322,0.7683
ST_001049,SKU_0042,2026-W07,8139,6098,0.7492
ST_001050,SKU_0040,2026-W21,7475,2201,0.2944
ST_001051,SKU_0020,2026-W01,9731,9259,0.9515
ST_001052,SKU_0001,2026-W13,7995,5242,0.6557
ST_001053,SKU_0030,2026-W02,6456,2121,0.3285
ST_001054,SKU_0030,2026-W25,3991,1005,0.2518
ST_001055,SKU_0015,2026-W39,3720,2025,0.5444
ST_001056,SKU_0018,2026-W04,7566,4470,0.5908
ST_001057,SKU_0028,2026-W04,5986,1875,0.3132
ST_001058,SKU_0015,2026-W47,7476,5592,0.748
ST_001059,SKU_0017,2026-W07,3882,1537,0.3959
ST_001060,SKU_0033,2026-W24,8106,4495,0.5545
ST_001061,SKU_0006,2026-W21,2483,1536,0.6186
ST_001062,SKU_0039,2026-W48,8821,2847,0.3228
ST_001063,SKU_0010,2026-W21,7017,5352,0.7627
ST_001064,SKU_0025,2026-W52,8809,5763,0.6542
ST_001065,SKU_0031,2026-W15,6657,6326,0.9503
ST_001066,SKU_0023,2026-W47,6126,755,0.1232
ST_001067,SKU_0031,2026-W48,4319,298,0.069
ST_001068,SKU_0005,2026-W44,4649,2938,0.632
ST_001069,SKU_0025,2026-W01,2547,1633,0.6411
ST_001070,SKU_0045,2026-W07,4803,3563,0.7418
ST_001071,SKU_0017,2026-W01,5998,2446,0.4078
ST_001072,SKU_0042,2026-W05,5304,2665,0.5025
ST_001073,SKU_0038,2026-W49,3092,949,0.3069
ST_001074,SKU_0002,2026-W39,5789,1829,0.3159
ST_001075,SKU_0031,2026-W34,2428,352,0.145
ST_001076,SKU_0025,2026-W05,5400,2163,0.4006
ST_001077,SKU_0002,2026-W47,5206,2600,0.4994
ST_001078,SKU_0027,2026-W43,5794,512,0.0884
ST_001079,SKU_0030,2026-W52,4276,3496,0.8176
ST_001080,SKU_0017,2026-W05,6292,4122,0.6551
ST_001081,SKU_0027,2026-W35,2490,1403,0.5635
ST_001082,SKU_0048,2026-W29,8837,2502,0.2831
ST_001083,SKU_0045,2026-W01,6345,5329,0.8399
ST_001084,SKU_0030,2026-W01,2367,1310,0.5534
ST_001085,SKU_0043,2026-W26,9593,9061,0.9445
ST_001086,SKU_0035,2026-W43,9354,1981,0.2118
ST_001087,SKU_0039,2026-W08,6946,1354,0.1949
ST_001088,SKU_0035,2026-W35,7083,2588,0.3654
ST_001089,SKU_0016,2026-W18,9402,4625,0.4919
ST_001090,SKU_0031,2026-W08,5628,3657,0.6498
ST_001091,SKU_0045,2026-W05,3757,1001,0.2664
ST_001092,SKU_0026,2026-W21,7206,5595,0.7764
ST_001093,SKU_0030,2026-W05,5730,4202,0.7333
ST_001094,SKU_0007,2026-W31,8325,5135,0.6168
ST_001095,SKU_0049,2026-W19,6688,2162,0.3233
ST_001096,SKU_0033,2026-W14,6180,355,0.0574
ST_001097,SKU_0024,2026-W21,9616,4364,0.4538
ST_001098,SKU_0038,2026-W07,8388,3873,0.4617
ST_001099,SKU_0020,2026-W28,8425,867,0.1029
ST_001100,SKU_0050,2026-W15,2929,1198,0.409
ST_001101,SKU_0032,2026-W29,8881,344,0.0387
ST_001102,SKU_0003,2026-W02,3631,2058,0.5668
ST_001103,SKU_0003,2026-W25,5521,289,0.0523
ST_001104,SKU_0040,2026-W43,9507,4629,0.4869
ST_001105,SKU_0050,2026-W48,6850,1088,0.1588
ST_001106,SKU_0004,2026-W40,6802,1003,0.1475
ST_001107,SKU_0007,2026-W37,8040,4239,0.5272
ST_001108,SKU_0040,2026-W35,6872,4828,0.7026
ST_001109,SKU_0002,2026-W09,5833,374,0.0641
ST_001110,SKU_0022,2026-W02,8438,5635,0.6678
ST_001111,SKU_0049,2026-W04,5729,4947,0.8635
ST_001112,SKU_0022,2026-W25,9332,7536,0.8075
ST_001113,SKU_0037,2026-W48,3773,608,0.1611
ST_001114,SKU_0038,2026-W01,2167,1232,0.5685
ST_001115,SKU_0006,2026-W43,2427,909,0.3745
ST_001116,SKU_0018,2026-W06,5997,770,0.1284
ST_001117,SKU_0016,2026-W12,3868,1929,0.4987
ST_001118,SKU_0028,2026-W06,3360,945,0.2812
ST_001119,SKU_0050,2026-W34,9426,5403,0.5732
ST_001120,SKU_0004,2026-W27,5010,4182,0.8347
ST_001121,SKU_0025,2026-W28,6262,2512,0.4011
ST_001122,SKU_0047,2026-W47,2588,2509,0.9695
ST_001123,SKU_0037,2026-W34,2075,710,0.3422
ST_001124,SKU_0038,2026-W05,3217,725,0.2254
ST_001125,SKU_0009,2026-W48,3096,503,0.1625
ST_001126,SKU_0043,2026-W03,2957,1102,0.3727
ST_001127,SKU_0003,2026-W52,8755,8504,0.9713
ST_001128,SKU_0027,2026-W33,6162,3694,0.5995
ST_001129,SKU_0007,2026-W22,7048,5448,0.773
ST_001130,SKU_0029,2026-W24,9465,1314,0.1388
ST_001131,SKU_0035,2026-W39,6545,3516,0.5372
ST_001132,SKU_0043,2026-W17,5550,447,0.0805
ST_001133,SKU_0033,2026-W45,9214,7937,0.8614
ST_001134,SKU_0050,2026-W08,2118,1461,0.6898
ST_001135,SKU_0009,2026-W34,8510,5254,0.6174
ST_001136,SKU_0003,2026-W01,2653,2582,0.9732
ST_001137,SKU_0022,2026-W52,4636,4262,0.9193
ST_001138,SKU_0001,2026-W20,3306,1235,0.3736
ST_001139,SKU_0028,2026-W10,2726,1883,0.6908
ST_001140,SKU_0037,2026-W08,6566,2990,0.4554
ST_001141,SKU_0043,2026-W23,8078,4358,0.5395
ST_001142,SKU_0034,2026-W22,9829,4392,0.4468
ST_001143,SKU_0005,2026-W31,4869,1909,0.3921
ST_001144,SKU_0018,2026-W30,7947,3394,0.4271
ST_001145,SKU_0028,2026-W51,6641,4366,0.6574
ST_001146,SKU_0033,2026-W38,7415,806,0.1087
ST_001147,SKU_0015,2026-W18,7127,517,0.0725
ST_001148,SKU_0009,2026-W08,9960,5922,0.5946
ST_001149,SKU_0013,2026-W24,3635,3189,0.8773
ST_001150,SKU_0036,2026-W47,9145,5264,0.5756
ST_001151,SKU_0040,2026-W33,2076,944,0.4547
ST_001152,SKU_0005,2026-W37,3818,1403,0.3675
ST_001153,SKU_0023,2026-W18,6070,2542,0.4188
ST_001154,SKU_0001,2026-W36,6669,1696,0.2543
ST_001155,SKU_0044,2026-W39,9351,3675,0.393
ST_001156,SKU_0001,2026-W03,2340,470,0.2009
ST_001157,SKU_0044,2026-W47,8298,611,0.0736
ST_001158,SKU_0023,2026-W11,5859,5297,0.9041
ST_001159,SKU_0046,2026-W48,6776,6670,0.9844
ST_001160,SKU_0020,2026-W13,8936,4006,0.4483
ST_001161,SKU_0001,2026-W17,4214,1650,0.3916
ST_001162,SKU_0006,2026-W33,5327,3129,0.5874
ST_001163,SKU_0035,2026-W09,2585,1119,0.4329
ST_001164,SKU_0002,2026-W18,6831,5658,0.8283
ST_001165,SKU_0049,2026-W06,2216,1916,0.8646
ST_001166,SKU_0007,2026-W49,5845,5667,0.9695
ST_001167,SKU_0008,2026-W39,3380,1790,0.5296
ST_001168,SKU_0015,2026-W12,5725,2661,0.4648
ST_001169,SKU_0033,2026-W16,8988,5481,0.6098
ST_001170,SKU_0027,2026-W24,8927,4280,0.4794
ST_001171,SKU_0008,2026-W47,7997,2044,0.2556
ST_001172,SKU_0005,2026-W22,7036,3275,0.4655
ST_001173,SKU_0025,2026-W13,3079,1498,0.4865
ST_001174,SKU_0042,2026-W41,7958,4900,0.6157
ST_001175,SKU_0034,2026-W49,6860,4828,0.7038
ST_001176,SKU_0031,2026-W04,2640,2005,0.7595
ST_001177,SKU_0017,2026-W13,9136,680,0.0744
ST_001178,SKU_0003,2026-W28,7352,6051,0.823
ST_001179,SKU_0001,2026-W32,9381,3186,0.3396
ST_001180,SKU_0049,2026-W10,5939,1006,0.1694
ST_001181,SKU_0046,2026-W08,4599,1723,0.3746
ST_001182,SKU_0034,2026-W02,9145,2478,0.271
ST_001183,SKU_0034,2026-W25,5707,2122,0.3718
ST_001184,SKU_0028,2026-W40,5946,5944,0.9997
ST_001185,SKU_0022,2026-W28,3321,3192,0.9612
ST_001186,SKU_0044,2026-W09,3141,1894,0.603
ST_001187,SKU_0002,2026-W12,3634,3320,0.9136
ST_001188,SKU_0029,2026-W50,9723,8850,0.9102
ST_001189,SKU_0007,2026-W07,9790,7116,0.7269
ST_001190,SKU_0045,2026-W13,2914,2116,0.7261
ST_001191,SKU_0011,2026-W39,2902,1757,0.6054
ST_001192,SKU_0030,2026-W13,6604,718,0.1087
ST_001193,SKU_0049,2026-W30,3579,3299,0.9218
ST_001194,SKU_0040,2026-W24,6493,1752,0.2698
ST_001195,SKU_0019,2026-W47,4778,4505,0.9429
ST_001196,SKU_0026,2026-W33,2849,2216,0.7778
ST_001197,SKU_0011,2026-W47,6152,976,0.1586
ST_001198,SKU_0049,2026-W51,2238,1793,0.8012
ST_001199,SKU_0001,2026-W42,4940,1456,0.2947
ST_001200,SKU_0028,2026-W27,4441,2827,0.6366
ST_001201,SKU_0041,2026-W39,2101,584,0.278
ST_001202,SKU_0039,2026-W41,4572,3916,0.8565
ST_001203,SKU_0024,2026-W33,9698,8968,0.9247
ST_001204,SKU_0029,2026-W45,3733,1700,0.4554
ST_001205,SKU_0041,2026-W47,4545,1657,0.3646
ST_001206,SKU_0048,2026-W15,2585,677,0.2619
ST_001207,SKU_0031,2026-W41,9659,3478,0.3601
ST_001208,SKU_0023,2026-W44,9215,5739,0.6228
ST_001209,SKU_0006,2026-W24,5878,5265,0.8957
ST_001210,SKU_0029,2026-W11,8489,6670,0.7857
ST_001211,SKU_0047,2026-W18,2750,1469,0.5342
ST_001212,SKU_0027,2026-W14,9879,4489,0.4544
ST_001213,SKU_0010,2026-W24,4431,389,0.0878
ST_001214,SKU_0013,2026-W50,2495,1546,0.6196
ST_001215,SKU_0034,2026-W52,5749,4986,0.8673
ST_001216,SKU_0047,2026-W11,6661,4194,0.6296
ST_001217,SKU_0005,2026-W49,6952,4694,0.6752
ST_001218,SKU_0007,2026-W05,4481,2007,0.4479
ST_001219,SKU_0034,2026-W01,2678,1596,0.596
ST_001220,SKU_0029,2026-W38,3404,866,0.2544
ST_001221,SKU_0048,2026-W34,5975,5294,0.886
ST_001222,SKU_0018,2026-W21,2690,651,0.242
ST_001223,SKU_0028,2026-W21,2106,1589,0.7545
ST_001224,SKU_0050,2026-W04,5819,2698,0.4637
ST_001225,SKU_0033,2026-W29,5562,3075,0.5529
ST_001226,SKU_0038,2026-W13,4793,531,0.1108
ST_001227,SKU_0013,2026-W45,5324,3226,0.6059
ST_001228,SKU_0005,2026-W02,8253,6978,0.8455
ST_001229,SKU_0042,2026-W46,3938,239,0.0607
ST_001230,SKU_0012,2026-W39,3470,2879,0.8297
ST_001231,SKU_0032,2026-W15,9749,310,0.0318
ST_001232,SKU_0005,2026-W25,2208,1067,0.4832
ST_001233,SKU_0032,2026-W48,6401,6335,0.9897
ST_001234,SKU_0012,2026-W47,5318,3042,0.572
ST_001235,SKU_0034,2026-W05,7338,1532,0.2088
ST_001236,SKU_0038,2026-W41,3545,840,0.237
ST_001237,SKU_0011,2026-W09,2413,1442,0.5976
ST_001238,SKU_0013,2026-W11,3113,290,0.0932
ST_001239,SKU_0036,2026-W50,7257,2567,0.3537
ST_001240,SKU_0021,2026-W02,3308,806,0.2437
ST_001241,SKU_0021,2026-W25,9255,4763,0.5146
ST_001242,SKU_0040,2026-W14,5808,278,0.0479
ST_001243,SKU_0032,2026-W34,4143,841,0.203
ST_001244,SKU_0009,2026-W04,6275,2625,0.4183
ST_001245,SKU_0013,2026-W38,6104,2790,0.4571
ST_001246,SKU_0031,2026-W06,2397,508,0.2119
ST_001247,SKU_0042,2026-W26,3647,1852,0.5078
ST_001248,SKU_0014,2026-W15,5953,1328,0.2231
ST_001249,SKU_0026,2026-W24,4422,2954,0.668
ST_001250,SKU_0049,2026-W40,2163,1348,0.6232
ST_001251,SKU_0003,2026-W13,7041,2141,0.3041
ST_001252,SKU_0006,2026-W14,3153,418,0.1326
ST_001253,SKU_0029,2026-W16,8930,560,0.0627
ST_001254,SKU_0020,2026-W20,6324,2798,0.4424
ST_001255,SKU_0025,2026-W26,9330,9212,0.9874
ST_001256,SKU_0027,2026-W45,7568,6945,0.9177
ST_001257,SKU_0039,2026-W46,9267,7453,0.8043
ST_001258,SKU_0024,2026-W24,4646,1386,0.2983
ST_001259,SKU_0036,2026-W11,2531,1126,0.4449
ST_001260,SKU_0035,2026-W12,3310,1769,0.5344
ST_001261,SKU_0022,2026-W19,6964,2638,0.3788
ST_001262,SKU_0044,2026-W18,4267,2908,0.6815
ST_001263,SKU_0005,2026-W52,5072,2710,0.5343
ST_001264,SKU_0017,2026-W26,3799,605,0.1593
ST_001265,SKU_0037,2026-W41,2160,457,0.2116
ST_001266,SKU_0031,2026-W46,6821,1150,0.1686
ST_001267,SKU_0049,2026-W27,8051,7429,0.9227
ST_001268,SKU_0005,2026-W01,9589,2406,0.2509
ST_001269,SKU_0014,2026-W34,2220,1355,0.6104
ST_001270,SKU_0039,2026-W10,6008,3769,0.6273
ST_001271,SKU_0029,2026-W44,7348,2997,0.4079
ST_001272,SKU_0032,2026-W08,9524,8713,0.9148
ST_001273,SKU_0021,2026-W52,3753,2781,0.741
ST_001274,SKU_0031,2026-W10,4940,4238,0.8579
ST_001275,SKU_0047,2026-W44,2934,2837,0.9669
ST_001276,SKU_0009,2026-W41,7750,7705,0.9942
ST_001277,SKU_0045,2026-W26,9897,7903,0.7985
ST_001278,SKU_0027,2026-W38,9289,8736,0.9405
ST_001279,SKU_0025,2026-W20,8251,3668,0.4446
ST_001280,SKU_0021,2026-W01,3114,252,0.0809
ST_001281,SKU_0030,2026-W26,6267,6266,0.9998
ST_001282,SKU_0008,2026-W18,6872,1608,0.234
ST_001283,SKU_0005,2026-W05,5744,4941,0.8602
ST_001284,SKU_0013,2026-W16,6725,4253,0.6324
ST_001285,SKU_0020,2026-W36,7046,1772,0.2515
ST_001286,SKU_0039,2026-W51,4054,2478,0.6112
ST_001287,SKU_0017,2026-W20,3745,913,0.2438
ST_001288,SKU_0004,2026-W47,6671,2266,0.3397
ST_001289,SKU_0034,2026-W28,6256,335,0.0535
ST_001290,SKU_0020,2026-W03,6033,2372,0.3932
ST_001291,SKU_0031,2026-W51,3152,1846,0.5857
ST_001292,SKU_0040,2026-W45,6118,5316,0.8689
ST_001293,SKU_0049,2026-W21,2072,444,0.2143
ST_001294,SKU_0010,2026-W50,5664,3085,0.5447
ST_001295,SKU_0020,2026-W17,2499,590,0.2361
ST_001296,SKU_0044,2026-W12,5818,4114,0.7071
ST_001297,SKU_0013,2026-W44,4852,2475,0.5101
ST_001298,SKU_0019,2026-W50,5698,3049,0.5351
ST_001299,SKU_0026,2026-W14,2265,1102,0.4865
ST_001300,SKU_0001,2026-W43,7280,823,0.113
ST_001301,SKU_0050,2026-W06,5425,5382,0.9921
ST_001302,SKU_0030,2026-W20,8595,2207,0.2568
ST_001303,SKU_0006,2026-W45,4930,3949,0.801
ST_001304,SKU_0020,2026-W23,3566,1950,0.5468
ST_001305,SKU_0001,2026-W35,5509,2748,0.4988
ST_001306,SKU_0024,2026-W14,7951,314,0.0395
ST_001307,SKU_0010,2026-W45,7484,5189,0.6933
ST_001308,SKU_0025,2026-W36,8044,3618,0.4498
ST_001309,SKU_0037,2026-W06,6588,254,0.0386
ST_001310,SKU_0040,2026-W38,2948,919,0.3117
ST_001311,SKU_0025,2026-W03,2212,238,0.1076
ST_001312,SKU_0011,2026-W18,3722,2519,0.6768
ST_001313,SKU_0017,2026-W36,2169,2169,1.0
ST_001314,SKU_0027,2026-W16,9073,8885,0.9793
ST_001315,SKU_0010,2026-W11,7331,1199,0.1636
ST_001316,SKU_0008,2026-W12,7751,5079,0.6553
ST_001317,SKU_0050,2026-W46,5773,671,0.1162
ST_001318,SKU_0025,2026-W17,7496,2716,0.3623
ST_001319,SKU_0017,2026-W03,5629,3525,0.6262
ST_001320,SKU_0038,2026-W26,4774,2921,0.6119
ST_001321,SKU_0043,2026-W39,4431,2566,0.5791
ST_001322,SKU_0036,2026-W44,9335,818,0.0876
ST_001323,SKU_0041,2026-W18,6576,4626,0.7035
ST_001324,SKU_0019,2026-W11,6557,4301,0.6559
ST_001325,SKU_0043,2026-W47,4746,288,0.0607
ST_001326,SKU_0017,2026-W17,3615,3487,0.9646
ST_001327,SKU_0006,2026-W38,6018,1531,0.2544
ST_001328,SKU_0009,2026-W06,2552,2548,0.9984
ST_001329,SKU_0037,2026-W46,3679,310,0.0843
ST_001330,SKU_0020,2026-W32,4515,952,0.2109
ST_001331,SKU_0050,2026-W10,6549,339,0.0518
ST_001332,SKU_0010,2026-W38,6259,5551,0.8869
ST_001333,SKU_0025,2026-W23,4444,1285,0.2892
ST_001334,SKU_0016,2026-W02,6801,6509,0.9571
ST_001335,SKU_0016,2026-W25,5340,340,0.0637
ST_001336,SKU_0046,2026-W41,7842,6027,0.7686
ST_001337,SKU_0030,2026-W36,4334,3639,0.8396
ST_001338,SKU_0045,2026-W03,3284,428,0.1303
ST_001339,SKU_0017,2026-W23,8652,8381,0.9687
ST_001340,SKU_0030,2026-W03,3900,3690,0.9462
ST_001341,SKU_0037,2026-W10,6509,2697,0.4143
ST_001342,SKU_0026,2026-W50,3806,768,0.2018
ST_001343,SKU_0045,2026-W17,3375,608,0.1801
ST_001344,SKU_0009,2026-W46,5000,3405,0.681
ST_001345,SKU_0030,2026-W17,3889,3432,0.8825
ST_001346,SKU_0050,2026-W51,9987,5058,0.5065
ST_001347,SKU_0020,2026-W42,9320,3462,0.3715
ST_001348,SKU_0048,2026-W19,6955,6036,0.8679
ST_001349,SKU_0039,2026-W40,5982,3646,0.6095
ST_001350,SKU_0011,2026-W12,8962,8454,0.9433
ST_001351,SKU_0040,2026-W16,3168,2774,0.8756
ST_001352,SKU_0025,2026-W32,4871,1251,0.2568
ST_001353,SKU_0021,2026-W28,8739,4197,0.4803
ST_001354,SKU_0026,2026-W45,6153,982,0.1596
ST_001355,SKU_0045,2026-W23,4809,2507,0.5213
ST_001356,SKU_0009,2026-W10,5877,2715,0.462
ST_001357,SKU_0031,2026-W40,9495,3635,0.3828
ST_001358,SKU_0037,2026-W51,7766,1600,0.206
ST_001359,SKU_0030,2026-W23,8466,6037,0.7131
ST_001360,SKU_0012,2026-W18,9848,5531,0.5616
ST_001361,SKU_0041,2026-W12,8615,7535,0.8746
ST_001362,SKU_0017,2026-W32,4898,2763,0.5641
ST_001363,SKU_0024,2026-W45,3948,3431,0.869
ST_001364,SKU_0039,2026-W27,8899,8870,0.9967
ST_001365,SKU_0006,2026-W16,3877,1684,0.4344
ST_001366,SKU_0007,2026-W41,2255,1984,0.8798
ST_001367,SKU_0018,2026-W33,9456,5843,0.6179
ST_001368,SKU_0048,2026-W04,7691,2268,0.2949
ST_001369,SKU_0016,2026-W52,2589,973,0.3758
ST_001370,SKU_0043,2026-W09,8491,694,0.0817
ST_001371,SKU_0031,2026-W27,9353,7924,0.8472
ST_001372,SKU_0009,2026-W51,7242,7057,0.9745
ST_001373,SKU_0025,2026-W42,4245,3770,0.8881
ST_001374,SKU_0003,2026-W20,4058,1217,0.2999
ST_001375,SKU_0001,2026-W33,3044,2539,0.8341
ST_001376,SKU_0034,2026-W13,5972,4858,0.8135
ST_001377,SKU_0032,2026-W19,3082,3026,0.9818
ST_001378,SKU_0029,2026-W31,8324,221,0.0265
ST_001379,SKU_0026,2026-W38,3521,3287,0.9335
ST_001380,SKU_0030,2026-W32,9955,2440,0.2451
ST_001381,SKU_0038,2026-W03,9666,3240,0.3352
ST_001382,SKU_0022,2026-W20,3011,791,0.2627
ST_001383,SKU_0046,2026-W06,3924,2978,0.7589
ST_001384,SKU_0010,2026-W44,8100,3909,0.4826
ST_001385,SKU_0024,2026-W38,9312,335,0.036
ST_001386,SKU_0038,2026-W17,7384,2081,0.2818
ST_001387,SKU_0027,2026-W29,3278,2799,0.8539
ST_001388,SKU_0019,2026-W44,8674,2460,0.2836
ST_001389,SKU_0029,2026-W37,6303,4308,0.6835
ST_001390,SKU_0035,2026-W29,9976,8944,0.8966
ST_001391,SKU_0032,2026-W04,6977,6141,0.8802
ST_001392,SKU_0038,2026-W23,5882,684,0.1163
ST_001393,SKU_0030,2026-W42,7555,1682,0.2226
ST_001394,SKU_0031,2026-W21,7530,6239,0.8286
ST_001395,SKU_0046,2026-W46,5553,448,0.0807
ST_001396,SKU_0014,2026-W19,2474,1642,0.6637
ST_001397,SKU_0022,2026-W30,3138,450,0.1434
ST_001398,SKU_0033,2026-W48,5469,1139,0.2083
ST_001399,SKU_0003,2026-W36,2249,1376,0.6118
ST_001400,SKU_0013,2026-W31,2894,299,0.1033
ST_001401,SKU_0003,2026-W03,8631,6521,0.7555
ST_001402,SKU_0046,2026-W10,8234,4978,0.6046
ST_001403,SKU_0022,2026-W36,9453,8321,0.8802
ST_001404,SKU_0050,2026-W40,5882,5827,0.9906
ST_001405,SKU_0004,2026-W18,7265,3984,0.5484
ST_001406,SKU_0003,2026-W17,4762,1741,0.3656
ST_001407,SKU_0033,2026-W34,9321,2485,0.2666
ST_001408,SKU_0015,2026-W25,3984,2450,0.615
ST_001409,SKU_0015,2026-W02,5218,1770,0.3392
ST_001410,SKU_0001,2026-W09,7444,5441,0.7309
ST_001411,SKU_0026,2026-W16,5967,4054,0.6794
ST_001412,SKU_0014,2026-W04,3683,1851,0.5026
ST_001413,SKU_0037,2026-W40,7989,2620,0.328
ST_001414,SKU_0040,2026-W29,3191,676,0.2118
ST_001415,SKU_0024,2026-W16,5622,4676,0.8317
ST_001416,SKU_0013,2026-W37,4741,4060,0.8564
ST_001417,SKU_0004,2026-W11,3314,893,0.2695
ST_001418,SKU_0023,2026-W02,6217,6095,0.9804
ST_001419,SKU_0023,2026-W25,7446,358,0.0481
ST_001420,SKU_0046,2026-W51,8663,4573,0.5279
ST_001421,SKU_0003,2026-W23,7768,5901,0.7597
ST_001422,SKU_0005,2026-W13,3830,1822,0.4757
ST_001423,SKU_0050,2026-W27,6931,935,0.1349
ST_001424,SKU_0029,2026-W22,5596,2614,0.4671
ST_001425,SKU_0018,2026-W24,9824,3267,0.3326
ST_001426,SKU_0028,2026-W24,8045,1936,0.2406
ST_001427,SKU_0007,2026-W46,6541,634,0.0969
ST_001428,SKU_0012,2026-W44,8212,8004,0.9747
ST_001429,SKU_0021,2026-W19,7316,4584,0.6266
ST_001430,SKU_0037,2026-W27,5570,5136,0.9221
ST_001431,SKU_0009,2026-W40,9232,1655,0.1793
ST_001432,SKU_0033,2026-W08,6762,876,0.1295
ST_001433,SKU_0021,2026-W13,6280,638,0.1016
ST_001434,SKU_0002,2026-W02,6697,4614,0.689
ST_001435,SKU_0002,2026-W25,2851,2143,0.7517
ST_001436,SKU_0003,2026-W32,4452,2814,0.6321
ST_001437,SKU_0016,2026-W28,4696,1272,0.2709
ST_001438,SKU_0009,2026-W27,7848,3882,0.4946
ST_001439,SKU_0015,2026-W52,8324,2821,0.3389
ST_001440,SKU_0048,2026-W06,7227,1829,0.2531
ST_001441,SKU_0043,2026-W18,6061,279,0.046
ST_001442,SKU_0050,2026-W21,9283,595,0.0641
ST_001443,SKU_0013,2026-W22,4059,4006,0.9869
ST_001444,SKU_0022,2026-W32,2908,338,0.1162
ST_001445,SKU_0023,2026-W52,3419,3209,0.9386
ST_001446,SKU_0020,2026-W43,3642,1097,0.3012
ST_001447,SKU_0003,2026-W42,8931,6534,0.7316
ST_001448,SKU_0020,2026-W35,8333,1511,0.1813
ST_001449,SKU_0023,2026-W01,6599,3298,0.4998
ST_001450,SKU_0034,2026-W26,4346,845,0.1944
ST_001451,SKU_0022,2026-W42,2562,1806,0.7049
ST_001452,SKU_0032,2026-W06,9217,2262,0.2454
ST_001453,SKU_0002,2026-W52,6020,4062,0.6748
ST_001454,SKU_0036,2026-W22,7340,605,0.0824
ST_001455,SKU_0029,2026-W49,3998,2460,0.6153
ST_001456,SKU_0018,2026-W14,6870,2107,0.3067
ST_001457,SKU_0025,2026-W43,7552,6106,0.8085
ST_001458,SKU_0006,2026-W31,2581,1117,0.4328
ST_001459,SKU_0043,2026-W12,9791,7202,0.7356
ST_001460,SKU_0004,2026-W44,7373,2314,0.3138
ST_001461,SKU_0001,2026-W14,6767,369,0.0545
ST_001462,SKU_0046,2026-W40,8597,4195,0.488
ST_001463,SKU_0025,2026-W35,5537,2881,0.5203
ST_001464,SKU_0010,2026-W31,5690,817,0.1436
ST_001465,SKU_0048,2026-W30,5468,4522,0.827
ST_001466,SKU_0034,2026-W20,6254,5092,0.8142
ST_001467,SKU_0014,2026-W06,6009,1409,0.2345
ST_001468,SKU_0047,2026-W02,6832,5529,0.8093
ST_001469,SKU_0006,2026-W37,3814,495,0.1298
ST_001470,SKU_0047,2026-W25,6921,446,0.0644
ST_001471,SKU_0046,2026-W27,2617,359,0.1372
ST_001472,SKU_0049,2026-W24,9484,1564,0.1649
ST_001473,SKU_0032,2026-W10,6441,3056,0.4745
ST_001474,SKU_0010,2026-W37,9864,5976,0.6058
ST_001475,SKU_0013,2026-W49,4224,246,0.0582
ST_001476,SKU_0029,2026-W07,5070,4172,0.8229
ST_001477,SKU_0032,2026-W30,8173,2325,0.2845
ST_001478,SKU_0018,2026-W50,4346,4181,0.962
ST_001479,SKU_0028,2026-W50,9131,574,0.0629
ST_001480,SKU_0032,2026-W51,9215,3813,0.4138
ST_001481,SKU_0005,2026-W26,9339,9297,0.9955
ST_001482,SKU_0007,2026-W40,2703,2235,0.8269
ST_001483,SKU_0034,2026-W36,2798,2181,0.7795
ST_001484,SKU_0016,2026-W19,8685,4585,0.5279
ST_001485,SKU_0034,2026-W03,5961,2582,0.4331
ST_001486,SKU_0015,2026-W28,6923,382,0.0552
ST_001487,SKU_0020,2026-W33,8521,7969,0.9352
ST_001488,SKU_0018,2026-W45,7017,1695,0.2416
ST_001489,SKU_0028,2026-W45,3996,783,0.1959
ST_001490,SKU_0034,2026-W17,6308,3231,0.5122
ST_001491,SKU_0036,2026-W49,3661,1161,0.3171
ST_001492,SKU_0026,2026-W31,9294,8121,0.8738
ST_001493,SKU_0007,2026-W27,4035,1824,0.452
ST_001494,SKU_0047,2026-W52,3199,1014,0.317
ST_001495,SKU_0010,2026-W22,2202,1618,0.7348
ST_001496,SKU_0023,2026-W28,4709,3842,0.8159
ST_001497,SKU_0042,2026-W39,5287,1436,0.2716
ST_001498,SKU_0024,2026-W31,9590,1021,0.1065
ST_001499,SKU_0014,2026-W30,7758,7132,0.9193
ST_001500,SKU_0028,2026-W11,5785,1564,0.2704
ST_001501,SKU_0047,2026-W01,5161,3528,0.6836
ST_001502,SKU_0005,2026-W20,8704,4173,0.4794
ST_001503,SKU_0013,2026-W07,3000,2383,0.7943
ST_001504,SKU_0042,2026-W47,7873,3194,0.4057
ST_001505,SKU_0036,2026-W02,8550,8403,0.9828
ST_001506,SKU_0036,2026-W25,8339,2981,0.3575
ST_001507,SKU_0034,2026-W23,3418,3080,0.9011
ST_001508,SKU_0019,2026-W22,7330,1029,0.1404
ST_001509,SKU_0025,2026-W39,9701,8737,0.9006
ST_001510,SKU_0029,2026-W05,5566,1363,0.2449
ST_001511,SKU_0026,2026-W37,5026,2016,0.4011
ST_001512,SKU_0017,2026-W39,6927,3133,0.4523
ST_001513,SKU_0018,2026-W38,9602,6588,0.6861
ST_001514,SKU_0028,2026-W38,3750,2579,0.6877
ST_001515,SKU_0024,2026-W37,4161,4056,0.9748
ST_001516,SKU_0002,2026-W28,7566,4602,0.6082
ST_001517,SKU_0021,2026-W20,6030,2509,0.4161
ST_001518,SKU_0047,2026-W05,3522,747,0.2121
ST_001519,SKU_0044,2026-W02,4083,1034,0.2532
ST_001520,SKU_0027,2026-W48,7968,2592,0.3253
ST_001521,SKU_0035,2026-W15,6796,669,0.0984
ST_001522,SKU_0034,2026-W32,6833,1845,0.27
ST_001523,SKU_0045,2026-W39,8542,4360,0.5104
ST_001524,SKU_0020,2026-W09,3167,1781,0.5624
ST_001525,SKU_0030,2026-W39,8184,6486,0.7925
ST_001526,SKU_0005,2026-W36,6791,6549,0.9644
ST_001527,SKU_0045,2026-W47,3280,1876,0.572
ST_001528,SKU_0027,2026-W34,3815,3790,0.9934
ST_001529,SKU_0013,2026-W05,9499,5231,0.5507
ST_001530,SKU_0003,2026-W43,4086,1426,0.349
ST_001531,SKU_0039,2026-W47,6595,1922,0.2914
ST_001532,SKU_0005,2026-W03,2052,714,0.348
ST_001533,SKU_0008,2026-W02,2913,274,0.0941
ST_001534,SKU_0008,2026-W25,8938,6271,0.7016
ST_001535,SKU_0036,2026-W52,4525,2963,0.6548
ST_001536,SKU_0003,2026-W35,7371,7293,0.9894
ST_001537,SKU_0032,2026-W40,9824,8880,0.9039
ST_001538,SKU_0005,2026-W17,7005,3393,0.4844
ST_001539,SKU_0035,2026-W34,2089,343,0.1642
ST_001540,SKU_0034,2026-W42,6879,2046,0.2974
ST_001541,SKU_0022,2026-W43,7217,3914,0.5423
ST_001542,SKU_0021,2026-W36,6016,1585,0.2635
ST_001543,SKU_0036,2026-W01,6515,3390,0.5203
ST_001544,SKU_0022,2026-W35,6089,2796,0.4592
ST_001545,SKU_0021,2026-W03,7259,6386,0.8797
ST_001546,SKU_0018,2026-W16,5555,3510,0.6319
ST_001547,SKU_0028,2026-W16,8058,4601,0.571
ST_001548,SKU_0010,2026-W49,2193,1816,0.8281
ST_001549,SKU_0049,2026-W50,6025,1794,0.2978
ST_001550,SKU_0044,2026-W52,4536,2972,0.6552
ST_001551,SKU_0025,2026-W09,7707,5840,0.7578
ST_001552,SKU_0005,2026-W23,8102,7655,0.9448
ST_001553,SKU_0033,2026-W41,5762,1218,0.2114
ST_001554,SKU_0040,2026-W48,2190,1150,0.5251
ST_001555,SKU_0021,2026-W17,2856,2076,0.7269
ST_001556,SKU_0048,2026-W21,6200,381,0.0615
ST_001557,SKU_0019,2026-W49,5344,3080,0.5763
ST_001558,SKU_0027,2026-W08,4651,506,0.1088
ST_001559,SKU_0017,2026-W09,3408,1950,0.5722
ST_001560,SKU_0036,2026-W05,4485,4102,0.9146
ST_001561,SKU_0044,2026-W15,3099,746,0.2407
ST_001562,SKU_0028,2026-W44,3652,514,0.1407
ST_001563,SKU_0031,2026-W24,4141,3830,0.9249
ST_001564,SKU_0049,2026-W45,5376,2602,0.484
ST_001565,SKU_0015,2026-W19,8471,2727,0.3219
ST_001566,SKU_0021,2026-W23,2377,821,0.3454
ST_001567,SKU_0038,2026-W39,2104,2075,0.9862
ST_001568,SKU_0006,2026-W48,5653,3432,0.6071
ST_001569,SKU_0040,2026-W07,4935,4192,0.8494
ST_001570,SKU_0011,2026-W02,6699,3727,0.5564
ST_001571,SKU_0019,2026-W25,9844,6666,0.6772
ST_001572,SKU_0019,2026-W02,8192,3928,0.4795
ST_001573,SKU_0011,2026-W25,4859,4477,0.9214
ST_001574,SKU_0008,2026-W52,2660,1046,0.3932
ST_001575,SKU_0049,2026-W11,4452,2068,0.4645
ST_001576,SKU_0038,2026-W47,8274,2627,0.3175
ST_001577,SKU_0047,2026-W28,7678,2420,0.3152
ST_001578,SKU_0005,2026-W32,5797,3819,0.6588
ST_001579,SKU_0045,2026-W09,8837,6428,0.7274
ST_001580,SKU_0041,2026-W02,8117,1579,0.1945
ST_001581,SKU_0041,2026-W25,3899,1825,0.4681
ST_001582,SKU_0030,2026-W09,7784,5916,0.76
ST_001583,SKU_0008,2026-W01,6660,3352,0.5033
ST_001584,SKU_0023,2026-W13,5341,2229,0.4173
ST_001585,SKU_0006,2026-W07,5657,4702,0.8312
ST_001586,SKU_0032,2026-W21,9384,7203,0.7676
ST_001587,SKU_0010,2026-W07,2980,944,0.3168
ST_001588,SKU_0049,2026-W38,9901,285,0.0288
ST_001589,SKU_0021,2026-W32,8876,4475,0.5042
ST_001590,SKU_0002,2026-W19,9854,5991,0.608
ST_001591,SKU_0040,2026-W08,7096,4243,0.5979
ST_001592,SKU_0005,2026-W42,6071,3559,0.5862
ST_001593,SKU_0020,2026-W14,5947,5457,0.9176
ST_001594,SKU_0033,2026-W06,9942,4338,0.4363
ST_001595,SKU_0010,2026-W01,2467,1234,0.5002
ST_001596,SKU_0003,2026-W33,7075,3055,0.4318
ST_001597,SKU_0011,2026-W52,9495,699,0.0736
ST_001598,SKU_0019,2026-W52,5243,5101,0.9729
ST_001599,SKU_0006,2026-W08,3365,1629,0.4841
ST_001600,SKU_0021,2026-W42,8798,1593,0.1811
ST_001601,SKU_0014,2026-W21,8138,7917,0.9728
ST_001602,SKU_0016,2026-W20,6946,5657,0.8144
ST_001603,SKU_0019,2026-W01,9633,2236,0.2321
ST_001604,SKU_0012,2026-W25,2711,1621,0.5979
ST_001605,SKU_0012,2026-W02,7409,3256,0.4395
ST_001606,SKU_0022,2026-W33,5512,3012,0.5464
ST_001607,SKU_0041,2026-W52,9950,3107,0.3123
ST_001608,SKU_0026,2026-W48,7049,1353,0.1919
ST_001609,SKU_0036,2026-W28,5728,5676,0.9909
ST_001610,SKU_0010,2026-W05,6547,1219,0.1862
ST_001611,SKU_0033,2026-W46,7162,1752,0.2446
ST_001612,SKU_0050,2026-W24,5319,1377,0.2589
ST_001613,SKU_0024,2026-W48,4116,2990,0.7264
ST_001614,SKU_0001,2026-W29,6496,288,0.0443
ST_001615,SKU_0049,2026-W16,8324,5992,0.7198
ST_001616,SKU_0019,2026-W05,4181,1975,0.4724
ST_001617,SKU_0016,2026-W30,5943,4046,0.6808
ST_001618,SKU_0042,2026-W18,9530,3784,0.3971
ST_001619,SKU_0033,2026-W10,9382,3461,0.3689
ST_001620,SKU_0044,2026-W28,6555,2139,0.3263
ST_001621,SKU_0026,2026-W07,6776,2982,0.4401
ST_001622,SKU_0048,2026-W43,8452,1081,0.1279
ST_001623,SKU_0025,2026-W18,3236,2761,0.8532
ST_001624,SKU_0024,2026-W07,9774,7798,0.7978
ST_001625,SKU_0016,2026-W36,6590,3365,0.5106
ST_001626,SKU_0042,2026-W11,9872,2769,0.2805
ST_001627,SKU_0017,2026-W18,7532,3356,0.4456
ST_001628,SKU_0013,2026-W20,3652,2969,0.813
ST_001629,SKU_0033,2026-W51,9115,1972,0.2163
ST_001630,SKU_0020,2026-W12,4164,3942,0.9467
ST_001631,SKU_0003,2026-W09,2735,1135,0.415
ST_001632,SKU_0012,2026-W52,4596,478,0.104
ST_001633,SKU_0039,2026-W50,3580,3023,0.8444
ST_001634,SKU_0008,2026-W28,8878,7584,0.8542
ST_001635,SKU_0031,2026-W50,6291,2767,0.4398
ST_001636,SKU_0012,2026-W01,2666,1427,0.5353
ST_001637,SKU_0026,2026-W08,8701,1361,0.1564
ST_001638,SKU_0029,2026-W41,3446,264,0.0766
ST_001639,SKU_0047,2026-W13,8902,1295,0.1455
ST_001640,SKU_0045,2026-W18,2606,2583,0.9912
ST_001641,SKU_0030,2026-W18,2199,988,0.4493
ST_001642,SKU_0034,2026-W35,6044,4185,0.6924
ST_001643,SKU_0024,2026-W08,3885,3783,0.9737
ST_001644,SKU_0004,2026-W02,5422,4660,0.8595
ST_001645,SKU_0004,2026-W25,4615,1632,0.3536
ST_001646,SKU_0031,2026-W45,7543,2129,0.2822
ST_001647,SKU_0039,2026-W11,5725,5459,0.9535
ST_001648,SKU_0018,2026-W31,9790,5280,0.5393
ST_001649,SKU_0025,2026-W12,9597,7805,0.8133
ST_001650,SKU_0028,2026-W31,5405,1199,0.2218
ST_001651,SKU_0035,2026-W19,2946,1569,0.5326
ST_001652,SKU_0031,2026-W11,4803,4553,0.9479
ST_001653,SKU_0017,2026-W12,8014,2518,0.3142
ST_001654,SKU_0023,2026-W26,6785,5666,0.8351
ST_001655,SKU_0016,2026-W32,8234,4113,0.4995
ST_001656,SKU_0019,2026-W28,8293,1763,0.2126
ST_001657,SKU_0011,2026-W28,6155,2685,0.4362
ST_001658,SKU_0014,2026-W43,2079,206,0.0991
ST_001659,SKU_0013,2026-W41,6254,1110,0.1775
ST_001660,SKU_0018,2026-W37,2614,454,0.1737
ST_001661,SKU_0028,2026-W37,4920,1356,0.2756
ST_001662,SKU_0015,2026-W20,2746,887,0.323
ST_001663,SKU_0014,2026-W35,4166,285,0.0684
ST_001664,SKU_0031,2026-W38,7462,4120,0.5521
ST_001665,SKU_0035,2026-W04,5466,3578,0.6546
ST_001666,SKU_0045,2026-W12,5947,4483,0.7538
ST_001667,SKU_0041,2026-W28,5098,1030,0.202
ST_001668,SKU_0030,2026-W12,7029,4555,0.648
ST_001669,SKU_0038,2026-W18,5185,3323,0.6409
ST_001670,SKU_0023,2026-W20,4372,3094,0.7077
ST_001671,SKU_0016,2026-W42,3651,1197,0.3279
ST_001672,SKU_0007,2026-W39,6234,1833,0.294
ST_001673,SKU_0036,2026-W13,5733,2059,0.3591
ST_001674,SKU_0004,2026-W52,3671,703,0.1915
ST_001675,SKU_0042,2026-W44,2374,1997,0.8412
ST_001676,SKU_0048,2026-W33,8739,5141,0.5883
ST_001677,SKU_0007,2026-W47,5587,3476,0.6222
ST_001678,SKU_0015,2026-W30,2205,595,0.2698
ST_001679,SKU_0004,2026-W01,2706,363,0.1341
ST_001680,SKU_0044,2026-W19,5847,3833,0.6555
ST_001681,SKU_0033,2026-W40,5750,1761,0.3063
ST_001682,SKU_0050,2026-W50,7285,3210,0.4406
ST_001683,SKU_0002,2026-W20,4019,1165,0.2899
ST_001684,SKU_0027,2026-W41,6734,3554,0.5278
ST_001685,SKU_0037,2026-W50,4160,524,0.126
ST_001686,SKU_0034,2026-W39,4212,3901,0.9262
ST_001687,SKU_0003,2026-W14,4529,941,0.2078
ST_001688,SKU_0015,2026-W36,3349,2169,0.6477
ST_001689,SKU_0021,2026-W43,8478,6251,0.7373
ST_001690,SKU_0028,2026-W22,5931,4859,0.8193
ST_001691,SKU_0029,2026-W46,6390,4723,0.7391
ST_001692,SKU_0050,2026-W45,2113,559,0.2646
ST_001693,SKU_0033,2026-W27,5748,1344,0.2338
ST_001694,SKU_0021,2026-W35,2467,1007,0.4082
ST_001695,SKU_0012,2026-W28,4712,1543,0.3275
ST_001696,SKU_0022,2026-W14,9390,6168,0.6569
ST_001697,SKU_0023,2026-W36,2588,832,0.3215
ST_001698,SKU_0008,2026-W19,2007,1465,0.7299
ST_001699,SKU_0050,2026-W11,6345,3917,0.6173
ST_001700,SKU_0009,2026-W50,8807,6070,0.6892
ST_001701,SKU_0038,2026-W12,4790,2757,0.5756
ST_001702,SKU_0039,2026-W44,9645,6757,0.7006
ST_001703,SKU_0023,2026-W03,6084,6083,0.9998
ST_001704,SKU_0002,2026-W30,2461,242,0.0983
ST_001705,SKU_0008,2026-W13,4344,4088,0.9411
ST_001706,SKU_0037,2026-W11,4898,4686,0.9567
ST_001707,SKU_0023,2026-W17,5764,554,0.0961
ST_001708,SKU_0031,2026-W44,8717,1824,0.2092
ST_001709,SKU_0043,2026-W52,3087,2325,0.7532
ST_001710,SKU_0029,2026-W26,2158,1350,0.6256
ST_001711,SKU_0049,2026-W31,5758,466,0.0809
ST_001712,SKU_0050,2026-W38,3569,1323,0.3707
ST_001713,SKU_0002,2026-W36,2817,693,0.246
ST_001714,SKU_0009,2026-W45,5210,1806,0.3466
ST_001715,SKU_0013,2026-W46,6414,3630,0.5659
ST_001716,SKU_0043,2026-W15,2605,344,0.1321
ST_001717,SKU_0023,2026-W23,2745,236,0.086
ST_001718,SKU_0040,2026-W41,6340,1838,0.2899
ST_001719,SKU_0047,2026-W26,2439,623,0.2554
ST_001720,SKU_0014,2026-W33,5043,1788,0.3546
ST_001721,SKU_0009,2026-W11,4810,1330,0.2765
ST_001722,SKU_0049,2026-W37,9086,7555,0.8315
ST_001723,SKU_0010,2026-W13,9984,9318,0.9333
ST_001724,SKU_0015,2026-W32,2179,292,0.134
ST_001725,SKU_0011,2026-W19,8607,5554,0.6453
ST_001726,SKU_0003,2026-W12,5346,506,0.0947
ST_001727,SKU_0006,2026-W41,6168,4564,0.7399
ST_001728,SKU_0027,2026-W06,5341,1778,0.3329
ST_001729,SKU_0034,2026-W09,8441,4926,0.5836
ST_001730,SKU_0048,2026-W24,2700,2662,0.9859
ST_001731,SKU_0019,2026-W13,9855,6500,0.6596
ST_001732,SKU_0005,2026-W39,3149,2430,0.7717
ST_001733,SKU_0010,2026-W41,4554,1067,0.2343
ST_001734,SKU_0043,2026-W34,8635,4485,0.5194
ST_001735,SKU_0041,2026-W19,4153,1996,0.4806
ST_001736,SKU_0023,2026-W32,4306,3387,0.7866
ST_001737,SKU_0013,2026-W26,7082,437,0.0617
ST_001738,SKU_0035,2026-W06,7920,3146,0.3972
ST_001739,SKU_0028,2026-W49,6059,4945,0.8161
ST_001740,SKU_0047,2026-W20,3362,1218,0.3623
ST_001741,SKU_0020,2026-W29,3376,2914,0.8632
ST_001742,SKU_0027,2026-W46,7994,716,0.0896
ST_001743,SKU_0004,2026-W28,8313,4642,0.5584
ST_001744,SKU_0015,2026-W42,3620,2540,0.7017
ST_001745,SKU_0046,2026-W50,4642,4139,0.8916
ST_001746,SKU_0021,2026-W33,5402,4616,0.8545
ST_001747,SKU_0002,2026-W32,9276,5840,0.6296
ST_001748,SKU_0023,2026-W42,3608,2366,0.6558
ST_001749,SKU_0032,2026-W24,6964,2100,0.3016
ST_001750,SKU_0027,2026-W10,3553,1540,0.4334
ST_001751,SKU_0049,2026-W22,5073,1232,0.2429
ST_001752,SKU_0018,2026-W48,7728,2390,0.3093
ST_001753,SKU_0050,2026-W44,2922,2691,0.9209
ST_001754,SKU_0001,2026-W15,4841,877,0.1812
ST_001755,SKU_0036,2026-W26,5816,4746,0.816
ST_001756,SKU_0035,2026-W10,5290,2123,0.4013
ST_001757,SKU_0001,2026-W48,2812,2427,0.8631
ST_001758,SKU_0025,2026-W29,7327,4971,0.6784
ST_001759,SKU_0037,2026-W44,9559,3141,0.3286
ST_001760,SKU_0047,2026-W36,5792,4446,0.7676
ST_001761,SKU_0027,2026-W51,5113,4781,0.9351
ST_001762,SKU_0046,2026-W11,7286,3197,0.4388
ST_001763,SKU_0002,2026-W42,5378,4398,0.8178
ST_001764,SKU_0018,2026-W07,5840,4859,0.832
ST_001765,SKU_0028,2026-W07,5148,3921,0.7617
ST_001766,SKU_0012,2026-W13,7749,1857,0.2396
ST_001767,SKU_0047,2026-W03,5810,5087,0.8756
ST_001768,SKU_0016,2026-W43,7966,7056,0.8858
ST_001769,SKU_0035,2026-W30,7021,3169,0.4514
ST_001770,SKU_0026,2026-W41,5137,4578,0.8912
ST_001771,SKU_0001,2026-W34,6265,466,0.0744
ST_001772,SKU_0040,2026-W46,7985,7923,0.9922
ST_001773,SKU_0047,2026-W17,6241,2840,0.4551
ST_001774,SKU_0005,2026-W09,8053,5836,0.7247
ST_001775,SKU_0016,2026-W35,6899,5595,0.811
ST_001776,SKU_0014,2026-W24,5342,3775,0.7067
ST_001777,SKU_0048,2026-W14,4857,1371,0.2823
ST_001778,SKU_0035,2026-W51,2970,1760,0.5926
ST_001779,SKU_0029,2026-W23,8997,3776,0.4197
ST_001780,SKU_0024,2026-W41,7637,5442,0.7126
ST_001781,SKU_0043,2026-W28,7166,2691,0.3755
ST_001782,SKU_0036,2026-W20,6306,4099,0.65
ST_001783,SKU_0009,2026-W44,6525,3301,0.5059
ST_001784,SKU_0040,2026-W10,8134,2403,0.2954
ST_001785,SKU_0028,2026-W01,9098,8741,0.9608
ST_001786,SKU_0047,2026-W23,2195,455,0.2073
ST_001787,SKU_0006,2026-W46,2421,1550,0.6402
ST_001788,SKU_0021,2026-W09,9599,2105,0.2193
ST_001789,SKU_0007,2026-W18,7323,960,0.1311
ST_001790,SKU_0018,2026-W08,6142,2530,0.4119
ST_001791,SKU_0044,2026-W20,8554,2472,0.289
ST_001792,SKU_0022,2026-W16,7418,6302,0.8496
ST_001793,SKU_0001,2026-W08,8589,6346,0.7389
ST_001794,SKU_0006,2026-W10,9561,5187,0.5425
ST_001795,SKU_0039,2026-W31,3013,219,0.0727
ST_001796,SKU_0007,2026-W11,3285,799,0.2432
ST_001797,SKU_0028,2026-W05,8644,1027,0.1188
ST_001798,SKU_0040,2026-W51,4995,4578,0.9165
ST_001799,SKU_0031,2026-W31,3960,1519,0.3836
ST_001800,SKU_0013,2026-W23,6736,2846,0.4225
ST_001801,SKU_0034,2026-W18,7209,4103,0.5691
ST_001802,SKU_0049,2026-W49,8322,4728,0.5681
ST_001803,SKU_0047,2026-W32,6286,375,0.0597
ST_001804,SKU_0036,2026-W36,7698,4565,0.593
ST_001805,SKU_0044,2026-W30,3829,1618,0.4226
ST_001806,SKU_0008,2026-W20,3098,1741,0.562
ST_001807,SKU_0036,2026-W03,9017,3035,0.3366
ST_001808,SKU_0006,2026-W51,7950,3866,0.4863
ST_001809,SKU_0039,2026-W37,4001,3968,0.9918
ST_001810,SKU_0010,2026-W26,7441,4614,0.6201
ST_001811,SKU_0036,2026-W17,3476,2009,0.578
ST_001812,SKU_0044,2026-W36,5247,332,0.0633
ST_001813,SKU_0031,2026-W37,5574,3934,0.7058
ST_001814,SKU_0019,2026-W26,2295,1829,0.7969
ST_001815,SKU_0004,2026-W13,3189,1699,0.5328
ST_001816,SKU_0014,2026-W14,2036,1467,0.7205
ST_001817,SKU_0047,2026-W42,2659,2130,0.8011
ST_001818,SKU_0048,2026-W45,7977,5556,0.6965
ST_001819,SKU_0027,2026-W40,7047,1574,0.2234
ST_001820,SKU_0036,2026-W23,9139,6809,0.745
ST_001821,SKU_0046,2026-W44,9960,1812,0.1819
ST_001822,SKU_0026,2026-W46,2771,2732,0.9859
ST_001823,SKU_0032,2026-W50,9801,9026,0.9209
ST_001824,SKU_0016,2026-W33,7804,700,0.0897
ST_001825,SKU_0008,2026-W36,6989,6723,0.9619
ST_001826,SKU_0034,2026-W12,4669,3781,0.8098
ST_001827,SKU_0049,2026-W07,7759,692,0.0892
ST_001828,SKU_0024,2026-W46,8448,6364,0.7533
ST_001829,SKU_0027,2026-W27,7308,4893,0.6695
ST_001830,SKU_0019,2026-W20,6992,2145,0.3068
ST_001831,SKU_0011,2026-W20,7937,1680,0.2117
ST_001832,SKU_0008,2026-W03,4007,767,0.1914
ST_001833,SKU_0039,2026-W22,8024,1789,0.223
ST_001834,SKU_0026,2026-W10,5532,4216,0.7621
ST_001835,SKU_0048,2026-W38,7678,2167,0.2822
ST_001836,SKU_0015,2026-W43,5274,2986,0.5662
ST_001837,SKU_0036,2026-W32,7625,2293,0.3007
ST_001838,SKU_0008,2026-W17,7909,590,0.0746
ST_001839,SKU_0032,2026-W45,2671,2505,0.9379
ST_001840,SKU_0041,2026-W20,7999,4104,0.5131
ST_001841,SKU_0031,2026-W22,3753,688,0.1833
ST_001842,SKU_0024,2026-W10,2571,567,0.2205
ST_001843,SKU_0003,2026-W29,8306,1593,0.1918
ST_001844,SKU_0015,2026-W35,2185,1929,0.8828
ST_001845,SKU_0043,2026-W19,7997,1360,0.1701
ST_001846,SKU_0005,2026-W18,9137,7805,0.8542
ST_001847,SKU_0021,2026-W14,3385,928,0.2742
ST_001848,SKU_0050,2026-W31,2930,1815,0.6195
ST_001849,SKU_0023,2026-W43,3983,475,0.1193
ST_001850,SKU_0011,2026-W30,6001,2619,0.4364
ST_001851,SKU_0026,2026-W51,7479,5745,0.7682
ST_001852,SKU_0022,2026-W29,7132,982,0.1377
ST_001853,SKU_0007,2026-W44,7065,5067,0.7172
ST_001854,SKU_0044,2026-W32,8975,3848,0.4287
ST_001855,SKU_0040,2026-W40,6486,4858,0.749
ST_001856,SKU_0023,2026-W35,3050,2904,0.9521
ST_001857,SKU_0024,2026-W51,5688,2187,0.3845
ST_001858,SKU_0037,2026-W31,3834,1343,0.3503
ST_001859,SKU_0036,2026-W42,9431,457,0.0485
ST_001860,SKU_0041,2026-W30,6965,6031,0.8659
ST_001861,SKU_0010,2026-W03,4748,4615,0.972
ST_001862,SKU_0019,2026-W36,5236,2202,0.4206
ST_001863,SKU_0011,2026-W36,4623,2580,0.5581
ST_001864,SKU_0049,2026-W05,5576,4996,0.896
ST_001865,SKU_0032,2026-W38,3517,1222,0.3475
ST_001866,SKU_0050,2026-W37,8406,2483,0.2954
ST_001867,SKU_0043,2026-W04,5140,3717,0.7232
ST_001868,SKU_0014,2026-W45,3139,1255,0.3998
ST_001869,SKU_0010,2026-W17,3247,2581,0.7949
ST_001870,SKU_0006,2026-W40,7959,5057,0.6354
ST_001871,SKU_0040,2026-W27,9146,7157,0.7825
ST_001872,SKU_0019,2026-W03,9298,6367,0.6848
ST_001873,SKU_0002,2026-W43,8713,3853,0.4422
ST_001874,SKU_0035,2026-W21,6840,340,0.0497
ST_001875,SKU_0042,2026-W02,9114,7547,0.8281
ST_001876,SKU_0042,2026-W25,4271,739,0.173
ST_001877,SKU_0041,2026-W36,7422,3355,0.452
ST_001878,SKU_0044,2026-W42,5466,1868,0.3417
ST_001879,SKU_0002,2026-W35,3727,2255,0.605
ST_001880,SKU_0019,2026-W17,9591,1578,0.1645
ST_001881,SKU_0037,2026-W37,3428,806,0.2351
ST_001882,SKU_0008,2026-W32,6323,421,0.0666
ST_001883,SKU_0009,2026-W31,2076,579,0.2789
ST_001884,SKU_0048,2026-W16,8751,3845,0.4394
ST_001885,SKU_0012,2026-W20,7263,4070,0.5604
ST_001886,SKU_0010,2026-W23,2451,1879,0.7666
ST_001887,SKU_0006,2026-W27,2174,1478,0.6799
ST_001888,SKU_0005,2026-W12,8596,3402,0.3958
ST_001889,SKU_0019,2026-W23,2584,1370,0.5302
ST_001890,SKU_0014,2026-W38,2543,2077,0.8168
ST_001891,SKU_0009,2026-W37,7482,2209,0.2952
ST_001892,SKU_0039,2026-W49,7655,7275,0.9504
ST_001893,SKU_0008,2026-W42,4039,1795,0.4444
ST_001894,SKU_0031,2026-W49,2922,855,0.2926
ST_001895,SKU_0050,2026-W22,3918,2611,0.6664
ST_001896,SKU_0020,2026-W15,3782,1026,0.2713
ST_001897,SKU_0045,2026-W02,6484,944,0.1456
ST_001898,SKU_0045,2026-W25,6489,5041,0.7769
ST_001899,SKU_0032,2026-W16,4104,1606,0.3913
ST_001900,SKU_0039,2026-W02,7174,2491,0.3472
ST_001901,SKU_0039,2026-W25,7470,5555,0.7436
ST_001902,SKU_0020,2026-W48,9365,7437,0.7941
ST_001903,SKU_0012,2026-W36,4877,865,0.1774
ST_001904,SKU_0019,2026-W32,7638,6608,0.8651
ST_001905,SKU_0011,2026-W32,7583,7397,0.9755
ST_001906,SKU_0042,2026-W52,4757,1492,0.3136
ST_001907,SKU_0037,2026-W22,3975,3365,0.8465
ST_001908,SKU_0004,2026-W26,6341,5780,0.9115
ST_001909,SKU_0044,2026-W21,4796,4794,0.9996
ST_001910,SKU_0015,2026-W33,6709,3799,0.5663
ST_001911,SKU_0012,2026-W03,3236,1625,0.5022
ST_001912,SKU_0001,2026-W04,2172,2168,0.9982
ST_001913,SKU_0023,2026-W39,8483,6467,0.7623
ST_001914,SKU_0042,2026-W01,5743,820,0.1428
ST_001915,SKU_0041,2026-W32,3840,780,0.2031
ST_001916,SKU_0026,2026-W40,3089,2993,0.9689
ST_001917,SKU_0012,2026-W17,8223,2003,0.2436
ST_001918,SKU_0020,2026-W34,5690,331,0.0582
ST_001919,SKU_0017,2026-W52,6746,332,0.0492
ST_001920,SKU_0024,2026-W40,9241,4102,0.4439
ST_001921,SKU_0009,2026-W22,2856,1182,0.4139
ST_001922,SKU_0025,2026-W15,4531,3407,0.7519
ST_001923,SKU_0019,2026-W42,4558,2588,0.5678
ST_001924,SKU_0011,2026-W42,9490,3926,0.4137
ST_001925,SKU_0014,2026-W16,6944,281,0.0405
ST_001926,SKU_0039,2026-W07,7754,884,0.114
ST_001927,SKU_0046,2026-W31,4695,2058,0.4383
ST_001928,SKU_0047,2026-W43,3815,2567,0.6729
ST_001929,SKU_0012,2026-W23,9315,5695,0.6114
ST_001930,SKU_0017,2026-W15,6591,2038,0.3092
ST_001931,SKU_0026,2026-W27,8875,3297,0.3715
ST_001932,SKU_0004,2026-W20,7670,1294,0.1687
ST_001933,SKU_0047,2026-W35,8661,7140,0.8244
ST_001934,SKU_0031,2026-W07,4955,520,0.1049
ST_001935,SKU_0041,2026-W42,8746,413,0.0472
ST_001936,SKU_0024,2026-W27,2967,914,0.3081
ST_001937,SKU_0045,2026-W52,6323,778,0.123
ST_001938,SKU_0002,2026-W33,6139,2725,0.4439
ST_001939,SKU_0018,2026-W41,7342,6641,0.9045
ST_001940,SKU_0028,2026-W41,6368,5217,0.8193
ST_001941,SKU_0038,2026-W02,3818,2806,0.7349
ST_001942,SKU_0038,2026-W25,5174,2654,0.5129
ST_001943,SKU_0020,2026-W08,4732,710,0.15
ST_001944,SKU_0016,2026-W14,4022,3778,0.9393
ST_001945,SKU_0046,2026-W37,8977,1055,0.1175
ST_001946,SKU_0025,2026-W34,8264,668,0.0808
ST_001947,SKU_0039,2026-W01,5174,4015,0.776
ST_001948,SKU_0017,2026-W34,9609,1313,0.1366
ST_001949,SKU_0030,2026-W15,7345,1862,0.2535
ST_001950,SKU_0012,2026-W32,4326,3545,0.8195
ST_001951,SKU_0031,2026-W01,6578,6240,0.9486
ST_001952,SKU_0015,2026-W09,2323,1763,0.7589
ST_001953,SKU_0050,2026-W49,7143,6747,0.9446
ST_001954,SKU_0039,2026-W05,2225,986,0.4431
ST_001955,SKU_0004,2026-W36,4840,3440,0.7107
ST_001956,SKU_0011,2026-W21,2529,792,0.3132
ST_001957,SKU_0023,2026-W09,2919,2219,0.7602
ST_001958,SKU_0037,2026-W49,8894,5296,0.5955
ST_001959,SKU_0034,2026-W29,5866,1336,0.2278
ST_001960,SKU_0031,2026-W05,5380,4173,0.7757
ST_001961,SKU_0004,2026-W03,3473,1067,0.3072
ST_001962,SKU_0030,2026-W34,4488,516,0.115
ST_001963,SKU_0012,2026-W42,5556,4619,0.8314
ST_001964,SKU_0043,2026-W20,6476,6072,0.9376
ST_001965,SKU_0004,2026-W17,5602,4264,0.7612
ST_001966,SKU_0037,2026-W25,3221,2171,0.674
ST_001967,SKU_0046,2026-W22,8347,7378,0.8839
ST_001968,SKU_0036,2026-W35,4772,1825,0.3824
ST_001969,SKU_0009,2026-W49,6489,3621,0.558
ST_001970,SKU_0038,2026-W52,5190,4700,0.9056
ST_001971,SKU_0029,2026-W39,6875,5849,0.8508
ST_001972,SKU_0004,2026-W23,5983,653,0.1091
ST_001973,SKU_0044,2026-W43,5642,1905,0.3376
ST_001974,SKU_0029,2026-W47,8759,5107,0.5831
ST_001975,SKU_0042,2026-W28,7298,1225,0.1679
ST_001976,SKU_0043,2026-W30,2837,2401,0.8463
ST_001977,SKU_0009,2026-W25,9391,465,0.0495
ST_001978,SKU_0050,2026-W07,7957,6402,0.8046
ST_001979,SKU_0044,2026-W35,6181,5225,0.8453
ST_001980,SKU_0047,2026-W39,7566,7431,0.9822
ST_001981,SKU_0001,2026-W06,3673,645,0.1756
ST_001982,SKU_0014,2026-W29,5255,5156,0.9812
ST_001983,SKU_0048,2026-W31,6137,1304,0.2125
ST_001984,SKU_0033,2026-W50,9240,3467,0.3752
ST_001985,SKU_0037,2026-W07,7903,4282,0.5418
ST_001986,SKU_0043,2026-W36,6722,6527,0.971
ST_001987,SKU_0017,2026-W28,6852,6284,0.9171
ST_001988,SKU_0018,2026-W46,5045,2202,0.4365
ST_001989,SKU_0028,2026-W46,9937,5138,0.5171
ST_001990,SKU_0004,2026-W32,3095,2984,0.9641
ST_001991,SKU_0008,2026-W43,7201,439,0.061
ST_001992,SKU_0050,2026-W01,4698,3565,0.7588
ST_001993,SKU_0013,2026-W39,5327,4316,0.8102
ST_001994,SKU_0008,2026-W35,2188,2170,0.9918
ST_001995,SKU_0009,2026-W07,5739,2036,0.3548
ST_001996,SKU_0049,2026-W41,9476,6072,0.6408
ST_001997,SKU_0013,2026-W47,8650,3015,0.3486
ST_001998,SKU_0018,2026-W10,5244,3890,0.7418
ST_001999,SKU_0037,2026-W01,4598,3382,0.7355
ST_002000,SKU_0003,2026-W15,4888,1645,0.3365
ST_002001,SKU_0045,2026-W28,7089,6400,0.9028
ST_002002,SKU_0035,2026-W33,7552,5960,0.7892
ST_002003,SKU_0030,2026-W28,6416,261,0.0407
ST_002004,SKU_0033,2026-W11,5065,2189,0.4322
ST_002005,SKU_0001,2026-W10,7325,514,0.0702
ST_002006,SKU_0050,2026-W05,8544,3387,0.3964
ST_002007,SKU_0003,2026-W48,5254,1170,0.2227
ST_002008,SKU_0032,2026-W31,2073,1865,0.8997
ST_002009,SKU_0004,2026-W42,2135,2027,0.9494
ST_002010,SKU_0015,2026-W14,4201,2767,0.6587
ST_002011,SKU_0022,2026-W15,5562,5383,0.9678
ST_002012,SKU_0028,2026-W26,9633,531,0.0551
ST_002013,SKU_0021,2026-W29,8765,5644,0.6439
ST_002014,SKU_0037,2026-W05,2893,208,0.0719
ST_002015,SKU_0022,2026-W48,9705,576,0.0594
ST_002016,SKU_0018,2026-W51,2796,2509,0.8974
ST_002017,SKU_0009,2026-W01,7886,5296,0.6716
ST_002018,SKU_0046,2026-W49,4798,226,0.0471
ST_002019,SKU_0001,2026-W30,2380,2122,0.8916
ST_002020,SKU_0036,2026-W39,3389,1819,0.5367
ST_002021,SKU_0003,2026-W34,4223,3771,0.893
ST_002022,SKU_0001,2026-W51,5428,1374,0.2531
ST_002023,SKU_0011,2026-W43,5683,1033,0.1818
ST_002024,SKU_0032,2026-W37,5421,3932,0.7253
ST_002025,SKU_0047,2026-W09,4875,1264,0.2593
ST_002026,SKU_0046,2026-W02,8945,355,0.0397
ST_002027,SKU_0046,2026-W25,4959,4898,0.9877
ST_002028,SKU_0043,2026-W32,4004,3977,0.9933
ST_002029,SKU_0011,2026-W35,8248,6184,0.7498
ST_002030,SKU_0022,2026-W34,8864,5661,0.6387
ST_002031,SKU_0019,2026-W35,8850,4505,0.509
ST_002032,SKU_0009,2026-W05,2641,1712,0.6482
ST_002033,SKU_0014,2026-W31,8902,8348,0.9378
ST_002034,SKU_0041,2026-W43,7989,1490,0.1865
ST_002035,SKU_0020,2026-W19,3924,2572,0.6555
ST_002036,SKU_0002,2026-W14,6062,2329,0.3842
ST_002037,SKU_0041,2026-W35,3516,1231,0.3501
ST_002038,SKU_0016,2026-W16,8512,7791,0.9153
ST_002039,SKU_0044,2026-W33,4318,1421,0.3291
ST_002040,SKU_0038,2026-W28,7325,2865,0.3911
ST_002041,SKU_0003,2026-W08,6430,5018,0.7804
ST_002042,SKU_0043,2026-W42,2785,2757,0.9899
ST_002043,SKU_0046,2026-W07,9025,5375,0.5956
ST_002044,SKU_0020,2026-W04,7034,4228,0.6011
ST_002045,SKU_0022,2026-W08,8177,2734,0.3344
ST_002046,SKU_0042,2026-W13,5510,2870,0.5209
ST_002047,SKU_0032,2026-W22,2734,2552,0.9334
ST_002048,SKU_0025,2026-W19,6363,2628,0.413
ST_002049,SKU_0007,2026-W02,5468,3266,0.5973
ST_002050,SKU_0007,2026-W25,5102,1930,0.3783
ST_002051,SKU_0008,2026-W33,9473,2004,0.2115
ST_002052,SKU_0017,2026-W19,8443,6686,0.7919
ST_002053,SKU_0049,2026-W46,2242,1824,0.8136
ST_002054,SKU_0023,2026-W12,3668,956,0.2606
ST_002055,SKU_0035,2026-W24,7267,4792,0.6594
ST_002056,SKU_0012,2026-W43,7420,4737,0.6384
ST_002057,SKU_0040,2026-W47,6189,5026,0.8121
ST_002058,SKU_0036,2026-W09,9381,4428,0.472
ST_002059,SKU_0033,2026-W44,7497,4581,0.611
ST_002060,SKU_0046,2026-W01,9856,9576,0.9716
ST_002061,SKU_0012,2026-W35,5960,4771,0.8005
ST_002062,SKU_0025,2026-W04,8784,5163,0.5878
ST_002063,SKU_0010,2026-W39,2861,2222,0.7767
ST_002064,SKU_0018,2026-W40,3035,1963,0.6468
ST_002065,SKU_0006,2026-W47,8267,2055,0.2486
ST_002066,SKU_0045,2026-W19,7666,5979,0.7799
ST_002067,SKU_0030,2026-W19,4918,1294,0.2631
ST_002068,SKU_0043,2026-W21,6252,4712,0.7537
ST_002069,SKU_0017,2026-W04,3126,2256,0.7217
ST_002070,SKU_0010,2026-W47,2085,1590,0.7626
ST_002071,SKU_0046,2026-W05,7615,4536,0.5957
ST_002072,SKU_0001,2026-W40,3316,1079,0.3254
ST_002073,SKU_0019,2026-W39,2797,1478,0.5284
ST_002074,SKU_0049,2026-W26,3577,2912,0.8141
ST_002075,SKU_0039,2026-W13,9147,824,0.0901
ST_002076,SKU_0028,2026-W23,7430,1445,0.1945
ST_002077,SKU_0011,2026-W33,4861,1420,0.2921
ST_002078,SKU_0031,2026-W13,2324,247,0.1063
ST_002079,SKU_0018,2026-W27,7351,1238,0.1684
ST_002080,SKU_0029,2026-W18,8352,8017,0.9599
ST_002081,SKU_0007,2026-W52,6711,6377,0.9502
ST_002082,SKU_0001,2026-W27,7662,7147,0.9328
ST_002083,SKU_0044,2026-W24,6232,5310,0.8521
ST_002084,SKU_0008,2026-W09,2248,1387,0.617
ST_002085,SKU_0030,2026-W04,3324,2945,0.886
ST_002086,SKU_0007,2026-W01,5395,4901,0.9084
ST_002087,SKU_0041,2026-W33,7693,4683,0.6087
ST_002088,SKU_0048,2026-W48,2371,2159,0.9106
ST_002089,SKU_0016,2026-W29,6451,1619,0.251
ST_002090,SKU_0032,2026-W49,9251,5376,0.5811
ST_002091,SKU_0035,2026-W14,3937,1270,0.3226
ST_002092,SKU_0015,2026-W16,5089,4256,0.8363
ST_002093,SKU_0048,2026-W07,7381,203,0.0275
ST_002094,SKU_0004,2026-W43,6805,4997,0.7343
ST_002095,SKU_0038,2026-W19,9820,7467,0.7604
ST_002096,SKU_0034,2026-W15,9218,8463,0.9181
ST_002097,SKU_0013,2026-W18,8132,2896,0.3561
ST_002098,SKU_0004,2026-W35,7326,502,0.0685
ST_002099,SKU_0001,2026-W21,8179,3767,0.4606
ST_002100,SKU_0026,2026-W47,2579,1769,0.6859
ST_002101,SKU_0029,2026-W12,2551,1220,0.4782
ST_002102,SKU_0019,2026-W09,2964,2864,0.9663
ST_002103,SKU_0024,2026-W47,3239,696,0.2149
ST_002104,SKU_0020,2026-W06,5762,4522,0.7848
ST_002105,SKU_0012,2026-W33,6373,5625,0.8826
ST_002106,SKU_0034,2026-W34,7918,6932,0.8755
ST_002107,SKU_0047,2026-W12,6381,6083,0.9533
ST_002108,SKU_0041,2026-W09,6262,5716,0.9128
ST_002109,SKU_0048,2026-W08,7881,5334,0.6768
ST_002110,SKU_0027,2026-W50,2707,1979,0.7311
ST_002111,SKU_0032,2026-W07,7288,1705,0.2339
ST_002112,SKU_0002,2026-W16,5213,3660,0.7021
ST_002113,SKU_0050,2026-W13,9677,6795,0.7022
ST_002114,SKU_0036,2026-W18,7008,4361,0.6223
ST_002115,SKU_0003,2026-W19,5903,2399,0.4064
ST_002116,SKU_0035,2026-W50,8194,7471,0.9118
ST_002117,SKU_0044,2026-W14,3146,856,0.2721
ST_002118,SKU_0014,2026-W48,9204,4073,0.4425
ST_002119,SKU_0050,2026-W41,9185,3929,0.4278
ST_002120,SKU_0037,2026-W13,9536,8885,0.9317
ST_002121,SKU_0025,2026-W06,9574,4907,0.5125
ST_002122,SKU_0043,2026-W43,4494,2752,0.6124
ST_002123,SKU_0013,2026-W12,5274,760,0.1441
ST_002124,SKU_0020,2026-W10,2746,2086,0.7597
ST_002125,SKU_0043,2026-W35,6652,6178,0.9287
ST_002126,SKU_0017,2026-W06,8211,8049,0.9803
ST_002127,SKU_0027,2026-W11,4596,2673,0.5816
ST_002128,SKU_0035,2026-W45,6865,6155,0.8966
ST_002129,SKU_0003,2026-W04,5014,3954,0.7886
ST_002130,SKU_0014,2026-W07,8689,1303,0.15
ST_002131,SKU_0005,2026-W15,7574,6944,0.9168
ST_002132,SKU_0009,2026-W13,2682,2006,0.7479
ST_002133,SKU_0042,2026-W20,8387,285,0.034
ST_002134,SKU_0008,2026-W14,4412,2297,0.5206
ST_002135,SKU_0007,2026-W28,7272,5943,0.8172
ST_002136,SKU_0020,2026-W30,4534,782,0.1725
ST_002137,SKU_0033,2026-W31,4977,1776,0.3568
ST_002138,SKU_0012,2026-W09,5163,1196,0.2316
ST_002139,SKU_0020,2026-W51,4110,1571,0.3822
ST_002140,SKU_0022,2026-W04,9003,1378,0.1531
ST_002141,SKU_0032,2026-W05,7631,5647,0.74
ST_002142,SKU_0040,2026-W50,7256,4637,0.6391
ST_002143,SKU_0039,2026-W26,9219,3778,0.4098
ST_002144,SKU_0004,2026-W39,2606,1138,0.4367
ST_002145,SKU_0030,2026-W06,3238,587,0.1813
ST_002146,SKU_0036,2026-W12,8864,8828,0.9959
ST_002147,SKU_0021,2026-W15,2899,1744,0.6016
ST_002148,SKU_0015,2026-W29,8576,7953,0.9274
ST_002149,SKU_0035,2026-W38,8618,850,0.0986
ST_002150,SKU_0031,2026-W26,4471,1051,0.2351
ST_002151,SKU_0021,2026-W48,9492,6090,0.6416
ST_002152,SKU_0005,2026-W34,5220,1088,0.2084
ST_002153,SKU_0033,2026-W37,2091,319,0.1526
ST_002154,SKU_0006,2026-W50,9572,8172,0.8537
ST_002155,SKU_0014,2026-W08,3047,1968,0.6459
ST_002156,SKU_0023,2026-W29,2507,2110,0.8416
ST_002157,SKU_0025,2026-W30,9699,6437,0.6637
ST_002158,SKU_0040,2026-W11,6198,5789,0.934
ST_002159,SKU_0042,2026-W36,9181,5961,0.6493
ST_002160,SKU_0045,2026-W20,2579,1924,0.746
ST_002161,SKU_0021,2026-W34,9187,4969,0.5409
ST_002162,SKU_0017,2026-W30,8093,7458,0.9215
ST_002163,SKU_0039,2026-W20,9541,1128,0.1182
ST_002164,SKU_0011,2026-W14,7249,7072,0.9756
ST_002165,SKU_0042,2026-W03,5480,2558,0.4668
ST_002166,SKU_0010,2026-W18,2272,410,0.1805
ST_002167,SKU_0042,2026-W17,4756,4715,0.9914
ST_002168,SKU_0006,2026-W11,8263,7744,0.9372
ST_002169,SKU_0002,2026-W29,8094,6048,0.7472
ST_002170,SKU_0019,2026-W18,4358,2611,0.5991
ST_002171,SKU_0041,2026-W14,4843,1044,0.2156
ST_002172,SKU_0045,2026-W30,7924,6772,0.8546
ST_002173,SKU_0030,2026-W30,3100,2258,0.7284
ST_002174,SKU_0033,2026-W22,9183,3007,0.3275
ST_002175,SKU_0035,2026-W16,5950,1347,0.2264
ST_002176,SKU_0044,2026-W38,7095,2342,0.3301
ST_002177,SKU_0042,2026-W23,8498,2819,0.3317
ST_002178,SKU_0046,2026-W13,9320,8970,0.9624
ST_002179,SKU_0021,2026-W08,7087,4658,0.6573
ST_002180,SKU_0043,2026-W33,2617,651,0.2488
ST_002181,SKU_0027,2026-W44,8919,7126,0.799
ST_002182,SKU_0004,2026-W09,9704,7286,0.7508
ST_002183,SKU_0045,2026-W36,8615,4848,0.5627
ST_002184,SKU_0039,2026-W36,8643,7993,0.9248
ST_002185,SKU_0039,2026-W03,3329,2947,0.8853
ST_002186,SKU_0005,2026-W28,4210,2349,0.558
ST_002187,SKU_0010,2026-W12,8119,2218,0.2732
ST_002188,SKU_0038,2026-W20,8514,2737,0.3215
ST_002189,SKU_0050,2026-W26,4585,2834,0.6181
ST_002190,SKU_0039,2026-W17,6057,2658,0.4388
ST_002191,SKU_0031,2026-W03,7727,4717,0.6105
ST_002192,SKU_0024,2026-W50,4996,1089,0.218
ST_002193,SKU_0042,2026-W32,8170,8102,0.9917
ST_002194,SKU_0012,2026-W14,9982,3786,0.3793
ST_002195,SKU_0019,2026-W12,3688,2245,0.6087
ST_002196,SKU_0003,2026-W06,4881,1824,0.3737
ST_002197,SKU_0031,2026-W17,3831,1247,0.3255
ST_002198,SKU_0037,2026-W26,5007,4722,0.9431
ST_002199,SKU_0039,2026-W23,3532,3392,0.9604
ST_002200,SKU_0007,2026-W13,9972,3594,0.3604
ST_002201,SKU_0022,2026-W06,6491,4567,0.7036
ST_002202,SKU_0038,2026-W30,2724,2256,0.8282
ST_002203,SKU_0026,2026-W11,6003,1115,0.1857
ST_002204,SKU_0044,2026-W16,5254,5041,0.9595
ST_002205,SKU_0031,2026-W23,4070,1769,0.4346
ST_002206,SKU_0040,2026-W44,8106,3797,0.4684
ST_002207,SKU_0042,2026-W42,8275,3022,0.3652
ST_002208,SKU_0009,2026-W26,5542,4803,0.8667
ST_002209,SKU_0024,2026-W11,9263,2427,0.262
ST_002210,SKU_0034,2026-W19,8147,5146,0.6316
ST_002211,SKU_0038,2026-W36,7146,6892,0.9645
ST_002212,SKU_0047,2026-W29,3488,1469,0.4212
ST_002213,SKU_0022,2026-W46,7297,6743,0.9241
ST_002214,SKU_0045,2026-W32,5737,3530,0.6153
ST_002215,SKU_0017,2026-W42,6252,462,0.0739
ST_002216,SKU_0039,2026-W32,5870,1315,0.224
ST_002217,SKU_0006,2026-W44,4701,4040,0.8594
ST_002218,SKU_0003,2026-W10,7427,4873,0.6561
ST_002219,SKU_0011,2026-W38,5625,3120,0.5547
ST_002220,SKU_0033,2026-W49,8898,1392,0.1564
ST_002221,SKU_0016,2026-W15,3554,580,0.1632
ST_002222,SKU_0020,2026-W21,4652,2481,0.5333
ST_002223,SKU_0016,2026-W48,5426,1737,0.3201
ST_002224,SKU_0022,2026-W10,5466,4285,0.7839
ST_002225,SKU_0034,2026-W04,7368,3659,0.4966
ST_002226,SKU_0043,2026-W24,9825,2676,0.2724
ST_002227,SKU_0033,2026-W25,2851,1089,0.382
ST_002228,SKU_0003,2026-W30,7617,3754,0.4928
ST_002229,SKU_0012,2026-W12,8689,401,0.0462
ST_002230,SKU_0003,2026-W51,5549,1408,0.2537
ST_002231,SKU_0045,2026-W42,7046,2535,0.3598
ST_002232,SKU_0016,2026-W34,8726,4715,0.5403
ST_002233,SKU_0050,2026-W03,9659,4567,0.4728
ST_002234,SKU_0028,2026-W39,5810,5341,0.9193
ST_002235,SKU_0048,2026-W41,9787,3201,0.3271
ST_002236,SKU_0022,2026-W51,8455,8369,0.9898
ST_002237,SKU_0018,2026-W47,3107,1475,0.4747
ST_002238,SKU_0028,2026-W47,4904,2841,0.5793
ST_002239,SKU_0050,2026-W17,7463,4184,0.5606
ST_002240,SKU_0025,2026-W21,5193,5111,0.9842
ST_002241,SKU_0037,2026-W03,6811,4986,0.7321
ST_002242,SKU_0017,2026-W21,6376,4291,0.673
ST_002243,SKU_0033,2026-W07,4560,751,0.1647
ST_002244,SKU_0037,2026-W17,2857,2757,0.965
ST_002245,SKU_0011,2026-W16,4336,2244,0.5175
ST_002246,SKU_0038,2026-W32,7525,1857,0.2468
ST_002247,SKU_0036,2026-W29,7878,2022,0.2567
ST_002248,SKU_0050,2026-W23,5256,1916,0.3645
ST_002249,SKU_0005,2026-W19,7054,4837,0.6857
ST_002250,SKU_0016,2026-W08,8690,7271,0.8367
ST_002251,SKU_0046,2026-W26,2246,2212,0.9849
ST_002252,SKU_0041,2026-W16,2549,1477,0.5794
ST_002253,SKU_0009,2026-W03,9715,4651,0.4787
ST_002254,SKU_0037,2026-W23,6035,1128,0.1869
ST_002255,SKU_0026,2026-W44,4985,4933,0.9896
ST_002256,SKU_0032,2026-W41,6698,5825,0.8697
ST_002257,SKU_0009,2026-W17,5755,4260,0.7402
ST_002258,SKU_0044,2026-W29,7392,6974,0.9435
ST_002259,SKU_0030,2026-W21,2616,2556,0.9771
ST_002260,SKU_0033,2026-W01,4118,3997,0.9706
ST_002261,SKU_0024,2026-W44,7155,2438,0.3407
ST_002262,SKU_0038,2026-W42,4689,3180,0.6782
ST_002263,SKU_0001,2026-W24,7704,5255,0.6821
ST_002264,SKU_0027,2026-W31,5216,843,0.1616
ST_002265,SKU_0005,2026-W04,4157,358,0.0861
ST_002266,SKU_0043,2026-W14,9182,7643,0.8324
ST_002267,SKU_0009,2026-W23,5716,2730,0.4776
ST_002268,SKU_0035,2026-W31,2690,2281,0.848
ST_002269,SKU_0033,2026-W05,4306,1044,0.2425
ST_002270,SKU_0004,2026-W12,8794,2533,0.288
ST_002271,SKU_0008,2026-W29,9527,6433,0.6752
ST_002272,SKU_0014,2026-W41,4064,3568,0.878
ST_002273,SKU_0021,2026-W04,2236,866,0.3873
ST_002274,SKU_0027,2026-W37,8959,4246,0.4739
ST_002275,SKU_0007,2026-W26,9893,6131,0.6197
ST_002276,SKU_0015,2026-W15,3107,2649,0.8526
ST_002277,SKU_0035,2026-W37,3810,3651,0.9583
ST_002278,SKU_0015,2026-W48,3427,752,0.2194
ST_002279,SKU_0022,2026-W40,5789,3523,0.6086
ST_002280,SKU_0048,2026-W46,6808,5934,0.8716
ST_002281,SKU_0023,2026-W15,5978,1760,0.2944
ST_002282,SKU_0034,2026-W06,7699,5584,0.7253
ST_002283,SKU_0040,2026-W31,2483,1533,0.6174
ST_002284,SKU_0049,2026-W39,8434,7653,0.9074
ST_002285,SKU_0007,2026-W20,3479,688,0.1978
ST_002286,SKU_0042,2026-W43,6178,3728,0.6034
ST_002287,SKU_0015,2026-W34,4285,1581,0.369
ST_002288,SKU_0048,2026-W10,8677,3824,0.4407
ST_002289,SKU_0046,2026-W03,3060,2892,0.9451
ST_002290,SKU_0022,2026-W27,5567,955,0.1715
ST_002291,SKU_0049,2026-W47,8774,6787,0.7735
ST_002292,SKU_0042,2026-W35,7062,826,0.117
ST_002293,SKU_0046,2026-W17,5839,2310,0.3956
ST_002294,SKU_0011,2026-W29,6691,4827,0.7214
ST_002295,SKU_0019,2026-W29,3818,2818,0.7381
ST_002296,SKU_0002,2026-W15,7804,5196,0.6658
ST_002297,SKU_0027,2026-W22,4276,1613,0.3772
ST_002298,SKU_0023,2026-W34,7264,1534,0.2112
ST_002299,SKU_0040,2026-W37,3360,2030,0.6042
ST_002300,SKU_0017,2026-W43,7811,5062,0.6481
ST_002301,SKU_0029,2026-W02,8514,1839,0.216
ST_002302,SKU_0029,2026-W25,6237,288,0.0462
ST_002303,SKU_0002,2026-W48,4902,2772,0.5655
ST_002304,SKU_0032,2026-W46,8439,4525,0.5362
ST_002305,SKU_0043,2026-W45,9030,8250,0.9136
ST_002306,SKU_0048,2026-W51,2416,427,0.1767
ST_002307,SKU_0041,2026-W29,7796,7250,0.93
ST_002308,SKU_0035,2026-W22,5407,4777,0.8835
ST_002309,SKU_0017,2026-W35,6335,4170,0.6582
ST_002310,SKU_0046,2026-W23,9882,4076,0.4125
ST_002311,SKU_0003,2026-W21,8575,274,0.032
ST_002312,SKU_0015,2026-W08,7121,1351,0.1897
ST_002313,SKU_0002,2026-W34,8641,7037,0.8144
ST_002314,SKU_0007,2026-W36,7348,1258,0.1712
ST_002315,SKU_0045,2026-W43,2203,1871,0.8493
ST_002316,SKU_0022,2026-W21,4828,3546,0.7345
ST_002317,SKU_0030,2026-W43,7304,2217,0.3035
ST_002318,SKU_0007,2026-W03,3905,1801,0.4612
ST_002319,SKU_0034,2026-W30,9021,4443,0.4925
ST_002320,SKU_0045,2026-W35,2392,2053,0.8583
ST_002321,SKU_0030,2026-W35,5343,1401,0.2622
ST_002322,SKU_0043,2026-W38,8163,4653,0.57
ST_002323,SKU_0032,2026-W26,9127,2837,0.3108
ST_002324,SKU_0014,2026-W46,5631,897,0.1593
ST_002325,SKU_0007,2026-W17,9587,2809,0.293
ST_002326,SKU_0013,2026-W02,8115,6696,0.8251
ST_002327,SKU_0013,2026-W25,6569,4703,0.7159
ST_002328,SKU_0040,2026-W22,3443,3299,0.9582
ST_002329,SKU_0005,2026-W06,8780,6920,0.7882
ST_002330,SKU_0001,2026-W50,4004,702,0.1753
ST_002331,SKU_0012,2026-W29,2160,1699,0.7866
ST_002332,SKU_0029,2026-W52,6655,3525,0.5297
ST_002333,SKU_0014,2026-W10,8174,4673,0.5717
ST_002334,SKU_0007,2026-W23,5733,1612,0.2812
ST_002335,SKU_0002,2026-W08,5062,2655,0.5245
ST_002336,SKU_0028,2026-W18,2381,2002,0.8408
ST_002337,SKU_0029,2026-W01,6037,2267,0.3755
ST_002338,SKU_0006,2026-W22,6415,4541,0.7079
ST_002339,SKU_0021,2026-W06,7919,6380,0.8057
ST_002340,SKU_0001,2026-W45,8919,1402,0.1572
ST_002341,SKU_0018,2026-W11,9873,7006,0.7096
ST_002342,SKU_0027,2026-W49,9077,8518,0.9384
ST_002343,SKU_0014,2026-W51,3242,243,0.075
ST_002344,SKU_0047,2026-W15,4284,1084,0.253
ST_002345,SKU_0016,2026-W04,3337,2325,0.6967
ST_002346,SKU_0001,2026-W11,2750,752,0.2735
ST_002347,SKU_0042,2026-W33,5782,4175,0.7221
ST_002348,SKU_0038,2026-W43,3785,663,0.1752
ST_002349,SKU_0035,2026-W49,8195,3929,0.4794
ST_002350,SKU_0007,2026-W32,8191,3999,0.4882
ST_002351,SKU_0043,2026-W16,4425,1578,0.3566
ST_002352,SKU_0027,2026-W25,7552,4143,0.5486
ST_002353,SKU_0038,2026-W35,6391,5151,0.806
ST_002354,SKU_0025,2026-W33,9999,4539,0.4539
ST_002355,SKU_0013,2026-W52,3550,2158,0.6079
ST_002356,SKU_0048,2026-W40,6461,5777,0.8941
ST_002357,SKU_0017,2026-W33,6574,4053,0.6165
ST_002358,SKU_0001,2026-W38,3311,1305,0.3941
ST_002359,SKU_0005,2026-W30,3135,2089,0.6663
ST_002360,SKU_0021,2026-W10,4861,4305,0.8856
ST_002361,SKU_0013,2026-W01,8401,1524,0.1814
ST_002362,SKU_0047,2026-W34,4234,302,0.0713
ST_002363,SKU_0028,2026-W12,7681,3331,0.4337
ST_002364,SKU_0007,2026-W42,4684,669,0.1428
ST_002365,SKU_0048,2026-W27,7931,2915,0.3675
ST_002366,SKU_0039,2026-W39,6473,265,0.0409
ST_002367,SKU_0035,2026-W48,8782,6257,0.7125
ST_002368,SKU_0021,2026-W30,3756,640,0.1704
ST_002369,SKU_0040,2026-W49,5503,2639,0.4796
ST_002370,SKU_0027,2026-W07,5614,588,0.1047
ST_002371,SKU_0045,2026-W33,5062,2358,0.4658
ST_002372,SKU_0021,2026-W51,6504,4748,0.73
ST_002373,SKU_0031,2026-W39,9056,7838,0.8655
ST_002374,SKU_0030,2026-W33,4771,1764,0.3697
ST_002375,SKU_0004,2026-W29,7748,2415,0.3117
ST_002376,SKU_0031,2026-W47,2294,2178,0.9494
ST_002377,SKU_0026,2026-W22,7284,5375,0.7379
ST_002378,SKU_0035,2026-W07,7120,1971,0.2768
ST_002379,SKU_0040,2026-W02,3474,2401,0.6911
ST_002380,SKU_0040,2026-W25,7207,2626,0.3644
ST_002381,SKU_0042,2026-W09,4825,3280,0.6798
ST_002382,SKU_0033,2026-W13,8753,8580,0.9802
ST_002383,SKU_0024,2026-W22,7521,4901,0.6516
ST_002384,SKU_0006,2026-W49,3926,788,0.2007
ST_002385,SKU_0036,2026-W15,3135,2348,0.749
ST_002386,SKU_0020,2026-W24,2534,2165,0.8544
ST_002387,SKU_0027,2026-W01,2713,344,0.1268
ST_002388,SKU_0032,2026-W27,6494,1730,0.2664
ST_002389,SKU_0001,2026-W16,3171,2434,0.7676
ST_002390,SKU_0006,2026-W02,2980,2516,0.8443
ST_002391,SKU_0006,2026-W25,4194,429,0.1023
ST_002392,SKU_0010,2026-W02,3757,1031,0.2744
ST_002393,SKU_0010,2026-W25,4104,2529,0.6162
ST_002394,SKU_0018,2026-W44,7720,4132,0.5352
ST_002395,SKU_0049,2026-W18,5747,3138,0.546
ST_002396,SKU_0029,2026-W28,7226,5377,0.7441
ST_002397,SKU_0014,2026-W40,7046,6692,0.9498
ST_002398,SKU_0044,2026-W48,9211,4260,0.4625
ST_002399,SKU_0035,2026-W08,3728,1772,0.4753
ST_002400,SKU_0036,2026-W34,5626,4645,0.8256
ST_002401,SKU_0027,2026-W05,3896,1662,0.4266
ST_002402,SKU_0001,2026-W44,6211,4713,0.7588
ST_002403,SKU_0025,2026-W24,8963,4821,0.5379
ST_002404,SKU_0023,2026-W19,4794,2443,0.5096
ST_002405,SKU_0038,2026-W33,6760,464,0.0686
ST_002406,SKU_0035,2026-W05,7510,4656,0.62
ST_002407,SKU_0039,2026-W09,5359,4198,0.7834
ST_002408,SKU_0034,2026-W21,7190,4500,0.6259
ST_002409,SKU_0043,2026-W29,2772,1058,0.3817
ST_002410,SKU_0014,2026-W27,6124,5735,0.9365
ST_002411,SKU_0017,2026-W24,8575,2506,0.2922
ST_002412,SKU_0044,2026-W34,8149,2103,0.2581
ST_002413,SKU_0040,2026-W52,7654,5853,0.7647
ST_002414,SKU_0008,2026-W15,2856,605,0.2118
ST_002415,SKU_0031,2026-W09,7014,3537,0.5043
ST_002416,SKU_0015,2026-W04,8628,8386,0.972
ST_002417,SKU_0016,2026-W06,8364,6024,0.7202
ST_002418,SKU_0040,2026-W01,5255,2503,0.4763
ST_002419,SKU_0008,2026-W48,5702,2783,0.4881
ST_002420,SKU_0050,2026-W39,7459,4468,0.599
ST_002421,SKU_0013,2026-W28,8068,7233,0.8965
ST_002422,SKU_0006,2026-W52,4042,3837,0.9493
ST_002423,SKU_0023,2026-W04,3995,1658,0.415
ST_002424,SKU_0026,2026-W49,5095,3307,0.6491
ST_002425,SKU_0050,2026-W47,4017,2323,0.5783
ST_002426,SKU_0010,2026-W52,6224,5697,0.9153
ST_002427,SKU_0030,2026-W24,9368,2925,0.3122
ST_002428,SKU_0021,2026-W40,9415,8558,0.909
ST_002429,SKU_0037,2026-W39,3355,941,0.2805
ST_002430,SKU_0006,2026-W01,5658,272,0.0481
ST_002431,SKU_0008,2026-W34,5269,4955,0.9404
ST_002432,SKU_0040,2026-W05,9420,7935,0.8424
ST_002433,SKU_0024,2026-W49,6088,3935,0.6464
ST_002434,SKU_0016,2026-W46,5979,2134,0.3569
ST_002435,SKU_0044,2026-W08,2271,1479,0.6513
ST_002436,SKU_0037,2026-W47,3477,2571,0.7394
ST_002437,SKU_0026,2026-W02,8432,5331,0.6322
ST_002438,SKU_0026,2026-W25,9437,1190,0.1261
ST_002439,SKU_0002,2026-W04,5690,3786,0.6654
ST_002440,SKU_0024,2026-W02,2319,773,0.3333
ST_002441,SKU_0024,2026-W25,3738,1971,0.5273
ST_002442,SKU_0016,2026-W10,6416,931,0.1451
ST_002443,SKU_0019,2026-W15,7506,637,0.0849
ST_002444,SKU_0021,2026-W27,7899,5640,0.714
ST_002445,SKU_0006,2026-W05,4123,3762,0.9124
ST_002446,SKU_0011,2026-W15,5463,2095,0.3835
ST_002447,SKU_0009,2026-W39,5171,2202,0.4258
ST_002448,SKU_0038,2026-W09,3158,278,0.088
ST_002449,SKU_0042,2026-W14,2719,1610,0.5921
ST_002450,SKU_0009,2026-W47,8666,5102,0.5887
ST_002451,SKU_0011,2026-W48,5077,783,0.1542
ST_002452,SKU_0041,2026-W15,3070,497,0.1619
ST_002453,SKU_0008,2026-W08,4096,3195,0.78
ST_002454,SKU_0025,2026-W14,6803,945,0.1389
ST_002455,SKU_0005,2026-W21,8011,1639,0.2046
ST_002456,SKU_0016,2026-W51,7241,1690,0.2334
ST_002457,SKU_0041,2026-W48,6395,5549,0.8677
ST_002458,SKU_0017,2026-W14,7202,3597,0.4994
ST_002459,SKU_0019,2026-W34,7544,3857,0.5113
ST_002460,SKU_0011,2026-W34,3550,625,0.1761
ST_002461,SKU_0049,2026-W44,7436,5032,0.6767
ST_002462,SKU_0007,2026-W43,4131,3189,0.772
ST_002463,SKU_0020,2026-W50,2988,2823,0.9448
ST_002464,SKU_0021,2026-W21,7364,4926,0.6689
ST_002465,SKU_0041,2026-W34,9152,4393,0.48
ST_002466,SKU_0029,2026-W19,8673,2642,0.3046
ST_002467,SKU_0026,2026-W52,7280,3602,0.4948
ST_002468,SKU_0033,2026-W26,9544,5426,0.5685
ST_002469,SKU_0007,2026-W35,7564,1048,0.1386
ST_002470,SKU_0002,2026-W41,2967,2377,0.8011
ST_002471,SKU_0029,2026-W13,4712,4328,0.9185
ST_002472,SKU_0037,2026-W09,2455,925,0.3768
ST_002473,SKU_0045,2026-W14,2051,570,0.2779
ST_002474,SKU_0024,2026-W52,7319,1941,0.2652
ST_002475,SKU_0026,2026-W01,2754,1527,0.5545
ST_002476,SKU_0030,2026-W14,7168,6592,0.9196
ST_002477,SKU_0047,2026-W19,7293,1563,0.2143
ST_002478,SKU_0020,2026-W45,2831,2436,0.8605
ST_002479,SKU_0034,2026-W43,2107,1366,0.6483
ST_002480,SKU_0024,2026-W01,9668,6930,0.7168
ST_002481,SKU_0012,2026-W15,2572,839,0.3262
ST_002482,SKU_0011,2026-W08,4543,1464,0.3223
ST_002483,SKU_0039,2026-W18,2505,659,0.2631
ST_002484,SKU_0012,2026-W48,6500,6101,0.9386
ST_002485,SKU_0025,2026-W50,8657,5074,0.5861
ST_002486,SKU_0042,2026-W12,8089,2095,0.259
ST_002487,SKU_0009,2026-W09,4658,4087,0.8774
ST_002488,SKU_0026,2026-W05,8421,3879,0.4606
ST_002489,SKU_0031,2026-W18,2098,1781,0.8489
ST_002490,SKU_0041,2026-W08,7082,4465,0.6305
ST_002491,SKU_0003,2026-W24,2442,1878,0.769
ST_002492,SKU_0015,2026-W06,4616,4057,0.8789
ST_002493,SKU_0046,2026-W39,3194,2177,0.6816
ST_002494,SKU_0024,2026-W05,9218,3288,0.3567
ST_002495,SKU_0013,2026-W19,6257,591,0.0945
ST_002496,SKU_0047,2026-W04,2847,1904,0.6688
ST_002497,SKU_0006,2026-W28,7715,2971,0.3851
ST_002498,SKU_0046,2026-W47,6527,2712,0.4155
ST_002499,SKU_0022,2026-W24,8971,6121,0.6823
ST_002500,SKU_0012,2026-W34,5428,1791,0.33
ST_002501,SKU_0020,2026-W38,3493,2997,0.858
ST_002502,SKU_0001,2026-W31,4052,3615,0.8922
ST_002503,SKU_0023,2026-W06,4834,2560,0.5296
ST_002504,SKU_0013,2026-W13,8088,256,0.0317
ST_002505,SKU_0010,2026-W28,8044,3144,0.3909
ST_002506,SKU_0025,2026-W45,3853,1969,0.511
ST_002507,SKU_0017,2026-W45,2006,1018,0.5075
ST_002508,SKU_0015,2026-W46,4680,3657,0.7814
ST_002509,SKU_0038,2026-W14,6149,1021,0.166
ST_002510,SKU_0001,2026-W37,8165,2828,0.3464
ST_002511,SKU_0016,2026-W40,4136,2763,0.668
ST_002512,SKU_0002,2026-W06,2068,1900,0.9188
ST_002513,SKU_0015,2026-W10,6926,4464,0.6445
ST_002514,SKU_0039,2026-W12,9951,6172,0.6202
ST_002515,SKU_0036,2026-W19,7605,1491,0.1961
ST_002516,SKU_0025,2026-W38,2790,2044,0.7326
ST_002517,SKU_0012,2026-W08,7761,4070,0.5244
ST_002518,SKU_0033,2026-W03,3490,2792,0.8
ST_002519,SKU_0031,2026-W12,8937,7354,0.8229
ST_002520,SKU_0030,2026-W45,3065,810,0.2643
ST_002521,SKU_0023,2026-W10,6737,1721,0.2555
ST_002522,SKU_0017,2026-W38,3858,3159,0.8188
ST_002523,SKU_0033,2026-W17,7545,2519,0.3339
ST_002524,SKU_0005,2026-W43,8119,6658,0.8201
ST_002525,SKU_0016,2026-W27,5376,4137,0.7695
ST_002526,SKU_0007,2026-W33,2877,2409,0.8373
ST_002527,SKU_0027,2026-W13,4464,2429,0.5441
ST_002528,SKU_0015,2026-W51,5415,808,0.1492
ST_002529,SKU_0002,2026-W46,7387,3805,0.5151
ST_002530,SKU_0005,2026-W35,3553,774,0.2178
ST_002531,SKU_0004,2026-W15,5707,2638,0.4622
ST_002532,SKU_0020,2026-W16,3992,303,0.0759
ST_002533,SKU_0036,2026-W04,7398,3837,0.5187
ST_002534,SKU_0046,2026-W09,5230,3345,0.6396
ST_002535,SKU_0033,2026-W23,5654,5555,0.9825
ST_002536,SKU_0023,2026-W30,4065,2782,0.6844
ST_002537,SKU_0018,2026-W22,2043,226,0.1106
ST_002538,SKU_0023,2026-W51,2815,2799,0.9943
ST_002539,SKU_0050,2026-W18,6252,6097,0.9752
ST_002540,SKU_0002,2026-W10,9668,5113,0.5289
ST_002541,SKU_0026,2026-W28,5802,5677,0.9785
ST_002542,SKU_0030,2026-W38,9147,7188,0.7858
ST_002543,SKU_0034,2026-W33,9460,6518,0.689
ST_002544,SKU_0001,2026-W22,6799,5100,0.7501
ST_002545,SKU_0035,2026-W41,8737,6191,0.7086
ST_002546,SKU_0024,2026-W28,3565,1610,0.4516
ST_002547,SKU_0044,2026-W04,6684,3278,0.4904
ST_002548,SKU_0037,2026-W18,2192,1108,0.5055
ST_002549,SKU_0004,2026-W34,9870,1633,0.1655
ST_002550,SKU_0016,2026-W21,3194,1320,0.4133
ST_002551,SKU_0025,2026-W16,9394,1075,0.1144
ST_002552,SKU_0002,2026-W51,6505,2258,0.3471
ST_002553,SKU_0017,2026-W16,7497,4088,0.5453
ST_002554,SKU_0048,2026-W47,5134,3138,0.6112
ST_002555,SKU_0040,2026-W13,7739,1466,0.1894
ST_002556,SKU_0009,2026-W18,9196,674,0.0733
ST_002557,SKU_0007,2026-W09,8282,5734,0.6923
ST_002558,SKU_0008,2026-W04,4843,3325,0.6866
ST_002559,SKU_0047,2026-W06,3426,955,0.2788
ST_002560,SKU_0003,2026-W50,7621,2639,0.3463
ST_002561,SKU_0010,2026-W19,8238,3919,0.4757
ST_002562,SKU_0043,2026-W48,3023,2381,0.7876
ST_002563,SKU_0050,2026-W12,2485,968,0.3895
ST_002564,SKU_0006,2026-W13,9955,8649,0.8688
ST_002565,SKU_0045,2026-W16,6324,776,0.1227
ST_002566,SKU_0030,2026-W16,8603,4966,0.5772
ST_002567,SKU_0019,2026-W19,7175,7092,0.9884
ST_002568,SKU_0044,2026-W41,3960,2068,0.5222
ST_002569,SKU_0032,2026-W39,2845,446,0.1568
ST_002570,SKU_0022,2026-W50,9392,4895,0.5212
ST_002571,SKU_0037,2026-W12,7872,7454,0.9469
ST_002572,SKU_0029,2026-W20,4597,4484,0.9754
ST_002573,SKU_0032,2026-W47,3532,1755,0.4969
ST_002574,SKU_0003,2026-W45,2491,1847,0.7415
ST_002575,SKU_0018,2026-W49,8098,493,0.0609
ST_002576,SKU_0015,2026-W40,9170,628,0.0685
ST_002577,SKU_0005,2026-W33,7961,3926,0.4932
ST_002578,SKU_0022,2026-W45,4583,650,0.1418
ST_002579,SKU_0001,2026-W49,5765,4934,0.8559
ST_002580,SKU_0009,2026-W12,5719,2953,0.5163
ST_002581,SKU_0047,2026-W10,8368,7326,0.8755
ST_002582,SKU_0019,2026-W04,9786,2574,0.263
ST_002583,SKU_0011,2026-W04,3318,503,0.1516
ST_002584,SKU_0018,2026-W02,5733,4348,0.7584
ST_002585,SKU_0018,2026-W25,2073,1045,0.5041
ST_002586,SKU_0028,2026-W02,5354,4245,0.7929
ST_002587,SKU_0028,2026-W25,5636,2692,0.4776
ST_002588,SKU_0022,2026-W11,8970,8406,0.9371
ST_002589,SKU_0034,2026-W24,2575,2295,0.8913
ST_002590,SKU_0015,2026-W27,6736,1838,0.2729
ST_002591,SKU_0035,2026-W46,2092,1647,0.7873
ST_002592,SKU_0041,2026-W04,7130,749,0.105
ST_002593,SKU_0003,2026-W38,5267,1861,0.3533
ST_002594,SKU_0014,2026-W47,7649,5680,0.7426
ST_002595,SKU_0043,2026-W08,8433,7258,0.8607
ST_002596,SKU_0047,2026-W30,6114,2424,0.3965
ST_002597,SKU_0029,2026-W36,3027,1938,0.6402
ST_002598,SKU_0047,2026-W51,9203,4155,0.4515
ST_002599,SKU_0042,2026-W29,9595,3670,0.3825
ST_002600,SKU_0036,2026-W06,5580,871,0.1561
