markdown_id,sku_id,period,original_price,discount_percentage,discounted_price,units_sold_post_markdown,remaining_unallocated_stock
MKD_00001,SKU_0036,2026-W16,93.96,15,79.87,1597,797
MKD_00002,SKU_0039,2026-W24,40.93,50,20.46,2173,432
MKD_00003,SKU_0030,2026-W36,142.37,25,106.78,2317,1230
MKD_00004,SKU_0008,2026-W44,132.98,35,86.44,768,723
MKD_00005,SKU_0030,2026-W12,142.37,50,71.19,1271,1143
MKD_00006,SKU_0003,2026-W26,53.62,25,40.21,2300,218
MKD_00007,SKU_0039,2026-W27,40.93,35,26.6,585,1241
MKD_00008,SKU_0028,2026-W44,44.72,50,22.36,2281,279
MKD_00009,SKU_0048,2026-W49,74.81,50,37.41,1440,248
MKD_00010,SKU_0034,2026-W17,104.29,15,88.65,2020,206
MKD_00011,SKU_0017,2026-W10,44.35,15,37.7,2700,1453
MKD_00012,SKU_0015,2026-W13,25.27,50,12.63,894,401
MKD_00013,SKU_0034,2026-W48,104.29,15,88.65,985,1342
MKD_00014,SKU_0029,2026-W51,108.48,15,92.21,599,535
MKD_00015,SKU_0049,2026-W32,105.19,35,68.37,918,186
MKD_00016,SKU_0037,2026-W32,34.41,50,17.2,1301,1202
MKD_00017,SKU_0047,2026-W25,63.15,50,31.57,2277,806
MKD_00018,SKU_0005,2026-W24,92.4,50,46.2,1159,1008
MKD_00019,SKU_0025,2026-W02,82.15,50,41.08,1292,1378
MKD_00020,SKU_0047,2026-W31,63.15,25,47.36,1535,1371
MKD_00021,SKU_0039,2026-W20,40.93,15,34.79,1249,1215
MKD_00022,SKU_0016,2026-W44,77.88,50,38.94,1607,101
MKD_00023,SKU_0022,2026-W01,102.42,25,76.81,2554,1380
MKD_00024,SKU_0013,2026-W25,146.12,25,109.59,451,310
MKD_00025,SKU_0019,2026-W32,87.86,50,43.93,758,817
MKD_00026,SKU_0005,2026-W41,92.4,15,78.54,2511,1485
MKD_00027,SKU_0036,2026-W32,93.96,25,70.47,514,593
MKD_00028,SKU_0011,2026-W19,47.94,25,35.95,2371,1353
MKD_00029,SKU_0005,2026-W25,92.4,25,69.3,459,726
MKD_00030,SKU_0013,2026-W18,146.12,50,73.06,1710,856
MKD_00031,SKU_0029,2026-W28,108.48,50,54.24,1312,1266
MKD_00032,SKU_0020,2026-W35,131.42,15,111.71,648,1269
MKD_00033,SKU_0009,2026-W22,32.58,50,16.29,2376,661
MKD_00034,SKU_0046,2026-W32,132.32,25,99.24,2105,855
MKD_00035,SKU_0038,2026-W29,129.32,35,84.06,2772,480
MKD_00036,SKU_0011,2026-W43,47.94,50,23.97,513,270
MKD_00037,SKU_0038,2026-W17,129.32,25,96.99,2975,868
MKD_00038,SKU_0030,2026-W40,142.37,35,92.54,1588,1091
MKD_00039,SKU_0040,2026-W14,51.26,50,25.63,1307,1071
MKD_00040,SKU_0008,2026-W39,132.98,15,113.03,1122,753
MKD_00041,SKU_0008,2026-W02,132.98,50,66.49,2562,1033
MKD_00042,SKU_0008,2026-W21,132.98,50,66.49,516,1181
MKD_00043,SKU_0008,2026-W04,132.98,50,66.49,1134,1493
MKD_00044,SKU_0029,2026-W05,108.48,50,54.24,1188,770
MKD_00045,SKU_0011,2026-W10,47.94,35,31.16,2557,310
MKD_00046,SKU_0028,2026-W22,44.72,35,29.07,1284,1213
MKD_00047,SKU_0017,2026-W22,44.35,35,28.83,1518,432
MKD_00048,SKU_0041,2026-W09,122.51,50,61.26,1440,657
MKD_00049,SKU_0041,2026-W23,122.51,50,61.26,1130,1369
MKD_00050,SKU_0041,2026-W41,122.51,50,61.26,2952,1293
MKD_00051,SKU_0045,2026-W43,58.35,25,43.76,438,283
MKD_00052,SKU_0019,2026-W40,87.86,25,65.89,987,507
MKD_00053,SKU_0031,2026-W24,117.8,25,88.35,2645,1481
MKD_00054,SKU_0039,2026-W35,40.93,50,20.46,1981,1465
MKD_00055,SKU_0021,2026-W25,75.47,15,64.15,2009,152
MKD_00056,SKU_0008,2026-W26,132.98,15,113.03,1714,789
MKD_00057,SKU_0034,2026-W23,104.29,50,52.15,687,267
MKD_00058,SKU_0023,2026-W16,141.84,15,120.56,1626,845
MKD_00059,SKU_0024,2026-W52,58.2,15,49.47,2527,1487
MKD_00060,SKU_0004,2026-W27,89.27,15,75.88,1937,1440
MKD_00061,SKU_0002,2026-W28,98.56,35,64.06,2280,1083
MKD_00062,SKU_0043,2026-W41,135.18,25,101.39,729,484
MKD_00063,SKU_0028,2026-W03,44.72,15,38.01,2501,659
MKD_00064,SKU_0047,2026-W35,63.15,25,47.36,440,149
MKD_00065,SKU_0047,2026-W16,63.15,50,31.57,2794,1334
MKD_00066,SKU_0015,2026-W34,25.27,50,12.63,865,599
MKD_00067,SKU_0028,2026-W01,44.72,15,38.01,2771,1491
MKD_00068,SKU_0040,2026-W43,51.26,50,25.63,2459,1027
MKD_00069,SKU_0011,2026-W37,47.94,15,40.75,707,885
MKD_00070,SKU_0013,2026-W45,146.12,15,124.2,2813,325
MKD_00071,SKU_0028,2026-W06,44.72,35,29.07,2016,1213
MKD_00072,SKU_0003,2026-W18,53.62,15,45.58,2272,477
MKD_00073,SKU_0007,2026-W13,107.37,35,69.79,1653,1066
MKD_00074,SKU_0043,2026-W02,135.18,15,114.9,2810,525
MKD_00075,SKU_0022,2026-W06,102.42,50,51.21,2285,220
MKD_00076,SKU_0012,2026-W04,126.0,15,107.1,1739,770
MKD_00077,SKU_0043,2026-W01,135.18,35,87.87,2973,322
MKD_00078,SKU_0048,2026-W34,74.81,50,37.41,2671,124
MKD_00079,SKU_0004,2026-W12,89.27,35,58.03,2714,1340
MKD_00080,SKU_0050,2026-W10,142.4,35,92.56,1221,368
MKD_00081,SKU_0023,2026-W43,141.84,35,92.2,1384,513
MKD_00082,SKU_0042,2026-W17,140.72,25,105.54,2795,450
MKD_00083,SKU_0044,2026-W12,122.8,25,92.1,2941,271
MKD_00084,SKU_0012,2026-W13,126.0,35,81.9,329,388
MKD_00085,SKU_0022,2026-W16,102.42,25,76.81,367,546
MKD_00086,SKU_0026,2026-W16,34.16,15,29.04,853,386
MKD_00087,SKU_0032,2026-W47,114.7,50,57.35,2674,130
MKD_00088,SKU_0017,2026-W42,44.35,50,22.18,1379,710
MKD_00089,SKU_0032,2026-W01,114.7,25,86.03,2778,1396
MKD_00090,SKU_0047,2026-W08,63.15,15,53.68,425,1011
MKD_00091,SKU_0041,2026-W52,122.51,15,104.13,2587,1099
MKD_00092,SKU_0027,2026-W31,141.66,50,70.83,2461,724
MKD_00093,SKU_0022,2026-W13,102.42,25,76.81,1488,1406
MKD_00094,SKU_0042,2026-W47,140.72,25,105.54,1292,818
MKD_00095,SKU_0044,2026-W33,122.8,50,61.4,1517,548
MKD_00096,SKU_0030,2026-W50,142.37,15,121.01,585,1490
MKD_00097,SKU_0005,2026-W13,92.4,15,78.54,1110,916
MKD_00098,SKU_0006,2026-W26,123.08,25,92.31,1170,1084
MKD_00099,SKU_0046,2026-W02,132.32,35,86.01,2026,144
MKD_00100,SKU_0021,2026-W15,75.47,15,64.15,1296,866
MKD_00101,SKU_0007,2026-W26,107.37,15,91.26,1267,1452
MKD_00102,SKU_0050,2026-W36,142.4,50,71.2,1478,824
MKD_00103,SKU_0044,2026-W41,122.8,50,61.4,1262,944
MKD_00104,SKU_0011,2026-W16,47.94,35,31.16,352,601
MKD_00105,SKU_0018,2026-W52,118.5,25,88.88,2073,107
MKD_00106,SKU_0011,2026-W16,47.94,50,23.97,1064,362
MKD_00107,SKU_0026,2026-W29,34.16,25,25.62,852,1403
MKD_00108,SKU_0034,2026-W02,104.29,50,52.15,832,477
MKD_00109,SKU_0039,2026-W48,40.93,35,26.6,357,133
MKD_00110,SKU_0038,2026-W22,129.32,50,64.66,632,242
MKD_00111,SKU_0001,2026-W37,53.09,25,39.82,1271,1339
MKD_00112,SKU_0041,2026-W01,122.51,35,79.63,2654,1278
MKD_00113,SKU_0027,2026-W27,141.66,35,92.08,2216,1241
MKD_00114,SKU_0037,2026-W41,34.41,35,22.37,1855,662
MKD_00115,SKU_0048,2026-W39,74.81,35,48.63,2446,1450
MKD_00116,SKU_0006,2026-W05,123.08,50,61.54,1163,177
MKD_00117,SKU_0015,2026-W38,25.27,25,18.95,894,1248
MKD_00118,SKU_0019,2026-W12,87.86,35,57.11,982,319
MKD_00119,SKU_0014,2026-W48,85.17,35,55.36,1135,545
MKD_00120,SKU_0009,2026-W50,32.58,15,27.69,1294,571
MKD_00121,SKU_0049,2026-W04,105.19,15,89.41,2948,203
MKD_00122,SKU_0019,2026-W40,87.86,25,65.89,1655,868
MKD_00123,SKU_0001,2026-W02,53.09,25,39.82,828,1321
MKD_00124,SKU_0013,2026-W38,146.12,15,124.2,1685,1131
MKD_00125,SKU_0032,2026-W02,114.7,25,86.03,995,148
MKD_00126,SKU_0050,2026-W23,142.4,50,71.2,927,202
MKD_00127,SKU_0002,2026-W21,98.56,25,73.92,1763,904
MKD_00128,SKU_0039,2026-W06,40.93,25,30.7,2394,985
MKD_00129,SKU_0001,2026-W46,53.09,50,26.55,963,556
MKD_00130,SKU_0041,2026-W18,122.51,15,104.13,1290,1178
MKD_00131,SKU_0031,2026-W20,117.8,35,76.57,1246,1110
MKD_00132,SKU_0016,2026-W23,77.88,15,66.2,1233,821
MKD_00133,SKU_0040,2026-W09,51.26,50,25.63,2298,947
MKD_00134,SKU_0016,2026-W03,77.88,15,66.2,2703,1103
MKD_00135,SKU_0025,2026-W50,82.15,25,61.61,2899,481
MKD_00136,SKU_0021,2026-W30,75.47,25,56.6,2990,600
MKD_00137,SKU_0039,2026-W25,40.93,50,20.46,2289,629
MKD_00138,SKU_0036,2026-W15,93.96,15,79.87,2668,293
MKD_00139,SKU_0018,2026-W01,118.5,25,88.88,1246,1121
MKD_00140,SKU_0024,2026-W40,58.2,50,29.1,1570,228
MKD_00141,SKU_0020,2026-W05,131.42,25,98.56,1517,159
MKD_00142,SKU_0007,2026-W38,107.37,25,80.53,2463,1248
MKD_00143,SKU_0031,2026-W11,117.8,35,76.57,2807,853
MKD_00144,SKU_0016,2026-W47,77.88,25,58.41,2192,311
MKD_00145,SKU_0033,2026-W49,88.18,35,57.32,1067,1197
MKD_00146,SKU_0019,2026-W51,87.86,15,74.68,2498,1385
MKD_00147,SKU_0035,2026-W27,121.39,35,78.9,1208,1127
MKD_00148,SKU_0001,2026-W43,53.09,25,39.82,2532,787
MKD_00149,SKU_0010,2026-W10,48.95,15,41.61,509,200
MKD_00150,SKU_0019,2026-W26,87.86,15,74.68,1393,1235
MKD_00151,SKU_0045,2026-W46,58.35,35,37.93,680,853
MKD_00152,SKU_0023,2026-W17,141.84,50,70.92,2513,1076
MKD_00153,SKU_0003,2026-W09,53.62,25,40.21,795,1160
MKD_00154,SKU_0030,2026-W16,142.37,15,121.01,2813,851
MKD_00155,SKU_0047,2026-W47,63.15,15,53.68,2544,1227
MKD_00156,SKU_0036,2026-W11,93.96,35,61.07,1249,1466
MKD_00157,SKU_0024,2026-W01,58.2,35,37.83,853,241
MKD_00158,SKU_0027,2026-W28,141.66,15,120.41,2560,242
MKD_00159,SKU_0015,2026-W41,25.27,35,16.43,1895,517
MKD_00160,SKU_0044,2026-W10,122.8,50,61.4,885,653
MKD_00161,SKU_0044,2026-W28,122.8,35,79.82,1052,978
MKD_00162,SKU_0022,2026-W27,102.42,35,66.57,798,847
MKD_00163,SKU_0043,2026-W43,135.18,50,67.59,2145,362
MKD_00164,SKU_0015,2026-W43,25.27,35,16.43,1710,272
MKD_00165,SKU_0031,2026-W30,117.8,25,88.35,1449,1225
MKD_00166,SKU_0019,2026-W39,87.86,50,43.93,1060,1056
MKD_00167,SKU_0003,2026-W38,53.62,35,34.85,2752,643
MKD_00168,SKU_0018,2026-W07,118.5,50,59.25,2142,558
MKD_00169,SKU_0021,2026-W26,75.47,25,56.6,529,958
MKD_00170,SKU_0046,2026-W19,132.32,35,86.01,2341,1494
MKD_00171,SKU_0001,2026-W47,53.09,50,26.55,2304,729
MKD_00172,SKU_0001,2026-W44,53.09,15,45.13,942,889
MKD_00173,SKU_0002,2026-W41,98.56,25,73.92,2377,1032
MKD_00174,SKU_0041,2026-W02,122.51,15,104.13,2132,233
MKD_00175,SKU_0007,2026-W28,107.37,15,91.26,1513,1141
MKD_00176,SKU_0004,2026-W50,89.27,25,66.95,1096,396
MKD_00177,SKU_0023,2026-W37,141.84,50,70.92,2845,1384
MKD_00178,SKU_0033,2026-W04,88.18,15,74.95,2521,1196
MKD_00179,SKU_0007,2026-W34,107.37,35,69.79,1531,1208
MKD_00180,SKU_0041,2026-W25,122.51,35,79.63,1647,636
MKD_00181,SKU_0005,2026-W12,92.4,15,78.54,1435,457
MKD_00182,SKU_0010,2026-W04,48.95,50,24.48,2038,1370
MKD_00183,SKU_0006,2026-W51,123.08,25,92.31,2578,471
MKD_00184,SKU_0047,2026-W31,63.15,15,53.68,949,1378
MKD_00185,SKU_0021,2026-W45,75.47,25,56.6,617,1243
MKD_00186,SKU_0027,2026-W29,141.66,50,70.83,2418,393
MKD_00187,SKU_0014,2026-W31,85.17,50,42.59,1623,980
MKD_00188,SKU_0047,2026-W27,63.15,50,31.57,1819,1297
MKD_00189,SKU_0019,2026-W15,87.86,50,43.93,2142,1240
MKD_00190,SKU_0031,2026-W22,117.8,35,76.57,2715,1010
MKD_00191,SKU_0008,2026-W50,132.98,15,113.03,2436,1370
MKD_00192,SKU_0031,2026-W19,117.8,25,88.35,2424,332
MKD_00193,SKU_0034,2026-W02,104.29,50,52.15,2075,507
MKD_00194,SKU_0014,2026-W41,85.17,50,42.59,2500,1033
MKD_00195,SKU_0017,2026-W10,44.35,50,22.18,1986,1006
MKD_00196,SKU_0047,2026-W11,63.15,25,47.36,1878,1162
MKD_00197,SKU_0008,2026-W27,132.98,25,99.73,568,789
MKD_00198,SKU_0043,2026-W26,135.18,25,101.39,1563,197
MKD_00199,SKU_0031,2026-W09,117.8,50,58.9,488,1390
MKD_00200,SKU_0012,2026-W46,126.0,25,94.5,418,1086
MKD_00201,SKU_0020,2026-W46,131.42,35,85.42,2827,936
MKD_00202,SKU_0012,2026-W06,126.0,35,81.9,2924,603
MKD_00203,SKU_0050,2026-W18,142.4,25,106.8,1707,1328
MKD_00204,SKU_0047,2026-W47,63.15,15,53.68,828,591
MKD_00205,SKU_0044,2026-W19,122.8,15,104.38,643,652
MKD_00206,SKU_0011,2026-W52,47.94,15,40.75,1739,1166
MKD_00207,SKU_0010,2026-W17,48.95,35,31.82,1700,340
MKD_00208,SKU_0017,2026-W20,44.35,25,33.26,1192,1209
MKD_00209,SKU_0010,2026-W04,48.95,35,31.82,531,1179
MKD_00210,SKU_0047,2026-W44,63.15,50,31.57,2774,1304
MKD_00211,SKU_0009,2026-W23,32.58,15,27.69,583,222
MKD_00212,SKU_0013,2026-W45,146.12,35,94.98,606,836
MKD_00213,SKU_0038,2026-W49,129.32,35,84.06,2843,1446
MKD_00214,SKU_0049,2026-W46,105.19,25,78.89,2525,484
MKD_00215,SKU_0019,2026-W10,87.86,35,57.11,2418,605
MKD_00216,SKU_0023,2026-W29,141.84,25,106.38,548,958
MKD_00217,SKU_0001,2026-W31,53.09,50,26.55,2950,1429
MKD_00218,SKU_0005,2026-W39,92.4,35,60.06,2260,911
MKD_00219,SKU_0019,2026-W15,87.86,25,65.89,1920,1355
MKD_00220,SKU_0007,2026-W42,107.37,50,53.69,490,580
MKD_00221,SKU_0050,2026-W20,142.4,25,106.8,1009,473
MKD_00222,SKU_0015,2026-W05,25.27,35,16.43,2182,1439
MKD_00223,SKU_0030,2026-W49,142.37,25,106.78,626,1483
MKD_00224,SKU_0007,2026-W04,107.37,50,53.69,447,847
MKD_00225,SKU_0011,2026-W21,47.94,35,31.16,2846,905
MKD_00226,SKU_0001,2026-W07,53.09,15,45.13,952,1066
MKD_00227,SKU_0008,2026-W11,132.98,50,66.49,455,1253
MKD_00228,SKU_0044,2026-W02,122.8,35,79.82,940,1010
MKD_00229,SKU_0050,2026-W42,142.4,15,121.04,2655,655
MKD_00230,SKU_0013,2026-W23,146.12,15,124.2,996,339
MKD_00231,SKU_0006,2026-W08,123.08,50,61.54,2234,1170
MKD_00232,SKU_0027,2026-W23,141.66,25,106.25,2972,923
MKD_00233,SKU_0045,2026-W24,58.35,15,49.6,1969,593
MKD_00234,SKU_0028,2026-W18,44.72,50,22.36,1880,1401
MKD_00235,SKU_0043,2026-W42,135.18,35,87.87,372,682
MKD_00236,SKU_0049,2026-W25,105.19,35,68.37,2654,892
MKD_00237,SKU_0001,2026-W11,53.09,50,26.55,2420,817
MKD_00238,SKU_0015,2026-W49,25.27,50,12.63,2887,1451
MKD_00239,SKU_0047,2026-W20,63.15,50,31.57,2776,448
MKD_00240,SKU_0036,2026-W34,93.96,15,79.87,2225,256
MKD_00241,SKU_0049,2026-W45,105.19,15,89.41,1126,941
MKD_00242,SKU_0015,2026-W50,25.27,35,16.43,1483,491
MKD_00243,SKU_0008,2026-W16,132.98,25,99.73,781,288
MKD_00244,SKU_0045,2026-W44,58.35,25,43.76,2303,206
MKD_00245,SKU_0028,2026-W21,44.72,35,29.07,1568,1083
MKD_00246,SKU_0034,2026-W52,104.29,25,78.22,2639,1442
MKD_00247,SKU_0037,2026-W18,34.41,15,29.25,2670,1070
MKD_00248,SKU_0039,2026-W02,40.93,15,34.79,1279,181
MKD_00249,SKU_0047,2026-W15,63.15,25,47.36,2244,1303
MKD_00250,SKU_0039,2026-W26,40.93,15,34.79,590,1151
MKD_00251,SKU_0022,2026-W11,102.42,15,87.06,2823,1047
MKD_00252,SKU_0026,2026-W04,34.16,50,17.08,2055,627
MKD_00253,SKU_0019,2026-W39,87.86,15,74.68,1159,160
MKD_00254,SKU_0045,2026-W31,58.35,35,37.93,2102,971
MKD_00255,SKU_0046,2026-W19,132.32,15,112.47,350,884
MKD_00256,SKU_0038,2026-W26,129.32,25,96.99,390,189
MKD_00257,SKU_0023,2026-W10,141.84,35,92.2,2585,948
MKD_00258,SKU_0014,2026-W32,85.17,35,55.36,1450,178
MKD_00259,SKU_0036,2026-W07,93.96,35,61.07,2115,729
MKD_00260,SKU_0017,2026-W19,44.35,35,28.83,606,598
MKD_00261,SKU_0049,2026-W21,105.19,25,78.89,2515,1428
MKD_00262,SKU_0012,2026-W50,126.0,25,94.5,1739,803
MKD_00263,SKU_0010,2026-W15,48.95,50,24.48,2183,521
MKD_00264,SKU_0016,2026-W25,77.88,15,66.2,710,1114
MKD_00265,SKU_0031,2026-W19,117.8,15,100.13,1155,1194
MKD_00266,SKU_0045,2026-W04,58.35,15,49.6,342,912
MKD_00267,SKU_0014,2026-W01,85.17,15,72.39,1590,1320
MKD_00268,SKU_0041,2026-W02,122.51,35,79.63,2190,925
MKD_00269,SKU_0008,2026-W01,132.98,35,86.44,1376,1153
MKD_00270,SKU_0028,2026-W08,44.72,50,22.36,2076,1320
MKD_00271,SKU_0004,2026-W51,89.27,50,44.63,1288,561
MKD_00272,SKU_0036,2026-W52,93.96,25,70.47,737,216
MKD_00273,SKU_0039,2026-W04,40.93,25,30.7,488,1372
MKD_00274,SKU_0007,2026-W18,107.37,15,91.26,2769,1176
MKD_00275,SKU_0039,2026-W08,40.93,25,30.7,1864,1236
MKD_00276,SKU_0023,2026-W37,141.84,15,120.56,2395,1333
MKD_00277,SKU_0018,2026-W40,118.5,50,59.25,1090,1357
MKD_00278,SKU_0034,2026-W43,104.29,25,78.22,1876,626
MKD_00279,SKU_0026,2026-W41,34.16,15,29.04,2026,1399
MKD_00280,SKU_0008,2026-W40,132.98,15,113.03,2050,172
MKD_00281,SKU_0015,2026-W34,25.27,25,18.95,935,402
MKD_00282,SKU_0044,2026-W36,122.8,25,92.1,2884,439
MKD_00283,SKU_0012,2026-W24,126.0,25,94.5,1167,1038
MKD_00284,SKU_0021,2026-W44,75.47,35,49.06,2334,378
MKD_00285,SKU_0030,2026-W22,142.37,15,121.01,2807,370
MKD_00286,SKU_0049,2026-W02,105.19,35,68.37,2965,232
MKD_00287,SKU_0035,2026-W10,121.39,50,60.7,489,938
MKD_00288,SKU_0040,2026-W24,51.26,50,25.63,2107,1116
MKD_00289,SKU_0026,2026-W47,34.16,50,17.08,2205,1219
MKD_00290,SKU_0033,2026-W08,88.18,50,44.09,1077,120
MKD_00291,SKU_0033,2026-W33,88.18,35,57.32,1163,1334
MKD_00292,SKU_0032,2026-W01,114.7,25,86.03,461,902
MKD_00293,SKU_0046,2026-W14,132.32,50,66.16,832,1364
MKD_00294,SKU_0022,2026-W33,102.42,50,51.21,2607,1207
MKD_00295,SKU_0025,2026-W29,82.15,35,53.4,1570,1126
MKD_00296,SKU_0050,2026-W26,142.4,25,106.8,2206,1408
MKD_00297,SKU_0002,2026-W48,98.56,50,49.28,568,1261
MKD_00298,SKU_0045,2026-W23,58.35,50,29.18,333,104
MKD_00299,SKU_0014,2026-W52,85.17,15,72.39,1523,1427
MKD_00300,SKU_0004,2026-W14,89.27,35,58.03,2586,1207
MKD_00301,SKU_0001,2026-W23,53.09,15,45.13,1137,243
MKD_00302,SKU_0023,2026-W01,141.84,15,120.56,1776,1191
MKD_00303,SKU_0014,2026-W43,85.17,35,55.36,1079,719
MKD_00304,SKU_0045,2026-W42,58.35,35,37.93,2572,700
MKD_00305,SKU_0012,2026-W22,126.0,35,81.9,1928,240
MKD_00306,SKU_0018,2026-W48,118.5,15,100.72,2108,1166
MKD_00307,SKU_0020,2026-W52,131.42,25,98.56,2148,898
MKD_00308,SKU_0002,2026-W50,98.56,15,83.78,2436,505
MKD_00309,SKU_0012,2026-W31,126.0,35,81.9,2637,1147
MKD_00310,SKU_0008,2026-W39,132.98,50,66.49,1754,1466
MKD_00311,SKU_0049,2026-W42,105.19,25,78.89,1799,406
MKD_00312,SKU_0017,2026-W49,44.35,50,22.18,2729,489
MKD_00313,SKU_0049,2026-W04,105.19,50,52.59,1366,476
MKD_00314,SKU_0021,2026-W17,75.47,15,64.15,329,241
MKD_00315,SKU_0040,2026-W37,51.26,25,38.45,1581,1247
MKD_00316,SKU_0037,2026-W46,34.41,15,29.25,2384,695
MKD_00317,SKU_0016,2026-W18,77.88,25,58.41,1559,841
MKD_00318,SKU_0032,2026-W15,114.7,35,74.56,1577,1429
MKD_00319,SKU_0012,2026-W38,126.0,35,81.9,1753,1390
MKD_00320,SKU_0005,2026-W10,92.4,25,69.3,2581,925
MKD_00321,SKU_0049,2026-W10,105.19,35,68.37,2693,554
MKD_00322,SKU_0048,2026-W07,74.81,25,56.11,501,991
MKD_00323,SKU_0010,2026-W36,48.95,50,24.48,1718,377
MKD_00324,SKU_0007,2026-W03,107.37,15,91.26,2172,558
MKD_00325,SKU_0022,2026-W05,102.42,15,87.06,1128,475
MKD_00326,SKU_0047,2026-W30,63.15,35,41.05,393,1423
MKD_00327,SKU_0049,2026-W19,105.19,35,68.37,646,631
MKD_00328,SKU_0033,2026-W10,88.18,25,66.14,1443,528
MKD_00329,SKU_0002,2026-W22,98.56,25,73.92,2816,764
MKD_00330,SKU_0033,2026-W21,88.18,35,57.32,2117,527
MKD_00331,SKU_0039,2026-W39,40.93,25,30.7,2300,647
MKD_00332,SKU_0011,2026-W01,47.94,50,23.97,2526,835
MKD_00333,SKU_0023,2026-W09,141.84,15,120.56,1910,422
MKD_00334,SKU_0049,2026-W51,105.19,35,68.37,2703,1352
MKD_00335,SKU_0008,2026-W49,132.98,35,86.44,1273,748
MKD_00336,SKU_0014,2026-W39,85.17,35,55.36,1604,934
MKD_00337,SKU_0039,2026-W30,40.93,15,34.79,962,129
MKD_00338,SKU_0031,2026-W16,117.8,15,100.13,2083,1095
MKD_00339,SKU_0040,2026-W31,51.26,25,38.45,1093,896
MKD_00340,SKU_0015,2026-W07,25.27,15,21.48,1713,1435
MKD_00341,SKU_0012,2026-W31,126.0,50,63.0,1122,1058
MKD_00342,SKU_0019,2026-W08,87.86,15,74.68,2477,716
MKD_00343,SKU_0018,2026-W35,118.5,50,59.25,2674,134
MKD_00344,SKU_0023,2026-W37,141.84,25,106.38,712,1211
MKD_00345,SKU_0019,2026-W04,87.86,35,57.11,2631,146
MKD_00346,SKU_0004,2026-W22,89.27,25,66.95,1616,1156
MKD_00347,SKU_0030,2026-W21,142.37,25,106.78,2198,507
MKD_00348,SKU_0008,2026-W02,132.98,25,99.73,1034,420
MKD_00349,SKU_0002,2026-W29,98.56,25,73.92,1307,1389
MKD_00350,SKU_0023,2026-W03,141.84,35,92.2,1796,1410
MKD_00351,SKU_0015,2026-W44,25.27,25,18.95,1335,100
MKD_00352,SKU_0007,2026-W18,107.37,50,53.69,2184,1212
MKD_00353,SKU_0047,2026-W43,63.15,35,41.05,549,952
MKD_00354,SKU_0003,2026-W13,53.62,25,40.21,2345,241
MKD_00355,SKU_0040,2026-W23,51.26,50,25.63,2371,754
MKD_00356,SKU_0005,2026-W09,92.4,15,78.54,585,691
MKD_00357,SKU_0026,2026-W17,34.16,35,22.2,2502,315
MKD_00358,SKU_0037,2026-W12,34.41,25,25.81,983,145
MKD_00359,SKU_0026,2026-W23,34.16,15,29.04,998,748
MKD_00360,SKU_0002,2026-W39,98.56,15,83.78,623,996
MKD_00361,SKU_0031,2026-W37,117.8,50,58.9,1584,142
MKD_00362,SKU_0020,2026-W41,131.42,50,65.71,429,123
MKD_00363,SKU_0026,2026-W09,34.16,25,25.62,1620,190
MKD_00364,SKU_0005,2026-W32,92.4,50,46.2,1664,1351
MKD_00365,SKU_0005,2026-W44,92.4,50,46.2,1454,1219
MKD_00366,SKU_0042,2026-W39,140.72,15,119.61,1028,507
MKD_00367,SKU_0037,2026-W27,34.41,25,25.81,370,731
MKD_00368,SKU_0042,2026-W32,140.72,35,91.47,373,1050
MKD_00369,SKU_0047,2026-W27,63.15,15,53.68,2074,204
MKD_00370,SKU_0047,2026-W32,63.15,35,41.05,2826,878
MKD_00371,SKU_0021,2026-W31,75.47,25,56.6,1142,1282
MKD_00372,SKU_0036,2026-W05,93.96,25,70.47,691,426
MKD_00373,SKU_0047,2026-W38,63.15,35,41.05,2362,425
MKD_00374,SKU_0009,2026-W33,32.58,15,27.69,2748,1197
MKD_00375,SKU_0029,2026-W08,108.48,15,92.21,2068,419
MKD_00376,SKU_0044,2026-W44,122.8,35,79.82,1343,650
MKD_00377,SKU_0023,2026-W26,141.84,15,120.56,2791,942
MKD_00378,SKU_0006,2026-W32,123.08,25,92.31,359,599
MKD_00379,SKU_0017,2026-W35,44.35,15,37.7,1453,1340
MKD_00380,SKU_0031,2026-W15,117.8,35,76.57,799,750
MKD_00381,SKU_0046,2026-W52,132.32,15,112.47,868,1380
MKD_00382,SKU_0030,2026-W16,142.37,35,92.54,2606,599
MKD_00383,SKU_0039,2026-W37,40.93,15,34.79,714,1500
MKD_00384,SKU_0048,2026-W23,74.81,50,37.41,1436,745
MKD_00385,SKU_0038,2026-W35,129.32,35,84.06,397,940
MKD_00386,SKU_0009,2026-W37,32.58,15,27.69,1595,368
MKD_00387,SKU_0048,2026-W40,74.81,50,37.41,1669,1124
MKD_00388,SKU_0041,2026-W04,122.51,50,61.26,2139,421
MKD_00389,SKU_0023,2026-W39,141.84,15,120.56,1078,489
MKD_00390,SKU_0041,2026-W51,122.51,25,91.88,388,403
MKD_00391,SKU_0004,2026-W50,89.27,50,44.63,2540,480
MKD_00392,SKU_0010,2026-W21,48.95,15,41.61,1179,1144
MKD_00393,SKU_0019,2026-W51,87.86,35,57.11,962,1238
MKD_00394,SKU_0008,2026-W17,132.98,25,99.73,2646,1059
MKD_00395,SKU_0033,2026-W29,88.18,35,57.32,1605,406
MKD_00396,SKU_0015,2026-W25,25.27,25,18.95,1842,275
MKD_00397,SKU_0003,2026-W36,53.62,25,40.21,936,331
MKD_00398,SKU_0008,2026-W12,132.98,50,66.49,330,754
MKD_00399,SKU_0049,2026-W44,105.19,15,89.41,825,861
MKD_00400,SKU_0021,2026-W16,75.47,15,64.15,492,1254
MKD_00401,SKU_0049,2026-W12,105.19,50,52.59,2794,708
MKD_00402,SKU_0012,2026-W19,126.0,50,63.0,2933,1354
MKD_00403,SKU_0032,2026-W02,114.7,50,57.35,2245,141
MKD_00404,SKU_0014,2026-W22,85.17,35,55.36,1847,457
MKD_00405,SKU_0005,2026-W23,92.4,35,60.06,1653,379
MKD_00406,SKU_0032,2026-W10,114.7,35,74.56,750,917
MKD_00407,SKU_0037,2026-W38,34.41,15,29.25,1761,1093
MKD_00408,SKU_0023,2026-W08,141.84,35,92.2,2626,131
MKD_00409,SKU_0017,2026-W17,44.35,35,28.83,2652,200
MKD_00410,SKU_0028,2026-W20,44.72,35,29.07,2335,1177
MKD_00411,SKU_0048,2026-W39,74.81,25,56.11,901,715
MKD_00412,SKU_0004,2026-W52,89.27,50,44.63,2051,925
MKD_00413,SKU_0005,2026-W34,92.4,15,78.54,2118,217
MKD_00414,SKU_0001,2026-W18,53.09,50,26.55,2810,1235
MKD_00415,SKU_0039,2026-W01,40.93,15,34.79,2002,287
MKD_00416,SKU_0036,2026-W10,93.96,15,79.87,432,488
MKD_00417,SKU_0008,2026-W24,132.98,35,86.44,2069,1051
MKD_00418,SKU_0030,2026-W12,142.37,35,92.54,771,941
MKD_00419,SKU_0013,2026-W40,146.12,35,94.98,944,1381
MKD_00420,SKU_0017,2026-W20,44.35,35,28.83,1755,159
MKD_00421,SKU_0029,2026-W21,108.48,50,54.24,1555,1034
MKD_00422,SKU_0034,2026-W52,104.29,15,88.65,1596,860
MKD_00423,SKU_0040,2026-W40,51.26,25,38.45,2492,1297
MKD_00424,SKU_0030,2026-W24,142.37,50,71.19,781,729
MKD_00425,SKU_0009,2026-W46,32.58,35,21.18,2348,143
MKD_00426,SKU_0032,2026-W10,114.7,35,74.56,949,333
MKD_00427,SKU_0011,2026-W50,47.94,15,40.75,1086,1060
MKD_00428,SKU_0048,2026-W52,74.81,25,56.11,1993,124
MKD_00429,SKU_0001,2026-W20,53.09,15,45.13,1619,482
MKD_00430,SKU_0016,2026-W16,77.88,25,58.41,836,1376
MKD_00431,SKU_0007,2026-W09,107.37,35,69.79,2911,169
MKD_00432,SKU_0017,2026-W32,44.35,15,37.7,2709,534
MKD_00433,SKU_0046,2026-W15,132.32,35,86.01,2393,697
MKD_00434,SKU_0013,2026-W31,146.12,15,124.2,589,1145
MKD_00435,SKU_0020,2026-W28,131.42,50,65.71,347,1342
MKD_00436,SKU_0002,2026-W46,98.56,25,73.92,1653,325
MKD_00437,SKU_0042,2026-W39,140.72,35,91.47,508,1439
MKD_00438,SKU_0014,2026-W15,85.17,25,63.88,697,606
MKD_00439,SKU_0037,2026-W25,34.41,25,25.81,445,828
MKD_00440,SKU_0045,2026-W10,58.35,50,29.18,515,1491
MKD_00441,SKU_0029,2026-W06,108.48,25,81.36,591,839
MKD_00442,SKU_0044,2026-W32,122.8,50,61.4,1989,1500
MKD_00443,SKU_0012,2026-W33,126.0,25,94.5,2050,835
MKD_00444,SKU_0035,2026-W26,121.39,25,91.04,1259,153
MKD_00445,SKU_0007,2026-W05,107.37,50,53.69,2363,215
MKD_00446,SKU_0013,2026-W51,146.12,15,124.2,1181,1172
MKD_00447,SKU_0029,2026-W11,108.48,35,70.51,1929,532
MKD_00448,SKU_0044,2026-W01,122.8,35,79.82,1751,703
MKD_00449,SKU_0049,2026-W23,105.19,50,52.59,1825,248
MKD_00450,SKU_0022,2026-W40,102.42,50,51.21,2430,560
MKD_00451,SKU_0011,2026-W39,47.94,25,35.95,2669,247
MKD_00452,SKU_0045,2026-W11,58.35,15,49.6,2376,1386
MKD_00453,SKU_0001,2026-W52,53.09,15,45.13,2608,273
MKD_00454,SKU_0030,2026-W45,142.37,50,71.19,417,264
MKD_00455,SKU_0037,2026-W32,34.41,25,25.81,2196,1423
MKD_00456,SKU_0008,2026-W38,132.98,50,66.49,1676,928
MKD_00457,SKU_0032,2026-W41,114.7,35,74.56,2597,996
MKD_00458,SKU_0026,2026-W08,34.16,50,17.08,933,264
MKD_00459,SKU_0046,2026-W32,132.32,50,66.16,1458,628
MKD_00460,SKU_0020,2026-W23,131.42,15,111.71,1846,837
MKD_00461,SKU_0029,2026-W14,108.48,35,70.51,2271,787
MKD_00462,SKU_0039,2026-W19,40.93,25,30.7,2482,252
MKD_00463,SKU_0014,2026-W35,85.17,25,63.88,776,1135
MKD_00464,SKU_0001,2026-W12,53.09,15,45.13,2822,849
MKD_00465,SKU_0023,2026-W43,141.84,35,92.2,1425,748
MKD_00466,SKU_0029,2026-W21,108.48,25,81.36,980,899
MKD_00467,SKU_0017,2026-W52,44.35,15,37.7,2131,321
MKD_00468,SKU_0045,2026-W41,58.35,35,37.93,2638,271
MKD_00469,SKU_0013,2026-W03,146.12,15,124.2,1384,983
MKD_00470,SKU_0047,2026-W10,63.15,35,41.05,2341,737
MKD_00471,SKU_0004,2026-W23,89.27,35,58.03,2068,614
MKD_00472,SKU_0021,2026-W51,75.47,35,49.06,1164,237
MKD_00473,SKU_0041,2026-W37,122.51,25,91.88,530,587
MKD_00474,SKU_0034,2026-W28,104.29,25,78.22,1607,303
MKD_00475,SKU_0010,2026-W29,48.95,35,31.82,1059,1273
MKD_00476,SKU_0038,2026-W26,129.32,25,96.99,1217,499
MKD_00477,SKU_0029,2026-W42,108.48,15,92.21,437,1326
MKD_00478,SKU_0023,2026-W05,141.84,15,120.56,1194,1498
MKD_00479,SKU_0039,2026-W44,40.93,15,34.79,1055,398
MKD_00480,SKU_0010,2026-W47,48.95,50,24.48,2074,302
MKD_00481,SKU_0023,2026-W50,141.84,35,92.2,919,810
MKD_00482,SKU_0045,2026-W06,58.35,15,49.6,2517,1070
MKD_00483,SKU_0045,2026-W12,58.35,35,37.93,944,588
MKD_00484,SKU_0008,2026-W33,132.98,35,86.44,1184,279
MKD_00485,SKU_0045,2026-W11,58.35,25,43.76,2852,1088
MKD_00486,SKU_0023,2026-W02,141.84,50,70.92,1118,696
MKD_00487,SKU_0002,2026-W08,98.56,50,49.28,2493,291
MKD_00488,SKU_0018,2026-W20,118.5,35,77.03,1237,923
MKD_00489,SKU_0010,2026-W42,48.95,50,24.48,1392,1166
MKD_00490,SKU_0047,2026-W36,63.15,15,53.68,2202,488
MKD_00491,SKU_0008,2026-W47,132.98,50,66.49,2567,743
MKD_00492,SKU_0009,2026-W28,32.58,50,16.29,1490,432
MKD_00493,SKU_0033,2026-W42,88.18,35,57.32,1898,1226
MKD_00494,SKU_0021,2026-W38,75.47,15,64.15,926,924
MKD_00495,SKU_0005,2026-W45,92.4,50,46.2,1742,1205
MKD_00496,SKU_0026,2026-W29,34.16,25,25.62,1460,429
MKD_00497,SKU_0043,2026-W42,135.18,15,114.9,517,559
MKD_00498,SKU_0040,2026-W26,51.26,15,43.57,797,184
MKD_00499,SKU_0009,2026-W07,32.58,15,27.69,734,307
MKD_00500,SKU_0032,2026-W20,114.7,15,97.5,383,693
MKD_00501,SKU_0046,2026-W35,132.32,50,66.16,2986,1447
MKD_00502,SKU_0031,2026-W31,117.8,25,88.35,1525,1145
MKD_00503,SKU_0004,2026-W09,89.27,35,58.03,783,1048
MKD_00504,SKU_0047,2026-W09,63.15,15,53.68,490,1123
MKD_00505,SKU_0016,2026-W50,77.88,50,38.94,530,1387
MKD_00506,SKU_0006,2026-W44,123.08,50,61.54,1231,355
MKD_00507,SKU_0028,2026-W38,44.72,25,33.54,1592,1153
MKD_00508,SKU_0005,2026-W29,92.4,15,78.54,2260,329
MKD_00509,SKU_0038,2026-W43,129.32,50,64.66,2330,989
MKD_00510,SKU_0032,2026-W05,114.7,35,74.56,1948,887
MKD_00511,SKU_0004,2026-W18,89.27,50,44.63,2545,792
MKD_00512,SKU_0036,2026-W51,93.96,35,61.07,2886,739
MKD_00513,SKU_0018,2026-W19,118.5,25,88.88,1697,219
MKD_00514,SKU_0018,2026-W19,118.5,50,59.25,1750,554
MKD_00515,SKU_0033,2026-W36,88.18,50,44.09,1499,747
MKD_00516,SKU_0007,2026-W27,107.37,25,80.53,1651,463
MKD_00517,SKU_0032,2026-W27,114.7,50,57.35,2121,586
MKD_00518,SKU_0007,2026-W24,107.37,35,69.79,1004,747
MKD_00519,SKU_0018,2026-W45,118.5,15,100.72,2209,1204
MKD_00520,SKU_0014,2026-W06,85.17,25,63.88,622,409
MKD_00521,SKU_0025,2026-W36,82.15,15,69.83,1989,1159
MKD_00522,SKU_0024,2026-W26,58.2,15,49.47,1178,710
MKD_00523,SKU_0021,2026-W27,75.47,35,49.06,2716,1106
MKD_00524,SKU_0032,2026-W01,114.7,15,97.5,1483,852
MKD_00525,SKU_0042,2026-W33,140.72,50,70.36,2571,475
MKD_00526,SKU_0028,2026-W20,44.72,25,33.54,1023,722
MKD_00527,SKU_0012,2026-W24,126.0,25,94.5,2824,478
MKD_00528,SKU_0034,2026-W01,104.29,50,52.15,367,779
MKD_00529,SKU_0009,2026-W06,32.58,35,21.18,1158,907
MKD_00530,SKU_0012,2026-W12,126.0,50,63.0,1641,1193
MKD_00531,SKU_0026,2026-W33,34.16,15,29.04,1053,301
MKD_00532,SKU_0005,2026-W01,92.4,35,60.06,2547,659
MKD_00533,SKU_0047,2026-W17,63.15,50,31.57,934,945
MKD_00534,SKU_0008,2026-W41,132.98,35,86.44,1576,1057
MKD_00535,SKU_0008,2026-W05,132.98,25,99.73,1838,357
MKD_00536,SKU_0031,2026-W30,117.8,35,76.57,2883,492
MKD_00537,SKU_0016,2026-W03,77.88,25,58.41,400,960
MKD_00538,SKU_0007,2026-W42,107.37,15,91.26,2808,557
MKD_00539,SKU_0028,2026-W10,44.72,35,29.07,2813,1467
MKD_00540,SKU_0031,2026-W52,117.8,35,76.57,2510,120
MKD_00541,SKU_0011,2026-W15,47.94,25,35.95,2900,834
MKD_00542,SKU_0011,2026-W21,47.94,25,35.95,2415,1390
MKD_00543,SKU_0017,2026-W39,44.35,35,28.83,2074,582
MKD_00544,SKU_0036,2026-W43,93.96,25,70.47,2983,1156
MKD_00545,SKU_0020,2026-W04,131.42,50,65.71,2144,690
MKD_00546,SKU_0038,2026-W26,129.32,15,109.92,2801,1169
MKD_00547,SKU_0008,2026-W21,132.98,35,86.44,1624,992
MKD_00548,SKU_0007,2026-W51,107.37,25,80.53,2792,977
MKD_00549,SKU_0049,2026-W51,105.19,15,89.41,1573,1067
MKD_00550,SKU_0042,2026-W49,140.72,35,91.47,776,1397
MKD_00551,SKU_0001,2026-W12,53.09,35,34.51,1400,380
MKD_00552,SKU_0021,2026-W26,75.47,35,49.06,1833,1160
MKD_00553,SKU_0038,2026-W13,129.32,25,96.99,1300,793
MKD_00554,SKU_0031,2026-W29,117.8,15,100.13,2072,1220
MKD_00555,SKU_0046,2026-W13,132.32,35,86.01,2379,655
MKD_00556,SKU_0038,2026-W02,129.32,35,84.06,2443,653
MKD_00557,SKU_0048,2026-W30,74.81,50,37.41,904,1060
MKD_00558,SKU_0040,2026-W10,51.26,50,25.63,2393,149
MKD_00559,SKU_0040,2026-W32,51.26,25,38.45,2172,250
MKD_00560,SKU_0020,2026-W02,131.42,15,111.71,1467,871
MKD_00561,SKU_0017,2026-W34,44.35,15,37.7,2336,1331
MKD_00562,SKU_0035,2026-W31,121.39,15,103.18,1266,984
MKD_00563,SKU_0008,2026-W29,132.98,35,86.44,1707,404
MKD_00564,SKU_0018,2026-W11,118.5,35,77.03,768,899
MKD_00565,SKU_0019,2026-W42,87.86,25,65.89,441,291
MKD_00566,SKU_0008,2026-W34,132.98,15,113.03,991,1440
MKD_00567,SKU_0039,2026-W17,40.93,35,26.6,2882,1250
MKD_00568,SKU_0042,2026-W09,140.72,35,91.47,643,267
MKD_00569,SKU_0042,2026-W08,140.72,25,105.54,1793,1280
MKD_00570,SKU_0020,2026-W16,131.42,50,65.71,1071,606
MKD_00571,SKU_0036,2026-W49,93.96,15,79.87,2237,1265
MKD_00572,SKU_0043,2026-W10,135.18,35,87.87,2093,960
MKD_00573,SKU_0038,2026-W07,129.32,15,109.92,2212,1056
MKD_00574,SKU_0002,2026-W40,98.56,50,49.28,2935,206
MKD_00575,SKU_0045,2026-W15,58.35,35,37.93,1105,1057
MKD_00576,SKU_0004,2026-W39,89.27,15,75.88,2895,583
MKD_00577,SKU_0025,2026-W39,82.15,25,61.61,2799,1170
MKD_00578,SKU_0045,2026-W48,58.35,50,29.18,1689,228
MKD_00579,SKU_0017,2026-W27,44.35,25,33.26,1327,980
MKD_00580,SKU_0012,2026-W46,126.0,50,63.0,2642,213
MKD_00581,SKU_0023,2026-W46,141.84,35,92.2,1695,468
MKD_00582,SKU_0005,2026-W51,92.4,15,78.54,2686,440
MKD_00583,SKU_0026,2026-W08,34.16,50,17.08,1064,753
MKD_00584,SKU_0035,2026-W01,121.39,35,78.9,1508,1112
MKD_00585,SKU_0027,2026-W33,141.66,15,120.41,2992,606
MKD_00586,SKU_0048,2026-W29,74.81,15,63.59,1311,775
MKD_00587,SKU_0018,2026-W04,118.5,50,59.25,363,1099
MKD_00588,SKU_0038,2026-W46,129.32,50,64.66,1341,221
MKD_00589,SKU_0041,2026-W51,122.51,50,61.26,2090,1156
MKD_00590,SKU_0023,2026-W18,141.84,50,70.92,1357,1317
MKD_00591,SKU_0045,2026-W21,58.35,25,43.76,1691,1280
MKD_00592,SKU_0015,2026-W17,25.27,25,18.95,2480,1131
MKD_00593,SKU_0025,2026-W20,82.15,35,53.4,1965,1219
MKD_00594,SKU_0004,2026-W09,89.27,15,75.88,1025,130
MKD_00595,SKU_0043,2026-W28,135.18,50,67.59,1424,898
MKD_00596,SKU_0024,2026-W05,58.2,25,43.65,2338,1462
MKD_00597,SKU_0024,2026-W37,58.2,35,37.83,2015,372
MKD_00598,SKU_0044,2026-W17,122.8,50,61.4,822,542
MKD_00599,SKU_0015,2026-W43,25.27,35,16.43,800,413
MKD_00600,SKU_0035,2026-W19,121.39,25,91.04,1275,1404
MKD_00601,SKU_0031,2026-W16,117.8,15,100.13,2189,797
MKD_00602,SKU_0012,2026-W40,126.0,50,63.0,2007,1149
MKD_00603,SKU_0024,2026-W23,58.2,50,29.1,1234,1322
MKD_00604,SKU_0005,2026-W42,92.4,50,46.2,2793,312
MKD_00605,SKU_0013,2026-W25,146.12,35,94.98,2556,1347
MKD_00606,SKU_0015,2026-W09,25.27,25,18.95,2283,901
MKD_00607,SKU_0026,2026-W25,34.16,15,29.04,1191,1375
MKD_00608,SKU_0033,2026-W34,88.18,35,57.32,726,346
MKD_00609,SKU_0030,2026-W50,142.37,25,106.78,909,792
MKD_00610,SKU_0008,2026-W52,132.98,25,99.73,1631,1084
MKD_00611,SKU_0020,2026-W23,131.42,15,111.71,1155,467
MKD_00612,SKU_0020,2026-W41,131.42,50,65.71,512,1404
MKD_00613,SKU_0025,2026-W39,82.15,25,61.61,2404,320
MKD_00614,SKU_0041,2026-W34,122.51,15,104.13,1655,818
MKD_00615,SKU_0018,2026-W03,118.5,25,88.88,1903,104
MKD_00616,SKU_0040,2026-W40,51.26,25,38.45,2861,908
MKD_00617,SKU_0004,2026-W46,89.27,15,75.88,2288,1221
MKD_00618,SKU_0037,2026-W37,34.41,35,22.37,1178,793
MKD_00619,SKU_0050,2026-W26,142.4,15,121.04,701,1097
MKD_00620,SKU_0030,2026-W14,142.37,25,106.78,2392,374
MKD_00621,SKU_0003,2026-W23,53.62,50,26.81,596,331
MKD_00622,SKU_0016,2026-W36,77.88,35,50.62,2063,795
MKD_00623,SKU_0029,2026-W46,108.48,50,54.24,2581,330
MKD_00624,SKU_0001,2026-W12,53.09,25,39.82,548,381
MKD_00625,SKU_0011,2026-W01,47.94,35,31.16,705,1096
MKD_00626,SKU_0015,2026-W36,25.27,25,18.95,639,753
MKD_00627,SKU_0040,2026-W49,51.26,35,33.32,1562,528
MKD_00628,SKU_0005,2026-W17,92.4,25,69.3,2897,935
MKD_00629,SKU_0032,2026-W01,114.7,35,74.56,317,1365
MKD_00630,SKU_0019,2026-W20,87.86,15,74.68,1299,1018
MKD_00631,SKU_0036,2026-W19,93.96,15,79.87,586,339
MKD_00632,SKU_0038,2026-W34,129.32,35,84.06,2213,559
MKD_00633,SKU_0027,2026-W27,141.66,15,120.41,1250,641
MKD_00634,SKU_0003,2026-W52,53.62,35,34.85,625,513
MKD_00635,SKU_0003,2026-W23,53.62,15,45.58,2195,481
MKD_00636,SKU_0015,2026-W14,25.27,35,16.43,1066,1026
MKD_00637,SKU_0037,2026-W33,34.41,15,29.25,998,564
MKD_00638,SKU_0015,2026-W27,25.27,15,21.48,2291,343
MKD_00639,SKU_0027,2026-W39,141.66,25,106.25,2675,950
MKD_00640,SKU_0048,2026-W43,74.81,15,63.59,2216,782
MKD_00641,SKU_0020,2026-W19,131.42,15,111.71,1507,364
MKD_00642,SKU_0042,2026-W15,140.72,25,105.54,1709,418
MKD_00643,SKU_0043,2026-W21,135.18,15,114.9,1960,200
MKD_00644,SKU_0010,2026-W43,48.95,25,36.71,2896,444
MKD_00645,SKU_0020,2026-W20,131.42,50,65.71,1923,1179
MKD_00646,SKU_0031,2026-W32,117.8,25,88.35,650,1228
MKD_00647,SKU_0023,2026-W48,141.84,35,92.2,592,570
MKD_00648,SKU_0030,2026-W14,142.37,15,121.01,1739,1290
MKD_00649,SKU_0029,2026-W35,108.48,50,54.24,366,1244
MKD_00650,SKU_0032,2026-W07,114.7,35,74.56,2175,1148
MKD_00651,SKU_0027,2026-W40,141.66,50,70.83,2960,558
MKD_00652,SKU_0040,2026-W28,51.26,25,38.45,2741,550
MKD_00653,SKU_0037,2026-W48,34.41,35,22.37,2736,1300
MKD_00654,SKU_0043,2026-W52,135.18,35,87.87,2314,479
MKD_00655,SKU_0002,2026-W04,98.56,25,73.92,1143,748
MKD_00656,SKU_0011,2026-W04,47.94,15,40.75,1538,1206
MKD_00657,SKU_0007,2026-W17,107.37,15,91.26,2009,1183
MKD_00658,SKU_0041,2026-W16,122.51,15,104.13,2486,1303
MKD_00659,SKU_0047,2026-W16,63.15,25,47.36,600,533
MKD_00660,SKU_0034,2026-W13,104.29,50,52.15,1483,1277
MKD_00661,SKU_0009,2026-W51,32.58,25,24.43,1625,1479
MKD_00662,SKU_0045,2026-W48,58.35,25,43.76,1441,1343
MKD_00663,SKU_0013,2026-W48,146.12,50,73.06,757,190
MKD_00664,SKU_0018,2026-W30,118.5,15,100.72,1929,481
MKD_00665,SKU_0036,2026-W45,93.96,35,61.07,730,113
MKD_00666,SKU_0016,2026-W51,77.88,15,66.2,589,943
MKD_00667,SKU_0018,2026-W48,118.5,15,100.72,1394,152
MKD_00668,SKU_0015,2026-W49,25.27,50,12.63,2992,919
MKD_00669,SKU_0009,2026-W08,32.58,15,27.69,2463,1238
MKD_00670,SKU_0002,2026-W40,98.56,50,49.28,451,666
MKD_00671,SKU_0016,2026-W07,77.88,15,66.2,1545,1424
MKD_00672,SKU_0033,2026-W05,88.18,25,66.14,2792,1280
MKD_00673,SKU_0008,2026-W01,132.98,25,99.73,1839,400
MKD_00674,SKU_0017,2026-W05,44.35,35,28.83,2463,746
MKD_00675,SKU_0049,2026-W05,105.19,15,89.41,2006,959
MKD_00676,SKU_0047,2026-W43,63.15,35,41.05,623,796
MKD_00677,SKU_0002,2026-W32,98.56,35,64.06,1652,890
MKD_00678,SKU_0034,2026-W05,104.29,15,88.65,2951,568
MKD_00679,SKU_0017,2026-W05,44.35,25,33.26,1685,556
MKD_00680,SKU_0012,2026-W07,126.0,25,94.5,1361,1297
MKD_00681,SKU_0015,2026-W48,25.27,25,18.95,2418,1423
MKD_00682,SKU_0010,2026-W14,48.95,25,36.71,1803,1348
MKD_00683,SKU_0026,2026-W18,34.16,25,25.62,2259,442
MKD_00684,SKU_0050,2026-W11,142.4,50,71.2,1406,1010
MKD_00685,SKU_0007,2026-W37,107.37,25,80.53,687,961
MKD_00686,SKU_0021,2026-W29,75.47,25,56.6,2111,507
MKD_00687,SKU_0001,2026-W45,53.09,50,26.55,853,1483
MKD_00688,SKU_0017,2026-W15,44.35,15,37.7,1922,687
MKD_00689,SKU_0034,2026-W01,104.29,15,88.65,976,1461
MKD_00690,SKU_0023,2026-W01,141.84,35,92.2,2067,651
MKD_00691,SKU_0048,2026-W43,74.81,50,37.41,2156,965
MKD_00692,SKU_0024,2026-W32,58.2,15,49.47,897,1091
MKD_00693,SKU_0048,2026-W46,74.81,50,37.41,1583,549
MKD_00694,SKU_0011,2026-W09,47.94,15,40.75,1132,1402
MKD_00695,SKU_0025,2026-W48,82.15,35,53.4,1660,991
MKD_00696,SKU_0019,2026-W07,87.86,35,57.11,1366,1301
MKD_00697,SKU_0013,2026-W02,146.12,15,124.2,596,853
MKD_00698,SKU_0040,2026-W14,51.26,15,43.57,2594,473
MKD_00699,SKU_0017,2026-W16,44.35,15,37.7,493,1296
MKD_00700,SKU_0011,2026-W44,47.94,25,35.95,2377,558
MKD_00701,SKU_0020,2026-W25,131.42,25,98.56,1413,715
MKD_00702,SKU_0024,2026-W28,58.2,50,29.1,1120,147
MKD_00703,SKU_0038,2026-W25,129.32,15,109.92,2046,1269
MKD_00704,SKU_0021,2026-W48,75.47,15,64.15,1475,1353
MKD_00705,SKU_0018,2026-W26,118.5,15,100.72,1965,717
MKD_00706,SKU_0020,2026-W24,131.42,50,65.71,572,778
MKD_00707,SKU_0030,2026-W32,142.37,15,121.01,2665,411
MKD_00708,SKU_0045,2026-W04,58.35,25,43.76,351,380
MKD_00709,SKU_0034,2026-W51,104.29,25,78.22,1437,1283
MKD_00710,SKU_0043,2026-W35,135.18,25,101.39,1392,707
MKD_00711,SKU_0022,2026-W49,102.42,35,66.57,469,1073
MKD_00712,SKU_0020,2026-W40,131.42,25,98.56,2409,390
MKD_00713,SKU_0035,2026-W13,121.39,15,103.18,2298,1288
MKD_00714,SKU_0044,2026-W18,122.8,35,79.82,423,207
MKD_00715,SKU_0001,2026-W01,53.09,15,45.13,1647,987
MKD_00716,SKU_0034,2026-W31,104.29,50,52.15,2746,203
MKD_00717,SKU_0015,2026-W17,25.27,50,12.63,2795,871
MKD_00718,SKU_0020,2026-W09,131.42,35,85.42,926,335
MKD_00719,SKU_0026,2026-W44,34.16,50,17.08,2443,1342
MKD_00720,SKU_0011,2026-W37,47.94,50,23.97,2293,1294
MKD_00721,SKU_0030,2026-W19,142.37,25,106.78,2348,754
MKD_00722,SKU_0040,2026-W13,51.26,50,25.63,1778,1070
MKD_00723,SKU_0009,2026-W52,32.58,25,24.43,1117,273
MKD_00724,SKU_0021,2026-W50,75.47,25,56.6,1949,168
MKD_00725,SKU_0024,2026-W38,58.2,50,29.1,1470,1220
MKD_00726,SKU_0005,2026-W30,92.4,35,60.06,1606,1185
MKD_00727,SKU_0008,2026-W03,132.98,15,113.03,616,855
MKD_00728,SKU_0020,2026-W30,131.42,35,85.42,1773,230
MKD_00729,SKU_0012,2026-W24,126.0,35,81.9,2308,581
MKD_00730,SKU_0031,2026-W33,117.8,35,76.57,455,216
MKD_00731,SKU_0010,2026-W52,48.95,15,41.61,1212,444
MKD_00732,SKU_0034,2026-W42,104.29,50,52.15,511,1004
MKD_00733,SKU_0034,2026-W46,104.29,50,52.15,577,1080
MKD_00734,SKU_0034,2026-W52,104.29,25,78.22,914,1457
MKD_00735,SKU_0009,2026-W43,32.58,35,21.18,537,1325
MKD_00736,SKU_0046,2026-W51,132.32,15,112.47,1808,838
MKD_00737,SKU_0029,2026-W11,108.48,25,81.36,1028,397
MKD_00738,SKU_0012,2026-W45,126.0,25,94.5,852,922
MKD_00739,SKU_0003,2026-W30,53.62,15,45.58,1770,686
MKD_00740,SKU_0010,2026-W40,48.95,50,24.48,2474,1166
MKD_00741,SKU_0050,2026-W11,142.4,25,106.8,547,1357
MKD_00742,SKU_0037,2026-W09,34.41,15,29.25,1416,405
MKD_00743,SKU_0014,2026-W36,85.17,35,55.36,1071,1439
MKD_00744,SKU_0040,2026-W47,51.26,15,43.57,2012,261
MKD_00745,SKU_0046,2026-W50,132.32,35,86.01,1659,930
MKD_00746,SKU_0045,2026-W10,58.35,50,29.18,2095,1146
MKD_00747,SKU_0023,2026-W13,141.84,50,70.92,394,374
MKD_00748,SKU_0046,2026-W43,132.32,25,99.24,2724,695
MKD_00749,SKU_0036,2026-W31,93.96,35,61.07,2110,262
MKD_00750,SKU_0018,2026-W31,118.5,50,59.25,1257,521
MKD_00751,SKU_0042,2026-W40,140.72,15,119.61,930,350
MKD_00752,SKU_0016,2026-W03,77.88,50,38.94,760,1169
MKD_00753,SKU_0014,2026-W32,85.17,25,63.88,1374,122
MKD_00754,SKU_0013,2026-W28,146.12,15,124.2,2717,691
MKD_00755,SKU_0041,2026-W52,122.51,50,61.26,1398,595
MKD_00756,SKU_0017,2026-W35,44.35,15,37.7,2473,325
MKD_00757,SKU_0049,2026-W41,105.19,35,68.37,2129,1434
MKD_00758,SKU_0028,2026-W06,44.72,35,29.07,1831,224
MKD_00759,SKU_0010,2026-W33,48.95,15,41.61,1943,633
MKD_00760,SKU_0022,2026-W06,102.42,25,76.81,2655,720
MKD_00761,SKU_0008,2026-W06,132.98,35,86.44,2246,936
MKD_00762,SKU_0049,2026-W33,105.19,25,78.89,1973,281
MKD_00763,SKU_0036,2026-W36,93.96,15,79.87,1733,716
MKD_00764,SKU_0001,2026-W04,53.09,25,39.82,1097,393
MKD_00765,SKU_0023,2026-W24,141.84,25,106.38,1621,775
MKD_00766,SKU_0038,2026-W13,129.32,35,84.06,2747,1019
MKD_00767,SKU_0012,2026-W50,126.0,15,107.1,1629,947
MKD_00768,SKU_0002,2026-W41,98.56,15,83.78,2010,701
MKD_00769,SKU_0009,2026-W39,32.58,15,27.69,1010,391
MKD_00770,SKU_0024,2026-W52,58.2,50,29.1,1310,1365
MKD_00771,SKU_0027,2026-W52,141.66,50,70.83,493,1012
MKD_00772,SKU_0006,2026-W25,123.08,15,104.62,390,304
MKD_00773,SKU_0048,2026-W46,74.81,15,63.59,1252,1392
MKD_00774,SKU_0001,2026-W09,53.09,25,39.82,964,532
MKD_00775,SKU_0043,2026-W16,135.18,25,101.39,1753,724
MKD_00776,SKU_0015,2026-W45,25.27,25,18.95,2323,631
MKD_00777,SKU_0021,2026-W28,75.47,25,56.6,1672,917
MKD_00778,SKU_0003,2026-W25,53.62,25,40.21,2247,738
MKD_00779,SKU_0007,2026-W06,107.37,25,80.53,1919,551
MKD_00780,SKU_0033,2026-W17,88.18,25,66.14,1587,1295
MKD_00781,SKU_0025,2026-W11,82.15,25,61.61,1229,1371
MKD_00782,SKU_0041,2026-W10,122.51,50,61.26,1440,1200
MKD_00783,SKU_0017,2026-W37,44.35,25,33.26,2051,201
MKD_00784,SKU_0039,2026-W45,40.93,50,20.46,522,1039
MKD_00785,SKU_0038,2026-W38,129.32,25,96.99,624,108
MKD_00786,SKU_0023,2026-W23,141.84,15,120.56,2880,163
MKD_00787,SKU_0048,2026-W05,74.81,50,37.41,2870,222
MKD_00788,SKU_0034,2026-W27,104.29,15,88.65,1817,509
MKD_00789,SKU_0045,2026-W37,58.35,35,37.93,2482,841
MKD_00790,SKU_0047,2026-W50,63.15,15,53.68,1795,1417
MKD_00791,SKU_0013,2026-W04,146.12,25,109.59,2827,449
MKD_00792,SKU_0036,2026-W42,93.96,25,70.47,1824,586
MKD_00793,SKU_0018,2026-W42,118.5,25,88.88,1426,1409
MKD_00794,SKU_0039,2026-W01,40.93,35,26.6,627,753
MKD_00795,SKU_0011,2026-W04,47.94,15,40.75,2007,638
MKD_00796,SKU_0034,2026-W08,104.29,50,52.15,2863,742
MKD_00797,SKU_0029,2026-W51,108.48,50,54.24,2712,1291
MKD_00798,SKU_0014,2026-W18,85.17,25,63.88,1950,1373
MKD_00799,SKU_0042,2026-W45,140.72,50,70.36,1389,1339
MKD_00800,SKU_0011,2026-W13,47.94,50,23.97,2463,1365
MKD_00801,SKU_0042,2026-W33,140.72,50,70.36,344,311
MKD_00802,SKU_0012,2026-W25,126.0,50,63.0,2635,1355
MKD_00803,SKU_0013,2026-W03,146.12,15,124.2,1611,737
MKD_00804,SKU_0029,2026-W18,108.48,50,54.24,991,689
MKD_00805,SKU_0040,2026-W20,51.26,35,33.32,881,1251
MKD_00806,SKU_0012,2026-W33,126.0,15,107.1,1085,416
MKD_00807,SKU_0022,2026-W06,102.42,35,66.57,948,868
MKD_00808,SKU_0026,2026-W31,34.16,15,29.04,2955,1199
MKD_00809,SKU_0012,2026-W11,126.0,50,63.0,2780,1039
MKD_00810,SKU_0012,2026-W16,126.0,15,107.1,2076,1360
MKD_00811,SKU_0045,2026-W36,58.35,15,49.6,1914,976
MKD_00812,SKU_0002,2026-W09,98.56,25,73.92,2700,923
MKD_00813,SKU_0015,2026-W27,25.27,15,21.48,1756,198
MKD_00814,SKU_0008,2026-W18,132.98,25,99.73,544,705
MKD_00815,SKU_0043,2026-W48,135.18,15,114.9,1155,739
MKD_00816,SKU_0007,2026-W27,107.37,50,53.69,316,1461
MKD_00817,SKU_0044,2026-W08,122.8,50,61.4,1121,1123
MKD_00818,SKU_0031,2026-W40,117.8,50,58.9,1187,1164
MKD_00819,SKU_0025,2026-W02,82.15,35,53.4,1372,1053
MKD_00820,SKU_0002,2026-W10,98.56,35,64.06,477,1452
MKD_00821,SKU_0035,2026-W52,121.39,50,60.7,1955,708
MKD_00822,SKU_0032,2026-W13,114.7,50,57.35,1790,1315
MKD_00823,SKU_0044,2026-W16,122.8,35,79.82,356,255
MKD_00824,SKU_0010,2026-W25,48.95,25,36.71,2775,716
MKD_00825,SKU_0008,2026-W16,132.98,35,86.44,2995,762
MKD_00826,SKU_0017,2026-W08,44.35,25,33.26,2366,1064
MKD_00827,SKU_0001,2026-W49,53.09,35,34.51,464,1371
MKD_00828,SKU_0036,2026-W10,93.96,25,70.47,567,932
MKD_00829,SKU_0009,2026-W40,32.58,35,21.18,1209,455
MKD_00830,SKU_0012,2026-W01,126.0,35,81.9,2432,703
MKD_00831,SKU_0041,2026-W42,122.51,15,104.13,2339,703
MKD_00832,SKU_0037,2026-W34,34.41,25,25.81,1295,642
MKD_00833,SKU_0006,2026-W09,123.08,50,61.54,1293,398
MKD_00834,SKU_0021,2026-W33,75.47,25,56.6,2346,665
MKD_00835,SKU_0020,2026-W09,131.42,15,111.71,2632,330
MKD_00836,SKU_0013,2026-W09,146.12,25,109.59,921,1080
MKD_00837,SKU_0028,2026-W14,44.72,15,38.01,2701,469
MKD_00838,SKU_0008,2026-W27,132.98,15,113.03,1638,1125
MKD_00839,SKU_0049,2026-W25,105.19,15,89.41,1356,536
MKD_00840,SKU_0041,2026-W51,122.51,35,79.63,1658,229
MKD_00841,SKU_0009,2026-W26,32.58,50,16.29,1266,330
MKD_00842,SKU_0034,2026-W21,104.29,15,88.65,2382,601
MKD_00843,SKU_0001,2026-W26,53.09,50,26.55,2694,159
MKD_00844,SKU_0043,2026-W25,135.18,35,87.87,1119,747
MKD_00845,SKU_0002,2026-W31,98.56,50,49.28,1252,323
MKD_00846,SKU_0036,2026-W40,93.96,35,61.07,1266,1058
MKD_00847,SKU_0030,2026-W16,142.37,35,92.54,1193,819
MKD_00848,SKU_0039,2026-W41,40.93,35,26.6,482,1267
MKD_00849,SKU_0021,2026-W13,75.47,25,56.6,994,1420
MKD_00850,SKU_0018,2026-W13,118.5,25,88.88,1641,139
MKD_00851,SKU_0026,2026-W20,34.16,35,22.2,1296,546
MKD_00852,SKU_0047,2026-W11,63.15,15,53.68,1626,644
MKD_00853,SKU_0032,2026-W43,114.7,15,97.5,1021,1069
MKD_00854,SKU_0035,2026-W51,121.39,15,103.18,1912,873
MKD_00855,SKU_0017,2026-W36,44.35,35,28.83,1794,1415
MKD_00856,SKU_0027,2026-W51,141.66,50,70.83,2540,871
MKD_00857,SKU_0033,2026-W26,88.18,25,66.14,2349,830
MKD_00858,SKU_0046,2026-W08,132.32,35,86.01,903,1083
MKD_00859,SKU_0050,2026-W48,142.4,15,121.04,690,311
MKD_00860,SKU_0034,2026-W27,104.29,25,78.22,529,909
MKD_00861,SKU_0015,2026-W01,25.27,50,12.63,2981,756
MKD_00862,SKU_0022,2026-W23,102.42,35,66.57,1977,789
MKD_00863,SKU_0007,2026-W18,107.37,35,69.79,2860,282
MKD_00864,SKU_0018,2026-W15,118.5,25,88.88,2504,956
MKD_00865,SKU_0005,2026-W21,92.4,35,60.06,387,1344
MKD_00866,SKU_0020,2026-W15,131.42,15,111.71,2913,1436
MKD_00867,SKU_0036,2026-W10,93.96,25,70.47,1753,1154
MKD_00868,SKU_0005,2026-W46,92.4,35,60.06,438,273
MKD_00869,SKU_0041,2026-W07,122.51,15,104.13,797,1281
MKD_00870,SKU_0002,2026-W03,98.56,35,64.06,1539,730
MKD_00871,SKU_0047,2026-W43,63.15,25,47.36,2523,308
MKD_00872,SKU_0027,2026-W21,141.66,35,92.08,2364,171
MKD_00873,SKU_0042,2026-W03,140.72,15,119.61,2892,912
MKD_00874,SKU_0045,2026-W22,58.35,25,43.76,1760,306
MKD_00875,SKU_0038,2026-W51,129.32,50,64.66,886,916
MKD_00876,SKU_0013,2026-W46,146.12,35,94.98,1417,831
MKD_00877,SKU_0021,2026-W24,75.47,50,37.73,2559,424
MKD_00878,SKU_0019,2026-W27,87.86,50,43.93,2582,378
MKD_00879,SKU_0045,2026-W35,58.35,35,37.93,1337,831
MKD_00880,SKU_0038,2026-W09,129.32,50,64.66,910,198
MKD_00881,SKU_0024,2026-W08,58.2,15,49.47,651,885
MKD_00882,SKU_0002,2026-W09,98.56,15,83.78,2052,1161
MKD_00883,SKU_0020,2026-W31,131.42,50,65.71,2177,1112
MKD_00884,SKU_0028,2026-W38,44.72,15,38.01,1024,197
MKD_00885,SKU_0009,2026-W26,32.58,50,16.29,1314,1000
MKD_00886,SKU_0029,2026-W23,108.48,35,70.51,1779,1458
MKD_00887,SKU_0050,2026-W40,142.4,50,71.2,1517,575
MKD_00888,SKU_0007,2026-W25,107.37,25,80.53,1864,1010
MKD_00889,SKU_0006,2026-W26,123.08,15,104.62,972,833
MKD_00890,SKU_0013,2026-W12,146.12,35,94.98,853,1342
MKD_00891,SKU_0015,2026-W11,25.27,50,12.63,2652,1431
MKD_00892,SKU_0006,2026-W41,123.08,50,61.54,2695,511
MKD_00893,SKU_0043,2026-W22,135.18,50,67.59,2783,611
MKD_00894,SKU_0041,2026-W41,122.51,50,61.26,837,1079
MKD_00895,SKU_0023,2026-W14,141.84,15,120.56,618,769
MKD_00896,SKU_0034,2026-W10,104.29,50,52.15,395,1066
MKD_00897,SKU_0005,2026-W34,92.4,25,69.3,2642,615
MKD_00898,SKU_0031,2026-W43,117.8,50,58.9,2568,788
MKD_00899,SKU_0020,2026-W29,131.42,15,111.71,2697,632
MKD_00900,SKU_0023,2026-W40,141.84,25,106.38,1169,660
MKD_00901,SKU_0006,2026-W12,123.08,15,104.62,1194,935
MKD_00902,SKU_0020,2026-W45,131.42,50,65.71,1041,1424
MKD_00903,SKU_0035,2026-W04,121.39,35,78.9,1837,1274
MKD_00904,SKU_0026,2026-W45,34.16,50,17.08,937,112
MKD_00905,SKU_0026,2026-W30,34.16,35,22.2,1559,111
MKD_00906,SKU_0046,2026-W24,132.32,35,86.01,366,558
MKD_00907,SKU_0031,2026-W01,117.8,35,76.57,808,938
MKD_00908,SKU_0001,2026-W24,53.09,35,34.51,2304,188
MKD_00909,SKU_0018,2026-W33,118.5,50,59.25,2126,1468
MKD_00910,SKU_0005,2026-W15,92.4,25,69.3,2264,461
MKD_00911,SKU_0036,2026-W46,93.96,50,46.98,1271,840
MKD_00912,SKU_0032,2026-W34,114.7,50,57.35,1765,988
MKD_00913,SKU_0017,2026-W40,44.35,25,33.26,1992,811
MKD_00914,SKU_0014,2026-W40,85.17,15,72.39,1580,681
MKD_00915,SKU_0031,2026-W32,117.8,15,100.13,2096,619
MKD_00916,SKU_0047,2026-W28,63.15,15,53.68,2455,965
MKD_00917,SKU_0032,2026-W45,114.7,35,74.56,1437,1176
MKD_00918,SKU_0037,2026-W08,34.41,50,17.2,1677,311
MKD_00919,SKU_0043,2026-W01,135.18,50,67.59,371,1239
MKD_00920,SKU_0001,2026-W19,53.09,35,34.51,1134,844
MKD_00921,SKU_0048,2026-W22,74.81,25,56.11,734,103
MKD_00922,SKU_0004,2026-W43,89.27,50,44.63,2229,168
MKD_00923,SKU_0047,2026-W41,63.15,50,31.57,2068,150
MKD_00924,SKU_0016,2026-W49,77.88,35,50.62,1800,554
MKD_00925,SKU_0002,2026-W42,98.56,15,83.78,2176,1403
MKD_00926,SKU_0013,2026-W06,146.12,35,94.98,1773,417
MKD_00927,SKU_0031,2026-W49,117.8,35,76.57,930,274
MKD_00928,SKU_0010,2026-W16,48.95,15,41.61,1122,221
MKD_00929,SKU_0039,2026-W16,40.93,35,26.6,2453,212
MKD_00930,SKU_0008,2026-W35,132.98,15,113.03,2313,820
MKD_00931,SKU_0050,2026-W30,142.4,25,106.8,1517,318
MKD_00932,SKU_0012,2026-W02,126.0,50,63.0,400,430
MKD_00933,SKU_0028,2026-W18,44.72,50,22.36,1702,1500
MKD_00934,SKU_0049,2026-W05,105.19,50,52.59,2438,1266
MKD_00935,SKU_0041,2026-W09,122.51,35,79.63,420,884
MKD_00936,SKU_0010,2026-W35,48.95,35,31.82,2490,1035
MKD_00937,SKU_0033,2026-W43,88.18,25,66.14,426,429
MKD_00938,SKU_0049,2026-W23,105.19,25,78.89,1098,979
MKD_00939,SKU_0023,2026-W10,141.84,35,92.2,935,144
MKD_00940,SKU_0021,2026-W52,75.47,25,56.6,2504,687
MKD_00941,SKU_0034,2026-W15,104.29,15,88.65,333,456
MKD_00942,SKU_0023,2026-W23,141.84,15,120.56,2208,336
MKD_00943,SKU_0026,2026-W39,34.16,15,29.04,1688,709
MKD_00944,SKU_0027,2026-W10,141.66,50,70.83,1076,1323
MKD_00945,SKU_0001,2026-W20,53.09,35,34.51,735,1219
MKD_00946,SKU_0024,2026-W29,58.2,15,49.47,586,258
MKD_00947,SKU_0014,2026-W42,85.17,25,63.88,1712,236
MKD_00948,SKU_0017,2026-W16,44.35,50,22.18,1778,695
MKD_00949,SKU_0030,2026-W24,142.37,50,71.19,2494,667
MKD_00950,SKU_0035,2026-W20,121.39,35,78.9,2176,937
MKD_00951,SKU_0012,2026-W28,126.0,15,107.1,2623,573
MKD_00952,SKU_0046,2026-W50,132.32,35,86.01,2390,899
MKD_00953,SKU_0032,2026-W30,114.7,25,86.03,369,1491
MKD_00954,SKU_0012,2026-W46,126.0,15,107.1,2744,1077
MKD_00955,SKU_0026,2026-W31,34.16,15,29.04,1363,510
MKD_00956,SKU_0009,2026-W20,32.58,50,16.29,642,1084
MKD_00957,SKU_0011,2026-W24,47.94,25,35.95,1784,345
MKD_00958,SKU_0019,2026-W36,87.86,35,57.11,2382,772
MKD_00959,SKU_0002,2026-W35,98.56,15,83.78,1043,1298
MKD_00960,SKU_0038,2026-W40,129.32,15,109.92,680,120
MKD_00961,SKU_0007,2026-W11,107.37,15,91.26,1850,602
MKD_00962,SKU_0038,2026-W01,129.32,15,109.92,718,1332
MKD_00963,SKU_0038,2026-W29,129.32,15,109.92,1254,1262
MKD_00964,SKU_0018,2026-W20,118.5,25,88.88,301,535
MKD_00965,SKU_0039,2026-W28,40.93,15,34.79,303,1026
MKD_00966,SKU_0043,2026-W05,135.18,50,67.59,2483,1045
MKD_00967,SKU_0012,2026-W04,126.0,50,63.0,1076,632
MKD_00968,SKU_0021,2026-W44,75.47,15,64.15,1825,1216
MKD_00969,SKU_0049,2026-W43,105.19,25,78.89,477,451
MKD_00970,SKU_0017,2026-W26,44.35,35,28.83,2714,682
MKD_00971,SKU_0041,2026-W40,122.51,25,91.88,2885,1064
MKD_00972,SKU_0019,2026-W10,87.86,25,65.89,1628,1104
MKD_00973,SKU_0032,2026-W01,114.7,25,86.03,1566,1418
MKD_00974,SKU_0009,2026-W18,32.58,15,27.69,1615,519
MKD_00975,SKU_0033,2026-W52,88.18,25,66.14,1106,591
MKD_00976,SKU_0011,2026-W14,47.94,15,40.75,449,240
MKD_00977,SKU_0038,2026-W36,129.32,25,96.99,1872,1403
MKD_00978,SKU_0033,2026-W09,88.18,25,66.14,1927,1054
MKD_00979,SKU_0012,2026-W22,126.0,25,94.5,2020,305
MKD_00980,SKU_0005,2026-W13,92.4,35,60.06,1981,301
MKD_00981,SKU_0019,2026-W21,87.86,50,43.93,1889,382
MKD_00982,SKU_0038,2026-W36,129.32,50,64.66,2524,406
MKD_00983,SKU_0016,2026-W22,77.88,35,50.62,1157,244
MKD_00984,SKU_0035,2026-W19,121.39,35,78.9,1561,899
MKD_00985,SKU_0039,2026-W20,40.93,15,34.79,2407,1176
MKD_00986,SKU_0013,2026-W26,146.12,35,94.98,1116,683
MKD_00987,SKU_0032,2026-W28,114.7,15,97.5,2565,1418
MKD_00988,SKU_0034,2026-W07,104.29,15,88.65,2233,1037
MKD_00989,SKU_0006,2026-W35,123.08,15,104.62,2069,1316
MKD_00990,SKU_0026,2026-W17,34.16,35,22.2,462,910
MKD_00991,SKU_0024,2026-W04,58.2,15,49.47,896,504
MKD_00992,SKU_0024,2026-W47,58.2,50,29.1,1540,270
MKD_00993,SKU_0020,2026-W31,131.42,15,111.71,2157,325
MKD_00994,SKU_0017,2026-W06,44.35,25,33.26,392,750
MKD_00995,SKU_0020,2026-W22,131.42,25,98.56,651,491
MKD_00996,SKU_0029,2026-W33,108.48,15,92.21,1257,634
MKD_00997,SKU_0038,2026-W45,129.32,50,64.66,2681,1273
MKD_00998,SKU_0010,2026-W40,48.95,25,36.71,717,220
MKD_00999,SKU_0046,2026-W29,132.32,15,112.47,2127,1209
MKD_01000,SKU_0024,2026-W40,58.2,35,37.83,2872,1326
MKD_01001,SKU_0006,2026-W33,123.08,25,92.31,2712,1483
MKD_01002,SKU_0044,2026-W08,122.8,25,92.1,2192,988
MKD_01003,SKU_0038,2026-W52,129.32,50,64.66,537,565
MKD_01004,SKU_0035,2026-W17,121.39,25,91.04,2311,1175
MKD_01005,SKU_0028,2026-W27,44.72,25,33.54,1424,964
MKD_01006,SKU_0006,2026-W08,123.08,50,61.54,1659,1434
MKD_01007,SKU_0042,2026-W05,140.72,15,119.61,2479,942
MKD_01008,SKU_0002,2026-W01,98.56,35,64.06,1271,769
MKD_01009,SKU_0003,2026-W42,53.62,15,45.58,2343,1194
MKD_01010,SKU_0050,2026-W05,142.4,50,71.2,695,622
MKD_01011,SKU_0002,2026-W28,98.56,50,49.28,2150,141
MKD_01012,SKU_0015,2026-W43,25.27,35,16.43,2203,142
MKD_01013,SKU_0003,2026-W26,53.62,25,40.21,1082,1089
MKD_01014,SKU_0020,2026-W51,131.42,50,65.71,1457,868
MKD_01015,SKU_0010,2026-W43,48.95,25,36.71,1723,188
MKD_01016,SKU_0042,2026-W17,140.72,50,70.36,2172,991
MKD_01017,SKU_0011,2026-W37,47.94,15,40.75,2543,1275
MKD_01018,SKU_0048,2026-W48,74.81,25,56.11,2525,543
MKD_01019,SKU_0048,2026-W37,74.81,35,48.63,1240,127
MKD_01020,SKU_0005,2026-W33,92.4,50,46.2,1343,1257
MKD_01021,SKU_0029,2026-W29,108.48,15,92.21,570,1308
MKD_01022,SKU_0038,2026-W24,129.32,25,96.99,2279,769
MKD_01023,SKU_0008,2026-W30,132.98,15,113.03,617,617
MKD_01024,SKU_0019,2026-W13,87.86,15,74.68,1469,464
MKD_01025,SKU_0035,2026-W21,121.39,50,60.7,2888,928
MKD_01026,SKU_0029,2026-W45,108.48,25,81.36,763,317
MKD_01027,SKU_0050,2026-W08,142.4,15,121.04,2205,886
MKD_01028,SKU_0025,2026-W12,82.15,15,69.83,2102,1353
MKD_01029,SKU_0006,2026-W27,123.08,25,92.31,609,804
MKD_01030,SKU_0018,2026-W40,118.5,15,100.72,2402,1447
MKD_01031,SKU_0024,2026-W39,58.2,50,29.1,639,110
MKD_01032,SKU_0015,2026-W20,25.27,25,18.95,2591,349
MKD_01033,SKU_0004,2026-W16,89.27,15,75.88,1083,739
MKD_01034,SKU_0041,2026-W14,122.51,35,79.63,2651,486
MKD_01035,SKU_0008,2026-W20,132.98,50,66.49,831,395
MKD_01036,SKU_0006,2026-W24,123.08,50,61.54,2686,1126
MKD_01037,SKU_0007,2026-W24,107.37,15,91.26,2253,1256
MKD_01038,SKU_0049,2026-W13,105.19,15,89.41,1885,1481
MKD_01039,SKU_0029,2026-W16,108.48,35,70.51,2112,1342
MKD_01040,SKU_0010,2026-W25,48.95,15,41.61,1284,1365
MKD_01041,SKU_0025,2026-W17,82.15,25,61.61,2438,252
MKD_01042,SKU_0032,2026-W40,114.7,25,86.03,2318,312
MKD_01043,SKU_0014,2026-W06,85.17,15,72.39,1641,1154
MKD_01044,SKU_0011,2026-W04,47.94,35,31.16,2506,697
MKD_01045,SKU_0014,2026-W43,85.17,35,55.36,1053,291
MKD_01046,SKU_0047,2026-W11,63.15,15,53.68,688,1218
MKD_01047,SKU_0047,2026-W35,63.15,25,47.36,2450,444
MKD_01048,SKU_0038,2026-W17,129.32,15,109.92,1732,736
MKD_01049,SKU_0030,2026-W42,142.37,15,121.01,1611,678
MKD_01050,SKU_0016,2026-W12,77.88,25,58.41,682,415
MKD_01051,SKU_0021,2026-W42,75.47,35,49.06,1501,493
MKD_01052,SKU_0010,2026-W19,48.95,35,31.82,1181,1348
MKD_01053,SKU_0012,2026-W04,126.0,25,94.5,2210,1153
MKD_01054,SKU_0042,2026-W02,140.72,15,119.61,1653,160
MKD_01055,SKU_0036,2026-W47,93.96,35,61.07,515,1207
MKD_01056,SKU_0045,2026-W26,58.35,15,49.6,2872,1044
MKD_01057,SKU_0011,2026-W49,47.94,25,35.95,1176,923
MKD_01058,SKU_0038,2026-W24,129.32,25,96.99,709,189
MKD_01059,SKU_0030,2026-W33,142.37,25,106.78,1831,228
MKD_01060,SKU_0021,2026-W19,75.47,25,56.6,2874,534
MKD_01061,SKU_0024,2026-W31,58.2,50,29.1,2726,684
MKD_01062,SKU_0005,2026-W19,92.4,35,60.06,324,1360
MKD_01063,SKU_0020,2026-W07,131.42,50,65.71,2120,667
MKD_01064,SKU_0024,2026-W27,58.2,35,37.83,1100,1100
MKD_01065,SKU_0036,2026-W08,93.96,15,79.87,2431,1092
MKD_01066,SKU_0007,2026-W06,107.37,35,69.79,1229,117
MKD_01067,SKU_0001,2026-W13,53.09,50,26.55,1515,172
MKD_01068,SKU_0038,2026-W52,129.32,50,64.66,695,458
MKD_01069,SKU_0042,2026-W25,140.72,25,105.54,909,1500
MKD_01070,SKU_0015,2026-W08,25.27,50,12.63,2525,327
MKD_01071,SKU_0024,2026-W38,58.2,50,29.1,2211,1006
MKD_01072,SKU_0027,2026-W09,141.66,35,92.08,1125,1057
MKD_01073,SKU_0034,2026-W03,104.29,35,67.79,2155,1253
MKD_01074,SKU_0046,2026-W42,132.32,15,112.47,2895,729
MKD_01075,SKU_0030,2026-W23,142.37,35,92.54,941,503
MKD_01076,SKU_0049,2026-W50,105.19,15,89.41,1296,526
MKD_01077,SKU_0045,2026-W41,58.35,35,37.93,381,315
MKD_01078,SKU_0012,2026-W11,126.0,25,94.5,2631,111
MKD_01079,SKU_0004,2026-W49,89.27,15,75.88,776,432
MKD_01080,SKU_0018,2026-W18,118.5,25,88.88,734,1390
MKD_01081,SKU_0023,2026-W09,141.84,25,106.38,642,441
MKD_01082,SKU_0006,2026-W05,123.08,35,80.0,723,189
MKD_01083,SKU_0036,2026-W45,93.96,15,79.87,2774,1210
MKD_01084,SKU_0037,2026-W04,34.41,35,22.37,1888,933
MKD_01085,SKU_0024,2026-W22,58.2,25,43.65,1920,292
MKD_01086,SKU_0046,2026-W04,132.32,35,86.01,399,1223
MKD_01087,SKU_0047,2026-W20,63.15,15,53.68,1734,364
MKD_01088,SKU_0042,2026-W01,140.72,50,70.36,1948,1197
MKD_01089,SKU_0038,2026-W52,129.32,25,96.99,659,1090
MKD_01090,SKU_0048,2026-W17,74.81,35,48.63,2315,133
MKD_01091,SKU_0031,2026-W39,117.8,35,76.57,1660,454
MKD_01092,SKU_0009,2026-W39,32.58,35,21.18,2834,640
MKD_01093,SKU_0043,2026-W26,135.18,50,67.59,1238,1265
MKD_01094,SKU_0008,2026-W02,132.98,50,66.49,493,1019
MKD_01095,SKU_0026,2026-W06,34.16,35,22.2,2012,767
MKD_01096,SKU_0044,2026-W02,122.8,50,61.4,598,813
MKD_01097,SKU_0009,2026-W04,32.58,35,21.18,2010,601
MKD_01098,SKU_0049,2026-W20,105.19,35,68.37,751,1399
MKD_01099,SKU_0046,2026-W29,132.32,50,66.16,2453,1391
MKD_01100,SKU_0022,2026-W02,102.42,25,76.81,1433,723
MKD_01101,SKU_0021,2026-W30,75.47,50,37.73,1712,1420
MKD_01102,SKU_0038,2026-W36,129.32,15,109.92,2872,926
MKD_01103,SKU_0016,2026-W41,77.88,25,58.41,1530,528
MKD_01104,SKU_0013,2026-W01,146.12,35,94.98,2497,1442
MKD_01105,SKU_0023,2026-W08,141.84,15,120.56,820,1051
MKD_01106,SKU_0017,2026-W25,44.35,15,37.7,884,961
MKD_01107,SKU_0048,2026-W12,74.81,35,48.63,401,795
MKD_01108,SKU_0028,2026-W01,44.72,50,22.36,1666,1278
MKD_01109,SKU_0037,2026-W10,34.41,25,25.81,2936,231
MKD_01110,SKU_0037,2026-W50,34.41,50,17.2,1415,922
MKD_01111,SKU_0024,2026-W14,58.2,50,29.1,2884,1187
MKD_01112,SKU_0010,2026-W27,48.95,35,31.82,2753,194
MKD_01113,SKU_0011,2026-W41,47.94,50,23.97,1911,287
MKD_01114,SKU_0045,2026-W46,58.35,50,29.18,1992,1200
MKD_01115,SKU_0006,2026-W33,123.08,25,92.31,2608,338
MKD_01116,SKU_0002,2026-W42,98.56,25,73.92,461,1215
MKD_01117,SKU_0032,2026-W03,114.7,35,74.56,1017,1190
MKD_01118,SKU_0038,2026-W27,129.32,25,96.99,1663,1420
MKD_01119,SKU_0047,2026-W03,63.15,15,53.68,1320,231
MKD_01120,SKU_0040,2026-W35,51.26,15,43.57,1594,1035
MKD_01121,SKU_0036,2026-W21,93.96,25,70.47,2445,655
MKD_01122,SKU_0010,2026-W02,48.95,25,36.71,2398,1411
MKD_01123,SKU_0025,2026-W09,82.15,35,53.4,517,1029
MKD_01124,SKU_0032,2026-W34,114.7,35,74.56,1894,198
MKD_01125,SKU_0012,2026-W49,126.0,35,81.9,1966,575
MKD_01126,SKU_0031,2026-W06,117.8,15,100.13,2883,894
MKD_01127,SKU_0038,2026-W44,129.32,15,109.92,2790,996
MKD_01128,SKU_0010,2026-W16,48.95,50,24.48,1004,1443
MKD_01129,SKU_0033,2026-W24,88.18,35,57.32,2316,1045
MKD_01130,SKU_0038,2026-W18,129.32,50,64.66,2577,621
MKD_01131,SKU_0048,2026-W34,74.81,15,63.59,1777,437
MKD_01132,SKU_0049,2026-W34,105.19,25,78.89,2007,276
MKD_01133,SKU_0039,2026-W29,40.93,25,30.7,903,936
MKD_01134,SKU_0001,2026-W22,53.09,50,26.55,2258,988
MKD_01135,SKU_0033,2026-W50,88.18,25,66.14,2835,1331
MKD_01136,SKU_0050,2026-W31,142.4,50,71.2,901,1171
MKD_01137,SKU_0012,2026-W07,126.0,35,81.9,2856,1044
MKD_01138,SKU_0033,2026-W33,88.18,50,44.09,477,638
MKD_01139,SKU_0011,2026-W33,47.94,50,23.97,2741,431
MKD_01140,SKU_0021,2026-W29,75.47,50,37.73,932,707
MKD_01141,SKU_0008,2026-W19,132.98,35,86.44,806,1380
MKD_01142,SKU_0024,2026-W05,58.2,50,29.1,2246,993
MKD_01143,SKU_0011,2026-W37,47.94,50,23.97,1858,1047
MKD_01144,SKU_0012,2026-W24,126.0,25,94.5,2289,976
MKD_01145,SKU_0049,2026-W22,105.19,35,68.37,1676,235
MKD_01146,SKU_0017,2026-W24,44.35,50,22.18,2784,1303
MKD_01147,SKU_0033,2026-W05,88.18,25,66.14,1400,509
MKD_01148,SKU_0004,2026-W15,89.27,35,58.03,948,310
MKD_01149,SKU_0035,2026-W07,121.39,25,91.04,2949,843
MKD_01150,SKU_0044,2026-W03,122.8,25,92.1,1639,1461
MKD_01151,SKU_0033,2026-W50,88.18,50,44.09,1809,638
MKD_01152,SKU_0035,2026-W15,121.39,25,91.04,2361,1250
MKD_01153,SKU_0003,2026-W32,53.62,50,26.81,745,1336
MKD_01154,SKU_0007,2026-W19,107.37,50,53.69,1010,844
MKD_01155,SKU_0006,2026-W40,123.08,50,61.54,2209,772
MKD_01156,SKU_0043,2026-W25,135.18,50,67.59,2242,307
MKD_01157,SKU_0050,2026-W42,142.4,50,71.2,1792,356
MKD_01158,SKU_0020,2026-W40,131.42,15,111.71,2171,818
MKD_01159,SKU_0034,2026-W07,104.29,50,52.15,1309,1440
MKD_01160,SKU_0050,2026-W18,142.4,25,106.8,2227,632
MKD_01161,SKU_0043,2026-W03,135.18,35,87.87,498,708
MKD_01162,SKU_0020,2026-W35,131.42,15,111.71,1766,1394
MKD_01163,SKU_0004,2026-W48,89.27,15,75.88,2057,174
MKD_01164,SKU_0013,2026-W32,146.12,15,124.2,2987,1319
MKD_01165,SKU_0034,2026-W16,104.29,35,67.79,1841,576
MKD_01166,SKU_0018,2026-W06,118.5,50,59.25,1620,977
MKD_01167,SKU_0021,2026-W39,75.47,50,37.73,1090,698
MKD_01168,SKU_0002,2026-W36,98.56,35,64.06,1911,1338
MKD_01169,SKU_0048,2026-W35,74.81,25,56.11,1383,246
MKD_01170,SKU_0013,2026-W02,146.12,50,73.06,2112,1168
MKD_01171,SKU_0031,2026-W15,117.8,15,100.13,2997,489
MKD_01172,SKU_0004,2026-W18,89.27,15,75.88,571,329
MKD_01173,SKU_0033,2026-W25,88.18,25,66.14,2886,215
MKD_01174,SKU_0028,2026-W50,44.72,15,38.01,1891,1180
MKD_01175,SKU_0011,2026-W31,47.94,15,40.75,2836,1003
MKD_01176,SKU_0027,2026-W42,141.66,35,92.08,1935,1123
MKD_01177,SKU_0002,2026-W32,98.56,35,64.06,1522,445
MKD_01178,SKU_0001,2026-W03,53.09,35,34.51,2951,225
MKD_01179,SKU_0035,2026-W01,121.39,15,103.18,449,228
MKD_01180,SKU_0034,2026-W27,104.29,25,78.22,316,917
MKD_01181,SKU_0012,2026-W08,126.0,15,107.1,798,1359
MKD_01182,SKU_0039,2026-W51,40.93,15,34.79,1870,1197
MKD_01183,SKU_0036,2026-W01,93.96,50,46.98,2784,182
MKD_01184,SKU_0038,2026-W52,129.32,15,109.92,1561,434
MKD_01185,SKU_0016,2026-W27,77.88,25,58.41,2912,947
MKD_01186,SKU_0015,2026-W23,25.27,35,16.43,1942,732
MKD_01187,SKU_0022,2026-W41,102.42,15,87.06,2861,643
MKD_01188,SKU_0050,2026-W46,142.4,15,121.04,2260,1312
MKD_01189,SKU_0044,2026-W52,122.8,35,79.82,903,1419
MKD_01190,SKU_0023,2026-W09,141.84,25,106.38,362,441
MKD_01191,SKU_0005,2026-W40,92.4,25,69.3,2933,769
MKD_01192,SKU_0009,2026-W31,32.58,15,27.69,1993,636
MKD_01193,SKU_0044,2026-W22,122.8,25,92.1,2625,542
MKD_01194,SKU_0010,2026-W27,48.95,35,31.82,800,1419
MKD_01195,SKU_0033,2026-W45,88.18,25,66.14,2224,181
MKD_01196,SKU_0008,2026-W30,132.98,35,86.44,2267,726
MKD_01197,SKU_0020,2026-W41,131.42,15,111.71,2027,967
MKD_01198,SKU_0010,2026-W19,48.95,15,41.61,1633,1254
MKD_01199,SKU_0033,2026-W44,88.18,35,57.32,2983,1159
MKD_01200,SKU_0045,2026-W31,58.35,35,37.93,2945,262
MKD_01201,SKU_0028,2026-W27,44.72,25,33.54,700,1111
MKD_01202,SKU_0044,2026-W25,122.8,35,79.82,2565,449
MKD_01203,SKU_0044,2026-W35,122.8,50,61.4,562,628
MKD_01204,SKU_0043,2026-W24,135.18,15,114.9,1645,1448
MKD_01205,SKU_0002,2026-W41,98.56,15,83.78,1510,786
MKD_01206,SKU_0030,2026-W01,142.37,15,121.01,1454,1481
MKD_01207,SKU_0002,2026-W32,98.56,15,83.78,1076,1412
MKD_01208,SKU_0015,2026-W22,25.27,50,12.63,2699,285
MKD_01209,SKU_0007,2026-W34,107.37,25,80.53,2863,961
MKD_01210,SKU_0045,2026-W15,58.35,15,49.6,790,1168
MKD_01211,SKU_0034,2026-W40,104.29,25,78.22,1689,774
MKD_01212,SKU_0029,2026-W06,108.48,15,92.21,2020,158
MKD_01213,SKU_0007,2026-W06,107.37,50,53.69,2797,1370
MKD_01214,SKU_0048,2026-W37,74.81,35,48.63,1517,446
MKD_01215,SKU_0023,2026-W21,141.84,25,106.38,862,839
MKD_01216,SKU_0016,2026-W01,77.88,50,38.94,2811,715
MKD_01217,SKU_0010,2026-W46,48.95,15,41.61,1889,832
MKD_01218,SKU_0040,2026-W42,51.26,35,33.32,1448,662
MKD_01219,SKU_0001,2026-W47,53.09,15,45.13,2698,1291
MKD_01220,SKU_0021,2026-W42,75.47,25,56.6,2423,386
MKD_01221,SKU_0008,2026-W52,132.98,35,86.44,1555,1286
MKD_01222,SKU_0050,2026-W13,142.4,50,71.2,347,1133
MKD_01223,SKU_0016,2026-W31,77.88,50,38.94,860,1445
MKD_01224,SKU_0022,2026-W35,102.42,15,87.06,2351,568
MKD_01225,SKU_0013,2026-W16,146.12,35,94.98,1536,1300
MKD_01226,SKU_0006,2026-W12,123.08,15,104.62,1891,560
MKD_01227,SKU_0039,2026-W19,40.93,50,20.46,2725,548
MKD_01228,SKU_0024,2026-W17,58.2,35,37.83,2729,1367
MKD_01229,SKU_0042,2026-W01,140.72,50,70.36,2132,794
MKD_01230,SKU_0021,2026-W24,75.47,35,49.06,1080,1192
MKD_01231,SKU_0035,2026-W10,121.39,25,91.04,1287,1425
MKD_01232,SKU_0047,2026-W02,63.15,35,41.05,2615,347
MKD_01233,SKU_0029,2026-W50,108.48,15,92.21,2357,1259
MKD_01234,SKU_0021,2026-W20,75.47,50,37.73,1170,1177
MKD_01235,SKU_0010,2026-W32,48.95,50,24.48,2466,406
MKD_01236,SKU_0036,2026-W29,93.96,25,70.47,1744,1288
MKD_01237,SKU_0034,2026-W25,104.29,50,52.15,2448,190
MKD_01238,SKU_0030,2026-W03,142.37,15,121.01,1758,349
MKD_01239,SKU_0045,2026-W07,58.35,25,43.76,1556,994
MKD_01240,SKU_0038,2026-W38,129.32,25,96.99,2859,548
MKD_01241,SKU_0014,2026-W48,85.17,50,42.59,1187,642
MKD_01242,SKU_0023,2026-W11,141.84,50,70.92,1218,887
MKD_01243,SKU_0016,2026-W10,77.88,50,38.94,2450,778
MKD_01244,SKU_0048,2026-W42,74.81,35,48.63,2706,1215
MKD_01245,SKU_0005,2026-W41,92.4,15,78.54,1356,862
MKD_01246,SKU_0032,2026-W34,114.7,35,74.56,2180,557
MKD_01247,SKU_0035,2026-W35,121.39,50,60.7,2454,160
MKD_01248,SKU_0024,2026-W45,58.2,15,49.47,2177,717
MKD_01249,SKU_0021,2026-W08,75.47,15,64.15,1665,464
MKD_01250,SKU_0019,2026-W05,87.86,50,43.93,2459,1000
MKD_01251,SKU_0048,2026-W52,74.81,15,63.59,376,1438
MKD_01252,SKU_0003,2026-W49,53.62,15,45.58,1112,102
MKD_01253,SKU_0004,2026-W22,89.27,25,66.95,847,1449
MKD_01254,SKU_0031,2026-W07,117.8,35,76.57,2199,1400
MKD_01255,SKU_0012,2026-W15,126.0,50,63.0,827,672
MKD_01256,SKU_0040,2026-W52,51.26,35,33.32,2555,1108
MKD_01257,SKU_0050,2026-W28,142.4,25,106.8,453,1478
MKD_01258,SKU_0003,2026-W39,53.62,25,40.21,2369,720
MKD_01259,SKU_0047,2026-W42,63.15,35,41.05,1769,1214
MKD_01260,SKU_0012,2026-W19,126.0,15,107.1,1953,1388
MKD_01261,SKU_0007,2026-W48,107.37,50,53.69,986,1061
MKD_01262,SKU_0002,2026-W36,98.56,15,83.78,2633,339
MKD_01263,SKU_0014,2026-W50,85.17,50,42.59,812,332
MKD_01264,SKU_0032,2026-W44,114.7,25,86.03,2517,602
MKD_01265,SKU_0026,2026-W28,34.16,15,29.04,2786,878
MKD_01266,SKU_0028,2026-W50,44.72,35,29.07,1329,1217
MKD_01267,SKU_0032,2026-W40,114.7,35,74.56,1292,278
MKD_01268,SKU_0029,2026-W13,108.48,25,81.36,848,366
MKD_01269,SKU_0002,2026-W12,98.56,50,49.28,1441,1233
MKD_01270,SKU_0002,2026-W11,98.56,50,49.28,2169,682
MKD_01271,SKU_0014,2026-W33,85.17,35,55.36,1788,887
MKD_01272,SKU_0037,2026-W51,34.41,25,25.81,822,1129
MKD_01273,SKU_0032,2026-W45,114.7,35,74.56,1306,693
MKD_01274,SKU_0009,2026-W52,32.58,15,27.69,1654,134
MKD_01275,SKU_0011,2026-W04,47.94,35,31.16,2689,110
MKD_01276,SKU_0023,2026-W36,141.84,15,120.56,2883,531
MKD_01277,SKU_0046,2026-W23,132.32,35,86.01,532,501
MKD_01278,SKU_0029,2026-W24,108.48,25,81.36,350,1345
MKD_01279,SKU_0012,2026-W50,126.0,50,63.0,2627,453
MKD_01280,SKU_0022,2026-W28,102.42,25,76.81,578,1066
MKD_01281,SKU_0024,2026-W24,58.2,15,49.47,1346,277
MKD_01282,SKU_0034,2026-W46,104.29,25,78.22,1028,1138
MKD_01283,SKU_0029,2026-W04,108.48,15,92.21,884,238
MKD_01284,SKU_0014,2026-W49,85.17,50,42.59,2967,280
MKD_01285,SKU_0014,2026-W14,85.17,25,63.88,934,543
MKD_01286,SKU_0038,2026-W46,129.32,50,64.66,1447,1487
MKD_01287,SKU_0042,2026-W22,140.72,35,91.47,688,428
MKD_01288,SKU_0010,2026-W27,48.95,50,24.48,2966,1450
MKD_01289,SKU_0001,2026-W35,53.09,50,26.55,2016,979
MKD_01290,SKU_0001,2026-W45,53.09,50,26.55,1952,695
MKD_01291,SKU_0019,2026-W49,87.86,25,65.89,314,1029
MKD_01292,SKU_0003,2026-W32,53.62,50,26.81,721,573
MKD_01293,SKU_0042,2026-W44,140.72,35,91.47,2645,1352
MKD_01294,SKU_0010,2026-W16,48.95,25,36.71,660,458
MKD_01295,SKU_0036,2026-W08,93.96,35,61.07,663,1140
MKD_01296,SKU_0048,2026-W48,74.81,50,37.41,311,811
MKD_01297,SKU_0018,2026-W13,118.5,25,88.88,608,307
MKD_01298,SKU_0042,2026-W25,140.72,25,105.54,874,823
MKD_01299,SKU_0050,2026-W18,142.4,50,71.2,2400,1320
MKD_01300,SKU_0018,2026-W26,118.5,50,59.25,2324,725
MKD_01301,SKU_0025,2026-W22,82.15,35,53.4,398,843
MKD_01302,SKU_0029,2026-W43,108.48,35,70.51,558,1264
MKD_01303,SKU_0018,2026-W17,118.5,25,88.88,823,788
MKD_01304,SKU_0018,2026-W41,118.5,25,88.88,1606,1462
MKD_01305,SKU_0001,2026-W48,53.09,35,34.51,557,262
MKD_01306,SKU_0024,2026-W51,58.2,35,37.83,2639,643
MKD_01307,SKU_0029,2026-W48,108.48,35,70.51,334,706
MKD_01308,SKU_0028,2026-W14,44.72,35,29.07,1348,450
MKD_01309,SKU_0022,2026-W42,102.42,35,66.57,925,408
MKD_01310,SKU_0049,2026-W42,105.19,15,89.41,1234,413
MKD_01311,SKU_0027,2026-W11,141.66,15,120.41,2633,1082
MKD_01312,SKU_0042,2026-W50,140.72,35,91.47,2597,149
MKD_01313,SKU_0021,2026-W39,75.47,50,37.73,2037,1403
MKD_01314,SKU_0036,2026-W43,93.96,50,46.98,1109,524
MKD_01315,SKU_0049,2026-W11,105.19,35,68.37,446,304
MKD_01316,SKU_0034,2026-W26,104.29,50,52.15,668,274
MKD_01317,SKU_0004,2026-W28,89.27,50,44.63,1120,179
MKD_01318,SKU_0011,2026-W28,47.94,50,23.97,2939,1430
MKD_01319,SKU_0023,2026-W24,141.84,25,106.38,2998,1238
MKD_01320,SKU_0005,2026-W30,92.4,35,60.06,2835,318
MKD_01321,SKU_0043,2026-W11,135.18,50,67.59,629,643
MKD_01322,SKU_0034,2026-W36,104.29,50,52.15,2494,437
MKD_01323,SKU_0041,2026-W36,122.51,25,91.88,1763,806
MKD_01324,SKU_0008,2026-W07,132.98,35,86.44,419,1470
MKD_01325,SKU_0038,2026-W17,129.32,25,96.99,1955,966
MKD_01326,SKU_0029,2026-W04,108.48,25,81.36,2373,1207
MKD_01327,SKU_0001,2026-W35,53.09,35,34.51,316,1182
MKD_01328,SKU_0006,2026-W47,123.08,25,92.31,2284,362
MKD_01329,SKU_0032,2026-W28,114.7,35,74.56,357,184
MKD_01330,SKU_0006,2026-W06,123.08,15,104.62,1797,991
MKD_01331,SKU_0027,2026-W41,141.66,25,106.25,793,233
MKD_01332,SKU_0002,2026-W35,98.56,35,64.06,1816,798
MKD_01333,SKU_0030,2026-W39,142.37,25,106.78,1218,1160
MKD_01334,SKU_0007,2026-W17,107.37,25,80.53,379,313
MKD_01335,SKU_0019,2026-W26,87.86,50,43.93,1881,1293
MKD_01336,SKU_0026,2026-W36,34.16,35,22.2,1382,983
MKD_01337,SKU_0006,2026-W40,123.08,35,80.0,735,155
MKD_01338,SKU_0008,2026-W21,132.98,35,86.44,989,1275
MKD_01339,SKU_0029,2026-W30,108.48,15,92.21,1130,116
MKD_01340,SKU_0018,2026-W44,118.5,25,88.88,703,242
MKD_01341,SKU_0013,2026-W21,146.12,50,73.06,329,1255
MKD_01342,SKU_0013,2026-W41,146.12,15,124.2,311,941
MKD_01343,SKU_0046,2026-W31,132.32,15,112.47,1224,798
MKD_01344,SKU_0045,2026-W43,58.35,35,37.93,2833,1363
MKD_01345,SKU_0032,2026-W31,114.7,15,97.5,2254,1004
MKD_01346,SKU_0011,2026-W28,47.94,15,40.75,1865,691
MKD_01347,SKU_0004,2026-W52,89.27,15,75.88,1892,464
MKD_01348,SKU_0021,2026-W13,75.47,35,49.06,1346,836
MKD_01349,SKU_0018,2026-W40,118.5,50,59.25,2237,385
MKD_01350,SKU_0035,2026-W33,121.39,15,103.18,2744,498
MKD_01351,SKU_0032,2026-W21,114.7,25,86.03,2657,812
MKD_01352,SKU_0028,2026-W26,44.72,15,38.01,2491,1325
MKD_01353,SKU_0036,2026-W32,93.96,25,70.47,1593,135
MKD_01354,SKU_0007,2026-W36,107.37,35,69.79,811,1479
MKD_01355,SKU_0003,2026-W32,53.62,25,40.21,412,1497
MKD_01356,SKU_0016,2026-W18,77.88,50,38.94,1960,821
MKD_01357,SKU_0045,2026-W26,58.35,50,29.18,576,1389
MKD_01358,SKU_0003,2026-W09,53.62,35,34.85,2342,454
MKD_01359,SKU_0013,2026-W23,146.12,50,73.06,1571,502
MKD_01360,SKU_0021,2026-W31,75.47,35,49.06,2275,1237
MKD_01361,SKU_0044,2026-W08,122.8,15,104.38,1607,452
MKD_01362,SKU_0028,2026-W32,44.72,15,38.01,1515,1192
MKD_01363,SKU_0025,2026-W22,82.15,25,61.61,2406,1169
MKD_01364,SKU_0013,2026-W47,146.12,50,73.06,2560,644
MKD_01365,SKU_0029,2026-W46,108.48,15,92.21,1953,918
MKD_01366,SKU_0021,2026-W19,75.47,15,64.15,1534,630
MKD_01367,SKU_0023,2026-W51,141.84,15,120.56,1227,466
MKD_01368,SKU_0046,2026-W08,132.32,25,99.24,910,638
MKD_01369,SKU_0041,2026-W49,122.51,15,104.13,1345,425
MKD_01370,SKU_0032,2026-W09,114.7,35,74.56,1644,1135
MKD_01371,SKU_0037,2026-W24,34.41,15,29.25,2763,878
MKD_01372,SKU_0021,2026-W22,75.47,35,49.06,2520,408
MKD_01373,SKU_0031,2026-W30,117.8,25,88.35,1055,147
MKD_01374,SKU_0017,2026-W28,44.35,15,37.7,2379,1301
MKD_01375,SKU_0013,2026-W11,146.12,35,94.98,1390,344
MKD_01376,SKU_0034,2026-W02,104.29,35,67.79,1486,1175
MKD_01377,SKU_0038,2026-W01,129.32,15,109.92,1887,140
MKD_01378,SKU_0026,2026-W01,34.16,50,17.08,2452,1112
MKD_01379,SKU_0026,2026-W18,34.16,25,25.62,426,1141
MKD_01380,SKU_0009,2026-W14,32.58,25,24.43,2891,207
MKD_01381,SKU_0002,2026-W31,98.56,25,73.92,1195,573
MKD_01382,SKU_0034,2026-W10,104.29,35,67.79,2586,1330
MKD_01383,SKU_0012,2026-W32,126.0,35,81.9,401,391
MKD_01384,SKU_0046,2026-W44,132.32,50,66.16,2332,423
MKD_01385,SKU_0005,2026-W23,92.4,25,69.3,2304,254
MKD_01386,SKU_0024,2026-W32,58.2,50,29.1,1251,351
MKD_01387,SKU_0031,2026-W16,117.8,35,76.57,1962,564
MKD_01388,SKU_0039,2026-W35,40.93,50,20.46,1866,1442
MKD_01389,SKU_0039,2026-W15,40.93,15,34.79,1908,338
MKD_01390,SKU_0034,2026-W16,104.29,35,67.79,2814,937
MKD_01391,SKU_0035,2026-W11,121.39,25,91.04,2695,1155
MKD_01392,SKU_0042,2026-W14,140.72,25,105.54,1986,1294
MKD_01393,SKU_0005,2026-W29,92.4,35,60.06,742,1074
MKD_01394,SKU_0036,2026-W01,93.96,25,70.47,509,497
MKD_01395,SKU_0002,2026-W25,98.56,35,64.06,1564,615
MKD_01396,SKU_0006,2026-W36,123.08,35,80.0,2735,927
MKD_01397,SKU_0036,2026-W20,93.96,50,46.98,2434,404
MKD_01398,SKU_0043,2026-W21,135.18,50,67.59,2937,1198
MKD_01399,SKU_0048,2026-W44,74.81,25,56.11,1086,299
MKD_01400,SKU_0035,2026-W43,121.39,25,91.04,2833,137
MKD_01401,SKU_0048,2026-W06,74.81,25,56.11,1637,1107
MKD_01402,SKU_0016,2026-W01,77.88,25,58.41,2488,528
MKD_01403,SKU_0045,2026-W07,58.35,50,29.18,1846,478
MKD_01404,SKU_0010,2026-W38,48.95,50,24.48,1483,1067
MKD_01405,SKU_0015,2026-W05,25.27,15,21.48,363,1315
MKD_01406,SKU_0033,2026-W04,88.18,25,66.14,1506,1166
MKD_01407,SKU_0008,2026-W07,132.98,50,66.49,560,487
MKD_01408,SKU_0016,2026-W12,77.88,50,38.94,2581,1224
MKD_01409,SKU_0044,2026-W31,122.8,35,79.82,2928,227
MKD_01410,SKU_0007,2026-W35,107.37,35,69.79,2776,934
MKD_01411,SKU_0031,2026-W37,117.8,15,100.13,2002,813
MKD_01412,SKU_0011,2026-W42,47.94,50,23.97,1282,119
MKD_01413,SKU_0011,2026-W27,47.94,50,23.97,2816,1176
MKD_01414,SKU_0003,2026-W09,53.62,25,40.21,2931,1483
MKD_01415,SKU_0029,2026-W37,108.48,25,81.36,2614,932
MKD_01416,SKU_0028,2026-W12,44.72,50,22.36,2658,142
MKD_01417,SKU_0037,2026-W14,34.41,15,29.25,2170,677
MKD_01418,SKU_0005,2026-W35,92.4,25,69.3,1156,1301
MKD_01419,SKU_0044,2026-W43,122.8,15,104.38,2110,806
MKD_01420,SKU_0043,2026-W32,135.18,50,67.59,1174,794
MKD_01421,SKU_0003,2026-W09,53.62,25,40.21,340,661
MKD_01422,SKU_0032,2026-W02,114.7,25,86.03,689,1314
MKD_01423,SKU_0009,2026-W37,32.58,35,21.18,413,1014
MKD_01424,SKU_0018,2026-W18,118.5,25,88.88,705,1220
MKD_01425,SKU_0014,2026-W23,85.17,25,63.88,2017,1057
MKD_01426,SKU_0010,2026-W31,48.95,15,41.61,558,1421
MKD_01427,SKU_0038,2026-W07,129.32,15,109.92,1408,1090
MKD_01428,SKU_0015,2026-W48,25.27,35,16.43,872,1057
MKD_01429,SKU_0012,2026-W04,126.0,25,94.5,2413,1268
MKD_01430,SKU_0024,2026-W40,58.2,15,49.47,405,1444
MKD_01431,SKU_0007,2026-W51,107.37,35,69.79,606,1049
MKD_01432,SKU_0019,2026-W09,87.86,50,43.93,821,139
MKD_01433,SKU_0027,2026-W31,141.66,50,70.83,1301,939
MKD_01434,SKU_0018,2026-W41,118.5,25,88.88,2488,1321
MKD_01435,SKU_0018,2026-W50,118.5,15,100.72,1825,434
MKD_01436,SKU_0016,2026-W38,77.88,35,50.62,2432,474
MKD_01437,SKU_0042,2026-W09,140.72,15,119.61,2641,1396
MKD_01438,SKU_0003,2026-W26,53.62,15,45.58,1940,854
MKD_01439,SKU_0007,2026-W05,107.37,35,69.79,2196,638
MKD_01440,SKU_0032,2026-W49,114.7,50,57.35,953,597
MKD_01441,SKU_0043,2026-W14,135.18,35,87.87,2063,904
MKD_01442,SKU_0041,2026-W19,122.51,50,61.26,2094,1373
MKD_01443,SKU_0034,2026-W41,104.29,35,67.79,2066,787
MKD_01444,SKU_0042,2026-W14,140.72,15,119.61,1284,833
MKD_01445,SKU_0002,2026-W25,98.56,35,64.06,2369,196
MKD_01446,SKU_0045,2026-W21,58.35,15,49.6,850,1017
MKD_01447,SKU_0026,2026-W03,34.16,35,22.2,2857,904
MKD_01448,SKU_0003,2026-W03,53.62,25,40.21,2161,840
MKD_01449,SKU_0045,2026-W27,58.35,35,37.93,2791,1462
MKD_01450,SKU_0013,2026-W15,146.12,50,73.06,841,454
MKD_01451,SKU_0038,2026-W39,129.32,15,109.92,1363,1399
MKD_01452,SKU_0022,2026-W25,102.42,50,51.21,1265,1428
MKD_01453,SKU_0017,2026-W16,44.35,25,33.26,2750,1291
MKD_01454,SKU_0050,2026-W05,142.4,50,71.2,1012,601
MKD_01455,SKU_0027,2026-W03,141.66,25,106.25,2086,340
MKD_01456,SKU_0039,2026-W29,40.93,25,30.7,2212,1421
MKD_01457,SKU_0004,2026-W08,89.27,50,44.63,2813,1134
MKD_01458,SKU_0031,2026-W42,117.8,15,100.13,629,1224
MKD_01459,SKU_0030,2026-W27,142.37,15,121.01,1875,1440
MKD_01460,SKU_0038,2026-W18,129.32,25,96.99,2961,279
MKD_01461,SKU_0004,2026-W22,89.27,35,58.03,1864,1098
MKD_01462,SKU_0049,2026-W17,105.19,25,78.89,824,1022
MKD_01463,SKU_0018,2026-W03,118.5,25,88.88,2921,1431
MKD_01464,SKU_0029,2026-W12,108.48,35,70.51,2895,1046
MKD_01465,SKU_0008,2026-W43,132.98,50,66.49,559,493
MKD_01466,SKU_0029,2026-W26,108.48,35,70.51,1551,1240
MKD_01467,SKU_0027,2026-W48,141.66,50,70.83,760,639
MKD_01468,SKU_0015,2026-W18,25.27,50,12.63,2480,1276
MKD_01469,SKU_0015,2026-W06,25.27,50,12.63,2188,744
MKD_01470,SKU_0039,2026-W33,40.93,15,34.79,2401,1383
MKD_01471,SKU_0031,2026-W04,117.8,15,100.13,937,855
MKD_01472,SKU_0007,2026-W36,107.37,25,80.53,754,907
MKD_01473,SKU_0003,2026-W49,53.62,25,40.21,1634,611
MKD_01474,SKU_0016,2026-W19,77.88,35,50.62,582,334
MKD_01475,SKU_0001,2026-W12,53.09,25,39.82,436,250
MKD_01476,SKU_0015,2026-W05,25.27,25,18.95,1984,150
MKD_01477,SKU_0041,2026-W10,122.51,25,91.88,2460,1352
MKD_01478,SKU_0013,2026-W01,146.12,50,73.06,2745,1379
MKD_01479,SKU_0032,2026-W27,114.7,25,86.03,1302,593
MKD_01480,SKU_0010,2026-W15,48.95,25,36.71,513,124
MKD_01481,SKU_0010,2026-W11,48.95,25,36.71,2523,761
MKD_01482,SKU_0011,2026-W10,47.94,15,40.75,1396,117
MKD_01483,SKU_0003,2026-W09,53.62,50,26.81,834,654
MKD_01484,SKU_0007,2026-W20,107.37,50,53.69,2462,929
MKD_01485,SKU_0003,2026-W26,53.62,15,45.58,1401,1312
MKD_01486,SKU_0044,2026-W17,122.8,25,92.1,2156,989
MKD_01487,SKU_0039,2026-W41,40.93,15,34.79,994,1312
MKD_01488,SKU_0001,2026-W30,53.09,25,39.82,1942,1299
MKD_01489,SKU_0046,2026-W51,132.32,15,112.47,1398,745
MKD_01490,SKU_0003,2026-W02,53.62,25,40.21,2905,447
MKD_01491,SKU_0050,2026-W47,142.4,50,71.2,2845,371
MKD_01492,SKU_0030,2026-W44,142.37,25,106.78,2833,1105
MKD_01493,SKU_0011,2026-W14,47.94,35,31.16,2662,1176
MKD_01494,SKU_0013,2026-W19,146.12,50,73.06,1595,562
MKD_01495,SKU_0029,2026-W04,108.48,35,70.51,607,481
MKD_01496,SKU_0025,2026-W49,82.15,35,53.4,2811,173
MKD_01497,SKU_0035,2026-W27,121.39,35,78.9,1498,506
MKD_01498,SKU_0010,2026-W27,48.95,15,41.61,1658,1375
MKD_01499,SKU_0015,2026-W10,25.27,15,21.48,1379,1161
MKD_01500,SKU_0016,2026-W29,77.88,25,58.41,2793,201
MKD_01501,SKU_0025,2026-W50,82.15,35,53.4,1546,790
MKD_01502,SKU_0029,2026-W17,108.48,25,81.36,2587,773
MKD_01503,SKU_0018,2026-W14,118.5,15,100.72,855,577
MKD_01504,SKU_0028,2026-W05,44.72,50,22.36,2007,475
MKD_01505,SKU_0024,2026-W15,58.2,25,43.65,431,1454
MKD_01506,SKU_0050,2026-W39,142.4,15,121.04,2188,545
MKD_01507,SKU_0044,2026-W46,122.8,25,92.1,2905,636
MKD_01508,SKU_0040,2026-W22,51.26,35,33.32,893,130
MKD_01509,SKU_0017,2026-W50,44.35,35,28.83,905,673
MKD_01510,SKU_0010,2026-W23,48.95,15,41.61,981,946
MKD_01511,SKU_0044,2026-W13,122.8,50,61.4,2423,1427
MKD_01512,SKU_0050,2026-W42,142.4,15,121.04,2149,875
MKD_01513,SKU_0047,2026-W16,63.15,15,53.68,793,1395
MKD_01514,SKU_0045,2026-W45,58.35,50,29.18,1871,567
MKD_01515,SKU_0043,2026-W19,135.18,35,87.87,471,149
MKD_01516,SKU_0011,2026-W01,47.94,25,35.95,949,989
MKD_01517,SKU_0050,2026-W36,142.4,50,71.2,2581,957
MKD_01518,SKU_0038,2026-W07,129.32,35,84.06,943,1077
MKD_01519,SKU_0048,2026-W21,74.81,15,63.59,2303,158
MKD_01520,SKU_0046,2026-W31,132.32,25,99.24,1080,1396
MKD_01521,SKU_0002,2026-W34,98.56,25,73.92,1051,220
MKD_01522,SKU_0004,2026-W43,89.27,15,75.88,454,546
MKD_01523,SKU_0038,2026-W06,129.32,15,109.92,748,225
MKD_01524,SKU_0036,2026-W04,93.96,15,79.87,2623,455
MKD_01525,SKU_0036,2026-W08,93.96,25,70.47,315,504
MKD_01526,SKU_0035,2026-W33,121.39,50,60.7,730,784
MKD_01527,SKU_0008,2026-W07,132.98,35,86.44,2206,1131
MKD_01528,SKU_0038,2026-W28,129.32,25,96.99,1803,684
MKD_01529,SKU_0004,2026-W52,89.27,15,75.88,1913,460
MKD_01530,SKU_0048,2026-W09,74.81,35,48.63,2735,827
MKD_01531,SKU_0044,2026-W24,122.8,35,79.82,1209,1144
MKD_01532,SKU_0031,2026-W37,117.8,15,100.13,2258,1290
MKD_01533,SKU_0006,2026-W43,123.08,35,80.0,1539,425
MKD_01534,SKU_0012,2026-W24,126.0,15,107.1,2548,1455
MKD_01535,SKU_0013,2026-W46,146.12,25,109.59,2430,564
MKD_01536,SKU_0031,2026-W45,117.8,15,100.13,1835,1185
MKD_01537,SKU_0031,2026-W20,117.8,35,76.57,1342,1349
MKD_01538,SKU_0026,2026-W12,34.16,25,25.62,1387,408
MKD_01539,SKU_0019,2026-W26,87.86,50,43.93,537,739
MKD_01540,SKU_0032,2026-W39,114.7,25,86.03,1349,1145
MKD_01541,SKU_0018,2026-W12,118.5,25,88.88,397,1359
MKD_01542,SKU_0002,2026-W07,98.56,15,83.78,1495,558
MKD_01543,SKU_0007,2026-W05,107.37,15,91.26,2077,1412
MKD_01544,SKU_0004,2026-W47,89.27,50,44.63,405,982
MKD_01545,SKU_0030,2026-W17,142.37,15,121.01,1300,122
MKD_01546,SKU_0011,2026-W07,47.94,35,31.16,2823,541
MKD_01547,SKU_0023,2026-W33,141.84,15,120.56,354,859
MKD_01548,SKU_0018,2026-W14,118.5,25,88.88,1203,816
MKD_01549,SKU_0032,2026-W05,114.7,35,74.56,1758,347
MKD_01550,SKU_0036,2026-W49,93.96,15,79.87,1261,612
MKD_01551,SKU_0012,2026-W24,126.0,15,107.1,643,1447
MKD_01552,SKU_0018,2026-W47,118.5,50,59.25,1287,1261
MKD_01553,SKU_0048,2026-W21,74.81,15,63.59,1215,1050
MKD_01554,SKU_0038,2026-W46,129.32,15,109.92,1715,1448
MKD_01555,SKU_0022,2026-W10,102.42,50,51.21,2561,1089
MKD_01556,SKU_0025,2026-W42,82.15,35,53.4,707,1168
MKD_01557,SKU_0049,2026-W28,105.19,15,89.41,821,1237
MKD_01558,SKU_0012,2026-W08,126.0,50,63.0,1114,906
MKD_01559,SKU_0010,2026-W15,48.95,35,31.82,2892,697
MKD_01560,SKU_0043,2026-W37,135.18,15,114.9,646,1048
MKD_01561,SKU_0043,2026-W45,135.18,25,101.39,2650,754
MKD_01562,SKU_0037,2026-W10,34.41,25,25.81,2727,838
MKD_01563,SKU_0020,2026-W47,131.42,35,85.42,415,786
MKD_01564,SKU_0047,2026-W18,63.15,35,41.05,2888,890
MKD_01565,SKU_0016,2026-W06,77.88,25,58.41,2568,473
MKD_01566,SKU_0029,2026-W01,108.48,15,92.21,1900,384
MKD_01567,SKU_0028,2026-W07,44.72,50,22.36,475,1243
MKD_01568,SKU_0050,2026-W20,142.4,35,92.56,2233,957
MKD_01569,SKU_0003,2026-W32,53.62,50,26.81,2762,1141
MKD_01570,SKU_0038,2026-W44,129.32,50,64.66,944,1166
MKD_01571,SKU_0027,2026-W19,141.66,50,70.83,1193,574
MKD_01572,SKU_0013,2026-W51,146.12,35,94.98,936,755
MKD_01573,SKU_0049,2026-W20,105.19,15,89.41,2636,1443
MKD_01574,SKU_0026,2026-W23,34.16,25,25.62,982,826
MKD_01575,SKU_0047,2026-W36,63.15,35,41.05,420,606
MKD_01576,SKU_0046,2026-W51,132.32,15,112.47,1640,552
MKD_01577,SKU_0039,2026-W52,40.93,35,26.6,1181,232
MKD_01578,SKU_0047,2026-W05,63.15,25,47.36,1168,829
MKD_01579,SKU_0009,2026-W20,32.58,15,27.69,2373,783
MKD_01580,SKU_0043,2026-W22,135.18,50,67.59,611,1021
MKD_01581,SKU_0018,2026-W50,118.5,25,88.88,560,1342
MKD_01582,SKU_0012,2026-W09,126.0,50,63.0,621,1303
MKD_01583,SKU_0029,2026-W07,108.48,25,81.36,1522,844
MKD_01584,SKU_0029,2026-W28,108.48,25,81.36,2963,852
MKD_01585,SKU_0020,2026-W21,131.42,25,98.56,2406,1447
MKD_01586,SKU_0028,2026-W01,44.72,50,22.36,780,1267
MKD_01587,SKU_0044,2026-W26,122.8,35,79.82,721,347
MKD_01588,SKU_0028,2026-W35,44.72,15,38.01,769,137
MKD_01589,SKU_0032,2026-W43,114.7,35,74.56,1679,426
MKD_01590,SKU_0023,2026-W41,141.84,35,92.2,2535,927
MKD_01591,SKU_0008,2026-W03,132.98,35,86.44,2472,839
MKD_01592,SKU_0021,2026-W06,75.47,15,64.15,500,1396
MKD_01593,SKU_0049,2026-W13,105.19,15,89.41,361,921
MKD_01594,SKU_0044,2026-W23,122.8,15,104.38,1510,1079
MKD_01595,SKU_0006,2026-W21,123.08,15,104.62,2196,1200
MKD_01596,SKU_0030,2026-W16,142.37,15,121.01,2867,1045
MKD_01597,SKU_0007,2026-W49,107.37,25,80.53,754,280
MKD_01598,SKU_0049,2026-W41,105.19,35,68.37,847,1033
MKD_01599,SKU_0005,2026-W04,92.4,15,78.54,1110,957
MKD_01600,SKU_0025,2026-W01,82.15,50,41.08,2078,529
MKD_01601,SKU_0010,2026-W40,48.95,50,24.48,2445,1241
MKD_01602,SKU_0005,2026-W38,92.4,35,60.06,1417,1474
MKD_01603,SKU_0022,2026-W48,102.42,50,51.21,551,907
MKD_01604,SKU_0037,2026-W21,34.41,35,22.37,2960,1312
MKD_01605,SKU_0037,2026-W22,34.41,15,29.25,1027,645
MKD_01606,SKU_0012,2026-W45,126.0,50,63.0,1584,1463
MKD_01607,SKU_0004,2026-W07,89.27,15,75.88,1841,1406
MKD_01608,SKU_0007,2026-W13,107.37,35,69.79,2863,1493
MKD_01609,SKU_0026,2026-W18,34.16,35,22.2,1206,235
MKD_01610,SKU_0025,2026-W15,82.15,25,61.61,361,153
MKD_01611,SKU_0016,2026-W02,77.88,15,66.2,1561,1480
MKD_01612,SKU_0023,2026-W03,141.84,25,106.38,2457,425
MKD_01613,SKU_0013,2026-W01,146.12,35,94.98,2834,875
MKD_01614,SKU_0033,2026-W05,88.18,25,66.14,658,692
MKD_01615,SKU_0038,2026-W13,129.32,50,64.66,2384,943
MKD_01616,SKU_0032,2026-W35,114.7,50,57.35,1346,643
MKD_01617,SKU_0018,2026-W43,118.5,15,100.72,915,330
MKD_01618,SKU_0039,2026-W31,40.93,15,34.79,509,882
MKD_01619,SKU_0010,2026-W41,48.95,25,36.71,754,1123
MKD_01620,SKU_0035,2026-W09,121.39,35,78.9,1990,107
MKD_01621,SKU_0013,2026-W01,146.12,25,109.59,328,533
MKD_01622,SKU_0043,2026-W11,135.18,15,114.9,2855,332
MKD_01623,SKU_0022,2026-W09,102.42,35,66.57,1740,1346
MKD_01624,SKU_0020,2026-W33,131.42,25,98.56,1314,1298
MKD_01625,SKU_0045,2026-W08,58.35,15,49.6,883,335
MKD_01626,SKU_0003,2026-W38,53.62,35,34.85,2318,127
MKD_01627,SKU_0006,2026-W44,123.08,25,92.31,1369,1481
MKD_01628,SKU_0018,2026-W45,118.5,25,88.88,1108,912
MKD_01629,SKU_0001,2026-W21,53.09,25,39.82,2000,1103
MKD_01630,SKU_0016,2026-W45,77.88,25,58.41,990,1321
MKD_01631,SKU_0008,2026-W07,132.98,50,66.49,972,611
MKD_01632,SKU_0047,2026-W04,63.15,25,47.36,2749,762
MKD_01633,SKU_0022,2026-W01,102.42,35,66.57,2843,499
MKD_01634,SKU_0018,2026-W25,118.5,25,88.88,2391,1411
MKD_01635,SKU_0050,2026-W37,142.4,50,71.2,732,672
MKD_01636,SKU_0036,2026-W14,93.96,15,79.87,413,903
MKD_01637,SKU_0027,2026-W52,141.66,35,92.08,1924,1283
MKD_01638,SKU_0013,2026-W47,146.12,15,124.2,410,1398
MKD_01639,SKU_0039,2026-W16,40.93,15,34.79,2381,1480
MKD_01640,SKU_0031,2026-W42,117.8,35,76.57,1657,950
MKD_01641,SKU_0029,2026-W06,108.48,50,54.24,1259,644
MKD_01642,SKU_0012,2026-W15,126.0,25,94.5,1090,660
MKD_01643,SKU_0018,2026-W02,118.5,25,88.88,1328,1072
MKD_01644,SKU_0006,2026-W12,123.08,35,80.0,2287,372
MKD_01645,SKU_0047,2026-W23,63.15,15,53.68,630,495
MKD_01646,SKU_0039,2026-W19,40.93,35,26.6,700,695
MKD_01647,SKU_0037,2026-W49,34.41,15,29.25,2041,340
MKD_01648,SKU_0042,2026-W06,140.72,15,119.61,913,1181
MKD_01649,SKU_0017,2026-W21,44.35,25,33.26,1985,1414
MKD_01650,SKU_0006,2026-W12,123.08,50,61.54,1288,375
MKD_01651,SKU_0041,2026-W48,122.51,50,61.26,2482,956
MKD_01652,SKU_0010,2026-W06,48.95,35,31.82,1089,1058
MKD_01653,SKU_0031,2026-W31,117.8,25,88.35,1922,1468
MKD_01654,SKU_0039,2026-W23,40.93,15,34.79,1780,832
MKD_01655,SKU_0039,2026-W33,40.93,15,34.79,1454,1451
MKD_01656,SKU_0034,2026-W07,104.29,25,78.22,361,543
MKD_01657,SKU_0018,2026-W27,118.5,35,77.03,2736,646
MKD_01658,SKU_0014,2026-W29,85.17,15,72.39,1455,1318
MKD_01659,SKU_0033,2026-W04,88.18,25,66.14,2780,1071
MKD_01660,SKU_0050,2026-W33,142.4,50,71.2,604,397
MKD_01661,SKU_0030,2026-W49,142.37,15,121.01,577,1414
MKD_01662,SKU_0012,2026-W26,126.0,25,94.5,2847,1257
MKD_01663,SKU_0023,2026-W39,141.84,15,120.56,508,959
MKD_01664,SKU_0011,2026-W20,47.94,35,31.16,883,153
MKD_01665,SKU_0024,2026-W02,58.2,25,43.65,1123,176
MKD_01666,SKU_0028,2026-W32,44.72,35,29.07,718,396
MKD_01667,SKU_0036,2026-W23,93.96,50,46.98,1149,547
MKD_01668,SKU_0043,2026-W33,135.18,35,87.87,381,1432
MKD_01669,SKU_0050,2026-W05,142.4,15,121.04,1104,995
MKD_01670,SKU_0004,2026-W37,89.27,35,58.03,1506,1114
MKD_01671,SKU_0017,2026-W08,44.35,25,33.26,1432,461
MKD_01672,SKU_0022,2026-W48,102.42,35,66.57,2496,471
MKD_01673,SKU_0030,2026-W36,142.37,15,121.01,2706,1239
MKD_01674,SKU_0002,2026-W21,98.56,35,64.06,2176,907
MKD_01675,SKU_0038,2026-W11,129.32,25,96.99,2614,972
MKD_01676,SKU_0011,2026-W36,47.94,35,31.16,1516,1073
MKD_01677,SKU_0041,2026-W31,122.51,15,104.13,939,336
MKD_01678,SKU_0031,2026-W39,117.8,50,58.9,2908,1483
MKD_01679,SKU_0038,2026-W40,129.32,35,84.06,530,820
MKD_01680,SKU_0015,2026-W17,25.27,15,21.48,1397,555
MKD_01681,SKU_0050,2026-W42,142.4,15,121.04,2799,1058
MKD_01682,SKU_0020,2026-W26,131.42,15,111.71,1312,1421
MKD_01683,SKU_0040,2026-W40,51.26,35,33.32,505,1082
MKD_01684,SKU_0001,2026-W40,53.09,15,45.13,2120,687
MKD_01685,SKU_0004,2026-W16,89.27,50,44.63,1281,1264
MKD_01686,SKU_0032,2026-W21,114.7,25,86.03,770,150
MKD_01687,SKU_0050,2026-W38,142.4,15,121.04,1119,1461
MKD_01688,SKU_0014,2026-W34,85.17,15,72.39,2009,1151
MKD_01689,SKU_0016,2026-W37,77.88,35,50.62,569,622
MKD_01690,SKU_0045,2026-W40,58.35,50,29.18,1297,904
MKD_01691,SKU_0025,2026-W15,82.15,50,41.08,2689,237
MKD_01692,SKU_0044,2026-W03,122.8,15,104.38,2686,340
MKD_01693,SKU_0033,2026-W31,88.18,15,74.95,1259,1386
MKD_01694,SKU_0011,2026-W34,47.94,15,40.75,2721,1380
MKD_01695,SKU_0023,2026-W18,141.84,15,120.56,2932,231
MKD_01696,SKU_0040,2026-W45,51.26,50,25.63,1139,668
MKD_01697,SKU_0034,2026-W03,104.29,50,52.15,2150,1499
MKD_01698,SKU_0006,2026-W49,123.08,50,61.54,2293,740
MKD_01699,SKU_0019,2026-W50,87.86,35,57.11,374,1092
MKD_01700,SKU_0041,2026-W46,122.51,35,79.63,1920,1130
MKD_01701,SKU_0043,2026-W36,135.18,50,67.59,408,703
MKD_01702,SKU_0050,2026-W32,142.4,50,71.2,2645,209
MKD_01703,SKU_0050,2026-W06,142.4,15,121.04,2880,489
MKD_01704,SKU_0036,2026-W37,93.96,35,61.07,2120,1476
MKD_01705,SKU_0035,2026-W05,121.39,50,60.7,2669,285
MKD_01706,SKU_0016,2026-W05,77.88,25,58.41,781,1099
MKD_01707,SKU_0004,2026-W38,89.27,35,58.03,1502,897
MKD_01708,SKU_0025,2026-W07,82.15,50,41.08,1358,1475
MKD_01709,SKU_0031,2026-W43,117.8,50,58.9,2617,507
MKD_01710,SKU_0033,2026-W26,88.18,25,66.14,2740,646
MKD_01711,SKU_0034,2026-W15,104.29,15,88.65,1313,865
MKD_01712,SKU_0009,2026-W48,32.58,35,21.18,1441,1393
MKD_01713,SKU_0004,2026-W23,89.27,15,75.88,1489,776
MKD_01714,SKU_0015,2026-W20,25.27,15,21.48,849,322
MKD_01715,SKU_0019,2026-W06,87.86,25,65.89,2014,939
MKD_01716,SKU_0023,2026-W36,141.84,15,120.56,2731,1300
MKD_01717,SKU_0050,2026-W02,142.4,35,92.56,1111,914
MKD_01718,SKU_0043,2026-W03,135.18,35,87.87,871,1284
MKD_01719,SKU_0035,2026-W28,121.39,15,103.18,2372,1098
MKD_01720,SKU_0036,2026-W14,93.96,25,70.47,1064,877
MKD_01721,SKU_0011,2026-W02,47.94,15,40.75,394,561
MKD_01722,SKU_0043,2026-W33,135.18,35,87.87,2816,645
MKD_01723,SKU_0031,2026-W37,117.8,25,88.35,790,779
MKD_01724,SKU_0024,2026-W21,58.2,15,49.47,1009,315
MKD_01725,SKU_0038,2026-W27,129.32,25,96.99,880,537
MKD_01726,SKU_0046,2026-W35,132.32,15,112.47,629,1397
MKD_01727,SKU_0030,2026-W46,142.37,25,106.78,1930,135
MKD_01728,SKU_0031,2026-W06,117.8,50,58.9,813,665
MKD_01729,SKU_0009,2026-W20,32.58,15,27.69,1357,255
MKD_01730,SKU_0022,2026-W35,102.42,50,51.21,858,1428
MKD_01731,SKU_0004,2026-W10,89.27,50,44.63,2282,1491
MKD_01732,SKU_0039,2026-W37,40.93,35,26.6,2812,669
MKD_01733,SKU_0041,2026-W51,122.51,15,104.13,793,1156
MKD_01734,SKU_0040,2026-W25,51.26,25,38.45,2037,471
MKD_01735,SKU_0050,2026-W49,142.4,25,106.8,2946,880
MKD_01736,SKU_0029,2026-W04,108.48,35,70.51,2375,1440
MKD_01737,SKU_0027,2026-W27,141.66,35,92.08,458,163
MKD_01738,SKU_0011,2026-W38,47.94,25,35.95,1700,1105
MKD_01739,SKU_0002,2026-W20,98.56,25,73.92,2718,492
MKD_01740,SKU_0023,2026-W14,141.84,35,92.2,1406,340
MKD_01741,SKU_0031,2026-W04,117.8,50,58.9,2267,1326
MKD_01742,SKU_0045,2026-W26,58.35,50,29.18,2247,1319
MKD_01743,SKU_0039,2026-W27,40.93,25,30.7,2562,1349
MKD_01744,SKU_0008,2026-W12,132.98,35,86.44,481,1300
MKD_01745,SKU_0034,2026-W25,104.29,35,67.79,1302,682
MKD_01746,SKU_0032,2026-W30,114.7,50,57.35,1354,314
MKD_01747,SKU_0023,2026-W49,141.84,35,92.2,2058,501
MKD_01748,SKU_0041,2026-W20,122.51,25,91.88,1518,351
MKD_01749,SKU_0040,2026-W06,51.26,15,43.57,1024,1233
MKD_01750,SKU_0002,2026-W38,98.56,25,73.92,571,721
MKD_01751,SKU_0013,2026-W10,146.12,35,94.98,521,1008
MKD_01752,SKU_0017,2026-W05,44.35,15,37.7,1674,836
MKD_01753,SKU_0039,2026-W11,40.93,50,20.46,532,810
MKD_01754,SKU_0025,2026-W09,82.15,35,53.4,1000,1032
MKD_01755,SKU_0006,2026-W48,123.08,25,92.31,2017,1389
MKD_01756,SKU_0036,2026-W30,93.96,15,79.87,1823,172
MKD_01757,SKU_0042,2026-W37,140.72,15,119.61,1885,1036
MKD_01758,SKU_0001,2026-W14,53.09,25,39.82,2432,1180
MKD_01759,SKU_0046,2026-W28,132.32,15,112.47,2605,1041
MKD_01760,SKU_0016,2026-W34,77.88,25,58.41,826,1138
MKD_01761,SKU_0031,2026-W44,117.8,15,100.13,2111,409
MKD_01762,SKU_0013,2026-W12,146.12,35,94.98,2587,1201
MKD_01763,SKU_0007,2026-W07,107.37,35,69.79,1079,986
MKD_01764,SKU_0039,2026-W33,40.93,25,30.7,2343,300
MKD_01765,SKU_0046,2026-W02,132.32,15,112.47,1035,530
MKD_01766,SKU_0038,2026-W29,129.32,50,64.66,365,650
MKD_01767,SKU_0015,2026-W14,25.27,15,21.48,1495,826
MKD_01768,SKU_0050,2026-W05,142.4,35,92.56,1969,521
MKD_01769,SKU_0034,2026-W12,104.29,25,78.22,2364,1349
MKD_01770,SKU_0040,2026-W44,51.26,50,25.63,770,183
MKD_01771,SKU_0024,2026-W21,58.2,50,29.1,1387,1357
MKD_01772,SKU_0035,2026-W08,121.39,15,103.18,609,1194
MKD_01773,SKU_0001,2026-W27,53.09,15,45.13,2087,118
MKD_01774,SKU_0047,2026-W46,63.15,15,53.68,781,418
MKD_01775,SKU_0033,2026-W20,88.18,15,74.95,2280,301
MKD_01776,SKU_0018,2026-W36,118.5,25,88.88,1513,166
MKD_01777,SKU_0007,2026-W22,107.37,15,91.26,2887,680
MKD_01778,SKU_0002,2026-W13,98.56,25,73.92,1693,1354
MKD_01779,SKU_0028,2026-W04,44.72,15,38.01,2181,180
MKD_01780,SKU_0022,2026-W14,102.42,35,66.57,368,1370
MKD_01781,SKU_0028,2026-W47,44.72,25,33.54,2313,1015
MKD_01782,SKU_0006,2026-W38,123.08,50,61.54,2417,940
MKD_01783,SKU_0035,2026-W04,121.39,25,91.04,755,1010
MKD_01784,SKU_0032,2026-W12,114.7,50,57.35,1961,209
MKD_01785,SKU_0040,2026-W47,51.26,35,33.32,2851,398
MKD_01786,SKU_0046,2026-W44,132.32,50,66.16,1558,859
MKD_01787,SKU_0016,2026-W39,77.88,50,38.94,1821,1422
MKD_01788,SKU_0026,2026-W36,34.16,50,17.08,977,911
MKD_01789,SKU_0045,2026-W46,58.35,15,49.6,1949,1336
MKD_01790,SKU_0010,2026-W20,48.95,15,41.61,785,1020
MKD_01791,SKU_0040,2026-W36,51.26,35,33.32,2496,1477
MKD_01792,SKU_0047,2026-W03,63.15,25,47.36,1271,559
MKD_01793,SKU_0022,2026-W02,102.42,15,87.06,1180,1009
MKD_01794,SKU_0025,2026-W03,82.15,50,41.08,438,468
MKD_01795,SKU_0034,2026-W21,104.29,35,67.79,547,527
MKD_01796,SKU_0036,2026-W44,93.96,35,61.07,2098,264
MKD_01797,SKU_0001,2026-W34,53.09,50,26.55,2962,1371
MKD_01798,SKU_0032,2026-W50,114.7,25,86.03,604,1058
MKD_01799,SKU_0016,2026-W29,77.88,50,38.94,910,610
MKD_01800,SKU_0045,2026-W04,58.35,15,49.6,792,162
MKD_01801,SKU_0040,2026-W23,51.26,35,33.32,2664,1051
MKD_01802,SKU_0023,2026-W16,141.84,15,120.56,425,323
MKD_01803,SKU_0011,2026-W32,47.94,15,40.75,1215,146
MKD_01804,SKU_0035,2026-W25,121.39,15,103.18,1120,691
MKD_01805,SKU_0033,2026-W06,88.18,15,74.95,386,794
MKD_01806,SKU_0002,2026-W50,98.56,25,73.92,2194,442
MKD_01807,SKU_0022,2026-W51,102.42,50,51.21,2170,453
MKD_01808,SKU_0028,2026-W39,44.72,15,38.01,1603,1188
MKD_01809,SKU_0046,2026-W50,132.32,35,86.01,1292,892
MKD_01810,SKU_0008,2026-W32,132.98,25,99.73,1078,817
MKD_01811,SKU_0036,2026-W52,93.96,35,61.07,2530,1445
MKD_01812,SKU_0010,2026-W13,48.95,35,31.82,1521,1176
MKD_01813,SKU_0010,2026-W34,48.95,25,36.71,329,1143
MKD_01814,SKU_0022,2026-W25,102.42,50,51.21,990,1455
MKD_01815,SKU_0014,2026-W11,85.17,50,42.59,1271,1279
MKD_01816,SKU_0006,2026-W46,123.08,50,61.54,731,611
MKD_01817,SKU_0048,2026-W52,74.81,35,48.63,308,392
MKD_01818,SKU_0020,2026-W21,131.42,35,85.42,1023,789
MKD_01819,SKU_0026,2026-W45,34.16,50,17.08,2870,205
MKD_01820,SKU_0034,2026-W26,104.29,15,88.65,1146,816
MKD_01821,SKU_0031,2026-W51,117.8,25,88.35,2672,1131
MKD_01822,SKU_0041,2026-W03,122.51,25,91.88,1714,724
MKD_01823,SKU_0006,2026-W30,123.08,25,92.31,1004,1219
MKD_01824,SKU_0012,2026-W12,126.0,15,107.1,2096,271
MKD_01825,SKU_0026,2026-W15,34.16,35,22.2,752,1385
MKD_01826,SKU_0026,2026-W52,34.16,35,22.2,2933,1223
MKD_01827,SKU_0004,2026-W51,89.27,15,75.88,1981,1169
MKD_01828,SKU_0017,2026-W49,44.35,15,37.7,612,975
MKD_01829,SKU_0003,2026-W41,53.62,25,40.21,522,229
MKD_01830,SKU_0011,2026-W07,47.94,25,35.95,860,827
MKD_01831,SKU_0035,2026-W51,121.39,35,78.9,2311,412
MKD_01832,SKU_0016,2026-W52,77.88,50,38.94,1575,1154
MKD_01833,SKU_0019,2026-W49,87.86,25,65.89,2948,937
MKD_01834,SKU_0037,2026-W45,34.41,15,29.25,826,441
MKD_01835,SKU_0022,2026-W37,102.42,15,87.06,731,544
MKD_01836,SKU_0024,2026-W46,58.2,50,29.1,2601,287
MKD_01837,SKU_0014,2026-W45,85.17,50,42.59,1394,471
MKD_01838,SKU_0007,2026-W51,107.37,35,69.79,621,748
MKD_01839,SKU_0049,2026-W02,105.19,50,52.59,2625,1337
MKD_01840,SKU_0024,2026-W08,58.2,25,43.65,549,644
MKD_01841,SKU_0026,2026-W22,34.16,15,29.04,2844,1198
MKD_01842,SKU_0038,2026-W26,129.32,25,96.99,789,326
MKD_01843,SKU_0002,2026-W19,98.56,35,64.06,2290,1473
MKD_01844,SKU_0027,2026-W45,141.66,15,120.41,1471,1272
MKD_01845,SKU_0050,2026-W13,142.4,35,92.56,1508,126
MKD_01846,SKU_0023,2026-W06,141.84,15,120.56,1246,950
MKD_01847,SKU_0033,2026-W39,88.18,15,74.95,1552,1487
MKD_01848,SKU_0050,2026-W30,142.4,35,92.56,1588,627
MKD_01849,SKU_0045,2026-W11,58.35,35,37.93,1201,747
MKD_01850,SKU_0024,2026-W09,58.2,50,29.1,2686,746
MKD_01851,SKU_0024,2026-W23,58.2,15,49.47,1794,401
MKD_01852,SKU_0018,2026-W07,118.5,15,100.72,313,1163
MKD_01853,SKU_0032,2026-W21,114.7,15,97.5,1551,121
MKD_01854,SKU_0040,2026-W12,51.26,25,38.45,2829,1477
MKD_01855,SKU_0013,2026-W27,146.12,35,94.98,1932,443
MKD_01856,SKU_0039,2026-W11,40.93,50,20.46,1801,703
MKD_01857,SKU_0036,2026-W23,93.96,25,70.47,1424,859
MKD_01858,SKU_0046,2026-W30,132.32,35,86.01,1065,983
MKD_01859,SKU_0014,2026-W34,85.17,35,55.36,1834,787
MKD_01860,SKU_0043,2026-W04,135.18,15,114.9,933,611
MKD_01861,SKU_0044,2026-W39,122.8,15,104.38,2970,1045
MKD_01862,SKU_0011,2026-W44,47.94,50,23.97,2171,1203
MKD_01863,SKU_0011,2026-W25,47.94,50,23.97,624,1273
MKD_01864,SKU_0033,2026-W33,88.18,25,66.14,1641,1377
MKD_01865,SKU_0002,2026-W03,98.56,35,64.06,2015,361
MKD_01866,SKU_0004,2026-W15,89.27,35,58.03,1457,335
MKD_01867,SKU_0001,2026-W15,53.09,25,39.82,370,316
MKD_01868,SKU_0043,2026-W04,135.18,25,101.39,751,242
MKD_01869,SKU_0016,2026-W25,77.88,25,58.41,1291,605
MKD_01870,SKU_0039,2026-W33,40.93,50,20.46,1522,1312
MKD_01871,SKU_0027,2026-W27,141.66,50,70.83,2473,928
MKD_01872,SKU_0031,2026-W18,117.8,25,88.35,2397,355
MKD_01873,SKU_0023,2026-W37,141.84,25,106.38,653,474
MKD_01874,SKU_0011,2026-W39,47.94,15,40.75,358,620
MKD_01875,SKU_0013,2026-W03,146.12,50,73.06,1597,959
MKD_01876,SKU_0037,2026-W18,34.41,15,29.25,1273,945
MKD_01877,SKU_0045,2026-W45,58.35,35,37.93,1342,626
MKD_01878,SKU_0047,2026-W49,63.15,50,31.57,2825,633
MKD_01879,SKU_0020,2026-W42,131.42,25,98.56,570,255
MKD_01880,SKU_0001,2026-W29,53.09,50,26.55,358,1360
MKD_01881,SKU_0040,2026-W24,51.26,15,43.57,1155,1396
MKD_01882,SKU_0003,2026-W11,53.62,25,40.21,1978,1383
MKD_01883,SKU_0006,2026-W07,123.08,35,80.0,2889,1237
MKD_01884,SKU_0030,2026-W03,142.37,15,121.01,1353,140
MKD_01885,SKU_0044,2026-W18,122.8,35,79.82,2053,635
MKD_01886,SKU_0049,2026-W15,105.19,50,52.59,2476,1281
MKD_01887,SKU_0036,2026-W10,93.96,25,70.47,2419,732
MKD_01888,SKU_0003,2026-W20,53.62,15,45.58,1351,1389
MKD_01889,SKU_0040,2026-W37,51.26,50,25.63,487,1424
MKD_01890,SKU_0043,2026-W41,135.18,35,87.87,2322,1414
MKD_01891,SKU_0015,2026-W33,25.27,35,16.43,553,780
MKD_01892,SKU_0018,2026-W28,118.5,15,100.72,1296,314
MKD_01893,SKU_0033,2026-W29,88.18,25,66.14,1763,178
MKD_01894,SKU_0049,2026-W27,105.19,15,89.41,2997,1481
MKD_01895,SKU_0037,2026-W07,34.41,25,25.81,1671,488
MKD_01896,SKU_0040,2026-W44,51.26,15,43.57,360,767
MKD_01897,SKU_0002,2026-W46,98.56,50,49.28,2280,684
MKD_01898,SKU_0050,2026-W50,142.4,15,121.04,2125,1357
MKD_01899,SKU_0049,2026-W13,105.19,15,89.41,2886,579
MKD_01900,SKU_0003,2026-W38,53.62,25,40.21,1262,1088
MKD_01901,SKU_0023,2026-W50,141.84,15,120.56,1180,102
MKD_01902,SKU_0045,2026-W09,58.35,15,49.6,667,1040
MKD_01903,SKU_0002,2026-W19,98.56,35,64.06,2711,761
MKD_01904,SKU_0030,2026-W35,142.37,15,121.01,567,523
MKD_01905,SKU_0017,2026-W04,44.35,15,37.7,1055,1320
MKD_01906,SKU_0002,2026-W08,98.56,50,49.28,1890,1261
MKD_01907,SKU_0007,2026-W14,107.37,35,69.79,2002,257
MKD_01908,SKU_0004,2026-W32,89.27,50,44.63,415,1059
MKD_01909,SKU_0026,2026-W31,34.16,50,17.08,326,479
MKD_01910,SKU_0021,2026-W09,75.47,15,64.15,2244,315
MKD_01911,SKU_0031,2026-W16,117.8,50,58.9,947,914
MKD_01912,SKU_0035,2026-W46,121.39,35,78.9,2935,1112
MKD_01913,SKU_0035,2026-W04,121.39,15,103.18,1710,363
MKD_01914,SKU_0033,2026-W05,88.18,35,57.32,1976,1454
MKD_01915,SKU_0045,2026-W52,58.35,50,29.18,1257,250
MKD_01916,SKU_0033,2026-W24,88.18,35,57.32,819,1456
MKD_01917,SKU_0021,2026-W30,75.47,50,37.73,1851,1092
MKD_01918,SKU_0035,2026-W40,121.39,50,60.7,311,758
MKD_01919,SKU_0048,2026-W08,74.81,35,48.63,631,967
MKD_01920,SKU_0043,2026-W39,135.18,50,67.59,683,276
MKD_01921,SKU_0023,2026-W19,141.84,25,106.38,385,1407
MKD_01922,SKU_0021,2026-W50,75.47,25,56.6,1545,384
MKD_01923,SKU_0028,2026-W43,44.72,50,22.36,2699,982
MKD_01924,SKU_0037,2026-W27,34.41,50,17.2,2414,974
MKD_01925,SKU_0040,2026-W04,51.26,15,43.57,2214,1242
MKD_01926,SKU_0012,2026-W26,126.0,15,107.1,348,635
MKD_01927,SKU_0008,2026-W32,132.98,25,99.73,2717,1415
MKD_01928,SKU_0028,2026-W43,44.72,35,29.07,470,694
MKD_01929,SKU_0037,2026-W03,34.41,50,17.2,1163,1229
MKD_01930,SKU_0016,2026-W07,77.88,35,50.62,311,588
MKD_01931,SKU_0005,2026-W05,92.4,15,78.54,1813,829
MKD_01932,SKU_0032,2026-W04,114.7,50,57.35,584,1203
MKD_01933,SKU_0015,2026-W44,25.27,15,21.48,2996,1067
MKD_01934,SKU_0033,2026-W40,88.18,35,57.32,382,1132
MKD_01935,SKU_0012,2026-W23,126.0,35,81.9,1844,128
MKD_01936,SKU_0044,2026-W15,122.8,35,79.82,923,150
MKD_01937,SKU_0008,2026-W03,132.98,25,99.73,918,362
MKD_01938,SKU_0013,2026-W42,146.12,25,109.59,1723,655
MKD_01939,SKU_0004,2026-W24,89.27,25,66.95,2147,267
MKD_01940,SKU_0015,2026-W49,25.27,25,18.95,2593,633
MKD_01941,SKU_0017,2026-W11,44.35,50,22.18,2865,1056
MKD_01942,SKU_0036,2026-W09,93.96,15,79.87,755,1320
MKD_01943,SKU_0025,2026-W41,82.15,35,53.4,2267,575
MKD_01944,SKU_0024,2026-W21,58.2,15,49.47,2990,689
MKD_01945,SKU_0037,2026-W04,34.41,50,17.2,1878,987
MKD_01946,SKU_0004,2026-W46,89.27,50,44.63,2080,939
MKD_01947,SKU_0018,2026-W06,118.5,50,59.25,902,657
MKD_01948,SKU_0014,2026-W47,85.17,35,55.36,1958,1414
MKD_01949,SKU_0036,2026-W17,93.96,25,70.47,2458,769
MKD_01950,SKU_0019,2026-W22,87.86,50,43.93,739,772
MKD_01951,SKU_0032,2026-W02,114.7,15,97.5,1584,1143
MKD_01952,SKU_0015,2026-W28,25.27,25,18.95,2926,1296
MKD_01953,SKU_0031,2026-W26,117.8,25,88.35,515,989
MKD_01954,SKU_0015,2026-W05,25.27,15,21.48,2098,1343
MKD_01955,SKU_0034,2026-W46,104.29,25,78.22,670,183
MKD_01956,SKU_0040,2026-W40,51.26,35,33.32,1027,1122
MKD_01957,SKU_0036,2026-W46,93.96,25,70.47,1255,467
MKD_01958,SKU_0035,2026-W40,121.39,35,78.9,1837,1248
MKD_01959,SKU_0015,2026-W21,25.27,35,16.43,776,254
MKD_01960,SKU_0028,2026-W45,44.72,15,38.01,527,886
MKD_01961,SKU_0023,2026-W21,141.84,15,120.56,2979,292
MKD_01962,SKU_0014,2026-W49,85.17,25,63.88,1000,437
MKD_01963,SKU_0027,2026-W40,141.66,25,106.25,1106,876
MKD_01964,SKU_0049,2026-W33,105.19,35,68.37,2544,569
MKD_01965,SKU_0018,2026-W04,118.5,50,59.25,1657,407
MKD_01966,SKU_0003,2026-W35,53.62,35,34.85,2531,389
MKD_01967,SKU_0021,2026-W25,75.47,25,56.6,2211,1495
MKD_01968,SKU_0039,2026-W48,40.93,15,34.79,1089,1135
MKD_01969,SKU_0033,2026-W06,88.18,35,57.32,1752,1130
MKD_01970,SKU_0026,2026-W03,34.16,35,22.2,2810,711
MKD_01971,SKU_0033,2026-W05,88.18,50,44.09,2464,1187
MKD_01972,SKU_0009,2026-W41,32.58,15,27.69,2212,1193
MKD_01973,SKU_0001,2026-W26,53.09,50,26.55,2017,302
MKD_01974,SKU_0024,2026-W23,58.2,35,37.83,2425,116
MKD_01975,SKU_0043,2026-W07,135.18,50,67.59,2431,1003
MKD_01976,SKU_0004,2026-W06,89.27,15,75.88,1180,946
MKD_01977,SKU_0021,2026-W10,75.47,15,64.15,1056,117
MKD_01978,SKU_0005,2026-W13,92.4,50,46.2,1778,1012
MKD_01979,SKU_0026,2026-W16,34.16,15,29.04,1958,734
MKD_01980,SKU_0042,2026-W12,140.72,50,70.36,1659,1314
MKD_01981,SKU_0036,2026-W25,93.96,35,61.07,2526,653
MKD_01982,SKU_0012,2026-W46,126.0,15,107.1,1003,365
MKD_01983,SKU_0033,2026-W14,88.18,35,57.32,1616,614
MKD_01984,SKU_0007,2026-W16,107.37,35,69.79,451,293
MKD_01985,SKU_0041,2026-W12,122.51,35,79.63,1921,1044
MKD_01986,SKU_0015,2026-W13,25.27,50,12.63,909,767
MKD_01987,SKU_0007,2026-W16,107.37,35,69.79,673,189
MKD_01988,SKU_0046,2026-W42,132.32,35,86.01,1217,147
MKD_01989,SKU_0035,2026-W19,121.39,15,103.18,1612,553
MKD_01990,SKU_0006,2026-W50,123.08,15,104.62,449,449
MKD_01991,SKU_0021,2026-W19,75.47,15,64.15,2137,861
MKD_01992,SKU_0019,2026-W28,87.86,50,43.93,2746,279
MKD_01993,SKU_0030,2026-W15,142.37,15,121.01,1712,1256
MKD_01994,SKU_0021,2026-W42,75.47,15,64.15,2378,672
MKD_01995,SKU_0027,2026-W31,141.66,15,120.41,914,1141
MKD_01996,SKU_0020,2026-W06,131.42,50,65.71,889,1025
MKD_01997,SKU_0008,2026-W32,132.98,25,99.73,1000,722
MKD_01998,SKU_0006,2026-W35,123.08,50,61.54,1123,590
MKD_01999,SKU_0015,2026-W04,25.27,25,18.95,2034,845
MKD_02000,SKU_0023,2026-W50,141.84,50,70.92,1926,242
