forecast_id,sku_id,region,period,forecasted_demand_units,confidence_interval_pct
FCT_000001,SKU_0021,Latin_America,2027-M08,2766,0.83
FCT_000002,SKU_0004,Asia_Pacific,2027-M01,1914,0.83
FCT_000003,SKU_0032,Europe,2027-M09,14899,0.83
FCT_000004,SKU_0036,Latin_America,2026-M03,6068,0.89
FCT_000005,SKU_0014,Latin_America,2026-M11,8489,0.87
FCT_000006,SKU_0017,North_America,2026-M02,8792,0.93
FCT_000007,SKU_0015,North_America,2027-M02,2876,0.86
FCT_000008,SKU_0005,Latin_America,2026-M12,12929,0.81
FCT_000009,SKU_0002,North_America,2027-M09,11634,0.83
FCT_000010,SKU_0027,North_America,2027-M11,4893,0.91
FCT_000011,SKU_0004,Latin_America,2027-M11,14400,0.83
FCT_000012,SKU_0018,North_America,2026-M09,13037,0.9
FCT_000013,SKU_0001,Europe,2027-M10,14747,0.81
FCT_000014,SKU_0019,Europe,2027-M12,10769,0.82
FCT_000015,SKU_0047,Latin_America,2027-M09,7191,0.92
FCT_000016,SKU_0045,Asia_Pacific,2027-M02,10984,0.82
FCT_000017,SKU_0043,Europe,2026-M05,1040,0.93
FCT_000018,SKU_0022,North_America,2027-M02,4675,0.8
FCT_000019,SKU_0022,Latin_America,2026-M10,2393,0.82
FCT_000020,SKU_0002,Asia_Pacific,2027-M05,7846,0.81
FCT_000021,SKU_0024,Latin_America,2026-M10,1911,0.93
FCT_000022,SKU_0029,Latin_America,2026-M01,3063,0.93
FCT_000023,SKU_0027,Latin_America,2026-M05,9370,0.83
FCT_000024,SKU_0008,Europe,2027-M12,8590,0.87
FCT_000025,SKU_0036,North_America,2026-M02,5583,0.83
FCT_000026,SKU_0036,Europe,2027-M12,13769,0.81
FCT_000027,SKU_0001,Latin_America,2027-M04,5687,0.89
FCT_000028,SKU_0011,North_America,2027-M06,6310,0.87
FCT_000029,SKU_0029,North_America,2026-M06,9871,0.88
FCT_000030,SKU_0006,North_America,2026-M04,8289,0.92
FCT_000031,SKU_0038,Europe,2027-M05,9970,0.94
FCT_000032,SKU_0045,North_America,2027-M10,2018,0.86
FCT_000033,SKU_0022,Europe,2027-M04,3469,0.82
FCT_000034,SKU_0005,Asia_Pacific,2027-M06,11817,0.88
FCT_000035,SKU_0010,Latin_America,2027-M01,12365,0.91
FCT_000036,SKU_0024,Asia_Pacific,2026-M04,1422,0.94
FCT_000037,SKU_0025,Latin_America,2026-M05,3742,0.86
FCT_000038,SKU_0018,Europe,2026-M08,10452,0.88
FCT_000039,SKU_0011,Asia_Pacific,2027-M10,5769,0.84
FCT_000040,SKU_0019,Europe,2027-M01,12529,0.86
FCT_000041,SKU_0021,North_America,2027-M07,9245,0.89
FCT_000042,SKU_0023,Asia_Pacific,2027-M07,3250,0.91
FCT_000043,SKU_0005,Europe,2026-M06,5435,0.87
FCT_000044,SKU_0038,Latin_America,2027-M04,1215,0.93
FCT_000045,SKU_0046,Asia_Pacific,2026-M09,7831,0.92
FCT_000046,SKU_0021,Asia_Pacific,2027-M03,14466,0.8
FCT_000047,SKU_0031,North_America,2026-M08,7989,0.93
FCT_000048,SKU_0015,Europe,2027-M01,5346,0.87
FCT_000049,SKU_0043,North_America,2027-M02,12383,0.89
FCT_000050,SKU_0007,North_America,2027-M12,14378,0.95
FCT_000051,SKU_0033,Asia_Pacific,2026-M04,3898,0.85
FCT_000052,SKU_0012,Asia_Pacific,2027-M02,4563,0.87
FCT_000053,SKU_0020,Latin_America,2026-M04,8631,0.9
FCT_000054,SKU_0002,Latin_America,2026-M03,8688,0.87
FCT_000055,SKU_0006,North_America,2027-M11,9787,0.84
FCT_000056,SKU_0014,North_America,2027-M04,8233,0.8
FCT_000057,SKU_0042,Europe,2026-M07,12417,0.9
FCT_000058,SKU_0024,Asia_Pacific,2027-M11,5466,0.86
FCT_000059,SKU_0015,Latin_America,2027-M09,8840,0.87
FCT_000060,SKU_0014,Europe,2026-M12,13704,0.93
FCT_000061,SKU_0027,North_America,2026-M02,8110,0.81
FCT_000062,SKU_0004,Latin_America,2026-M02,11073,0.88
FCT_000063,SKU_0044,North_America,2026-M07,10939,0.87
FCT_000064,SKU_0042,Asia_Pacific,2027-M07,3509,0.88
FCT_000065,SKU_0048,Asia_Pacific,2027-M09,3540,0.86
FCT_000066,SKU_0028,Europe,2026-M07,2004,0.92
FCT_000067,SKU_0029,Latin_America,2027-M08,3233,0.88
FCT_000068,SKU_0022,Latin_America,2027-M06,3402,0.93
FCT_000069,SKU_0026,Europe,2026-M01,12256,0.91
FCT_000070,SKU_0018,Europe,2026-M01,12590,0.9
FCT_000071,SKU_0016,North_America,2027-M03,7187,0.84
FCT_000072,SKU_0024,Latin_America,2027-M06,8168,0.8
FCT_000073,SKU_0032,Latin_America,2026-M05,6596,0.83
FCT_000074,SKU_0001,Latin_America,2026-M12,9072,0.81
FCT_000075,SKU_0033,Asia_Pacific,2027-M11,9453,0.94
FCT_000076,SKU_0038,Asia_Pacific,2026-M06,1545,0.85
FCT_000077,SKU_0020,Latin_America,2027-M11,12937,0.91
FCT_000078,SKU_0010,North_America,2026-M05,9892,0.88
FCT_000079,SKU_0048,Latin_America,2026-M08,14023,0.83
FCT_000080,SKU_0010,Latin_America,2026-M11,12304,0.93
FCT_000081,SKU_0007,North_America,2027-M01,11506,0.86
FCT_000082,SKU_0019,North_America,2026-M09,6007,0.95
FCT_000083,SKU_0036,Latin_America,2027-M02,10457,0.93
FCT_000084,SKU_0045,Europe,2026-M05,11419,0.81
FCT_000085,SKU_0019,Europe,2026-M11,8638,0.89
FCT_000086,SKU_0006,Latin_America,2026-M03,4127,0.93
FCT_000087,SKU_0013,Latin_America,2026-M07,3854,0.91
FCT_000088,SKU_0046,North_America,2027-M07,5300,0.82
FCT_000089,SKU_0035,Latin_America,2027-M04,12218,0.85
FCT_000090,SKU_0046,Asia_Pacific,2026-M10,7112,0.9
FCT_000091,SKU_0005,North_America,2026-M06,5424,0.81
FCT_000092,SKU_0037,Latin_America,2026-M09,7535,0.92
FCT_000093,SKU_0034,North_America,2026-M06,2388,0.89
FCT_000094,SKU_0044,North_America,2026-M02,2402,0.95
FCT_000095,SKU_0037,North_America,2026-M08,10115,0.9
FCT_000096,SKU_0015,Europe,2026-M11,10112,0.8
FCT_000097,SKU_0040,Asia_Pacific,2027-M07,8208,0.8
FCT_000098,SKU_0038,Latin_America,2026-M12,12508,0.82
FCT_000099,SKU_0049,Latin_America,2027-M01,1019,0.9
FCT_000100,SKU_0009,North_America,2027-M11,13770,0.91
FCT_000101,SKU_0022,North_America,2026-M09,7559,0.87
FCT_000102,SKU_0045,Asia_Pacific,2026-M09,2683,0.86
FCT_000103,SKU_0044,Asia_Pacific,2027-M09,1645,0.87
FCT_000104,SKU_0023,North_America,2026-M12,11630,0.82
FCT_000105,SKU_0040,North_America,2027-M11,1898,0.87
FCT_000106,SKU_0008,Asia_Pacific,2026-M12,5673,0.81
FCT_000107,SKU_0050,Europe,2027-M01,4704,0.83
FCT_000108,SKU_0014,North_America,2026-M12,9977,0.89
FCT_000109,SKU_0002,Europe,2027-M03,12993,0.87
FCT_000110,SKU_0043,Latin_America,2027-M09,7214,0.87
FCT_000111,SKU_0048,Latin_America,2026-M01,3484,0.9
FCT_000112,SKU_0006,North_America,2026-M02,5811,0.86
FCT_000113,SKU_0003,Asia_Pacific,2027-M05,11972,0.81
FCT_000114,SKU_0019,Europe,2026-M08,2103,0.81
FCT_000115,SKU_0006,Europe,2027-M12,14577,0.89
FCT_000116,SKU_0016,Europe,2027-M10,1008,0.81
FCT_000117,SKU_0040,Europe,2026-M02,8683,0.81
FCT_000118,SKU_0035,Asia_Pacific,2026-M10,2738,0.87
FCT_000119,SKU_0035,North_America,2027-M07,13073,0.85
FCT_000120,SKU_0004,Europe,2026-M07,12903,0.83
FCT_000121,SKU_0013,Latin_America,2026-M02,7098,0.81
FCT_000122,SKU_0015,Europe,2026-M08,6701,0.9
FCT_000123,SKU_0018,Europe,2027-M08,10262,0.87
FCT_000124,SKU_0045,North_America,2027-M02,12240,0.91
FCT_000125,SKU_0025,North_America,2027-M07,11268,0.83
FCT_000126,SKU_0018,Asia_Pacific,2026-M03,12184,0.89
FCT_000127,SKU_0026,Asia_Pacific,2026-M03,1536,0.81
FCT_000128,SKU_0007,North_America,2026-M11,12052,0.83
FCT_000129,SKU_0005,Latin_America,2026-M04,8711,0.85
FCT_000130,SKU_0019,North_America,2026-M10,11229,0.92
FCT_000131,SKU_0037,North_America,2026-M01,8755,0.84
FCT_000132,SKU_0041,Europe,2026-M12,8548,0.9
FCT_000133,SKU_0036,Europe,2026-M08,11714,0.9
FCT_000134,SKU_0002,North_America,2027-M05,6468,0.9
FCT_000135,SKU_0008,Europe,2026-M08,10816,0.86
FCT_000136,SKU_0020,Asia_Pacific,2026-M07,10748,0.93
FCT_000137,SKU_0026,Latin_America,2027-M03,8394,0.91
FCT_000138,SKU_0016,Latin_America,2027-M04,5168,0.92
FCT_000139,SKU_0011,Asia_Pacific,2027-M02,3736,0.85
FCT_000140,SKU_0034,North_America,2026-M12,7284,0.9
FCT_000141,SKU_0015,North_America,2026-M10,12148,0.89
FCT_000142,SKU_0031,North_America,2027-M08,13156,0.84
FCT_000143,SKU_0018,Latin_America,2027-M03,11624,0.82
FCT_000144,SKU_0047,Latin_America,2027-M05,5608,0.81
FCT_000145,SKU_0029,Asia_Pacific,2026-M07,5656,0.82
FCT_000146,SKU_0020,Latin_America,2026-M02,13755,0.91
FCT_000147,SKU_0010,North_America,2027-M04,8222,0.84
FCT_000148,SKU_0043,North_America,2026-M09,13998,0.92
FCT_000149,SKU_0035,Latin_America,2026-M12,14939,0.85
FCT_000150,SKU_0047,Asia_Pacific,2026-M05,4074,0.84
FCT_000151,SKU_0012,Asia_Pacific,2026-M09,13795,0.95
FCT_000152,SKU_0049,Latin_America,2026-M11,13572,0.83
FCT_000153,SKU_0033,Latin_America,2026-M07,8276,0.92
FCT_000154,SKU_0049,North_America,2026-M05,14045,0.91
FCT_000155,SKU_0041,North_America,2026-M09,13149,0.89
FCT_000156,SKU_0022,North_America,2026-M10,13834,0.9
FCT_000157,SKU_0033,North_America,2026-M03,8328,0.86
FCT_000158,SKU_0004,North_America,2026-M06,2887,0.91
FCT_000159,SKU_0046,Asia_Pacific,2027-M06,7172,0.92
FCT_000160,SKU_0027,Asia_Pacific,2026-M12,1078,0.93
FCT_000161,SKU_0029,Europe,2027-M06,6246,0.85
FCT_000162,SKU_0032,Asia_Pacific,2027-M04,13563,0.81
FCT_000163,SKU_0025,North_America,2026-M01,14036,0.87
FCT_000164,SKU_0003,Latin_America,2026-M03,10809,0.9
FCT_000165,SKU_0005,Latin_America,2027-M11,14106,0.85
FCT_000166,SKU_0007,North_America,2026-M08,5886,0.89
FCT_000167,SKU_0050,Latin_America,2026-M06,7405,0.88
FCT_000168,SKU_0039,Europe,2027-M07,2291,0.84
FCT_000169,SKU_0008,Europe,2026-M01,10637,0.89
FCT_000170,SKU_0021,Latin_America,2026-M05,9446,0.81
FCT_000171,SKU_0021,North_America,2027-M03,14426,0.92
FCT_000172,SKU_0010,Asia_Pacific,2026-M01,9246,0.86
FCT_000173,SKU_0046,Europe,2026-M06,5640,0.91
FCT_000174,SKU_0006,Asia_Pacific,2026-M06,12040,0.85
FCT_000175,SKU_0009,Europe,2027-M12,5185,0.84
FCT_000176,SKU_0036,Europe,2026-M01,1439,0.88
FCT_000177,SKU_0016,Asia_Pacific,2026-M06,10462,0.88
FCT_000178,SKU_0048,Latin_America,2027-M08,4425,0.83
FCT_000179,SKU_0040,North_America,2026-M02,7125,0.91
FCT_000180,SKU_0012,North_America,2027-M02,6199,0.82
FCT_000181,SKU_0029,Asia_Pacific,2026-M02,8231,0.91
FCT_000182,SKU_0037,Europe,2026-M06,2790,0.81
FCT_000183,SKU_0001,North_America,2026-M06,2909,0.81
FCT_000184,SKU_0048,Europe,2027-M07,1929,0.94
FCT_000185,SKU_0017,Latin_America,2027-M10,9488,0.86
FCT_000186,SKU_0035,Asia_Pacific,2027-M06,12353,0.93
FCT_000187,SKU_0037,North_America,2027-M08,9752,0.84
FCT_000188,SKU_0030,Europe,2027-M03,12098,0.86
FCT_000189,SKU_0042,North_America,2027-M07,9383,0.89
FCT_000190,SKU_0042,Asia_Pacific,2027-M03,11949,0.95
FCT_000191,SKU_0043,North_America,2026-M10,6267,0.89
FCT_000192,SKU_0019,North_America,2027-M06,14410,0.82
FCT_000193,SKU_0012,Asia_Pacific,2026-M10,4977,0.85
FCT_000194,SKU_0004,North_America,2026-M12,10451,0.86
FCT_000195,SKU_0035,Europe,2026-M06,9193,0.9
FCT_000196,SKU_0015,Latin_America,2027-M05,1857,0.92
FCT_000197,SKU_0031,Asia_Pacific,2026-M05,8437,0.91
FCT_000198,SKU_0028,North_America,2027-M07,4253,0.9
FCT_000199,SKU_0014,Europe,2026-M04,12357,0.94
FCT_000200,SKU_0028,Asia_Pacific,2026-M10,9714,0.8
FCT_000201,SKU_0015,North_America,2027-M06,13441,0.81
FCT_000202,SKU_0048,Asia_Pacific,2027-M05,3559,0.82
FCT_000203,SKU_0047,North_America,2026-M07,7858,0.84
FCT_000204,SKU_0025,Europe,2026-M06,6671,0.89
FCT_000205,SKU_0009,Asia_Pacific,2027-M04,9115,0.9
FCT_000206,SKU_0033,Europe,2026-M05,3199,0.8
FCT_000207,SKU_0019,Asia_Pacific,2027-M10,14951,0.85
FCT_000208,SKU_0021,Europe,2027-M05,9956,0.92
FCT_000209,SKU_0006,Asia_Pacific,2026-M12,14478,0.89
FCT_000210,SKU_0019,Asia_Pacific,2026-M03,8934,0.94
FCT_000211,SKU_0001,Latin_America,2026-M04,9979,0.93
FCT_000212,SKU_0025,North_America,2027-M08,12767,0.89
FCT_000213,SKU_0039,North_America,2027-M07,2052,0.93
FCT_000214,SKU_0032,Asia_Pacific,2026-M12,14178,0.84
FCT_000215,SKU_0044,Europe,2027-M07,12191,0.84
FCT_000216,SKU_0037,Europe,2026-M12,12941,0.88
FCT_000217,SKU_0015,Asia_Pacific,2027-M10,8321,0.85
FCT_000218,SKU_0015,Asia_Pacific,2026-M03,1080,0.84
FCT_000219,SKU_0042,Europe,2027-M09,10566,0.84
FCT_000220,SKU_0010,Asia_Pacific,2027-M08,8465,0.94
FCT_000221,SKU_0036,Europe,2027-M08,8893,0.91
FCT_000222,SKU_0045,North_America,2026-M09,5129,0.9
FCT_000223,SKU_0018,North_America,2027-M01,14015,0.93
FCT_000224,SKU_0014,Europe,2027-M11,2320,0.84
FCT_000225,SKU_0036,Latin_America,2026-M10,2286,0.87
FCT_000226,SKU_0021,Latin_America,2027-M04,9176,0.85
FCT_000227,SKU_0030,Latin_America,2026-M05,1776,0.92
FCT_000228,SKU_0006,Europe,2026-M08,6638,0.92
FCT_000229,SKU_0011,Asia_Pacific,2026-M09,11182,0.92
FCT_000230,SKU_0030,North_America,2027-M03,3964,0.86
FCT_000231,SKU_0049,Asia_Pacific,2026-M01,14744,0.86
FCT_000232,SKU_0023,North_America,2026-M04,9248,0.88
FCT_000233,SKU_0003,North_America,2027-M12,11136,0.87
FCT_000234,SKU_0038,North_America,2026-M12,9876,0.88
FCT_000235,SKU_0034,Asia_Pacific,2026-M02,8710,0.85
FCT_000236,SKU_0036,Asia_Pacific,2026-M04,5567,0.85
FCT_000237,SKU_0033,North_America,2027-M02,5226,0.93
FCT_000238,SKU_0002,Latin_America,2026-M09,13427,0.84
FCT_000239,SKU_0029,Latin_America,2026-M05,2134,0.84
FCT_000240,SKU_0026,North_America,2027-M10,1069,0.82
FCT_000241,SKU_0017,Asia_Pacific,2027-M04,11000,0.94
FCT_000242,SKU_0026,North_America,2026-M03,3231,0.91
FCT_000243,SKU_0009,Europe,2026-M11,10523,0.95
FCT_000244,SKU_0022,Asia_Pacific,2026-M11,4490,0.86
FCT_000245,SKU_0041,Latin_America,2027-M05,1053,0.9
FCT_000246,SKU_0004,Asia_Pacific,2027-M03,10864,0.87
FCT_000247,SKU_0028,Asia_Pacific,2027-M06,12393,0.87
FCT_000248,SKU_0009,Asia_Pacific,2026-M12,11870,0.95
FCT_000249,SKU_0021,Asia_Pacific,2026-M06,12440,0.89
FCT_000250,SKU_0003,Europe,2026-M02,5115,0.86
FCT_000251,SKU_0050,North_America,2027-M09,5082,0.88
FCT_000252,SKU_0006,Europe,2026-M01,1445,0.82
FCT_000253,SKU_0023,North_America,2027-M11,14767,0.84
FCT_000254,SKU_0043,Asia_Pacific,2027-M10,9650,0.84
FCT_000255,SKU_0008,Asia_Pacific,2027-M11,5826,0.87
FCT_000256,SKU_0017,Europe,2026-M03,4971,0.86
FCT_000257,SKU_0046,Latin_America,2027-M12,13915,0.9
FCT_000258,SKU_0034,North_America,2026-M04,7670,0.82
FCT_000259,SKU_0036,Asia_Pacific,2027-M11,2145,0.95
FCT_000260,SKU_0014,North_America,2027-M11,7710,0.88
FCT_000261,SKU_0041,Asia_Pacific,2026-M03,7587,0.82
FCT_000262,SKU_0011,North_America,2027-M07,3167,0.91
FCT_000263,SKU_0032,North_America,2027-M04,4932,0.93
FCT_000264,SKU_0011,Asia_Pacific,2026-M10,2017,0.94
FCT_000265,SKU_0044,Latin_America,2027-M10,14293,0.87
FCT_000266,SKU_0006,Latin_America,2026-M09,11768,0.86
FCT_000267,SKU_0035,Latin_America,2026-M04,11048,0.84
FCT_000268,SKU_0031,Europe,2026-M03,1495,0.93
FCT_000269,SKU_0044,Latin_America,2026-M03,4802,0.82
FCT_000270,SKU_0004,Europe,2027-M09,1575,0.82
FCT_000271,SKU_0007,Europe,2026-M12,3138,0.87
FCT_000272,SKU_0009,Europe,2026-M08,5907,0.84
FCT_000273,SKU_0005,Asia_Pacific,2027-M07,1866,0.83
FCT_000274,SKU_0049,Asia_Pacific,2027-M08,8208,0.94
FCT_000275,SKU_0016,North_America,2026-M06,3887,0.92
FCT_000276,SKU_0001,Asia_Pacific,2026-M07,11658,0.91
FCT_000277,SKU_0020,Asia_Pacific,2027-M09,9061,0.81
FCT_000278,SKU_0030,Latin_America,2027-M04,7780,0.9
FCT_000279,SKU_0005,North_America,2027-M11,3653,0.84
FCT_000280,SKU_0010,Latin_America,2027-M03,8480,0.93
FCT_000281,SKU_0023,Latin_America,2027-M05,6769,0.86
FCT_000282,SKU_0037,Asia_Pacific,2027-M12,2026,0.92
FCT_000283,SKU_0034,North_America,2027-M11,2722,0.82
FCT_000284,SKU_0020,Europe,2026-M06,2253,0.83
FCT_000285,SKU_0017,Asia_Pacific,2026-M12,12444,0.8
FCT_000286,SKU_0026,Europe,2026-M05,9921,0.93
FCT_000287,SKU_0018,Europe,2026-M05,10135,0.94
FCT_000288,SKU_0001,Europe,2027-M06,9840,0.91
FCT_000289,SKU_0019,Asia_Pacific,2027-M02,1778,0.94
FCT_000290,SKU_0034,Latin_America,2027-M01,7818,0.81
FCT_000291,SKU_0035,Latin_America,2027-M11,12418,0.93
FCT_000292,SKU_0031,Latin_America,2026-M06,6680,0.89
FCT_000293,SKU_0033,Latin_America,2027-M09,9366,0.85
FCT_000294,SKU_0005,Europe,2026-M02,7575,0.86
FCT_000295,SKU_0029,Latin_America,2027-M04,6794,0.86
FCT_000296,SKU_0012,North_America,2026-M10,12610,0.93
FCT_000297,SKU_0015,Asia_Pacific,2027-M02,2309,0.88
FCT_000298,SKU_0037,Latin_America,2027-M01,1470,0.82
FCT_000299,SKU_0027,Asia_Pacific,2027-M11,15000,0.88
FCT_000300,SKU_0005,Asia_Pacific,2026-M01,9556,0.83
FCT_000301,SKU_0006,Europe,2027-M08,3285,0.81
FCT_000302,SKU_0026,Asia_Pacific,2026-M09,3807,0.94
FCT_000303,SKU_0017,North_America,2026-M03,9573,0.91
FCT_000304,SKU_0048,North_America,2027-M12,7246,0.86
FCT_000305,SKU_0018,Asia_Pacific,2026-M09,1679,0.94
FCT_000306,SKU_0024,Europe,2026-M06,6178,0.93
FCT_000307,SKU_0001,Asia_Pacific,2026-M02,11050,0.84
FCT_000308,SKU_0002,Europe,2026-M06,10655,0.94
FCT_000309,SKU_0016,Latin_America,2026-M04,10924,0.88
FCT_000310,SKU_0006,Latin_America,2026-M10,6081,0.83
FCT_000311,SKU_0004,North_America,2026-M04,9216,0.93
FCT_000312,SKU_0045,Latin_America,2027-M12,12348,0.93
FCT_000313,SKU_0047,Europe,2027-M02,5694,0.87
FCT_000314,SKU_0039,Asia_Pacific,2026-M07,1589,0.85
FCT_000315,SKU_0024,Latin_America,2027-M07,1728,0.84
FCT_000316,SKU_0045,North_America,2027-M06,11974,0.83
FCT_000317,SKU_0023,Europe,2027-M12,12051,0.83
FCT_000318,SKU_0008,North_America,2027-M10,11107,0.88
FCT_000319,SKU_0050,Latin_America,2026-M04,8541,0.81
FCT_000320,SKU_0008,Latin_America,2026-M07,13019,0.91
FCT_000321,SKU_0011,Asia_Pacific,2027-M06,3745,0.83
FCT_000322,SKU_0036,North_America,2027-M10,3610,0.94
FCT_000323,SKU_0036,North_America,2026-M03,4407,0.93
FCT_000324,SKU_0006,Asia_Pacific,2026-M04,7252,0.88
FCT_000325,SKU_0026,North_America,2027-M02,5800,0.82
FCT_000326,SKU_0020,Europe,2026-M12,8250,0.94
FCT_000327,SKU_0038,Asia_Pacific,2026-M02,13271,0.87
FCT_000328,SKU_0048,Latin_America,2026-M05,7376,0.82
FCT_000329,SKU_0032,Asia_Pacific,2026-M04,9873,0.91
FCT_000330,SKU_0026,Latin_America,2026-M06,13743,0.85
FCT_000331,SKU_0037,Europe,2026-M04,8720,0.82
FCT_000332,SKU_0011,Europe,2026-M06,8581,0.91
FCT_000333,SKU_0018,Latin_America,2026-M06,1476,0.91
FCT_000334,SKU_0003,Latin_America,2026-M09,3450,0.8
FCT_000335,SKU_0040,Latin_America,2027-M05,8915,0.87
FCT_000336,SKU_0003,North_America,2026-M08,4710,0.92
FCT_000337,SKU_0046,Latin_America,2026-M11,8170,0.95
FCT_000338,SKU_0040,Latin_America,2027-M10,13179,0.8
FCT_000339,SKU_0016,Latin_America,2027-M11,3981,0.9
FCT_000340,SKU_0004,North_America,2027-M11,4728,0.92
FCT_000341,SKU_0040,Asia_Pacific,2026-M05,5357,0.9
FCT_000342,SKU_0005,North_America,2026-M02,6684,0.92
FCT_000343,SKU_0047,North_America,2027-M09,13359,0.91
FCT_000344,SKU_0024,Latin_America,2026-M01,11430,0.91
FCT_000345,SKU_0037,North_America,2026-M05,8869,0.84
FCT_000346,SKU_0034,North_America,2026-M02,7967,0.83
FCT_000347,SKU_0034,Europe,2027-M12,11655,0.82
FCT_000348,SKU_0043,Asia_Pacific,2027-M02,14176,0.93
FCT_000349,SKU_0042,Latin_America,2027-M12,8420,0.87
FCT_000350,SKU_0023,Europe,2027-M01,12695,0.92
FCT_000351,SKU_0050,Latin_America,2027-M11,1916,0.84
FCT_000352,SKU_0002,Europe,2026-M12,4489,0.85
FCT_000353,SKU_0021,North_America,2027-M04,6840,0.91
FCT_000354,SKU_0041,North_America,2027-M01,8697,0.83
FCT_000355,SKU_0005,Asia_Pacific,2027-M08,3061,0.92
FCT_000356,SKU_0041,Asia_Pacific,2027-M02,4614,0.91
FCT_000357,SKU_0006,Asia_Pacific,2027-M11,11964,0.92
FCT_000358,SKU_0012,Latin_America,2027-M12,3788,0.88
FCT_000359,SKU_0012,North_America,2027-M06,14366,0.94
FCT_000360,SKU_0050,Europe,2027-M03,8342,0.94
FCT_000361,SKU_0038,North_America,2026-M04,1371,0.85
FCT_000362,SKU_0032,Asia_Pacific,2027-M11,3674,0.92
FCT_000363,SKU_0031,Europe,2027-M02,1684,0.91
FCT_000364,SKU_0037,Europe,2027-M11,3496,0.85
FCT_000365,SKU_0044,Latin_America,2027-M02,6533,0.84
FCT_000366,SKU_0043,Europe,2026-M07,7726,0.88
FCT_000367,SKU_0025,Europe,2026-M04,12902,0.92
FCT_000368,SKU_0046,Latin_America,2026-M08,12205,0.83
FCT_000369,SKU_0027,North_America,2027-M10,10483,0.92
FCT_000370,SKU_0004,Latin_America,2027-M10,8506,0.9
FCT_000371,SKU_0027,Latin_America,2026-M07,5803,0.82
FCT_000372,SKU_0003,North_America,2026-M01,7808,0.87
FCT_000373,SKU_0025,North_America,2026-M05,10140,0.88
FCT_000374,SKU_0042,Asia_Pacific,2027-M04,2132,0.85
FCT_000375,SKU_0013,North_America,2027-M09,10564,0.86
FCT_000376,SKU_0009,Asia_Pacific,2026-M04,13850,0.93
FCT_000377,SKU_0050,North_America,2027-M05,7549,0.93
FCT_000378,SKU_0008,Europe,2026-M05,8540,0.83
FCT_000379,SKU_0030,Europe,2026-M06,7405,0.93
FCT_000380,SKU_0010,Asia_Pacific,2026-M05,6624,0.86
FCT_000381,SKU_0042,Latin_America,2027-M01,1166,0.84
FCT_000382,SKU_0007,Asia_Pacific,2027-M01,5563,0.88
FCT_000383,SKU_0048,North_America,2026-M11,5334,0.91
FCT_000384,SKU_0038,North_America,2027-M11,8065,0.87
FCT_000385,SKU_0013,Asia_Pacific,2027-M05,4739,0.83
FCT_000386,SKU_0016,Asia_Pacific,2026-M07,12660,0.83
FCT_000387,SKU_0029,Europe,2026-M08,14895,0.81
FCT_000388,SKU_0025,Europe,2027-M11,12301,0.82
FCT_000389,SKU_0046,Asia_Pacific,2027-M07,9918,0.89
FCT_000390,SKU_0015,Asia_Pacific,2026-M09,6771,0.88
FCT_000391,SKU_0022,Latin_America,2027-M08,12296,0.87
FCT_000392,SKU_0023,Europe,2026-M11,1173,0.9
FCT_000393,SKU_0046,North_America,2027-M04,7934,0.93
FCT_000394,SKU_0004,North_America,2026-M02,4918,0.9
FCT_000395,SKU_0019,Latin_America,2027-M04,5288,0.94
FCT_000396,SKU_0050,Asia_Pacific,2026-M07,10546,0.93
FCT_000397,SKU_0044,North_America,2026-M03,12099,0.93
FCT_000398,SKU_0009,Asia_Pacific,2027-M11,3615,0.86
FCT_000399,SKU_0040,Asia_Pacific,2027-M04,1520,0.87
FCT_000400,SKU_0016,Europe,2027-M06,1393,0.9
FCT_000401,SKU_0021,North_America,2026-M12,10742,0.85
FCT_000402,SKU_0023,Asia_Pacific,2026-M12,1969,0.81
FCT_000403,SKU_0047,Europe,2026-M09,12770,0.81
FCT_000404,SKU_0020,Asia_Pacific,2027-M05,5013,0.89
FCT_000405,SKU_0014,Latin_America,2026-M06,1474,0.9
FCT_000406,SKU_0039,Latin_America,2027-M01,4953,0.91
FCT_000407,SKU_0050,Latin_America,2026-M02,9266,0.87
FCT_000408,SKU_0024,North_America,2027-M06,13438,0.86
FCT_000409,SKU_0035,Europe,2026-M07,9917,0.83
FCT_000410,SKU_0046,Europe,2026-M02,6830,0.86
FCT_000411,SKU_0006,Asia_Pacific,2026-M02,11232,0.81
FCT_000412,SKU_0016,Asia_Pacific,2026-M02,9980,0.92
FCT_000413,SKU_0008,North_America,2027-M02,2240,0.81
FCT_000414,SKU_0035,Asia_Pacific,2027-M07,12037,0.8
FCT_000415,SKU_0021,Asia_Pacific,2026-M04,2916,0.85
FCT_000416,SKU_0036,North_America,2027-M02,4579,0.83
FCT_000417,SKU_0026,North_America,2026-M09,5590,0.93
FCT_000418,SKU_0045,Latin_America,2026-M08,4239,0.85
FCT_000419,SKU_0025,Asia_Pacific,2026-M08,8510,0.8
FCT_000420,SKU_0003,North_America,2027-M08,11418,0.9
FCT_000421,SKU_0006,North_America,2026-M03,9044,0.82
FCT_000422,SKU_0006,North_America,2027-M10,13565,0.87
FCT_000423,SKU_0001,North_America,2026-M02,6222,0.94
FCT_000424,SKU_0007,Latin_America,2026-M07,6993,0.89
FCT_000425,SKU_0024,Asia_Pacific,2027-M05,11814,0.89
FCT_000426,SKU_0035,North_America,2027-M04,8580,0.9
FCT_000427,SKU_0042,Asia_Pacific,2026-M12,10525,0.9
FCT_000428,SKU_0024,Asia_Pacific,2027-M10,5846,0.85
FCT_000429,SKU_0007,Asia_Pacific,2026-M11,9104,0.85
FCT_000430,SKU_0042,Latin_America,2026-M11,6623,0.89
FCT_000431,SKU_0019,Asia_Pacific,2026-M10,7076,0.95
FCT_000432,SKU_0032,Latin_America,2026-M07,1416,0.93
FCT_000433,SKU_0033,North_America,2027-M06,6311,0.93
FCT_000434,SKU_0002,Asia_Pacific,2027-M12,4932,0.9
FCT_000435,SKU_0025,North_America,2027-M04,7336,0.82
FCT_000436,SKU_0015,North_America,2027-M07,12633,0.89
FCT_000437,SKU_0015,Asia_Pacific,2026-M10,8259,0.82
FCT_000438,SKU_0028,Latin_America,2026-M11,9420,0.85
FCT_000439,SKU_0010,Europe,2027-M01,14759,0.84
FCT_000440,SKU_0017,Europe,2026-M09,2217,0.88
FCT_000441,SKU_0033,Asia_Pacific,2027-M10,11227,0.85
FCT_000442,SKU_0045,Asia_Pacific,2027-M07,3628,0.9
FCT_000443,SKU_0022,North_America,2027-M07,3146,0.91
FCT_000444,SKU_0021,Asia_Pacific,2027-M11,11859,0.93
FCT_000445,SKU_0041,Asia_Pacific,2026-M09,3349,0.92
FCT_000446,SKU_0016,North_America,2026-M04,2010,0.94
FCT_000447,SKU_0002,Latin_America,2027-M01,11956,0.92
FCT_000448,SKU_0025,Europe,2026-M02,11571,0.95
FCT_000449,SKU_0049,Asia_Pacific,2026-M05,3687,0.92
FCT_000450,SKU_0038,Europe,2027-M12,2217,0.86
FCT_000451,SKU_0022,Asia_Pacific,2027-M03,6133,0.81
FCT_000452,SKU_0047,Europe,2026-M10,2099,0.89
FCT_000453,SKU_0046,North_America,2026-M12,12628,0.83
FCT_000454,SKU_0044,Latin_America,2026-M09,5904,0.92
FCT_000455,SKU_0031,Europe,2026-M09,7131,0.87
FCT_000456,SKU_0039,North_America,2026-M05,12641,0.84
FCT_000457,SKU_0007,Latin_America,2026-M02,3440,0.81
FCT_000458,SKU_0034,Europe,2026-M08,4350,0.81
FCT_000459,SKU_0045,Latin_America,2026-M01,14219,0.9
FCT_000460,SKU_0025,Asia_Pacific,2026-M01,8759,0.89
FCT_000461,SKU_0020,Europe,2026-M04,13534,0.89
FCT_000462,SKU_0027,North_America,2027-M02,5293,0.87
FCT_000463,SKU_0012,Latin_America,2026-M08,1421,0.88
FCT_000464,SKU_0026,North_America,2026-M10,13691,0.88
FCT_000465,SKU_0039,Europe,2027-M04,5918,0.94
FCT_000466,SKU_0030,North_America,2026-M12,4089,0.92
FCT_000467,SKU_0018,North_America,2027-M03,6937,0.9
FCT_000468,SKU_0009,North_America,2027-M10,4964,0.83
FCT_000469,SKU_0009,Latin_America,2026-M07,2500,0.92
FCT_000470,SKU_0011,Latin_America,2027-M01,13088,0.95
FCT_000471,SKU_0040,North_America,2027-M10,5681,0.8
FCT_000472,SKU_0047,North_America,2027-M05,12505,0.83
FCT_000473,SKU_0029,Europe,2027-M08,4281,0.95
FCT_000474,SKU_0040,North_America,2026-M03,8151,0.84
FCT_000475,SKU_0029,Asia_Pacific,2026-M03,11551,0.93
FCT_000476,SKU_0006,Europe,2026-M05,13877,0.8
FCT_000477,SKU_0048,Europe,2027-M04,5104,0.81
FCT_000478,SKU_0037,Asia_Pacific,2027-M08,14061,0.91
FCT_000479,SKU_0012,Europe,2026-M07,14479,0.88
FCT_000480,SKU_0008,Latin_America,2027-M09,1635,0.85
FCT_000481,SKU_0035,North_America,2026-M12,14606,0.9
FCT_000482,SKU_0002,Europe,2026-M04,6793,0.87
FCT_000483,SKU_0013,Europe,2027-M03,6193,0.89
FCT_000484,SKU_0043,North_America,2027-M07,2001,0.91
FCT_000485,SKU_0020,Europe,2027-M11,5625,0.94
FCT_000486,SKU_0043,Asia_Pacific,2026-M10,8838,0.89
FCT_000487,SKU_0012,Asia_Pacific,2027-M07,5143,0.81
FCT_000488,SKU_0004,Asia_Pacific,2026-M12,14115,0.94
FCT_000489,SKU_0042,North_America,2027-M04,4877,0.94
FCT_000490,SKU_0019,Asia_Pacific,2027-M06,6323,0.85
FCT_000491,SKU_0034,Europe,2026-M01,1133,0.81
FCT_000492,SKU_0028,Asia_Pacific,2027-M07,10737,0.81
FCT_000493,SKU_0010,Latin_America,2026-M06,13807,0.82
FCT_000494,SKU_0017,North_America,2026-M09,14105,0.85
FCT_000495,SKU_0041,Asia_Pacific,2026-M10,12958,0.95
FCT_000496,SKU_0015,Asia_Pacific,2027-M06,5292,0.92
FCT_000497,SKU_0047,Asia_Pacific,2026-M07,12633,0.86
FCT_000498,SKU_0044,Latin_America,2026-M10,2124,0.83
FCT_000499,SKU_0031,Europe,2026-M10,10843,0.92
FCT_000500,SKU_0028,North_America,2027-M04,11213,0.86
FCT_000501,SKU_0012,Latin_America,2026-M01,3881,0.93
FCT_000502,SKU_0019,Europe,2026-M06,8004,0.88
FCT_000503,SKU_0013,North_America,2027-M05,2428,0.83
FCT_000504,SKU_0018,Latin_America,2026-M04,4919,0.84
FCT_000505,SKU_0021,Asia_Pacific,2026-M02,3104,0.82
FCT_000506,SKU_0049,Europe,2027-M01,2908,0.82
FCT_000507,SKU_0015,Europe,2026-M06,13669,0.82
FCT_000508,SKU_0025,Asia_Pacific,2027-M08,2414,0.93
FCT_000509,SKU_0045,Latin_America,2027-M08,12595,0.83
FCT_000510,SKU_0002,Europe,2027-M11,2369,0.95
FCT_000511,SKU_0047,Europe,2027-M06,1646,0.81
FCT_000512,SKU_0036,North_America,2026-M09,10700,0.93
FCT_000513,SKU_0027,Europe,2027-M01,10182,0.81
FCT_000514,SKU_0039,North_America,2027-M04,11126,0.88
FCT_000515,SKU_0011,Latin_America,2026-M11,10868,0.81
FCT_000516,SKU_0044,Europe,2027-M04,9929,0.9
FCT_000517,SKU_0043,Europe,2027-M09,12655,0.81
FCT_000518,SKU_0026,Asia_Pacific,2027-M01,7223,0.9
FCT_000519,SKU_0036,Latin_America,2027-M07,5948,0.92
FCT_000520,SKU_0039,Europe,2026-M12,3585,0.83
FCT_000521,SKU_0005,Latin_America,2027-M05,14508,0.89
FCT_000522,SKU_0028,Asia_Pacific,2026-M01,12077,0.89
FCT_000523,SKU_0020,North_America,2027-M12,10668,0.81
FCT_000524,SKU_0005,Asia_Pacific,2026-M05,3524,0.81
FCT_000525,SKU_0048,Europe,2026-M12,4554,0.83
FCT_000526,SKU_0016,North_America,2026-M02,7431,0.94
FCT_000527,SKU_0021,North_America,2026-M04,12912,0.92
FCT_000528,SKU_0003,Asia_Pacific,2027-M12,4389,0.81
FCT_000529,SKU_0016,Europe,2027-M12,3483,0.84
FCT_000530,SKU_0033,Asia_Pacific,2027-M02,8062,0.93
FCT_000531,SKU_0007,North_America,2026-M06,11256,0.86
FCT_000532,SKU_0020,Latin_America,2027-M02,1882,0.95
FCT_000533,SKU_0002,Asia_Pacific,2026-M08,12657,0.93
FCT_000534,SKU_0034,Europe,2027-M08,2133,0.94
FCT_000535,SKU_0042,North_America,2026-M12,2393,0.8
FCT_000536,SKU_0025,Latin_America,2027-M09,11734,0.83
FCT_000537,SKU_0020,Europe,2026-M02,9976,0.94
FCT_000538,SKU_0011,Latin_America,2026-M08,2511,0.89
FCT_000539,SKU_0002,North_America,2027-M12,9293,0.92
FCT_000540,SKU_0012,Latin_America,2027-M08,8850,0.84
FCT_000541,SKU_0030,Europe,2026-M04,6260,0.92
FCT_000542,SKU_0034,Latin_America,2027-M03,1494,0.82
FCT_000543,SKU_0049,Europe,2026-M11,12832,0.83
FCT_000544,SKU_0033,Europe,2026-M07,3603,0.8
FCT_000545,SKU_0028,North_America,2026-M12,5079,0.84
FCT_000546,SKU_0031,Latin_America,2026-M02,14091,0.84
FCT_000547,SKU_0008,North_America,2026-M10,7027,0.86
FCT_000548,SKU_0050,Asia_Pacific,2027-M09,9078,0.81
FCT_000549,SKU_0037,Latin_America,2027-M03,9507,0.87
FCT_000550,SKU_0038,Europe,2026-M08,7403,0.85
FCT_000551,SKU_0036,North_America,2026-M10,14539,0.91
FCT_000552,SKU_0047,Latin_America,2027-M12,8434,0.85
FCT_000553,SKU_0049,Latin_America,2026-M06,12523,0.82
FCT_000554,SKU_0004,Latin_America,2026-M09,12591,0.93
FCT_000555,SKU_0027,Europe,2026-M11,8524,0.82
FCT_000556,SKU_0042,Asia_Pacific,2026-M04,2232,0.92
FCT_000557,SKU_0021,North_America,2027-M11,13384,0.91
FCT_000558,SKU_0045,North_America,2027-M07,2927,0.86
FCT_000559,SKU_0003,Europe,2026-M03,14684,0.83
FCT_000560,SKU_0011,Europe,2026-M07,9150,0.94
FCT_000561,SKU_0024,Europe,2026-M02,9254,0.91
FCT_000562,SKU_0050,Europe,2026-M06,2520,0.9
FCT_000563,SKU_0022,North_America,2027-M03,14971,0.9
FCT_000564,SKU_0022,Latin_America,2026-M05,13602,0.81
FCT_000565,SKU_0001,Europe,2026-M01,13624,0.93
FCT_000566,SKU_0040,North_America,2027-M02,13370,0.87
FCT_000567,SKU_0024,Latin_America,2026-M05,14875,0.95
FCT_000568,SKU_0011,Asia_Pacific,2027-M07,4079,0.91
FCT_000569,SKU_0032,Europe,2027-M01,10393,0.89
FCT_000570,SKU_0044,Europe,2026-M12,13640,0.83
FCT_000571,SKU_0028,Asia_Pacific,2027-M08,7955,0.86
FCT_000572,SKU_0002,Asia_Pacific,2026-M01,8563,0.8
FCT_000573,SKU_0023,Latin_America,2027-M06,6658,0.89
FCT_000574,SKU_0011,North_America,2027-M04,5602,0.86
FCT_000575,SKU_0002,North_America,2027-M01,10784,0.93
FCT_000576,SKU_0019,Latin_America,2026-M04,7502,0.86
FCT_000577,SKU_0032,Latin_America,2027-M09,10905,0.84
FCT_000578,SKU_0042,Asia_Pacific,2027-M11,12726,0.82
FCT_000579,SKU_0014,Europe,2027-M10,13547,0.84
FCT_000580,SKU_0005,Asia_Pacific,2027-M04,12305,0.87
FCT_000581,SKU_0010,North_America,2027-M09,1479,0.87
FCT_000582,SKU_0038,Europe,2026-M01,13160,0.9
FCT_000583,SKU_0029,North_America,2027-M10,9567,0.92
FCT_000584,SKU_0018,Latin_America,2026-M02,13801,0.8
FCT_000585,SKU_0026,Latin_America,2026-M02,9117,0.93
FCT_000586,SKU_0014,Asia_Pacific,2027-M01,2076,0.84
FCT_000587,SKU_0029,North_America,2026-M03,1795,0.88
FCT_000588,SKU_0003,North_America,2026-M05,4242,0.84
FCT_000589,SKU_0030,North_America,2026-M04,4542,0.84
FCT_000590,SKU_0027,North_America,2026-M10,14834,0.8
FCT_000591,SKU_0004,Latin_America,2026-M10,13331,0.86
FCT_000592,SKU_0020,North_America,2026-M11,9757,0.92
FCT_000593,SKU_0006,North_America,2026-M09,5803,0.84
FCT_000594,SKU_0035,North_America,2026-M04,12400,0.88
FCT_000595,SKU_0041,North_America,2027-M03,9620,0.88
FCT_000596,SKU_0019,Latin_America,2027-M11,11208,0.93
FCT_000597,SKU_0005,Europe,2026-M03,3803,0.84
FCT_000598,SKU_0040,Europe,2026-M09,6489,0.89
FCT_000599,SKU_0015,Latin_America,2027-M12,1085,0.93
FCT_000600,SKU_0013,Latin_America,2026-M09,9075,0.83
FCT_000601,SKU_0048,Asia_Pacific,2027-M12,9595,0.93
FCT_000602,SKU_0008,North_America,2027-M06,6325,0.94
FCT_000603,SKU_0003,Asia_Pacific,2026-M11,14737,0.9
FCT_000604,SKU_0006,Latin_America,2027-M07,12237,0.86
FCT_000605,SKU_0036,North_America,2027-M06,6532,0.91
FCT_000606,SKU_0004,Asia_Pacific,2026-M04,6833,0.85
FCT_000607,SKU_0001,Europe,2027-M08,2844,0.83
FCT_000608,SKU_0001,Asia_Pacific,2026-M03,13604,0.82
FCT_000609,SKU_0021,Europe,2027-M12,10438,0.94
FCT_000610,SKU_0030,North_America,2027-M11,13807,0.8
FCT_000611,SKU_0009,Latin_America,2027-M09,4518,0.94
FCT_000612,SKU_0002,North_America,2026-M11,9509,0.93
FCT_000613,SKU_0023,North_America,2027-M05,13751,0.91
FCT_000614,SKU_0022,Latin_America,2027-M04,8018,0.87
FCT_000615,SKU_0040,Latin_America,2027-M06,10188,0.94
FCT_000616,SKU_0024,Latin_America,2027-M04,9975,0.91
FCT_000617,SKU_0011,North_America,2026-M12,4202,0.86
FCT_000618,SKU_0014,North_America,2027-M05,10217,0.93
FCT_000619,SKU_0020,Latin_America,2026-M09,4154,0.82
FCT_000620,SKU_0036,Asia_Pacific,2027-M10,4940,0.88
FCT_000621,SKU_0020,North_America,2026-M08,1533,0.84
FCT_000622,SKU_0047,Latin_America,2026-M11,4856,0.86
FCT_000623,SKU_0012,Europe,2027-M09,8192,0.85
FCT_000624,SKU_0035,North_America,2027-M11,6098,0.86
FCT_000625,SKU_0034,Asia_Pacific,2027-M02,14100,0.84
FCT_000626,SKU_0030,Europe,2026-M02,8057,0.91
FCT_000627,SKU_0007,Asia_Pacific,2027-M03,12660,0.84
FCT_000628,SKU_0015,Latin_America,2027-M01,7437,0.83
FCT_000629,SKU_0038,Europe,2027-M08,13562,0.81
FCT_000630,SKU_0003,Asia_Pacific,2026-M08,1632,0.86
FCT_000631,SKU_0046,Asia_Pacific,2026-M05,2730,0.87
FCT_000632,SKU_0016,Europe,2026-M08,6655,0.93
FCT_000633,SKU_0038,Asia_Pacific,2026-M03,10422,0.87
FCT_000634,SKU_0030,Asia_Pacific,2026-M01,7547,0.81
FCT_000635,SKU_0029,Europe,2026-M05,5262,0.85
FCT_000636,SKU_0026,Europe,2026-M07,5946,0.8
FCT_000637,SKU_0018,Europe,2026-M07,2694,0.82
FCT_000638,SKU_0028,Latin_America,2027-M03,13718,0.84
FCT_000639,SKU_0039,Europe,2026-M04,14094,0.81
FCT_000640,SKU_0047,Asia_Pacific,2027-M09,8199,0.83
FCT_000641,SKU_0037,Asia_Pacific,2026-M05,2847,0.91
FCT_000642,SKU_0041,Europe,2027-M05,12654,0.83
FCT_000643,SKU_0006,North_America,2026-M10,7213,0.93
FCT_000644,SKU_0049,North_America,2027-M09,2190,0.86
FCT_000645,SKU_0018,Asia_Pacific,2027-M07,7245,0.82
FCT_000646,SKU_0003,Europe,2027-M02,6028,0.86
FCT_000647,SKU_0017,Europe,2027-M01,1508,0.93
FCT_000648,SKU_0022,Asia_Pacific,2026-M06,7144,0.81
FCT_000649,SKU_0002,North_America,2026-M08,9460,0.89
FCT_000650,SKU_0005,North_America,2027-M10,7548,0.91
FCT_000651,SKU_0005,North_America,2026-M03,1362,0.92
FCT_000652,SKU_0027,North_America,2027-M06,6598,0.85
FCT_000653,SKU_0040,North_America,2026-M09,11331,0.84
FCT_000654,SKU_0004,Latin_America,2027-M06,6744,0.94
FCT_000655,SKU_0034,North_America,2026-M03,3874,0.91
FCT_000656,SKU_0048,Europe,2026-M04,9204,0.95
FCT_000657,SKU_0010,Latin_America,2026-M04,7222,0.88
FCT_000658,SKU_0029,Asia_Pacific,2026-M09,5185,0.94
FCT_000659,SKU_0041,Latin_America,2027-M12,13760,0.95
FCT_000660,SKU_0039,Latin_America,2027-M03,4792,0.87
FCT_000661,SKU_0014,Latin_America,2026-M02,2466,0.95
FCT_000662,SKU_0047,Latin_America,2026-M08,14221,0.8
FCT_000663,SKU_0035,Latin_America,2027-M10,5752,0.93
FCT_000664,SKU_0021,Latin_America,2027-M09,12086,0.84
FCT_000665,SKU_0033,North_America,2027-M07,12239,0.85
FCT_000666,SKU_0018,North_America,2026-M06,6537,0.93
FCT_000667,SKU_0033,Asia_Pacific,2026-M10,6802,0.9
FCT_000668,SKU_0020,Latin_America,2026-M10,13909,0.86
FCT_000669,SKU_0016,Europe,2026-M01,1145,0.83
FCT_000670,SKU_0039,Europe,2027-M11,1113,0.93
FCT_000671,SKU_0003,Asia_Pacific,2026-M01,2519,0.89
FCT_000672,SKU_0025,Asia_Pacific,2026-M05,7777,0.9
FCT_000673,SKU_0014,Europe,2027-M02,3255,0.82
FCT_000674,SKU_0045,Latin_America,2026-M05,13704,0.82
FCT_000675,SKU_0012,North_America,2027-M08,4613,0.95
FCT_000676,SKU_0044,Asia_Pacific,2027-M01,7167,0.92
FCT_000677,SKU_0015,Latin_America,2026-M11,8726,0.94
FCT_000678,SKU_0048,Latin_America,2026-M07,12255,0.82
FCT_000679,SKU_0010,Latin_America,2027-M11,2621,0.9
FCT_000680,SKU_0048,Asia_Pacific,2026-M11,12907,0.94
FCT_000681,SKU_0043,Latin_America,2027-M01,8291,0.91
FCT_000682,SKU_0030,Asia_Pacific,2027-M08,14155,0.83
FCT_000683,SKU_0010,Europe,2027-M03,14071,0.88
FCT_000684,SKU_0031,Asia_Pacific,2027-M09,9766,0.86
FCT_000685,SKU_0021,Europe,2026-M11,13879,0.93
FCT_000686,SKU_0005,Europe,2027-M02,10517,0.85
FCT_000687,SKU_0037,North_America,2026-M07,12127,0.89
FCT_000688,SKU_0046,Asia_Pacific,2027-M04,1351,0.95
FCT_000689,SKU_0016,Latin_America,2027-M05,10592,0.83
FCT_000690,SKU_0016,Latin_America,2027-M10,1481,0.92
FCT_000691,SKU_0004,North_America,2027-M10,10905,0.89
FCT_000692,SKU_0006,North_America,2027-M06,7658,0.9
FCT_000693,SKU_0004,North_America,2026-M03,6909,0.8
FCT_000694,SKU_0034,Europe,2026-M05,2859,0.81
FCT_000695,SKU_0010,North_America,2027-M05,7747,0.92
FCT_000696,SKU_0024,Asia_Pacific,2027-M06,13955,0.84
FCT_000697,SKU_0012,Latin_America,2026-M05,13347,0.92
FCT_000698,SKU_0048,Asia_Pacific,2026-M08,1315,0.84
FCT_000699,SKU_0050,Latin_America,2027-M10,14373,0.88
FCT_000700,SKU_0008,Asia_Pacific,2027-M02,5126,0.88
FCT_000701,SKU_0050,Latin_America,2026-M03,4093,0.93
FCT_000702,SKU_0019,Europe,2026-M07,8763,0.92
FCT_000703,SKU_0046,Europe,2026-M03,1555,0.8
FCT_000704,SKU_0006,Asia_Pacific,2027-M10,7880,0.83
FCT_000705,SKU_0003,Asia_Pacific,2027-M08,8979,0.94
FCT_000706,SKU_0006,Asia_Pacific,2026-M03,6418,0.91
FCT_000707,SKU_0016,Europe,2027-M08,10443,0.85
FCT_000708,SKU_0044,Asia_Pacific,2026-M11,12629,0.82
FCT_000709,SKU_0016,Asia_Pacific,2026-M03,14292,0.83
FCT_000710,SKU_0021,Europe,2026-M08,6822,0.84
FCT_000711,SKU_0035,Asia_Pacific,2027-M04,11044,0.91
FCT_000712,SKU_0032,Asia_Pacific,2027-M10,8008,0.89
FCT_000713,SKU_0015,Europe,2026-M07,5811,0.82
FCT_000714,SKU_0019,Asia_Pacific,2027-M07,2385,0.95
FCT_000715,SKU_0037,Europe,2027-M10,13313,0.9
FCT_000716,SKU_0033,Asia_Pacific,2027-M06,14804,0.9
FCT_000717,SKU_0001,North_America,2026-M03,6795,0.93
FCT_000718,SKU_0008,Europe,2026-M07,3136,0.87
FCT_000719,SKU_0017,Latin_America,2026-M01,3761,0.88
FCT_000720,SKU_0043,Latin_America,2026-M11,1196,0.82
FCT_000721,SKU_0043,North_America,2026-M05,13164,0.93
FCT_000722,SKU_0024,North_America,2027-M08,12771,0.93
FCT_000723,SKU_0038,Asia_Pacific,2027-M02,11622,0.95
FCT_000724,SKU_0036,Europe,2026-M07,4353,0.84
FCT_000725,SKU_0015,Asia_Pacific,2027-M07,8552,0.89
FCT_000726,SKU_0019,North_America,2027-M04,13831,0.84
FCT_000727,SKU_0029,Latin_America,2027-M09,13308,0.85
FCT_000728,SKU_0003,Europe,2026-M09,4016,0.84
FCT_000729,SKU_0015,North_America,2027-M04,12045,0.82
FCT_000730,SKU_0010,Latin_America,2026-M02,7705,0.91
FCT_000731,SKU_0005,North_America,2027-M02,10024,0.83
FCT_000732,SKU_0046,Latin_America,2026-M06,3659,0.86
FCT_000733,SKU_0035,Europe,2026-M03,12997,0.88
FCT_000734,SKU_0047,Europe,2027-M07,8969,0.91
FCT_000735,SKU_0034,Latin_America,2026-M06,12253,0.94
FCT_000736,SKU_0038,North_America,2027-M10,14963,0.81
FCT_000737,SKU_0009,North_America,2027-M06,2482,0.87
FCT_000738,SKU_0022,North_America,2027-M04,8620,0.88
FCT_000739,SKU_0045,Asia_Pacific,2027-M04,2694,0.82
FCT_000740,SKU_0025,Europe,2027-M10,12667,0.89
FCT_000741,SKU_0037,Latin_America,2026-M06,11424,0.9
FCT_000742,SKU_0040,North_America,2027-M06,8347,0.86
FCT_000743,SKU_0050,Europe,2027-M11,2227,0.91
FCT_000744,SKU_0025,Europe,2026-M03,4922,0.81
FCT_000745,SKU_0049,Europe,2027-M03,5433,0.93
FCT_000746,SKU_0027,Europe,2027-M03,13749,0.94
FCT_000747,SKU_0026,North_America,2027-M07,10277,0.85
FCT_000748,SKU_0041,Latin_America,2026-M08,5617,0.81
FCT_000749,SKU_0034,Asia_Pacific,2026-M10,14978,0.84
FCT_000750,SKU_0018,Asia_Pacific,2027-M03,11248,0.91
FCT_000751,SKU_0009,Asia_Pacific,2027-M10,11438,0.93
FCT_000752,SKU_0026,Asia_Pacific,2027-M03,14114,0.84
FCT_000753,SKU_0029,North_America,2026-M09,12692,0.85
FCT_000754,SKU_0049,North_America,2027-M05,3453,0.92
FCT_000755,SKU_0035,Asia_Pacific,2026-M12,14329,0.93
FCT_000756,SKU_0017,Latin_America,2027-M08,4309,0.9
FCT_000757,SKU_0001,Europe,2026-M05,8919,0.83
FCT_000758,SKU_0043,Asia_Pacific,2027-M07,9763,0.92
FCT_000759,SKU_0003,Europe,2026-M10,12680,0.85
FCT_000760,SKU_0042,Europe,2027-M01,7641,0.9
FCT_000761,SKU_0019,North_America,2026-M12,10400,0.95
FCT_000762,SKU_0005,Europe,2026-M09,3042,0.9
FCT_000763,SKU_0007,Europe,2027-M05,1790,0.94
FCT_000764,SKU_0041,Asia_Pacific,2027-M07,7792,0.93
FCT_000765,SKU_0007,North_America,2026-M02,7199,0.84
FCT_000766,SKU_0034,Latin_America,2026-M12,8476,0.94
FCT_000767,SKU_0002,Asia_Pacific,2026-M05,8739,0.81
FCT_000768,SKU_0043,North_America,2027-M04,2356,0.85
FCT_000769,SKU_0044,North_America,2027-M01,10181,0.82
FCT_000770,SKU_0015,North_America,2026-M12,12940,0.91
FCT_000771,SKU_0031,Europe,2027-M07,2060,0.93
FCT_000772,SKU_0044,Latin_America,2027-M07,8679,0.94
FCT_000773,SKU_0037,Latin_America,2026-M12,12061,0.93
FCT_000774,SKU_0026,Europe,2027-M09,13949,0.89
FCT_000775,SKU_0028,Asia_Pacific,2027-M04,2195,0.94
FCT_000776,SKU_0003,Latin_America,2027-M03,1033,0.87
FCT_000777,SKU_0018,Europe,2027-M09,10451,0.82
FCT_000778,SKU_0001,Asia_Pacific,2026-M09,7824,0.82
FCT_000779,SKU_0050,North_America,2027-M12,5926,0.94
FCT_000780,SKU_0041,Latin_America,2026-M01,5223,0.84
FCT_000781,SKU_0013,Asia_Pacific,2027-M12,12674,0.9
FCT_000782,SKU_0045,Asia_Pacific,2026-M12,2688,0.95
FCT_000783,SKU_0038,Europe,2026-M05,9271,0.84
FCT_000784,SKU_0031,North_America,2027-M09,13423,0.89
FCT_000785,SKU_0023,Europe,2026-M06,6951,0.92
FCT_000786,SKU_0049,Latin_America,2026-M02,3825,0.91
FCT_000787,SKU_0014,Europe,2026-M10,5947,0.93
FCT_000788,SKU_0021,Europe,2027-M08,9019,0.83
FCT_000789,SKU_0023,Latin_America,2026-M08,12987,0.92
FCT_000790,SKU_0017,Asia_Pacific,2027-M05,11985,0.88
FCT_000791,SKU_0050,Latin_America,2027-M02,9955,0.93
FCT_000792,SKU_0036,Asia_Pacific,2026-M09,13540,0.85
FCT_000793,SKU_0021,Asia_Pacific,2026-M03,12639,0.83
FCT_000794,SKU_0021,Asia_Pacific,2027-M10,9143,0.95
FCT_000795,SKU_0043,Asia_Pacific,2026-M01,11962,0.87
FCT_000796,SKU_0029,North_America,2026-M10,5790,0.88
FCT_000797,SKU_0006,Asia_Pacific,2027-M02,14742,0.95
FCT_000798,SKU_0004,Europe,2027-M12,9119,0.87
FCT_000799,SKU_0011,Asia_Pacific,2026-M05,1925,0.87
FCT_000800,SKU_0013,Latin_America,2027-M01,10183,0.93
FCT_000801,SKU_0031,Asia_Pacific,2027-M05,11363,0.82
FCT_000802,SKU_0032,Europe,2027-M03,4969,0.83
FCT_000803,SKU_0037,Europe,2027-M02,2553,0.82
FCT_000804,SKU_0001,North_America,2027-M02,13303,0.9
FCT_000805,SKU_0038,Asia_Pacific,2026-M09,13630,0.88
FCT_000806,SKU_0036,Latin_America,2027-M04,1504,0.88
FCT_000807,SKU_0006,Europe,2026-M07,3677,0.91
FCT_000808,SKU_0042,Europe,2026-M11,7654,0.87
FCT_000809,SKU_0005,Europe,2026-M10,10593,0.81
FCT_000810,SKU_0017,North_America,2027-M07,7702,0.9
FCT_000811,SKU_0005,North_America,2026-M09,7749,0.91
FCT_000812,SKU_0048,Latin_America,2027-M09,3431,0.88
FCT_000813,SKU_0034,North_America,2026-M09,6907,0.94
FCT_000814,SKU_0007,Asia_Pacific,2026-M06,14821,0.83
FCT_000815,SKU_0018,North_America,2026-M04,4522,0.92
FCT_000816,SKU_0016,North_America,2026-M03,11593,0.95
FCT_000817,SKU_0042,Latin_America,2026-M06,8526,0.81
FCT_000818,SKU_0014,Asia_Pacific,2027-M03,6037,0.86
FCT_000819,SKU_0032,North_America,2027-M05,14521,0.9
FCT_000820,SKU_0033,Latin_America,2027-M12,3188,0.95
FCT_000821,SKU_0028,Europe,2026-M11,13591,0.91
FCT_000822,SKU_0016,North_America,2027-M10,14584,0.8
FCT_000823,SKU_0023,Latin_America,2026-M01,12188,0.95
FCT_000824,SKU_0028,Latin_America,2026-M06,8739,0.8
FCT_000825,SKU_0004,Europe,2027-M01,13402,0.91
FCT_000826,SKU_0012,North_America,2026-M05,14808,0.95
FCT_000827,SKU_0022,Asia_Pacific,2027-M11,8323,0.81
FCT_000828,SKU_0012,Asia_Pacific,2026-M12,5029,0.87
FCT_000829,SKU_0041,North_America,2026-M12,13725,0.81
FCT_000830,SKU_0020,Europe,2027-M10,11346,0.88
FCT_000831,SKU_0041,Latin_America,2027-M08,13012,0.86
FCT_000832,SKU_0037,North_America,2027-M09,12691,0.91
FCT_000833,SKU_0020,Europe,2026-M03,8121,0.91
FCT_000834,SKU_0008,Asia_Pacific,2026-M10,10503,0.83
FCT_000835,SKU_0013,Europe,2026-M04,1599,0.87
FCT_000836,SKU_0030,Latin_America,2027-M05,14773,0.92
FCT_000837,SKU_0036,North_America,2027-M07,12572,0.81
FCT_000838,SKU_0020,Asia_Pacific,2027-M01,9435,0.84
FCT_000839,SKU_0031,Latin_America,2026-M03,9267,0.84
FCT_000840,SKU_0030,Asia_Pacific,2026-M05,3532,0.9
FCT_000841,SKU_0040,Latin_America,2026-M08,12330,0.87
FCT_000842,SKU_0039,Latin_America,2026-M06,12838,0.85
FCT_000843,SKU_0043,Asia_Pacific,2027-M08,8213,0.93
FCT_000844,SKU_0038,Asia_Pacific,2026-M10,12208,0.83
FCT_000845,SKU_0018,North_America,2027-M11,7714,0.85
FCT_000846,SKU_0029,Asia_Pacific,2027-M01,14966,0.87
FCT_000847,SKU_0014,Europe,2027-M06,5692,0.9
FCT_000848,SKU_0029,Latin_America,2027-M05,5407,0.92
FCT_000849,SKU_0024,Europe,2026-M03,7471,0.85
FCT_000850,SKU_0002,Europe,2027-M10,3182,0.86
FCT_000851,SKU_0050,North_America,2026-M11,7474,0.85
FCT_000852,SKU_0033,Latin_America,2027-M01,5524,0.81
FCT_000853,SKU_0009,Europe,2026-M07,10798,0.88
FCT_000854,SKU_0029,North_America,2027-M06,9227,0.82
FCT_000855,SKU_0025,North_America,2027-M09,10600,0.84
FCT_000856,SKU_0013,Europe,2027-M11,8809,0.89
FCT_000857,SKU_0036,Latin_America,2026-M12,1057,0.93
FCT_000858,SKU_0005,North_America,2026-M10,14213,0.81
FCT_000859,SKU_0034,North_America,2026-M10,6035,0.85
FCT_000860,SKU_0001,Latin_America,2027-M06,3168,0.91
FCT_000861,SKU_0008,Europe,2027-M09,1999,0.83
FCT_000862,SKU_0010,Asia_Pacific,2027-M09,3941,0.86
FCT_000863,SKU_0004,North_America,2026-M09,4698,0.81
FCT_000864,SKU_0047,North_America,2027-M12,3048,0.93
FCT_000865,SKU_0004,Europe,2026-M11,7372,0.9
FCT_000866,SKU_0016,Europe,2026-M05,5189,0.85
FCT_000867,SKU_0010,Europe,2026-M06,7082,0.94
FCT_000868,SKU_0040,Latin_America,2026-M01,4648,0.84
FCT_000869,SKU_0018,Latin_America,2027-M10,11023,0.94
FCT_000870,SKU_0026,Latin_America,2027-M10,13434,0.8
FCT_000871,SKU_0026,Latin_America,2026-M03,8560,0.91
FCT_000872,SKU_0004,Latin_America,2027-M07,14435,0.84
FCT_000873,SKU_0011,Europe,2026-M03,13461,0.81
FCT_000874,SKU_0018,Latin_America,2026-M03,7243,0.83
FCT_000875,SKU_0027,North_America,2027-M07,2417,0.86
FCT_000876,SKU_0027,Asia_Pacific,2026-M10,6616,0.82
FCT_000877,SKU_0050,Latin_America,2026-M09,3432,0.84
FCT_000878,SKU_0024,North_America,2026-M05,7548,0.91
FCT_000879,SKU_0050,North_America,2026-M08,7030,0.82
FCT_000880,SKU_0046,Europe,2026-M09,6613,0.91
FCT_000881,SKU_0017,Europe,2027-M03,4278,0.87
FCT_000882,SKU_0009,Europe,2026-M02,11369,0.89
FCT_000883,SKU_0021,Asia_Pacific,2027-M02,1405,0.81
FCT_000884,SKU_0022,Asia_Pacific,2026-M02,14083,0.85
FCT_000885,SKU_0006,Asia_Pacific,2026-M09,14734,0.93
FCT_000886,SKU_0016,Asia_Pacific,2026-M09,7544,0.91
FCT_000887,SKU_0012,North_America,2027-M04,13567,0.86
FCT_000888,SKU_0023,North_America,2027-M06,4422,0.83
FCT_000889,SKU_0013,Asia_Pacific,2026-M08,9070,0.87
FCT_000890,SKU_0037,Europe,2026-M09,4556,0.95
FCT_000891,SKU_0001,North_America,2026-M09,3122,0.82
FCT_000892,SKU_0031,Europe,2027-M03,6815,0.9
FCT_000893,SKU_0036,Asia_Pacific,2027-M06,3610,0.92
FCT_000894,SKU_0014,North_America,2027-M06,13628,0.88
FCT_000895,SKU_0034,Latin_America,2026-M04,8624,0.82
FCT_000896,SKU_0006,Latin_America,2027-M04,13886,0.92
FCT_000897,SKU_0047,North_America,2027-M01,14331,0.83
FCT_000898,SKU_0026,Europe,2027-M05,12045,0.83
FCT_000899,SKU_0037,Latin_America,2026-M04,6521,0.91
FCT_000900,SKU_0021,North_America,2027-M10,4406,0.82
FCT_000901,SKU_0011,Latin_America,2026-M06,4818,0.92
FCT_000902,SKU_0016,North_America,2027-M02,12754,0.87
FCT_000903,SKU_0020,Asia_Pacific,2026-M08,13563,0.91
FCT_000904,SKU_0035,Europe,2026-M09,12704,0.93
FCT_000905,SKU_0044,Asia_Pacific,2027-M03,1113,0.88
FCT_000906,SKU_0004,North_America,2026-M10,10569,0.85
FCT_000907,SKU_0045,Asia_Pacific,2026-M04,11731,0.83
FCT_000908,SKU_0022,North_America,2026-M04,1557,0.83
FCT_000909,SKU_0005,Latin_America,2027-M12,8303,0.8
FCT_000910,SKU_0005,North_America,2027-M06,4236,0.83
FCT_000911,SKU_0034,North_America,2027-M06,13479,0.83
FCT_000912,SKU_0043,Latin_America,2027-M03,3028,0.89
FCT_000913,SKU_0030,Europe,2027-M10,9804,0.93
FCT_000914,SKU_0002,Latin_America,2026-M12,9431,0.83
FCT_000915,SKU_0030,Europe,2026-M03,5602,0.86
FCT_000916,SKU_0020,Europe,2027-M02,11397,0.91
FCT_000917,SKU_0003,North_America,2026-M07,2351,0.82
FCT_000918,SKU_0050,Latin_America,2026-M10,11578,0.87
FCT_000919,SKU_0040,Latin_America,2027-M08,9969,0.89
FCT_000920,SKU_0046,Europe,2026-M10,1207,0.84
FCT_000921,SKU_0035,Latin_America,2027-M06,4590,0.87
FCT_000922,SKU_0006,North_America,2027-M07,10706,0.88
FCT_000923,SKU_0015,North_America,2027-M11,12646,0.9
FCT_000924,SKU_0006,Asia_Pacific,2026-M10,7089,0.91
FCT_000925,SKU_0031,Latin_America,2027-M02,12257,0.9
FCT_000926,SKU_0037,Latin_America,2027-M11,8823,0.94
FCT_000927,SKU_0017,Latin_America,2026-M05,10361,0.9
FCT_000928,SKU_0040,Europe,2027-M07,9853,0.8
FCT_000929,SKU_0049,Asia_Pacific,2027-M09,11691,0.89
FCT_000930,SKU_0037,Europe,2026-M10,5846,0.86
FCT_000931,SKU_0027,Asia_Pacific,2027-M06,12567,0.85
FCT_000932,SKU_0001,North_America,2026-M10,5955,0.91
FCT_000933,SKU_0039,North_America,2027-M09,12323,0.82
FCT_000934,SKU_0049,Europe,2026-M06,7023,0.87
FCT_000935,SKU_0045,Asia_Pacific,2027-M11,12415,0.88
FCT_000936,SKU_0022,North_America,2027-M11,4644,0.87
FCT_000937,SKU_0027,Europe,2026-M06,11956,0.82
FCT_000938,SKU_0014,Latin_America,2026-M03,5740,0.8
FCT_000939,SKU_0046,North_America,2027-M05,4379,0.91
FCT_000940,SKU_0019,Latin_America,2027-M05,11309,0.92
FCT_000941,SKU_0020,Latin_America,2027-M07,4247,0.9
FCT_000942,SKU_0019,Latin_America,2027-M10,10871,0.86
FCT_000943,SKU_0006,Latin_America,2026-M12,9672,0.85
FCT_000944,SKU_0040,Asia_Pacific,2027-M05,4345,0.84
FCT_000945,SKU_0041,North_America,2026-M04,3175,0.88
FCT_000946,SKU_0033,North_America,2027-M04,10111,0.83
FCT_000947,SKU_0038,North_America,2026-M10,14152,0.89
FCT_000948,SKU_0006,Europe,2027-M09,4620,0.89
FCT_000949,SKU_0025,Europe,2026-M10,11053,0.94
FCT_000950,SKU_0024,Asia_Pacific,2026-M01,8679,0.94
FCT_000951,SKU_0030,North_America,2027-M10,12090,0.9
FCT_000952,SKU_0026,Latin_America,2027-M02,4566,0.9
FCT_000953,SKU_0003,Latin_America,2027-M04,2315,0.9
FCT_000954,SKU_0018,Latin_America,2027-M02,1374,0.84
FCT_000955,SKU_0009,North_America,2026-M08,2549,0.89
FCT_000956,SKU_0016,Latin_America,2027-M06,7129,0.91
FCT_000957,SKU_0004,North_America,2027-M06,14504,0.9
FCT_000958,SKU_0029,Europe,2026-M07,6659,0.92
FCT_000959,SKU_0021,Asia_Pacific,2026-M09,13769,0.81
FCT_000960,SKU_0013,Asia_Pacific,2027-M08,12222,0.91
FCT_000961,SKU_0047,North_America,2026-M08,3093,0.85
FCT_000962,SKU_0035,North_America,2027-M05,7490,0.87
FCT_000963,SKU_0040,North_America,2027-M07,13065,0.9
FCT_000964,SKU_0035,North_America,2027-M10,7632,0.9
FCT_000965,SKU_0037,Asia_Pacific,2026-M07,13573,0.81
FCT_000966,SKU_0012,Asia_Pacific,2027-M11,11587,0.87
FCT_000967,SKU_0046,Latin_America,2026-M02,5876,0.87
FCT_000968,SKU_0050,Latin_America,2027-M06,8717,0.81
FCT_000969,SKU_0041,North_America,2027-M11,5879,0.92
FCT_000970,SKU_0034,Latin_America,2026-M02,10453,0.9
FCT_000971,SKU_0025,North_America,2027-M05,8021,0.84
FCT_000972,SKU_0036,Latin_America,2026-M04,10167,0.89
FCT_000973,SKU_0006,Asia_Pacific,2027-M06,12864,0.89
FCT_000974,SKU_0020,North_America,2026-M06,12972,0.8
FCT_000975,SKU_0010,Asia_Pacific,2027-M05,9646,0.85
FCT_000976,SKU_0032,Asia_Pacific,2027-M06,6085,0.82
FCT_000977,SKU_0018,Asia_Pacific,2026-M12,8695,0.86
FCT_000978,SKU_0041,Latin_America,2026-M05,3501,0.82
FCT_000979,SKU_0048,North_America,2026-M07,6774,0.88
FCT_000980,SKU_0016,North_America,2026-M09,7560,0.84
FCT_000981,SKU_0032,Europe,2026-M06,12092,0.87
FCT_000982,SKU_0009,North_America,2026-M01,4373,0.89
FCT_000983,SKU_0013,North_America,2026-M08,7793,0.83
FCT_000984,SKU_0025,Asia_Pacific,2026-M07,10891,0.84
FCT_000985,SKU_0045,Latin_America,2026-M07,6518,0.94
FCT_000986,SKU_0005,Asia_Pacific,2027-M09,5735,0.8
FCT_000987,SKU_0033,North_America,2026-M12,10114,0.88
FCT_000988,SKU_0002,North_America,2026-M06,6249,0.92
FCT_000989,SKU_0043,Asia_Pacific,2026-M05,5685,0.86
FCT_000990,SKU_0036,Latin_America,2027-M11,8134,0.92
FCT_000991,SKU_0030,Europe,2027-M02,11697,0.86
FCT_000992,SKU_0024,Asia_Pacific,2027-M08,2220,0.87
FCT_000993,SKU_0020,Europe,2026-M09,9413,0.87
FCT_000994,SKU_0019,Asia_Pacific,2027-M04,1513,0.81
FCT_000995,SKU_0038,Latin_America,2027-M12,13096,0.93
FCT_000996,SKU_0038,North_America,2027-M06,1257,0.9
FCT_000997,SKU_0042,Europe,2027-M03,13063,0.92
FCT_000998,SKU_0039,Europe,2027-M10,8663,0.94
FCT_000999,SKU_0023,North_America,2027-M12,7228,0.9
FCT_001000,SKU_0031,Latin_America,2026-M09,4628,0.9
FCT_001001,SKU_0047,Latin_America,2026-M06,3748,0.85
FCT_001002,SKU_0003,Latin_America,2026-M12,7398,0.9
FCT_001003,SKU_0005,Latin_America,2026-M08,8556,0.83
FCT_001004,SKU_0015,Asia_Pacific,2027-M04,12542,0.92
FCT_001005,SKU_0014,Asia_Pacific,2026-M06,3785,0.94
FCT_001006,SKU_0044,North_America,2027-M03,4350,0.84
FCT_001007,SKU_0039,Asia_Pacific,2027-M01,9273,0.87
FCT_001008,SKU_0048,Europe,2027-M05,10245,0.83
FCT_001009,SKU_0028,Europe,2027-M03,2070,0.86
FCT_001010,SKU_0048,North_America,2026-M02,7413,0.8
FCT_001011,SKU_0010,Latin_America,2027-M10,2573,0.89
FCT_001012,SKU_0033,Asia_Pacific,2027-M08,1546,0.89
FCT_001013,SKU_0010,Latin_America,2026-M03,5953,0.88
FCT_001014,SKU_0024,Europe,2026-M09,8058,0.86
FCT_001015,SKU_0009,Asia_Pacific,2027-M06,12915,0.8
FCT_001016,SKU_0008,Latin_America,2027-M01,8247,0.83
FCT_001017,SKU_0002,Europe,2026-M09,13220,0.82
FCT_001018,SKU_0047,Europe,2027-M04,6071,0.85
FCT_001019,SKU_0019,Europe,2026-M03,13377,0.87
FCT_001020,SKU_0042,North_America,2027-M05,13595,0.88
FCT_001021,SKU_0010,Europe,2026-M04,10355,0.89
FCT_001022,SKU_0023,Latin_America,2026-M05,4239,0.9
FCT_001023,SKU_0016,North_America,2026-M10,9422,0.85
FCT_001024,SKU_0041,Europe,2027-M12,6948,0.89
FCT_001025,SKU_0015,Europe,2026-M03,5577,0.81
FCT_001026,SKU_0022,Latin_America,2027-M09,8057,0.92
FCT_001027,SKU_0034,Asia_Pacific,2027-M07,13892,0.92
FCT_001028,SKU_0012,Latin_America,2026-M07,11991,0.8
FCT_001029,SKU_0028,North_America,2027-M05,4241,0.87
FCT_001030,SKU_0002,Latin_America,2026-M04,7796,0.84
FCT_001031,SKU_0040,Europe,2027-M03,13634,0.91
FCT_001032,SKU_0026,North_America,2027-M04,11843,0.85
FCT_001033,SKU_0009,North_America,2027-M08,10162,0.82
FCT_001034,SKU_0005,Latin_America,2026-M01,5678,0.85
FCT_001035,SKU_0049,Asia_Pacific,2027-M05,9041,0.92
FCT_001036,SKU_0020,Europe,2026-M10,12727,0.84
FCT_001037,SKU_0030,North_America,2027-M02,8132,0.94
FCT_001038,SKU_0031,Latin_America,2026-M10,14687,0.85
FCT_001039,SKU_0039,North_America,2027-M05,9089,0.92
FCT_001040,SKU_0003,Europe,2027-M07,12283,0.94
FCT_001041,SKU_0025,Latin_America,2027-M12,4830,0.88
FCT_001042,SKU_0044,Europe,2027-M05,13584,0.88
FCT_001043,SKU_0010,Europe,2027-M11,1933,0.91
FCT_001044,SKU_0042,Latin_America,2026-M02,13884,0.93
FCT_001045,SKU_0007,Asia_Pacific,2026-M02,12657,0.85
FCT_001046,SKU_0043,Europe,2027-M01,9211,0.94
FCT_001047,SKU_0015,Latin_America,2026-M06,1491,0.9
FCT_001048,SKU_0043,Asia_Pacific,2027-M04,7373,0.87
FCT_001049,SKU_0002,Latin_America,2027-M11,2439,0.88
FCT_001050,SKU_0003,North_America,2027-M09,8249,0.88
FCT_001051,SKU_0021,Asia_Pacific,2027-M06,5963,0.91
FCT_001052,SKU_0015,Asia_Pacific,2026-M12,8250,0.81
FCT_001053,SKU_0048,Asia_Pacific,2026-M06,9661,0.94
FCT_001054,SKU_0041,Asia_Pacific,2027-M04,9843,0.88
FCT_001055,SKU_0022,Europe,2026-M11,8291,0.84
FCT_001056,SKU_0007,North_America,2026-M03,14357,0.84
FCT_001057,SKU_0004,Europe,2027-M03,1711,0.89
FCT_001058,SKU_0008,North_America,2026-M05,7607,0.88
FCT_001059,SKU_0028,Latin_America,2026-M02,11141,0.83
FCT_001060,SKU_0006,Latin_America,2026-M04,1664,0.86
FCT_001061,SKU_0027,Latin_America,2027-M01,13237,0.85
FCT_001062,SKU_0004,Asia_Pacific,2027-M02,3454,0.84
FCT_001063,SKU_0031,Europe,2027-M04,9380,0.93
FCT_001064,SKU_0044,Latin_America,2027-M04,11566,0.89
FCT_001065,SKU_0014,Europe,2027-M07,12027,0.86
FCT_001066,SKU_0047,Europe,2026-M12,7443,0.92
FCT_001067,SKU_0029,North_America,2027-M07,11482,0.82
FCT_001068,SKU_0040,Latin_America,2026-M05,4642,0.84
FCT_001069,SKU_0049,Latin_America,2027-M10,4804,0.85
FCT_001070,SKU_0049,Latin_America,2026-M03,9657,0.86
FCT_001071,SKU_0039,Latin_America,2026-M02,6406,0.83
FCT_001072,SKU_0029,Asia_Pacific,2027-M03,2836,0.83
FCT_001073,SKU_0021,Latin_America,2027-M11,2673,0.9
FCT_001074,SKU_0016,Latin_America,2027-M12,7371,0.8
FCT_001075,SKU_0018,Latin_America,2026-M10,4852,0.88
FCT_001076,SKU_0026,Latin_America,2026-M10,2040,0.8
FCT_001077,SKU_0016,North_America,2027-M06,9944,0.81
FCT_001078,SKU_0030,Europe,2026-M09,6408,0.93
FCT_001079,SKU_0011,Europe,2026-M10,7874,0.89
FCT_001080,SKU_0050,Europe,2027-M10,7254,0.86
FCT_001081,SKU_0026,North_America,2026-M12,5909,0.89
FCT_001082,SKU_0033,Latin_America,2027-M03,1960,0.83
FCT_001083,SKU_0005,Latin_America,2027-M08,7592,0.84
FCT_001084,SKU_0049,Europe,2026-M04,5525,0.87
FCT_001085,SKU_0006,Latin_America,2027-M11,13036,0.94
FCT_001086,SKU_0022,Europe,2026-M08,3007,0.9
FCT_001087,SKU_0010,North_America,2027-M12,2342,0.86
FCT_001088,SKU_0005,Europe,2027-M07,4051,0.83
FCT_001089,SKU_0001,Europe,2026-M07,14311,0.85
FCT_001090,SKU_0020,Europe,2027-M06,13362,0.84
FCT_001091,SKU_0044,Asia_Pacific,2026-M06,10413,0.92
FCT_001092,SKU_0043,Europe,2026-M11,7636,0.9
FCT_001093,SKU_0014,Europe,2026-M01,6753,0.88
FCT_001094,SKU_0018,Asia_Pacific,2026-M04,7697,0.91
FCT_001095,SKU_0035,Europe,2027-M01,12648,0.94
FCT_001096,SKU_0038,Latin_America,2026-M08,2149,0.9
FCT_001097,SKU_0010,Latin_America,2027-M02,11466,0.81
FCT_001098,SKU_0043,Latin_America,2026-M06,13907,0.92
FCT_001099,SKU_0046,Asia_Pacific,2027-M09,3009,0.85
FCT_001100,SKU_0027,Latin_America,2026-M11,10866,0.83
FCT_001101,SKU_0027,North_America,2026-M05,4550,0.86
FCT_001102,SKU_0002,Asia_Pacific,2026-M07,14845,0.88
FCT_001103,SKU_0011,North_America,2027-M05,12708,0.91
FCT_001104,SKU_0023,North_America,2026-M08,7571,0.8
FCT_001105,SKU_0029,Europe,2027-M09,14351,0.83
FCT_001106,SKU_0017,Europe,2026-M12,6141,0.85
FCT_001107,SKU_0010,Europe,2026-M02,1005,0.91
FCT_001108,SKU_0014,Latin_America,2026-M09,1424,0.83
FCT_001109,SKU_0041,Asia_Pacific,2026-M12,6549,0.92
FCT_001110,SKU_0037,Asia_Pacific,2027-M09,8895,0.83
FCT_001111,SKU_0014,North_America,2026-M08,9497,0.8
FCT_001112,SKU_0001,Latin_America,2026-M01,1510,0.81
FCT_001113,SKU_0007,Latin_America,2027-M01,5821,0.92
FCT_001114,SKU_0036,Asia_Pacific,2027-M07,8629,0.81
FCT_001115,SKU_0031,Europe,2026-M12,9879,0.81
FCT_001116,SKU_0032,Latin_America,2027-M01,7140,0.88
FCT_001117,SKU_0044,Latin_America,2026-M12,7304,0.91
FCT_001118,SKU_0038,Europe,2026-M07,11716,0.92
FCT_001119,SKU_0002,Europe,2027-M06,10793,0.84
FCT_001120,SKU_0008,North_America,2027-M04,10309,0.92
FCT_001121,SKU_0036,North_America,2027-M04,2899,0.83
FCT_001122,SKU_0013,Asia_Pacific,2026-M05,7572,0.89
FCT_001123,SKU_0038,Asia_Pacific,2027-M07,12862,0.86
FCT_001124,SKU_0026,Asia_Pacific,2027-M11,6836,0.85
FCT_001125,SKU_0045,Europe,2027-M01,10430,0.81
FCT_001126,SKU_0018,Asia_Pacific,2027-M11,14319,0.91
FCT_001127,SKU_0030,Europe,2026-M10,10717,0.83
FCT_001128,SKU_0041,Europe,2026-M08,10443,0.86
FCT_001129,SKU_0050,Asia_Pacific,2026-M11,8176,0.81
FCT_001130,SKU_0038,Latin_America,2026-M01,8095,0.92
FCT_001131,SKU_0011,Latin_America,2026-M02,9068,0.81
FCT_001132,SKU_0005,North_America,2027-M07,1127,0.88
FCT_001133,SKU_0025,Asia_Pacific,2027-M09,11518,0.85
FCT_001134,SKU_0023,North_America,2026-M01,3418,0.89
FCT_001135,SKU_0045,Latin_America,2027-M09,4342,0.91
FCT_001136,SKU_0018,Latin_America,2027-M06,13307,0.93
FCT_001137,SKU_0008,Asia_Pacific,2026-M01,14920,0.88
FCT_001138,SKU_0009,Asia_Pacific,2027-M12,12720,0.94
FCT_001139,SKU_0014,North_America,2026-M01,14884,0.94
FCT_001140,SKU_0014,Europe,2027-M08,6990,0.8
FCT_001141,SKU_0049,North_America,2027-M12,12501,0.82
FCT_001142,SKU_0017,North_America,2026-M12,7923,0.81
FCT_001143,SKU_0003,Latin_America,2027-M11,10682,0.83
FCT_001144,SKU_0024,Latin_America,2027-M05,14316,0.82
FCT_001145,SKU_0027,Asia_Pacific,2027-M07,13491,0.83
FCT_001146,SKU_0009,Latin_America,2027-M01,10445,0.85
FCT_001147,SKU_0032,Latin_America,2026-M11,3208,0.81
FCT_001148,SKU_0024,Asia_Pacific,2026-M05,13643,0.92
FCT_001149,SKU_0001,Latin_America,2027-M08,1677,0.9
FCT_001150,SKU_0027,North_America,2027-M04,14547,0.83
FCT_001151,SKU_0041,Europe,2026-M01,12079,0.81
FCT_001152,SKU_0004,Latin_America,2027-M04,8719,0.87
FCT_001153,SKU_0010,North_America,2026-M11,9554,0.88
FCT_001154,SKU_0007,Europe,2027-M12,7313,0.82
FCT_001155,SKU_0049,Latin_America,2027-M02,8355,0.84
FCT_001156,SKU_0012,Europe,2027-M01,1113,0.86
FCT_001157,SKU_0021,Latin_America,2027-M12,2740,0.81
FCT_001158,SKU_0021,North_America,2027-M06,3970,0.94
FCT_001159,SKU_0030,Asia_Pacific,2026-M07,13926,0.95
FCT_001160,SKU_0009,Europe,2026-M03,3151,0.91
FCT_001161,SKU_0045,Europe,2026-M11,11644,0.83
FCT_001162,SKU_0049,Europe,2026-M02,1975,0.95
FCT_001163,SKU_0022,Asia_Pacific,2027-M10,10697,0.95
FCT_001164,SKU_0022,Asia_Pacific,2026-M03,7071,0.94
FCT_001165,SKU_0050,Europe,2027-M02,8034,0.85
FCT_001166,SKU_0036,North_America,2026-M12,12039,0.81
FCT_001167,SKU_0035,Latin_America,2026-M01,2804,0.82
FCT_001168,SKU_0033,Asia_Pacific,2026-M05,8071,0.81
FCT_001169,SKU_0027,Europe,2026-M02,11538,0.81
FCT_001170,SKU_0012,Latin_America,2027-M09,2341,0.93
FCT_001171,SKU_0047,Asia_Pacific,2027-M01,11931,0.91
FCT_001172,SKU_0030,Europe,2027-M06,11947,0.91
FCT_001173,SKU_0025,Latin_America,2026-M01,13778,0.83
FCT_001174,SKU_0017,Asia_Pacific,2027-M12,12133,0.89
FCT_001175,SKU_0016,Latin_America,2026-M08,10972,0.94
FCT_001176,SKU_0023,North_America,2027-M08,4205,0.81
FCT_001177,SKU_0018,North_America,2027-M10,6317,0.85
FCT_001178,SKU_0008,Asia_Pacific,2027-M08,13214,0.88
FCT_001179,SKU_0004,North_America,2027-M07,9115,0.89
FCT_001180,SKU_0004,Asia_Pacific,2026-M10,3222,0.81
FCT_001181,SKU_0020,North_America,2026-M07,13911,0.82
FCT_001182,SKU_0010,North_America,2026-M08,2884,0.92
FCT_001183,SKU_0010,Latin_America,2026-M09,14369,0.9
FCT_001184,SKU_0014,North_America,2027-M08,10830,0.86
FCT_001185,SKU_0031,Asia_Pacific,2027-M12,11782,0.9
FCT_001186,SKU_0019,Europe,2026-M09,12487,0.89
FCT_001187,SKU_0028,Asia_Pacific,2027-M09,14865,0.92
FCT_001188,SKU_0042,Europe,2026-M06,14857,0.8
FCT_001189,SKU_0016,Europe,2026-M07,10546,0.91
FCT_001190,SKU_0009,North_America,2026-M05,11375,0.82
FCT_001191,SKU_0050,Latin_America,2027-M07,13497,0.86
FCT_001192,SKU_0013,Europe,2027-M10,9971,0.81
FCT_001193,SKU_0046,Europe,2027-M07,5721,0.85
FCT_001194,SKU_0015,Europe,2026-M09,6632,0.82
FCT_001195,SKU_0044,North_America,2026-M06,2066,0.82
FCT_001196,SKU_0006,Asia_Pacific,2027-M07,1802,0.93
FCT_001197,SKU_0005,Europe,2027-M03,13986,0.86
FCT_001198,SKU_0028,Europe,2026-M06,9501,0.82
FCT_001199,SKU_0012,Europe,2026-M11,13878,0.84
FCT_001200,SKU_0024,North_America,2026-M07,2691,0.94
FCT_001201,SKU_0037,Europe,2027-M07,10122,0.92
FCT_001202,SKU_0001,North_America,2027-M07,5147,0.84
FCT_001203,SKU_0032,North_America,2027-M12,14045,0.92
FCT_001204,SKU_0041,Europe,2027-M08,14759,0.81
FCT_001205,SKU_0004,Latin_America,2026-M12,9865,0.91
FCT_001206,SKU_0019,Latin_America,2027-M06,12334,0.89
FCT_001207,SKU_0001,Asia_Pacific,2027-M03,2674,0.84
FCT_001208,SKU_0024,Europe,2027-M01,14179,0.92
FCT_001209,SKU_0016,Latin_America,2026-M01,14775,0.84
FCT_001210,SKU_0020,North_America,2026-M02,7960,0.88
FCT_001211,SKU_0047,Latin_America,2026-M07,5319,0.84
FCT_001212,SKU_0047,Asia_Pacific,2026-M11,6773,0.8
FCT_001213,SKU_0035,Latin_America,2027-M08,7618,0.8
FCT_001214,SKU_0049,North_America,2026-M11,12142,0.92
FCT_001215,SKU_0046,Asia_Pacific,2027-M05,13127,0.85
FCT_001216,SKU_0030,Latin_America,2027-M12,9216,0.81
FCT_001217,SKU_0030,North_America,2027-M06,14560,0.82
FCT_001218,SKU_0013,Latin_America,2026-M06,8483,0.84
FCT_001219,SKU_0003,Asia_Pacific,2026-M02,7526,0.86
FCT_001220,SKU_0017,Europe,2026-M04,10134,0.83
FCT_001221,SKU_0032,Europe,2026-M02,11129,0.9
FCT_001222,SKU_0025,Latin_America,2027-M08,14649,0.85
FCT_001223,SKU_0010,Latin_America,2026-M10,11712,0.81
FCT_001224,SKU_0027,Asia_Pacific,2027-M08,5225,0.82
FCT_001225,SKU_0041,Asia_Pacific,2026-M04,5492,0.81
FCT_001226,SKU_0033,Europe,2027-M01,3344,0.9
FCT_001227,SKU_0033,Asia_Pacific,2027-M04,11779,0.8
FCT_001228,SKU_0026,North_America,2027-M11,11162,0.85
FCT_001229,SKU_0020,Latin_America,2027-M04,11658,0.87
FCT_001230,SKU_0007,North_America,2026-M09,8062,0.83
FCT_001231,SKU_0025,Europe,2027-M07,14893,0.83
FCT_001232,SKU_0032,Asia_Pacific,2026-M01,13469,0.89
FCT_001233,SKU_0050,North_America,2026-M06,5712,0.87
FCT_001234,SKU_0031,Europe,2026-M04,13333,0.86
FCT_001235,SKU_0019,Europe,2026-M10,2402,0.93
FCT_001236,SKU_0021,Latin_America,2026-M11,14212,0.85
FCT_001237,SKU_0029,Latin_America,2027-M12,1735,0.81
FCT_001238,SKU_0035,North_America,2027-M06,5680,0.87
FCT_001239,SKU_0002,North_America,2026-M02,9592,0.95
FCT_001240,SKU_0001,Europe,2027-M09,7567,0.82
FCT_001241,SKU_0044,North_America,2026-M12,5808,0.9
FCT_001242,SKU_0009,Asia_Pacific,2026-M08,7149,0.93
FCT_001243,SKU_0004,Asia_Pacific,2027-M06,6245,0.89
FCT_001244,SKU_0047,Latin_America,2026-M02,1234,0.82
FCT_001245,SKU_0005,Latin_America,2026-M05,13817,0.94
FCT_001246,SKU_0002,Asia_Pacific,2027-M09,7347,0.82
FCT_001247,SKU_0035,Asia_Pacific,2027-M05,14215,0.87
FCT_001248,SKU_0049,Latin_America,2026-M09,7358,0.81
FCT_001249,SKU_0017,Europe,2027-M11,13428,0.86
FCT_001250,SKU_0017,Latin_America,2026-M07,3246,0.92
FCT_001251,SKU_0004,Europe,2026-M06,9849,0.86
FCT_001252,SKU_0041,Asia_Pacific,2027-M11,1129,0.92
FCT_001253,SKU_0022,Asia_Pacific,2027-M02,6053,0.89
FCT_001254,SKU_0019,North_America,2027-M05,3088,0.84
FCT_001255,SKU_0008,Latin_America,2027-M03,7553,0.93
FCT_001256,SKU_0038,North_America,2026-M01,10740,0.94
FCT_001257,SKU_0006,North_America,2026-M12,13879,0.9
FCT_001258,SKU_0046,Latin_America,2026-M03,8915,0.9
FCT_001259,SKU_0031,Europe,2027-M11,3046,0.86
FCT_001260,SKU_0038,Europe,2027-M09,7200,0.82
FCT_001261,SKU_0020,Asia_Pacific,2026-M06,9153,0.91
FCT_001262,SKU_0045,North_America,2027-M09,14459,0.9
FCT_001263,SKU_0040,Europe,2026-M12,1734,0.82
FCT_001264,SKU_0016,Latin_America,2027-M08,6962,0.92
FCT_001265,SKU_0031,Asia_Pacific,2026-M11,9146,0.94
FCT_001266,SKU_0021,Latin_America,2026-M08,4379,0.81
FCT_001267,SKU_0037,Latin_America,2027-M10,3416,0.85
FCT_001268,SKU_0011,Asia_Pacific,2027-M09,5481,0.83
FCT_001269,SKU_0017,North_America,2026-M04,4327,0.85
FCT_001270,SKU_0033,Europe,2026-M11,6596,0.92
FCT_001271,SKU_0018,North_America,2027-M02,7394,0.92
FCT_001272,SKU_0039,Europe,2027-M06,1011,0.88
FCT_001273,SKU_0022,North_America,2027-M05,13208,0.93
FCT_001274,SKU_0045,Asia_Pacific,2027-M05,14724,0.89
FCT_001275,SKU_0045,Asia_Pacific,2027-M10,10833,0.86
FCT_001276,SKU_0009,Asia_Pacific,2026-M01,2024,0.87
FCT_001277,SKU_0022,North_America,2027-M10,2769,0.85
FCT_001278,SKU_0033,Latin_America,2026-M06,14913,0.81
FCT_001279,SKU_0021,Europe,2026-M07,13660,0.82
FCT_001280,SKU_0020,Latin_America,2026-M12,11255,0.85
FCT_001281,SKU_0032,Asia_Pacific,2027-M08,12995,0.93
FCT_001282,SKU_0017,Asia_Pacific,2026-M08,6414,0.83
FCT_001283,SKU_0010,Latin_America,2027-M06,2436,0.83
FCT_001284,SKU_0013,Europe,2027-M02,2950,0.88
FCT_001285,SKU_0021,Asia_Pacific,2027-M07,7086,0.94
FCT_001286,SKU_0026,Europe,2027-M12,1272,0.85
FCT_001287,SKU_0031,Asia_Pacific,2026-M08,14587,0.89
FCT_001288,SKU_0043,Europe,2027-M03,5721,0.9
FCT_001289,SKU_0015,Latin_America,2026-M02,4968,0.82
FCT_001290,SKU_0007,Europe,2026-M01,12888,0.91
FCT_001291,SKU_0030,Latin_America,2026-M11,3024,0.8
FCT_001292,SKU_0017,North_America,2027-M11,2395,0.93
FCT_001293,SKU_0050,Europe,2026-M10,10480,0.84
FCT_001294,SKU_0027,Latin_America,2027-M03,5229,0.93
FCT_001295,SKU_0012,North_America,2027-M09,4706,0.91
FCT_001296,SKU_0014,Europe,2026-M05,13989,0.92
FCT_001297,SKU_0038,North_America,2027-M08,12441,0.9
FCT_001298,SKU_0040,North_America,2026-M12,2230,0.84
FCT_001299,SKU_0014,Latin_America,2027-M01,1507,0.92
FCT_001300,SKU_0021,Europe,2026-M02,9818,0.94
FCT_001301,SKU_0029,Asia_Pacific,2026-M12,8954,0.88
FCT_001302,SKU_0029,Latin_America,2026-M11,5345,0.9
FCT_001303,SKU_0032,North_America,2026-M08,14113,0.93
FCT_001304,SKU_0016,North_America,2027-M07,12156,0.93
FCT_001305,SKU_0046,Europe,2027-M03,8628,0.93
FCT_001306,SKU_0030,Asia_Pacific,2027-M09,8892,0.89
FCT_001307,SKU_0012,Asia_Pacific,2027-M05,9912,0.82
FCT_001308,SKU_0012,Asia_Pacific,2027-M10,5976,0.81
FCT_001309,SKU_0023,Europe,2026-M03,3434,0.81
FCT_001310,SKU_0016,Asia_Pacific,2027-M03,2880,0.86
FCT_001311,SKU_0041,North_America,2027-M10,9698,0.82
FCT_001312,SKU_0001,Latin_America,2026-M05,2519,0.83
FCT_001313,SKU_0018,Europe,2027-M01,11202,0.94
FCT_001314,SKU_0026,Europe,2027-M01,12164,0.94
FCT_001315,SKU_0034,Asia_Pacific,2027-M04,9471,0.81
FCT_001316,SKU_0009,Asia_Pacific,2027-M08,2786,0.9
FCT_001317,SKU_0031,Asia_Pacific,2026-M01,1698,0.92
FCT_001318,SKU_0020,Europe,2027-M07,10287,0.86
FCT_001319,SKU_0030,Latin_America,2026-M08,6091,0.82
FCT_001320,SKU_0050,Asia_Pacific,2027-M03,7691,0.85
FCT_001321,SKU_0031,North_America,2027-M01,8588,0.88
FCT_001322,SKU_0046,North_America,2027-M12,11101,0.91
FCT_001323,SKU_0029,Latin_America,2026-M08,8130,0.92
FCT_001324,SKU_0040,Asia_Pacific,2027-M12,12129,0.85
FCT_001325,SKU_0003,Europe,2027-M04,9256,0.87
FCT_001326,SKU_0009,Europe,2026-M09,5624,0.92
FCT_001327,SKU_0038,Latin_America,2026-M05,6682,0.93
FCT_001328,SKU_0022,Asia_Pacific,2026-M09,7832,0.83
FCT_001329,SKU_0016,Europe,2027-M09,12506,0.85
FCT_001330,SKU_0007,Europe,2027-M08,9563,0.94
FCT_001331,SKU_0036,Latin_America,2027-M05,3354,0.83
FCT_001332,SKU_0002,Europe,2027-M07,13405,0.95
FCT_001333,SKU_0042,Latin_America,2026-M03,14499,0.89
FCT_001334,SKU_0036,Latin_America,2027-M10,6153,0.85
FCT_001335,SKU_0008,Asia_Pacific,2026-M05,13252,0.83
FCT_001336,SKU_0046,Latin_America,2027-M02,11475,0.85
FCT_001337,SKU_0023,North_America,2026-M05,6356,0.82
FCT_001338,SKU_0007,Asia_Pacific,2026-M03,8633,0.95
FCT_001339,SKU_0036,Asia_Pacific,2026-M05,12133,0.88
FCT_001340,SKU_0014,North_America,2026-M05,4056,0.88
FCT_001341,SKU_0034,Latin_America,2027-M02,6425,0.81
FCT_001342,SKU_0013,North_America,2026-M06,5088,0.84
FCT_001343,SKU_0024,North_America,2027-M09,6988,0.83
FCT_001344,SKU_0050,Europe,2027-M06,13062,0.88
FCT_001345,SKU_0028,Latin_America,2026-M03,9368,0.94
FCT_001346,SKU_0032,Latin_America,2027-M03,3602,0.8
FCT_001347,SKU_0037,Latin_America,2027-M02,5292,0.87
FCT_001348,SKU_0030,Latin_America,2026-M01,8746,0.87
FCT_001349,SKU_0048,Latin_America,2027-M01,7207,0.91
FCT_001350,SKU_0001,Europe,2027-M05,9720,0.82
FCT_001351,SKU_0023,Latin_America,2026-M07,9945,0.95
FCT_001352,SKU_0044,North_America,2026-M04,5902,0.85
FCT_001353,SKU_0014,Europe,2027-M04,12408,0.92
FCT_001354,SKU_0026,Europe,2026-M11,8319,0.81
FCT_001355,SKU_0017,Asia_Pacific,2027-M08,11897,0.82
FCT_001356,SKU_0045,Europe,2027-M03,11252,0.87
FCT_001357,SKU_0018,Europe,2026-M11,4401,0.81
FCT_001358,SKU_0025,North_America,2027-M12,14795,0.92
FCT_001359,SKU_0026,Latin_America,2027-M07,12743,0.94
FCT_001360,SKU_0018,Latin_America,2027-M07,10100,0.85
FCT_001361,SKU_0011,Europe,2027-M07,4106,0.82
FCT_001362,SKU_0029,North_America,2027-M04,13732,0.91
FCT_001363,SKU_0041,Europe,2026-M05,3232,0.86
FCT_001364,SKU_0039,Latin_America,2026-M03,2561,0.9
FCT_001365,SKU_0031,North_America,2026-M11,1564,0.87
FCT_001366,SKU_0037,North_America,2027-M01,5842,0.91
FCT_001367,SKU_0034,Asia_Pacific,2026-M12,2346,0.84
FCT_001368,SKU_0013,Europe,2026-M09,5314,0.83
FCT_001369,SKU_0010,Asia_Pacific,2027-M12,11413,0.92
FCT_001370,SKU_0045,North_America,2027-M05,1249,0.92
FCT_001371,SKU_0035,Latin_America,2026-M05,2337,0.84
FCT_001372,SKU_0005,Europe,2027-M04,5688,0.85
FCT_001373,SKU_0013,Latin_America,2026-M04,10680,0.92
FCT_001374,SKU_0044,North_America,2027-M11,10789,0.86
FCT_001375,SKU_0027,Asia_Pacific,2026-M05,6011,0.85
FCT_001376,SKU_0011,Asia_Pacific,2027-M05,8558,0.85
FCT_001377,SKU_0023,Asia_Pacific,2026-M08,4354,0.83
FCT_001378,SKU_0032,North_America,2027-M08,10751,0.92
FCT_001379,SKU_0010,Europe,2027-M10,14929,0.87
FCT_001380,SKU_0039,Europe,2027-M12,14283,0.82
FCT_001381,SKU_0010,Europe,2026-M03,14947,0.85
FCT_001382,SKU_0018,North_America,2026-M10,4720,0.92
FCT_001383,SKU_0012,Europe,2027-M03,5532,0.92
FCT_001384,SKU_0008,Europe,2027-M01,8387,0.82
FCT_001385,SKU_0008,Asia_Pacific,2027-M04,8080,0.93
FCT_001386,SKU_0002,Latin_America,2027-M10,8657,0.8
FCT_001387,SKU_0030,Latin_America,2027-M08,1412,0.91
FCT_001388,SKU_0010,Asia_Pacific,2027-M01,13227,0.83
FCT_001389,SKU_0036,Europe,2027-M01,11374,0.85
FCT_001390,SKU_0036,Asia_Pacific,2027-M04,5824,0.85
FCT_001391,SKU_0048,Europe,2027-M12,10824,0.87
FCT_001392,SKU_0040,Latin_America,2026-M07,13106,0.91
FCT_001393,SKU_0030,Europe,2027-M07,12485,0.85
FCT_001394,SKU_0013,Latin_America,2027-M11,10036,0.91
FCT_001395,SKU_0040,Europe,2027-M11,11271,0.81
FCT_001396,SKU_0040,Asia_Pacific,2026-M11,9694,0.88
FCT_001397,SKU_0037,North_America,2026-M11,2512,0.93
FCT_001398,SKU_0013,Europe,2026-M10,8801,0.88
FCT_001399,SKU_0047,Asia_Pacific,2027-M03,1879,0.94
FCT_001400,SKU_0029,North_America,2026-M12,14254,0.93
FCT_001401,SKU_0012,North_America,2027-M05,2894,0.85
FCT_001402,SKU_0021,North_America,2026-M01,10679,0.82
FCT_001403,SKU_0016,Latin_America,2026-M05,10945,0.84
FCT_001404,SKU_0004,North_America,2026-M05,8476,0.87
FCT_001405,SKU_0023,Asia_Pacific,2026-M01,4597,0.88
FCT_001406,SKU_0028,North_America,2027-M12,9045,0.94
FCT_001407,SKU_0011,Latin_America,2026-M03,10557,0.93
FCT_001408,SKU_0005,North_America,2027-M04,4451,0.83
FCT_001409,SKU_0034,North_America,2027-M04,3624,0.83
FCT_001410,SKU_0029,Asia_Pacific,2026-M04,4753,0.93
FCT_001411,SKU_0042,Latin_America,2027-M02,6267,0.84
FCT_001412,SKU_0030,Asia_Pacific,2027-M05,1671,0.94
FCT_001413,SKU_0007,Asia_Pacific,2027-M02,8192,0.8
FCT_001414,SKU_0006,Latin_America,2027-M05,8380,0.83
FCT_001415,SKU_0046,Latin_America,2026-M09,2927,0.95
FCT_001416,SKU_0005,Europe,2026-M12,12990,0.94
FCT_001417,SKU_0006,Latin_America,2027-M10,13088,0.93
FCT_001418,SKU_0046,North_America,2026-M08,9607,0.83
FCT_001419,SKU_0019,Latin_America,2026-M08,7493,0.88
FCT_001420,SKU_0049,Asia_Pacific,2027-M12,6073,0.87
FCT_001421,SKU_0042,Europe,2026-M02,12846,0.93
FCT_001422,SKU_0006,Asia_Pacific,2026-M05,5191,0.8
FCT_001423,SKU_0025,North_America,2026-M11,1294,0.83
FCT_001424,SKU_0022,Asia_Pacific,2027-M06,7307,0.86
FCT_001425,SKU_0040,Asia_Pacific,2026-M08,13489,0.85
FCT_001426,SKU_0028,Latin_America,2027-M02,1205,0.8
FCT_001427,SKU_0039,Asia_Pacific,2026-M06,8361,0.86
FCT_001428,SKU_0031,Latin_America,2027-M03,12748,0.82
FCT_001429,SKU_0039,North_America,2027-M12,10005,0.93
FCT_001430,SKU_0032,Asia_Pacific,2026-M05,2968,0.93
FCT_001431,SKU_0001,Asia_Pacific,2026-M12,3965,0.92
FCT_001432,SKU_0044,Europe,2027-M12,11567,0.88
FCT_001433,SKU_0037,Europe,2026-M05,2981,0.89
FCT_001434,SKU_0027,Asia_Pacific,2027-M04,4482,0.93
FCT_001435,SKU_0010,Asia_Pacific,2026-M11,9248,0.86
FCT_001436,SKU_0028,Europe,2026-M02,9801,0.82
FCT_001437,SKU_0050,North_America,2026-M07,10102,0.92
FCT_001438,SKU_0036,Europe,2026-M11,13493,0.87
FCT_001439,SKU_0022,Europe,2026-M06,7990,0.84
FCT_001440,SKU_0008,Latin_America,2026-M06,13950,0.83
FCT_001441,SKU_0024,Europe,2027-M03,4374,0.83
FCT_001442,SKU_0030,North_America,2027-M07,1181,0.94
FCT_001443,SKU_0029,Asia_Pacific,2027-M11,12827,0.92
FCT_001444,SKU_0013,Asia_Pacific,2026-M07,11548,0.89
FCT_001445,SKU_0039,Latin_America,2027-M02,14738,0.86
FCT_001446,SKU_0049,Europe,2027-M10,3721,0.9
FCT_001447,SKU_0049,Europe,2026-M03,1601,0.94
FCT_001448,SKU_0035,North_America,2026-M08,7568,0.9
FCT_001449,SKU_0041,Latin_America,2027-M09,7505,0.8
FCT_001450,SKU_0049,Asia_Pacific,2027-M01,5475,0.88
FCT_001451,SKU_0038,Asia_Pacific,2026-M12,4794,0.81
FCT_001452,SKU_0046,North_America,2026-M01,4315,0.84
FCT_001453,SKU_0038,North_America,2026-M05,5335,0.83
FCT_001454,SKU_0019,Latin_America,2026-M01,6571,0.88
FCT_001455,SKU_0025,North_America,2026-M08,12911,0.84
FCT_001456,SKU_0027,Europe,2026-M03,10214,0.81
FCT_001457,SKU_0033,Europe,2027-M03,9533,0.9
FCT_001458,SKU_0021,North_America,2027-M08,14079,0.86
FCT_001459,SKU_0023,Asia_Pacific,2027-M08,2606,0.82
FCT_001460,SKU_0040,Asia_Pacific,2026-M01,5282,0.83
FCT_001461,SKU_0024,North_America,2027-M05,1476,0.93
FCT_001462,SKU_0026,Asia_Pacific,2027-M10,13277,0.84
FCT_001463,SKU_0004,Asia_Pacific,2027-M07,10131,0.9
FCT_001464,SKU_0046,Latin_America,2026-M10,8763,0.91
FCT_001465,SKU_0050,North_America,2026-M02,1310,0.85
FCT_001466,SKU_0043,Asia_Pacific,2027-M09,12637,0.91
FCT_001467,SKU_0034,Latin_America,2026-M10,4694,0.92
FCT_001468,SKU_0005,North_America,2026-M12,5135,0.89
FCT_001469,SKU_0048,North_America,2026-M09,9667,0.81
FCT_001470,SKU_0004,North_America,2027-M04,12293,0.86
FCT_001471,SKU_0011,Europe,2027-M03,6538,0.89
FCT_001472,SKU_0030,North_America,2026-M01,6921,0.91
FCT_001473,SKU_0009,Asia_Pacific,2026-M05,14439,0.88
FCT_001474,SKU_0037,Latin_America,2026-M10,11246,0.91
FCT_001475,SKU_0043,Europe,2026-M06,10383,0.94
FCT_001476,SKU_0010,Europe,2027-M02,3734,0.81
FCT_001477,SKU_0033,North_America,2027-M05,5042,0.87
FCT_001478,SKU_0023,Europe,2026-M09,13365,0.83
FCT_001479,SKU_0050,Latin_America,2027-M04,2710,0.83
FCT_001480,SKU_0042,Asia_Pacific,2027-M08,14978,0.86
FCT_001481,SKU_0024,Asia_Pacific,2026-M07,12294,0.86
FCT_001482,SKU_0035,North_America,2026-M01,10440,0.87
FCT_001483,SKU_0046,Europe,2027-M04,9009,0.86
FCT_001484,SKU_0034,Asia_Pacific,2026-M04,8006,0.88
FCT_001485,SKU_0027,Latin_America,2026-M06,8802,0.87
FCT_001486,SKU_0002,Latin_America,2027-M02,10305,0.83
FCT_001487,SKU_0006,Asia_Pacific,2027-M04,13915,0.88
FCT_001488,SKU_0039,Europe,2026-M08,2178,0.83
FCT_001489,SKU_0003,Latin_America,2027-M10,13706,0.85
FCT_001490,SKU_0004,Asia_Pacific,2026-M01,8954,0.84
FCT_001491,SKU_0037,Europe,2027-M04,10758,0.81
FCT_001492,SKU_0001,North_America,2027-M04,6669,0.83
FCT_001493,SKU_0020,Asia_Pacific,2026-M02,14336,0.95
FCT_001494,SKU_0007,Europe,2026-M05,1384,0.94
FCT_001495,SKU_0023,Latin_America,2027-M09,11688,0.88
FCT_001496,SKU_0049,Asia_Pacific,2026-M11,5878,0.83
FCT_001497,SKU_0020,North_America,2026-M03,13888,0.87
FCT_001498,SKU_0005,Asia_Pacific,2027-M12,3134,0.83
FCT_001499,SKU_0048,Europe,2026-M08,10958,0.89
FCT_001500,SKU_0003,Europe,2026-M04,12134,0.92
FCT_001501,SKU_0046,North_America,2027-M08,14918,0.86
FCT_001502,SKU_0019,Latin_America,2027-M08,6952,0.93
FCT_001503,SKU_0039,North_America,2026-M11,1543,0.81
FCT_001504,SKU_0017,Latin_America,2027-M05,2343,0.83
FCT_001505,SKU_0003,Asia_Pacific,2026-M03,2741,0.85
FCT_001506,SKU_0007,Asia_Pacific,2026-M09,9612,0.95
FCT_001507,SKU_0034,Asia_Pacific,2027-M11,6043,0.84
FCT_001508,SKU_0040,Asia_Pacific,2027-M08,13277,0.83
FCT_001509,SKU_0032,Europe,2027-M10,5114,0.87
FCT_001510,SKU_0032,Europe,2026-M03,3560,0.91
FCT_001511,SKU_0050,Asia_Pacific,2026-M06,5285,0.95
FCT_001512,SKU_0042,Latin_America,2026-M09,10891,0.8
FCT_001513,SKU_0033,Latin_America,2026-M02,1041,0.93
FCT_001514,SKU_0038,North_America,2027-M04,9594,0.94
FCT_001515,SKU_0025,Europe,2027-M04,2593,0.92
FCT_001516,SKU_0028,Latin_America,2026-M09,7299,0.92
FCT_001517,SKU_0028,North_America,2026-M08,14489,0.84
FCT_001518,SKU_0023,Europe,2026-M10,8541,0.91
FCT_001519,SKU_0002,North_America,2026-M03,1303,0.85
FCT_001520,SKU_0039,Europe,2026-M01,11302,0.95
FCT_001521,SKU_0009,North_America,2026-M07,11791,0.89
FCT_001522,SKU_0041,North_America,2026-M10,2467,0.85
FCT_001523,SKU_0049,Asia_Pacific,2026-M08,8884,0.83
FCT_001524,SKU_0003,Europe,2027-M11,11837,0.94
FCT_001525,SKU_0006,Europe,2026-M11,7249,0.87
FCT_001526,SKU_0037,Latin_America,2027-M06,10376,0.86
FCT_001527,SKU_0047,Latin_America,2026-M03,11916,0.83
FCT_001528,SKU_0009,Europe,2027-M01,8407,0.83
FCT_001529,SKU_0008,North_America,2027-M09,1599,0.89
FCT_001530,SKU_0014,Asia_Pacific,2026-M03,7461,0.82
FCT_001531,SKU_0050,Latin_America,2026-M12,14122,0.83
FCT_001532,SKU_0048,Europe,2026-M01,4173,0.87
FCT_001533,SKU_0039,Latin_America,2026-M09,8083,0.85
FCT_001534,SKU_0019,Asia_Pacific,2027-M05,12053,0.83
FCT_001535,SKU_0039,North_America,2026-M08,6961,0.88
FCT_001536,SKU_0007,Latin_America,2026-M06,7339,0.89
FCT_001537,SKU_0044,Europe,2026-M08,8189,0.95
FCT_001538,SKU_0045,Asia_Pacific,2027-M06,5373,0.94
FCT_001539,SKU_0032,Latin_America,2026-M06,11165,0.95
FCT_001540,SKU_0049,Europe,2027-M02,2696,0.9
FCT_001541,SKU_0022,North_America,2027-M06,13335,0.9
FCT_001542,SKU_0004,Asia_Pacific,2027-M08,6929,0.94
FCT_001543,SKU_0024,Latin_America,2027-M12,8273,0.89
FCT_001544,SKU_0015,Asia_Pacific,2027-M05,3571,0.92
FCT_001545,SKU_0014,Latin_America,2027-M03,9010,0.87
FCT_001546,SKU_0010,North_America,2026-M06,2942,0.82
FCT_001547,SKU_0032,North_America,2026-M05,6499,0.85
FCT_001548,SKU_0042,North_America,2026-M01,11134,0.81
FCT_001549,SKU_0001,North_America,2026-M12,8643,0.9
FCT_001550,SKU_0040,Latin_America,2027-M09,4368,0.89
FCT_001551,SKU_0027,Europe,2027-M02,3996,0.91
FCT_001552,SKU_0045,Europe,2026-M06,14927,0.86
FCT_001553,SKU_0007,North_America,2027-M07,14388,0.94
FCT_001554,SKU_0042,Latin_America,2026-M10,7946,0.88
FCT_001555,SKU_0018,Asia_Pacific,2027-M02,7656,0.88
FCT_001556,SKU_0020,Europe,2026-M05,12269,0.88
FCT_001557,SKU_0007,Asia_Pacific,2026-M10,11499,0.9
FCT_001558,SKU_0026,Asia_Pacific,2027-M02,7882,0.91
FCT_001559,SKU_0028,North_America,2026-M01,1572,0.94
FCT_001560,SKU_0018,Europe,2027-M03,9581,0.85
FCT_001561,SKU_0029,North_America,2027-M11,10911,0.87
FCT_001562,SKU_0013,North_America,2026-M07,6681,0.88
FCT_001563,SKU_0001,Asia_Pacific,2026-M04,8845,0.93
FCT_001564,SKU_0047,North_America,2026-M02,14399,0.94
FCT_001565,SKU_0031,North_America,2027-M03,10685,0.84
FCT_001566,SKU_0028,Latin_America,2026-M10,4482,0.94
FCT_001567,SKU_0035,Europe,2026-M12,4187,0.95
FCT_001568,SKU_0049,Latin_America,2027-M07,7729,0.84
FCT_001569,SKU_0039,North_America,2026-M01,9129,0.81
FCT_001570,SKU_0025,Europe,2026-M12,7269,0.83
FCT_001571,SKU_0022,Latin_America,2027-M01,9028,0.86
FCT_001572,SKU_0044,Europe,2026-M01,9073,0.9
FCT_001573,SKU_0026,North_America,2027-M05,14138,0.91
FCT_001574,SKU_0021,Asia_Pacific,2027-M04,6745,0.89
FCT_001575,SKU_0005,Europe,2027-M11,14246,0.93
FCT_001576,SKU_0005,Latin_America,2026-M07,5322,0.91
FCT_001577,SKU_0002,Europe,2026-M05,9490,0.87
FCT_001578,SKU_0005,Asia_Pacific,2026-M11,13147,0.86
FCT_001579,SKU_0050,Europe,2027-M07,11142,0.84
FCT_001580,SKU_0039,Latin_America,2026-M10,10557,0.89
FCT_001581,SKU_0012,Asia_Pacific,2027-M06,8251,0.91
FCT_001582,SKU_0009,Latin_America,2026-M06,6715,0.85
FCT_001583,SKU_0038,Asia_Pacific,2026-M04,11295,0.92
FCT_001584,SKU_0015,Latin_America,2026-M03,4909,0.84
FCT_001585,SKU_0048,Europe,2027-M08,8263,0.94
FCT_001586,SKU_0001,Asia_Pacific,2027-M11,6238,0.9
FCT_001587,SKU_0048,Asia_Pacific,2026-M03,12745,0.9
FCT_001588,SKU_0012,Europe,2026-M06,5148,0.8
FCT_001589,SKU_0043,Asia_Pacific,2027-M05,6972,0.84
FCT_001590,SKU_0048,Latin_America,2027-M03,9112,0.83
FCT_001591,SKU_0042,North_America,2027-M08,11607,0.8
FCT_001592,SKU_0039,Asia_Pacific,2026-M04,12877,0.84
FCT_001593,SKU_0021,Europe,2026-M03,14627,0.91
FCT_001594,SKU_0013,Asia_Pacific,2027-M09,11012,0.86
FCT_001595,SKU_0011,North_America,2026-M08,4719,0.9
FCT_001596,SKU_0041,Asia_Pacific,2027-M10,5238,0.85
FCT_001597,SKU_0003,North_America,2027-M01,1442,0.84
FCT_001598,SKU_0016,North_America,2027-M04,14184,0.92
FCT_001599,SKU_0044,Latin_America,2027-M05,5581,0.88
FCT_001600,SKU_0032,Europe,2027-M02,1533,0.92
FCT_001601,SKU_0028,North_America,2027-M08,8897,0.88
FCT_001602,SKU_0031,Europe,2027-M10,7137,0.83
FCT_001603,SKU_0047,Asia_Pacific,2026-M06,4537,0.83
FCT_001604,SKU_0050,Europe,2026-M01,9743,0.86
FCT_001605,SKU_0005,Asia_Pacific,2026-M08,7601,0.89
FCT_001606,SKU_0038,Asia_Pacific,2027-M11,4056,0.91
FCT_001607,SKU_0049,North_America,2026-M06,2980,0.84
FCT_001608,SKU_0010,Europe,2026-M10,10844,0.86
FCT_001609,SKU_0022,Latin_America,2026-M11,13129,0.88
FCT_001610,SKU_0046,Asia_Pacific,2027-M12,12413,0.94
FCT_001611,SKU_0029,Europe,2027-M12,14294,0.92
FCT_001612,SKU_0024,Latin_America,2026-M11,8777,0.83
FCT_001613,SKU_0031,Latin_America,2027-M04,4424,0.81
FCT_001614,SKU_0009,Latin_America,2026-M12,14155,0.93
FCT_001615,SKU_0044,Europe,2027-M08,2431,0.85
FCT_001616,SKU_0021,Latin_America,2026-M06,12824,0.93
FCT_001617,SKU_0014,Asia_Pacific,2027-M02,4578,0.83
FCT_001618,SKU_0044,Asia_Pacific,2026-M03,12575,0.84
FCT_001619,SKU_0021,Asia_Pacific,2026-M12,1480,0.85
FCT_001620,SKU_0021,North_America,2026-M05,1751,0.92
FCT_001621,SKU_0049,Europe,2026-M09,3312,0.86
FCT_001622,SKU_0011,North_America,2026-M01,9462,0.83
FCT_001623,SKU_0024,Asia_Pacific,2027-M09,9732,0.87
FCT_001624,SKU_0002,Europe,2027-M04,10526,0.86
FCT_001625,SKU_0015,Europe,2027-M03,4311,0.93
FCT_001626,SKU_0027,Europe,2026-M09,7464,0.87
FCT_001627,SKU_0008,Europe,2027-M03,11612,0.86
FCT_001628,SKU_0011,Latin_America,2026-M10,12332,0.95
FCT_001629,SKU_0017,North_America,2027-M05,13921,0.94
FCT_001630,SKU_0043,Europe,2026-M04,7456,0.93
FCT_001631,SKU_0035,Asia_Pacific,2027-M12,13215,0.81
FCT_001632,SKU_0017,North_America,2027-M10,4578,0.93
FCT_001633,SKU_0003,North_America,2026-M11,3236,0.94
FCT_001634,SKU_0022,Latin_America,2026-M08,4220,0.92
FCT_001635,SKU_0042,Asia_Pacific,2026-M05,10345,0.89
FCT_001636,SKU_0029,Europe,2027-M01,5332,0.82
FCT_001637,SKU_0025,Asia_Pacific,2027-M12,10742,0.82
FCT_001638,SKU_0001,Latin_America,2026-M07,1879,0.91
FCT_001639,SKU_0019,North_America,2027-M12,13417,0.89
FCT_001640,SKU_0033,Asia_Pacific,2027-M09,14404,0.92
FCT_001641,SKU_0016,North_America,2026-M12,1874,0.93
FCT_001642,SKU_0037,Asia_Pacific,2027-M01,1346,0.83
FCT_001643,SKU_0050,Europe,2027-M08,9015,0.87
FCT_001644,SKU_0018,Latin_America,2027-M04,8912,0.92
FCT_001645,SKU_0015,North_America,2027-M12,2805,0.9
FCT_001646,SKU_0008,North_America,2027-M05,10770,0.85
FCT_001647,SKU_0011,Europe,2027-M04,7418,0.84
FCT_001648,SKU_0022,Europe,2026-M07,9482,0.84
FCT_001649,SKU_0033,Europe,2026-M06,8560,0.87
FCT_001650,SKU_0036,North_America,2027-M05,11384,0.87
FCT_001651,SKU_0016,Asia_Pacific,2026-M04,9492,0.83
FCT_001652,SKU_0010,Europe,2027-M06,4867,0.93
FCT_001653,SKU_0001,North_America,2026-M04,1355,0.86
FCT_001654,SKU_0031,Latin_America,2026-M12,5318,0.84
FCT_001655,SKU_0049,Europe,2026-M10,6266,0.87
FCT_001656,SKU_0002,Latin_America,2027-M06,11736,0.86
FCT_001657,SKU_0009,North_America,2027-M09,12564,0.94
FCT_001658,SKU_0019,Latin_America,2026-M05,9652,0.89
FCT_001659,SKU_0048,North_America,2027-M01,6593,0.8
FCT_001660,SKU_0048,Asia_Pacific,2027-M02,14247,0.94
FCT_001661,SKU_0023,North_America,2026-M07,11955,0.91
FCT_001662,SKU_0027,Europe,2026-M10,11507,0.9
FCT_001663,SKU_0020,North_America,2026-M09,7715,0.8
FCT_001664,SKU_0025,Asia_Pacific,2027-M01,13460,0.87
FCT_001665,SKU_0045,Latin_America,2027-M01,12898,0.86
FCT_001666,SKU_0014,North_America,2026-M07,9648,0.87
FCT_001667,SKU_0024,Europe,2026-M12,8089,0.91
FCT_001668,SKU_0018,North_America,2027-M07,1990,0.87
FCT_001669,SKU_0026,Asia_Pacific,2026-M10,11428,0.93
FCT_001670,SKU_0018,Asia_Pacific,2026-M10,12462,0.88
FCT_001671,SKU_0017,Europe,2027-M02,2961,0.94
FCT_001672,SKU_0046,Europe,2027-M11,10825,0.83
FCT_001673,SKU_0022,Europe,2026-M02,12776,0.86
FCT_001674,SKU_0030,North_America,2026-M05,2554,0.93
FCT_001675,SKU_0035,Europe,2026-M04,10338,0.82
FCT_001676,SKU_0003,Asia_Pacific,2026-M09,4073,0.87
FCT_001677,SKU_0008,Latin_America,2026-M02,5154,0.85
FCT_001678,SKU_0046,Asia_Pacific,2026-M11,11561,0.89
FCT_001679,SKU_0016,Asia_Pacific,2027-M11,5875,0.94
FCT_001680,SKU_0032,Europe,2026-M09,2678,0.9
FCT_001681,SKU_0037,Asia_Pacific,2026-M11,4393,0.94
FCT_001682,SKU_0029,Latin_America,2026-M06,5070,0.87
FCT_001683,SKU_0035,North_America,2026-M05,9200,0.87
FCT_001684,SKU_0030,Europe,2027-M04,6479,0.94
FCT_001685,SKU_0027,North_America,2027-M05,9274,0.92
FCT_001686,SKU_0041,Europe,2026-M07,1191,0.87
FCT_001687,SKU_0007,Latin_America,2026-M04,2083,0.91
FCT_001688,SKU_0004,Latin_America,2027-M05,11288,0.92
FCT_001689,SKU_0002,North_America,2026-M09,7626,0.93
FCT_001690,SKU_0032,Latin_America,2026-M04,6953,0.82
FCT_001691,SKU_0043,North_America,2027-M12,1490,0.92
FCT_001692,SKU_0004,Asia_Pacific,2026-M05,5379,0.81
FCT_001693,SKU_0026,Latin_America,2026-M12,1586,0.94
FCT_001694,SKU_0012,Asia_Pacific,2027-M12,9646,0.83
FCT_001695,SKU_0011,Europe,2026-M12,9812,0.9
FCT_001696,SKU_0018,Latin_America,2026-M12,5937,0.87
FCT_001697,SKU_0047,Latin_America,2026-M09,12972,0.84
FCT_001698,SKU_0028,Asia_Pacific,2027-M12,4215,0.92
FCT_001699,SKU_0044,Asia_Pacific,2027-M02,4735,0.84
FCT_001700,SKU_0045,Europe,2026-M04,14785,0.92
FCT_001701,SKU_0035,Europe,2027-M11,8576,0.83
FCT_001702,SKU_0035,Latin_America,2026-M07,6383,0.9
FCT_001703,SKU_0046,Asia_Pacific,2026-M08,12306,0.9
FCT_001704,SKU_0043,Latin_America,2027-M02,5768,0.93
FCT_001705,SKU_0025,Latin_America,2026-M07,11161,0.82
FCT_001706,SKU_0012,Latin_America,2027-M01,4026,0.88
FCT_001707,SKU_0005,Latin_America,2027-M09,11065,0.8
FCT_001708,SKU_0045,Latin_America,2026-M11,2928,0.93
FCT_001709,SKU_0043,Europe,2026-M02,10078,0.93
FCT_001710,SKU_0042,Europe,2027-M10,9291,0.84
FCT_001711,SKU_0007,Latin_America,2027-M11,11866,0.92
FCT_001712,SKU_0042,Europe,2026-M03,14165,0.95
FCT_001713,SKU_0049,Europe,2027-M06,5025,0.91
FCT_001714,SKU_0027,Latin_America,2026-M02,2355,0.86
FCT_001715,SKU_0006,Europe,2027-M03,13193,0.88
FCT_001716,SKU_0044,North_America,2027-M10,13224,0.89
FCT_001717,SKU_0032,Europe,2026-M10,14576,0.84
FCT_001718,SKU_0028,Europe,2027-M10,5277,0.95
FCT_001719,SKU_0028,Europe,2026-M03,1682,0.88
FCT_001720,SKU_0039,Europe,2026-M05,11796,0.89
FCT_001721,SKU_0036,Latin_America,2027-M12,6168,0.95
FCT_001722,SKU_0045,Europe,2027-M11,10627,0.83
FCT_001723,SKU_0026,Asia_Pacific,2027-M06,4275,0.95
FCT_001724,SKU_0009,Latin_America,2026-M04,11250,0.81
FCT_001725,SKU_0035,Asia_Pacific,2026-M08,11261,0.93
FCT_001726,SKU_0030,North_America,2027-M04,8138,0.8
FCT_001727,SKU_0048,Europe,2026-M05,12685,0.92
FCT_001728,SKU_0046,Asia_Pacific,2026-M01,3531,0.86
FCT_001729,SKU_0018,Europe,2026-M06,11239,0.92
FCT_001730,SKU_0030,Europe,2026-M12,3034,0.91
FCT_001731,SKU_0026,Europe,2026-M06,3604,0.83
FCT_001732,SKU_0014,Asia_Pacific,2026-M10,11632,0.81
FCT_001733,SKU_0012,Europe,2026-M04,3135,0.89
FCT_001734,SKU_0019,North_America,2026-M08,10799,0.9
FCT_001735,SKU_0016,Latin_America,2026-M07,7589,0.86
FCT_001736,SKU_0001,Europe,2027-M12,4587,0.8
FCT_001737,SKU_0034,Europe,2026-M11,10836,0.92
FCT_001738,SKU_0013,Latin_America,2027-M10,3705,0.94
FCT_001739,SKU_0040,Europe,2027-M10,6869,0.93
FCT_001740,SKU_0046,Latin_America,2027-M07,7546,0.85
FCT_001741,SKU_0042,North_America,2026-M05,1052,0.95
FCT_001742,SKU_0015,Latin_America,2026-M09,1480,0.87
FCT_001743,SKU_0015,North_America,2026-M08,11529,0.89
FCT_001744,SKU_0034,Latin_America,2027-M07,14160,0.85
FCT_001745,SKU_0010,North_America,2026-M07,14190,0.92
FCT_001746,SKU_0012,Latin_America,2026-M11,1985,0.92
FCT_001747,SKU_0004,Asia_Pacific,2027-M04,12184,0.87
FCT_001748,SKU_0037,Latin_America,2027-M07,3676,0.8
FCT_001749,SKU_0028,North_America,2026-M05,3391,0.93
FCT_001750,SKU_0050,North_America,2026-M03,11288,0.89
FCT_001751,SKU_0003,Latin_America,2027-M06,4522,0.81
FCT_001752,SKU_0009,Latin_America,2027-M11,6347,0.8
FCT_001753,SKU_0041,Europe,2026-M03,5787,0.82
FCT_001754,SKU_0045,Asia_Pacific,2026-M08,2284,0.9
FCT_001755,SKU_0022,North_America,2026-M08,9711,0.82
FCT_001756,SKU_0033,Asia_Pacific,2027-M05,1638,0.91
FCT_001757,SKU_0021,Europe,2026-M09,12351,0.93
FCT_001758,SKU_0020,Latin_America,2027-M05,9473,0.82
FCT_001759,SKU_0032,Asia_Pacific,2026-M07,1908,0.85
FCT_001760,SKU_0014,Latin_America,2026-M12,3038,0.92
FCT_001761,SKU_0045,North_America,2027-M12,1533,0.88
FCT_001762,SKU_0012,Europe,2027-M11,1916,0.94
FCT_001763,SKU_0044,Europe,2026-M05,6678,0.84
FCT_001764,SKU_0011,Asia_Pacific,2027-M12,5716,0.91
FCT_001765,SKU_0004,Europe,2026-M03,4563,0.94
FCT_001766,SKU_0032,Latin_America,2026-M02,6880,0.87
FCT_001767,SKU_0001,Europe,2027-M01,14509,0.87
FCT_001768,SKU_0032,Europe,2027-M06,8324,0.93
FCT_001769,SKU_0010,North_America,2026-M02,10615,0.92
FCT_001770,SKU_0015,North_America,2026-M01,13262,0.82
FCT_001771,SKU_0037,Latin_America,2026-M01,14615,0.91
FCT_001772,SKU_0002,Asia_Pacific,2027-M01,11454,0.9
FCT_001773,SKU_0031,Latin_America,2026-M04,4878,0.88
FCT_001774,SKU_0009,North_America,2027-M05,2719,0.86
FCT_001775,SKU_0045,Europe,2026-M02,2386,0.88
FCT_001776,SKU_0001,Latin_America,2027-M09,8962,0.82
FCT_001777,SKU_0040,North_America,2027-M05,12116,0.83
FCT_001778,SKU_0044,Asia_Pacific,2026-M09,9441,0.93
FCT_001779,SKU_0016,North_America,2027-M11,8153,0.94
FCT_001780,SKU_0029,Asia_Pacific,2027-M10,14958,0.82
FCT_001781,SKU_0022,North_America,2026-M01,6816,0.93
FCT_001782,SKU_0037,North_America,2026-M06,2613,0.88
FCT_001783,SKU_0024,Europe,2026-M04,4025,0.93
FCT_001784,SKU_0010,Latin_America,2027-M04,6982,0.9
FCT_001785,SKU_0043,Latin_America,2026-M09,12232,0.86
FCT_001786,SKU_0038,Europe,2027-M01,9648,0.92
FCT_001787,SKU_0012,Asia_Pacific,2026-M08,11836,0.91
FCT_001788,SKU_0033,Latin_America,2026-M03,6513,0.94
FCT_001789,SKU_0023,Europe,2027-M07,10695,0.81
FCT_001790,SKU_0017,Europe,2026-M10,1878,0.94
FCT_001791,SKU_0042,Europe,2027-M02,3030,0.89
FCT_001792,SKU_0009,Asia_Pacific,2026-M07,12926,0.91
FCT_001793,SKU_0041,North_America,2027-M07,14608,0.89
FCT_001794,SKU_0012,North_America,2027-M12,14843,0.85
FCT_001795,SKU_0050,Europe,2026-M05,13152,0.88
FCT_001796,SKU_0031,Latin_America,2027-M11,7351,0.82
FCT_001797,SKU_0038,Latin_America,2027-M09,14094,0.85
FCT_001798,SKU_0044,North_America,2027-M02,14509,0.91
FCT_001799,SKU_0049,North_America,2026-M07,5819,0.88
FCT_001800,SKU_0023,North_America,2027-M09,5615,0.89
FCT_001801,SKU_0028,Europe,2027-M02,2886,0.93
FCT_001802,SKU_0008,Asia_Pacific,2027-M09,14849,0.85
FCT_001803,SKU_0035,Asia_Pacific,2027-M08,1498,0.88
FCT_001804,SKU_0009,Latin_America,2026-M02,3231,0.9
FCT_001805,SKU_0030,Asia_Pacific,2027-M12,5720,0.86
FCT_001806,SKU_0001,Europe,2026-M11,5759,0.81
FCT_001807,SKU_0025,North_America,2026-M06,6446,0.8
FCT_001808,SKU_0006,Latin_America,2027-M12,14937,0.86
FCT_001809,SKU_0036,Asia_Pacific,2027-M09,6916,0.85
FCT_001810,SKU_0024,Europe,2027-M11,6772,0.89
FCT_001811,SKU_0026,Latin_America,2026-M04,14105,0.92
FCT_001812,SKU_0011,Europe,2026-M04,4446,0.86
FCT_001813,SKU_0014,North_America,2027-M09,6449,0.88
FCT_001814,SKU_0008,Europe,2026-M06,2274,0.93
FCT_001815,SKU_0019,North_America,2027-M08,9319,0.91
FCT_001816,SKU_0010,Asia_Pacific,2026-M06,3197,0.9
FCT_001817,SKU_0002,Asia_Pacific,2026-M11,8317,0.87
FCT_001818,SKU_0012,Europe,2026-M02,6402,0.85
FCT_001819,SKU_0007,Europe,2026-M07,13576,0.93
FCT_001820,SKU_0036,Europe,2026-M06,11282,0.87
FCT_001821,SKU_0021,Latin_America,2026-M07,9079,0.84
FCT_001822,SKU_0043,North_America,2026-M01,10411,0.93
FCT_001823,SKU_0015,North_America,2027-M08,7061,0.84
FCT_001824,SKU_0036,Latin_America,2026-M08,12600,0.82
FCT_001825,SKU_0011,North_America,2026-M05,4552,0.88
FCT_001826,SKU_0012,Asia_Pacific,2026-M01,3431,0.93
FCT_001827,SKU_0003,North_America,2027-M03,13069,0.89
FCT_001828,SKU_0044,Asia_Pacific,2026-M10,14294,0.84
FCT_001829,SKU_0042,Latin_America,2027-M07,10767,0.87
FCT_001830,SKU_0040,Europe,2027-M02,1631,0.8
FCT_001831,SKU_0041,North_America,2026-M01,2017,0.91
FCT_001832,SKU_0041,Europe,2027-M09,6422,0.93
FCT_001833,SKU_0043,Latin_America,2026-M10,10827,0.95
FCT_001834,SKU_0047,Asia_Pacific,2026-M02,9968,0.92
FCT_001835,SKU_0045,Asia_Pacific,2027-M08,10325,0.9
FCT_001836,SKU_0022,North_America,2027-M08,7816,0.87
FCT_001837,SKU_0049,North_America,2026-M02,5344,0.94
FCT_001838,SKU_0050,North_America,2027-M02,14851,0.93
FCT_001839,SKU_0026,Latin_America,2027-M11,8149,0.86
FCT_001840,SKU_0011,Europe,2027-M11,4235,0.9
FCT_001841,SKU_0017,Asia_Pacific,2026-M07,6585,0.92
FCT_001842,SKU_0047,North_America,2026-M03,11796,0.93
FCT_001843,SKU_0030,Asia_Pacific,2027-M01,2923,0.82
FCT_001844,SKU_0011,Asia_Pacific,2026-M11,6964,0.89
FCT_001845,SKU_0035,Latin_America,2027-M09,6628,0.94
FCT_001846,SKU_0019,Europe,2026-M12,3764,0.92
FCT_001847,SKU_0031,Asia_Pacific,2026-M07,8060,0.87
FCT_001848,SKU_0024,North_America,2027-M12,11224,0.91
FCT_001849,SKU_0027,Asia_Pacific,2027-M09,1341,0.86
FCT_001850,SKU_0039,Latin_America,2027-M07,3030,0.92
FCT_001851,SKU_0015,Europe,2026-M12,13710,0.95
FCT_001852,SKU_0046,Latin_America,2027-M03,9041,0.82
FCT_001853,SKU_0036,Latin_America,2026-M01,8908,0.86
FCT_001854,SKU_0004,Europe,2027-M02,4233,0.92
FCT_001855,SKU_0050,Europe,2027-M04,5637,0.92
FCT_001856,SKU_0031,Europe,2027-M06,2854,0.9
FCT_001857,SKU_0045,North_America,2026-M08,4308,0.84
FCT_001858,SKU_0020,North_America,2027-M01,9133,0.94
FCT_001859,SKU_0003,Europe,2027-M10,11436,0.92
FCT_001860,SKU_0032,North_America,2026-M07,1915,0.85
FCT_001861,SKU_0013,North_America,2026-M03,6972,0.85
FCT_001862,SKU_0033,North_America,2027-M12,4942,0.92
FCT_001863,SKU_0043,North_America,2027-M08,6786,0.85
FCT_001864,SKU_0003,Asia_Pacific,2027-M01,6508,0.93
FCT_001865,SKU_0016,Europe,2027-M01,6956,0.94
FCT_001866,SKU_0012,Asia_Pacific,2027-M08,14130,0.83
FCT_001867,SKU_0012,North_America,2026-M11,3015,0.86
FCT_001868,SKU_0041,North_America,2027-M08,10146,0.94
FCT_001869,SKU_0049,Asia_Pacific,2026-M06,11871,0.83
FCT_001870,SKU_0033,Latin_America,2027-M02,7111,0.92
FCT_001871,SKU_0030,Europe,2027-M11,11781,0.87
FCT_001872,SKU_0024,North_America,2027-M01,13522,0.86
FCT_001873,SKU_0030,Latin_America,2026-M07,9339,0.81
FCT_001874,SKU_0030,Asia_Pacific,2026-M11,14440,0.92
FCT_001875,SKU_0016,Latin_America,2027-M09,6834,0.91
FCT_001876,SKU_0007,North_America,2026-M12,5940,0.95
FCT_001877,SKU_0002,Latin_America,2027-M07,13186,0.89
FCT_001878,SKU_0014,Europe,2027-M05,1491,0.88
FCT_001879,SKU_0029,North_America,2027-M05,13437,0.91
FCT_001880,SKU_0047,Latin_America,2027-M01,5812,0.83
FCT_001881,SKU_0045,North_America,2026-M01,8760,0.81
FCT_001882,SKU_0028,Europe,2026-M09,6400,0.9
FCT_001883,SKU_0029,Latin_America,2026-M07,10161,0.85
FCT_001884,SKU_0017,North_America,2027-M06,3599,0.81
FCT_001885,SKU_0048,North_America,2027-M03,12766,0.89
FCT_001886,SKU_0001,Latin_America,2027-M05,10553,0.83
FCT_001887,SKU_0012,North_America,2026-M08,7405,0.88
FCT_001888,SKU_0011,Asia_Pacific,2026-M01,1757,0.92
FCT_001889,SKU_0036,Latin_America,2027-M08,11093,0.9
FCT_001890,SKU_0018,North_America,2026-M05,4974,0.93
FCT_001891,SKU_0032,Asia_Pacific,2027-M09,11948,0.9
FCT_001892,SKU_0037,Europe,2027-M09,1590,0.88
FCT_001893,SKU_0014,Latin_America,2027-M11,9481,0.95
FCT_001894,SKU_0023,Europe,2027-M03,9950,0.85
FCT_001895,SKU_0006,Europe,2026-M06,12128,0.8
FCT_001896,SKU_0011,Latin_America,2027-M07,2441,0.81
FCT_001897,SKU_0005,Europe,2027-M10,7091,0.92
FCT_001898,SKU_0030,Asia_Pacific,2026-M08,10041,0.83
FCT_001899,SKU_0002,Latin_America,2026-M01,2282,0.81
FCT_001900,SKU_0016,Europe,2026-M11,7052,0.93
FCT_001901,SKU_0013,Europe,2026-M05,3837,0.81
FCT_001902,SKU_0001,Asia_Pacific,2027-M10,7650,0.84
FCT_001903,SKU_0019,Asia_Pacific,2027-M12,1540,0.89
FCT_001904,SKU_0029,Latin_America,2026-M02,4110,0.9
FCT_001905,SKU_0024,North_America,2026-M11,13018,0.84
FCT_001906,SKU_0050,North_America,2026-M09,4557,0.94
FCT_001907,SKU_0042,Europe,2026-M10,8101,0.84
FCT_001908,SKU_0047,North_America,2027-M02,10624,0.81
FCT_001909,SKU_0017,Latin_America,2027-M01,1039,0.9
FCT_001910,SKU_0038,North_America,2027-M09,4869,0.88
FCT_001911,SKU_0036,Asia_Pacific,2027-M05,11424,0.87
FCT_001912,SKU_0048,Latin_America,2026-M04,3778,0.94
FCT_001913,SKU_0028,Europe,2026-M10,2028,0.88
FCT_001914,SKU_0042,Latin_America,2027-M03,11075,0.83
FCT_001915,SKU_0038,Asia_Pacific,2027-M05,5868,0.84
FCT_001916,SKU_0045,North_America,2027-M08,8369,0.88
FCT_001917,SKU_0038,Asia_Pacific,2027-M10,13332,0.91
FCT_001918,SKU_0047,Europe,2027-M12,13663,0.87
FCT_001919,SKU_0004,Europe,2026-M09,7622,0.84
FCT_001920,SKU_0022,Asia_Pacific,2027-M04,5472,0.93
FCT_001921,SKU_0012,Latin_America,2027-M03,14179,0.82
FCT_001922,SKU_0009,Asia_Pacific,2027-M09,1129,0.88
FCT_001923,SKU_0049,Europe,2027-M07,5898,0.88
FCT_001924,SKU_0027,Europe,2027-M07,2518,0.83
FCT_001925,SKU_0020,Asia_Pacific,2026-M09,4053,0.91
FCT_001926,SKU_0024,North_America,2026-M08,7631,0.87
FCT_001927,SKU_0005,North_America,2027-M05,8876,0.84
FCT_001928,SKU_0026,Asia_Pacific,2027-M07,12926,0.92
FCT_001929,SKU_0005,Asia_Pacific,2026-M06,6029,0.84
FCT_001930,SKU_0034,North_America,2027-M05,1491,0.84
FCT_001931,SKU_0013,Latin_America,2026-M10,11620,0.88
FCT_001932,SKU_0026,North_America,2027-M12,13558,0.9
FCT_001933,SKU_0039,Asia_Pacific,2026-M03,3727,0.91
FCT_001934,SKU_0048,Latin_America,2027-M11,10818,0.92
FCT_001935,SKU_0039,Asia_Pacific,2027-M10,7659,0.84
FCT_001936,SKU_0018,North_America,2027-M04,10730,0.92
FCT_001937,SKU_0035,Latin_America,2027-M05,6361,0.88
FCT_001938,SKU_0050,North_America,2026-M10,12191,0.9
FCT_001939,SKU_0007,Europe,2027-M09,8772,0.87
FCT_001940,SKU_0033,Latin_America,2026-M09,5953,0.84
FCT_001941,SKU_0019,Europe,2026-M04,10281,0.83
FCT_001942,SKU_0033,North_America,2026-M08,7359,0.88
FCT_001943,SKU_0035,Asia_Pacific,2026-M05,11874,0.81
FCT_001944,SKU_0017,Latin_America,2026-M11,5214,0.86
FCT_001945,SKU_0027,Asia_Pacific,2027-M05,10991,0.83
FCT_001946,SKU_0015,Europe,2026-M04,13995,0.89
FCT_001947,SKU_0043,Asia_Pacific,2027-M12,12520,0.85
FCT_001948,SKU_0026,Europe,2026-M02,2504,0.92
FCT_001949,SKU_0018,Europe,2026-M02,6411,0.92
FCT_001950,SKU_0034,Latin_America,2026-M05,7608,0.85
FCT_001951,SKU_0026,Asia_Pacific,2026-M01,3362,0.83
FCT_001952,SKU_0018,Asia_Pacific,2026-M01,5573,0.8
FCT_001953,SKU_0004,Europe,2026-M10,3500,0.89
FCT_001954,SKU_0031,North_America,2026-M02,13980,0.92
FCT_001955,SKU_0015,North_America,2026-M05,13435,0.8
FCT_001956,SKU_0017,Asia_Pacific,2027-M09,10101,0.94
FCT_001957,SKU_0037,Latin_America,2026-M05,14192,0.86
FCT_001958,SKU_0044,North_America,2027-M06,13544,0.94
FCT_001959,SKU_0009,Europe,2026-M12,7366,0.86
FCT_001960,SKU_0020,Asia_Pacific,2026-M10,11939,0.95
FCT_001961,SKU_0019,Latin_America,2026-M07,9509,0.81
FCT_001962,SKU_0019,Europe,2027-M11,2994,0.9
FCT_001963,SKU_0041,Latin_America,2027-M01,9810,0.83
FCT_001964,SKU_0022,Asia_Pacific,2026-M12,3279,0.89
FCT_001965,SKU_0024,Latin_America,2026-M06,13954,0.82
FCT_001966,SKU_0022,North_America,2026-M05,11895,0.92
FCT_001967,SKU_0045,Asia_Pacific,2026-M05,11324,0.95
FCT_001968,SKU_0040,Asia_Pacific,2026-M07,11577,0.82
FCT_001969,SKU_0006,Latin_America,2027-M08,7286,0.88
FCT_001970,SKU_0019,Asia_Pacific,2026-M11,3250,0.83
FCT_001971,SKU_0043,Europe,2027-M10,1859,0.83
FCT_001972,SKU_0029,Asia_Pacific,2026-M10,4404,0.83
FCT_001973,SKU_0043,Europe,2026-M03,12583,0.88
FCT_001974,SKU_0023,Latin_America,2027-M12,5421,0.81
FCT_001975,SKU_0004,North_America,2027-M05,7337,0.9
FCT_001976,SKU_0007,North_America,2026-M04,2053,0.83
FCT_001977,SKU_0001,Asia_Pacific,2027-M02,7777,0.87
FCT_001978,SKU_0027,Latin_America,2026-M03,5928,0.91
FCT_001979,SKU_0040,Europe,2027-M06,9533,0.94
FCT_001980,SKU_0013,Latin_America,2027-M06,9122,0.88
FCT_001981,SKU_0032,North_America,2027-M09,1843,0.94
FCT_001982,SKU_0002,North_America,2027-M07,13897,0.85
FCT_001983,SKU_0047,North_America,2026-M09,10570,0.86
FCT_001984,SKU_0002,Asia_Pacific,2027-M03,14108,0.94
FCT_001985,SKU_0050,Latin_America,2027-M05,6333,0.9
FCT_001986,SKU_0003,North_America,2026-M06,8362,0.9
FCT_001987,SKU_0046,Europe,2027-M10,11677,0.92
FCT_001988,SKU_0006,Asia_Pacific,2027-M05,13956,0.95
FCT_001989,SKU_0011,Latin_America,2027-M03,14527,0.92
FCT_001990,SKU_0049,Latin_America,2026-M04,9231,0.86
FCT_001991,SKU_0014,Asia_Pacific,2027-M07,12091,0.8
FCT_001992,SKU_0017,North_America,2027-M12,6776,0.85
FCT_001993,SKU_0019,Asia_Pacific,2026-M08,14921,0.91
FCT_001994,SKU_0016,Asia_Pacific,2027-M10,7481,0.9
FCT_001995,SKU_0025,North_America,2026-M07,8847,0.9
FCT_001996,SKU_0032,Asia_Pacific,2027-M05,5278,0.9
FCT_001997,SKU_0037,Europe,2027-M05,10857,0.84
FCT_001998,SKU_0030,Latin_America,2027-M09,7786,0.94
FCT_001999,SKU_0001,North_America,2027-M05,3713,0.87
FCT_002000,SKU_0037,North_America,2026-M02,7023,0.86
FCT_002001,SKU_0001,North_America,2027-M10,5183,0.94
FCT_002002,SKU_0038,Europe,2027-M03,6818,0.83
FCT_002003,SKU_0018,Asia_Pacific,2027-M08,5117,0.92
FCT_002004,SKU_0026,Asia_Pacific,2027-M08,3909,0.81
FCT_002005,SKU_0012,Asia_Pacific,2026-M05,5781,0.82
FCT_002006,SKU_0023,Latin_America,2027-M01,12223,0.88
FCT_002007,SKU_0041,Latin_America,2026-M11,8259,0.84
FCT_002008,SKU_0041,North_America,2026-M05,12720,0.81
FCT_002009,SKU_0050,Asia_Pacific,2026-M03,7040,0.82
FCT_002010,SKU_0008,North_America,2027-M12,5088,0.85
FCT_002011,SKU_0013,North_America,2026-M09,11347,0.89
FCT_002012,SKU_0037,Latin_America,2027-M04,10365,0.95
FCT_002013,SKU_0036,North_America,2027-M12,6695,0.9
FCT_002014,SKU_0002,Europe,2027-M09,11770,0.8
FCT_002015,SKU_0039,Asia_Pacific,2027-M02,6575,0.86
FCT_002016,SKU_0047,Europe,2026-M08,11278,0.82
FCT_002017,SKU_0033,North_America,2027-M08,4666,0.85
FCT_002018,SKU_0025,North_America,2026-M02,14962,0.88
FCT_002019,SKU_0008,Latin_America,2027-M02,1813,0.88
FCT_002020,SKU_0047,North_America,2026-M10,11254,0.84
FCT_002021,SKU_0019,Asia_Pacific,2026-M01,4072,0.94
FCT_002022,SKU_0039,Europe,2026-M07,14647,0.83
FCT_002023,SKU_0029,Asia_Pacific,2027-M06,10218,0.88
FCT_002024,SKU_0008,Europe,2026-M02,8795,0.93
FCT_002025,SKU_0026,North_America,2026-M08,7729,0.91
FCT_002026,SKU_0010,Asia_Pacific,2026-M02,4355,0.83
FCT_002027,SKU_0036,Europe,2026-M02,9027,0.9
FCT_002028,SKU_0032,Latin_America,2027-M10,12335,0.91
FCT_002029,SKU_0015,Asia_Pacific,2026-M01,13769,0.84
FCT_002030,SKU_0032,Latin_America,2026-M03,4394,0.83
FCT_002031,SKU_0036,Latin_America,2026-M05,2569,0.8
FCT_002032,SKU_0010,North_America,2026-M03,1664,0.94
FCT_002033,SKU_0048,Europe,2026-M07,13189,0.92
FCT_002034,SKU_0029,Europe,2026-M06,11086,0.95
FCT_002035,SKU_0045,Europe,2027-M10,13069,0.92
FCT_002036,SKU_0037,Asia_Pacific,2026-M06,1708,0.81
FCT_002037,SKU_0045,Europe,2026-M03,3475,0.82
FCT_002038,SKU_0048,Asia_Pacific,2027-M07,2335,0.88
FCT_002039,SKU_0023,Latin_America,2026-M11,6727,0.87
FCT_002040,SKU_0027,North_America,2027-M12,14739,0.9
FCT_002041,SKU_0004,Latin_America,2027-M12,14655,0.94
FCT_002042,SKU_0040,Latin_America,2027-M01,10508,0.92
FCT_002043,SKU_0046,Latin_America,2026-M12,7658,0.85
FCT_002044,SKU_0028,North_America,2026-M07,10807,0.8
FCT_002045,SKU_0044,Latin_America,2026-M08,14881,0.82
FCT_002046,SKU_0043,Europe,2027-M02,1310,0.91
FCT_002047,SKU_0026,North_America,2026-M01,6756,0.89
FCT_002048,SKU_0021,North_America,2027-M09,8032,0.81
FCT_002049,SKU_0041,North_America,2027-M04,2852,0.92
FCT_002050,SKU_0049,Asia_Pacific,2026-M07,4531,0.85
FCT_002051,SKU_0023,Asia_Pacific,2027-M09,9254,0.92
FCT_002052,SKU_0027,Latin_America,2027-M02,1733,0.85
FCT_002053,SKU_0025,Asia_Pacific,2026-M06,1102,0.89
FCT_002054,SKU_0045,Latin_America,2026-M06,8850,0.91
FCT_002055,SKU_0009,Latin_America,2026-M03,13157,0.91
FCT_002056,SKU_0020,North_America,2027-M03,3023,0.83
FCT_002057,SKU_0044,Europe,2026-M07,8014,0.81
FCT_002058,SKU_0019,Asia_Pacific,2027-M08,10754,0.91
FCT_002059,SKU_0021,Asia_Pacific,2027-M05,3292,0.82
FCT_002060,SKU_0017,Europe,2026-M01,10007,0.89
FCT_002061,SKU_0012,Europe,2027-M10,5710,0.85
FCT_002062,SKU_0003,Asia_Pacific,2027-M03,4295,0.92
FCT_002063,SKU_0008,North_America,2026-M11,2806,0.84
FCT_002064,SKU_0009,Europe,2026-M04,8323,0.84
FCT_002065,SKU_0016,Europe,2027-M03,14670,0.82
FCT_002066,SKU_0016,Asia_Pacific,2027-M02,5643,0.84
FCT_002067,SKU_0012,Europe,2026-M03,10987,0.82
FCT_002068,SKU_0041,Asia_Pacific,2026-M01,5620,0.84
FCT_002069,SKU_0010,Europe,2026-M05,2425,0.83
FCT_002070,SKU_0044,Latin_America,2026-M01,7962,0.86
FCT_002071,SKU_0031,Europe,2026-M01,7523,0.93
FCT_002072,SKU_0042,Latin_America,2027-M04,3875,0.83
FCT_002073,SKU_0007,Asia_Pacific,2027-M04,7581,0.81
FCT_002074,SKU_0049,Asia_Pacific,2026-M02,7780,0.95
FCT_002075,SKU_0034,Asia_Pacific,2027-M06,6566,0.88
FCT_002076,SKU_0002,Latin_America,2026-M05,7857,0.91
FCT_002077,SKU_0017,North_America,2026-M08,5104,0.87
FCT_002078,SKU_0002,North_America,2027-M03,6435,0.85
FCT_002079,SKU_0047,Asia_Pacific,2026-M03,7897,0.87
FCT_002080,SKU_0049,North_America,2026-M03,3274,0.93
FCT_002081,SKU_0028,Latin_America,2027-M04,12050,0.84
FCT_002082,SKU_0034,Europe,2026-M06,11306,0.93
FCT_002083,SKU_0039,Asia_Pacific,2026-M09,13245,0.81
FCT_002084,SKU_0013,Asia_Pacific,2027-M01,8449,0.91
FCT_002085,SKU_0006,North_America,2027-M12,2847,0.8
FCT_002086,SKU_0016,North_America,2027-M05,6836,0.94
FCT_002087,SKU_0048,North_America,2026-M12,14851,0.93
FCT_002088,SKU_0035,Europe,2027-M02,12226,0.94
FCT_002089,SKU_0001,Asia_Pacific,2026-M10,10008,0.87
FCT_002090,SKU_0046,North_America,2027-M09,7983,0.89
FCT_002091,SKU_0012,Latin_America,2026-M06,6229,0.87
FCT_002092,SKU_0009,Europe,2027-M11,2245,0.92
FCT_002093,SKU_0026,North_America,2027-M08,3913,0.81
FCT_002094,SKU_0003,Europe,2027-M06,9561,0.81
FCT_002095,SKU_0008,Latin_America,2026-M09,7276,0.87
FCT_002096,SKU_0023,Europe,2026-M12,12274,0.89
FCT_002097,SKU_0008,North_America,2026-M08,14274,0.83
FCT_002098,SKU_0040,Asia_Pacific,2027-M09,4947,0.85
FCT_002099,SKU_0020,Europe,2027-M05,14037,0.83
FCT_002100,SKU_0021,Latin_America,2026-M03,14163,0.83
FCT_002101,SKU_0039,Latin_America,2027-M04,12407,0.94
FCT_002102,SKU_0007,Latin_America,2027-M02,1273,0.89
FCT_002103,SKU_0032,Latin_America,2027-M02,7071,0.84
FCT_002104,SKU_0030,North_America,2027-M09,5618,0.91
FCT_002105,SKU_0033,Asia_Pacific,2027-M12,12482,0.85
FCT_002106,SKU_0020,Latin_America,2027-M12,2341,0.93
FCT_002107,SKU_0006,Latin_America,2026-M05,7858,0.85
FCT_002108,SKU_0027,North_America,2026-M11,14397,0.81
FCT_002109,SKU_0017,North_America,2026-M01,8247,0.89
FCT_002110,SKU_0028,Asia_Pacific,2026-M06,4085,0.82
FCT_002111,SKU_0011,North_America,2026-M07,2773,0.91
FCT_002112,SKU_0024,Europe,2027-M10,4722,0.8
FCT_002113,SKU_0041,Asia_Pacific,2027-M08,5446,0.83
FCT_002114,SKU_0035,North_America,2027-M09,12196,0.84
FCT_002115,SKU_0002,Europe,2027-M05,13285,0.88
FCT_002116,SKU_0024,Asia_Pacific,2027-M01,6477,0.89
FCT_002117,SKU_0044,Latin_America,2027-M08,12208,0.85
FCT_002118,SKU_0005,Asia_Pacific,2026-M07,2808,0.89
FCT_002119,SKU_0031,Europe,2027-M08,3337,0.91
FCT_002120,SKU_0031,Asia_Pacific,2026-M03,5990,0.81
FCT_002121,SKU_0042,Latin_America,2026-M12,13694,0.9
FCT_002122,SKU_0007,Asia_Pacific,2026-M12,2061,0.85
FCT_002123,SKU_0004,Asia_Pacific,2027-M09,5993,0.88
FCT_002124,SKU_0039,Asia_Pacific,2026-M10,1537,0.92
FCT_002125,SKU_0010,Europe,2027-M04,2614,0.81
FCT_002126,SKU_0043,Europe,2026-M09,4626,0.83
FCT_002127,SKU_0036,North_America,2026-M01,7411,0.92
FCT_002128,SKU_0033,Europe,2027-M10,12852,0.84
FCT_002129,SKU_0003,North_America,2026-M04,7826,0.83
FCT_002130,SKU_0033,Europe,2026-M03,4901,0.8
FCT_002131,SKU_0028,Latin_America,2026-M12,8896,0.91
FCT_002132,SKU_0002,Latin_America,2027-M04,7034,0.9
FCT_002133,SKU_0015,Latin_America,2027-M03,4170,0.87
FCT_002134,SKU_0008,Latin_America,2026-M10,1867,0.8
FCT_002135,SKU_0005,Europe,2027-M06,14428,0.88
FCT_002136,SKU_0027,Latin_America,2026-M09,5617,0.82
FCT_002137,SKU_0027,North_America,2026-M08,13633,0.95
FCT_002138,SKU_0004,Latin_America,2026-M08,4822,0.87
FCT_002139,SKU_0018,Latin_America,2027-M05,8355,0.8
FCT_002140,SKU_0026,Latin_America,2027-M05,11596,0.82
FCT_002141,SKU_0011,Europe,2027-M10,13882,0.87
FCT_002142,SKU_0018,Asia_Pacific,2026-M05,14573,0.94
FCT_002143,SKU_0001,Asia_Pacific,2027-M06,5416,0.87
FCT_002144,SKU_0021,Europe,2027-M03,2823,0.92
FCT_002145,SKU_0039,Latin_America,2026-M12,6587,0.91
FCT_002146,SKU_0005,Asia_Pacific,2026-M02,11197,0.83
FCT_002147,SKU_0012,Europe,2027-M02,12140,0.93
FCT_002148,SKU_0001,Europe,2026-M06,4669,0.93
FCT_002149,SKU_0011,Latin_America,2027-M04,11282,0.92
FCT_002150,SKU_0017,North_America,2027-M08,13203,0.87
FCT_002151,SKU_0003,North_America,2027-M11,8357,0.9
FCT_002152,SKU_0022,Latin_America,2026-M07,14874,0.88
FCT_002153,SKU_0046,Latin_America,2026-M04,7237,0.88
FCT_002154,SKU_0024,Latin_America,2026-M07,8438,0.86
FCT_002155,SKU_0024,Asia_Pacific,2026-M11,8281,0.86
FCT_002156,SKU_0050,Asia_Pacific,2026-M09,6809,0.89
FCT_002157,SKU_0042,Europe,2027-M07,9086,0.94
FCT_002158,SKU_0048,Europe,2027-M09,4878,0.95
FCT_002159,SKU_0021,North_America,2027-M05,13684,0.88
FCT_002160,SKU_0038,Asia_Pacific,2027-M06,1500,0.91
FCT_002161,SKU_0027,North_America,2026-M01,2133,0.95
FCT_002162,SKU_0004,Latin_America,2026-M01,12233,0.85
FCT_002163,SKU_0043,Europe,2026-M10,6948,0.93
FCT_002164,SKU_0029,Latin_America,2026-M03,10661,0.81
FCT_002165,SKU_0044,North_America,2027-M07,7200,0.89
FCT_002166,SKU_0003,Latin_America,2026-M05,9981,0.83
FCT_002167,SKU_0008,North_America,2027-M08,12755,0.9
FCT_002168,SKU_0028,Europe,2027-M07,8997,0.89
FCT_002169,SKU_0042,North_America,2027-M09,7156,0.84
FCT_002170,SKU_0038,Europe,2026-M06,9184,0.8
FCT_002171,SKU_0027,Latin_America,2026-M10,10865,0.91
FCT_002172,SKU_0036,North_America,2027-M08,5222,0.91
FCT_002173,SKU_0033,Asia_Pacific,2026-M11,1707,0.86
FCT_002174,SKU_0039,Asia_Pacific,2027-M06,12537,0.91
FCT_002175,SKU_0030,Europe,2027-M05,11313,0.84
FCT_002176,SKU_0034,Asia_Pacific,2026-M09,6815,0.92
FCT_002177,SKU_0028,North_America,2027-M09,13124,0.85
FCT_002178,SKU_0037,Asia_Pacific,2026-M04,4319,0.94
FCT_002179,SKU_0022,Latin_America,2026-M02,7039,0.87
FCT_002180,SKU_0046,Latin_America,2027-M11,11878,0.87
FCT_002181,SKU_0006,North_America,2026-M08,7261,0.93
FCT_002182,SKU_0049,Europe,2027-M04,1109,0.89
FCT_002183,SKU_0024,Latin_America,2026-M02,7421,0.83
FCT_002184,SKU_0010,North_America,2026-M09,1202,0.87
FCT_002185,SKU_0013,Latin_America,2027-M07,11617,0.85
FCT_002186,SKU_0027,Europe,2027-M04,3411,0.9
FCT_002187,SKU_0045,Europe,2026-M09,12816,0.83
FCT_002188,SKU_0026,Asia_Pacific,2027-M04,2813,0.89
FCT_002189,SKU_0044,Europe,2027-M09,14414,0.82
FCT_002190,SKU_0009,North_America,2026-M11,1427,0.91
FCT_002191,SKU_0018,Asia_Pacific,2027-M04,14601,0.89
FCT_002192,SKU_0024,Europe,2027-M02,7275,0.92
FCT_002193,SKU_0050,Asia_Pacific,2026-M10,14419,0.94
FCT_002194,SKU_0048,North_America,2026-M04,2987,0.88
FCT_002195,SKU_0011,Latin_America,2026-M12,9397,0.93
FCT_002196,SKU_0033,Asia_Pacific,2026-M08,1327,0.91
FCT_002197,SKU_0014,Latin_America,2027-M10,1432,0.95
FCT_002198,SKU_0020,Latin_America,2026-M08,13909,0.83
FCT_002199,SKU_0005,Latin_America,2027-M01,14736,0.8
FCT_002200,SKU_0037,Asia_Pacific,2027-M11,11639,0.81
FCT_002201,SKU_0045,Latin_America,2026-M04,5560,0.93
FCT_002202,SKU_0003,North_America,2026-M02,1057,0.92
FCT_002203,SKU_0035,Europe,2026-M10,2101,0.9
FCT_002204,SKU_0012,North_America,2026-M06,1802,0.81
FCT_002205,SKU_0004,Latin_America,2027-M08,4216,0.95
FCT_002206,SKU_0040,Europe,2026-M01,9185,0.9
FCT_002207,SKU_0026,Europe,2026-M03,11924,0.83
FCT_002208,SKU_0018,Europe,2026-M03,1395,0.85
FCT_002209,SKU_0004,Europe,2027-M07,14828,0.92
FCT_002210,SKU_0015,Asia_Pacific,2026-M05,11927,0.9
FCT_002211,SKU_0030,Asia_Pacific,2026-M06,8566,0.87
FCT_002212,SKU_0023,Latin_America,2027-M03,9043,0.93
FCT_002213,SKU_0007,Latin_America,2026-M10,13859,0.81
FCT_002214,SKU_0009,Latin_America,2026-M09,5547,0.9
FCT_002215,SKU_0048,North_America,2027-M11,8604,0.82
FCT_002216,SKU_0020,Asia_Pacific,2027-M07,7319,0.88
FCT_002217,SKU_0032,Latin_America,2026-M10,2647,0.82
FCT_002218,SKU_0046,Asia_Pacific,2026-M07,6502,0.86
FCT_002219,SKU_0031,North_America,2026-M03,11748,0.92
FCT_002220,SKU_0040,North_America,2026-M08,10828,0.94
FCT_002221,SKU_0050,Europe,2027-M09,6012,0.87
FCT_002222,SKU_0045,Latin_America,2027-M11,9042,0.87
FCT_002223,SKU_0014,Europe,2027-M12,11415,0.85
FCT_002224,SKU_0047,Europe,2026-M05,10742,0.85
FCT_002225,SKU_0012,Europe,2026-M09,12392,0.92
FCT_002226,SKU_0023,Europe,2027-M11,12236,0.82
FCT_002227,SKU_0029,Asia_Pacific,2027-M07,10713,0.92
FCT_002228,SKU_0020,Latin_America,2026-M01,3446,0.81
FCT_002229,SKU_0045,Europe,2026-M10,14368,0.94
FCT_002230,SKU_0029,North_America,2027-M12,2968,0.95
FCT_002231,SKU_0042,Latin_America,2026-M04,7035,0.86
FCT_002232,SKU_0004,Asia_Pacific,2027-M05,12949,0.93
FCT_002233,SKU_0027,Europe,2026-M12,13100,0.9
FCT_002234,SKU_0033,Latin_America,2027-M07,14059,0.84
FCT_002235,SKU_0016,Asia_Pacific,2027-M06,9694,0.92
FCT_002236,SKU_0012,Latin_America,2026-M04,10991,0.83
FCT_002237,SKU_0001,Latin_America,2027-M12,1735,0.81
FCT_002238,SKU_0026,North_America,2026-M05,6847,0.82
FCT_002239,SKU_0047,Asia_Pacific,2026-M09,8650,0.91
FCT_002240,SKU_0028,Latin_America,2026-M04,14278,0.91
FCT_002241,SKU_0035,Asia_Pacific,2026-M07,7816,0.9
FCT_002242,SKU_0011,North_America,2027-M09,4098,0.85
FCT_002243,SKU_0003,Asia_Pacific,2026-M06,2976,0.88
FCT_002244,SKU_0046,Asia_Pacific,2026-M02,12973,0.82
FCT_002245,SKU_0048,Latin_America,2027-M10,12910,0.87
FCT_002246,SKU_0016,Europe,2026-M06,9349,0.87
FCT_002247,SKU_0040,North_America,2026-M01,5622,0.87
FCT_002248,SKU_0019,North_America,2026-M07,10948,0.84
FCT_002249,SKU_0006,North_America,2027-M08,11063,0.94
FCT_002250,SKU_0024,North_America,2026-M06,11922,0.9
FCT_002251,SKU_0029,Asia_Pacific,2026-M01,6457,0.9
FCT_002252,SKU_0034,Europe,2027-M11,6028,0.83
FCT_002253,SKU_0014,Asia_Pacific,2027-M04,4853,0.86
FCT_002254,SKU_0021,Latin_America,2026-M09,10902,0.89
FCT_002255,SKU_0039,Latin_America,2026-M04,8695,0.91
FCT_002256,SKU_0007,Asia_Pacific,2027-M11,3907,0.85
FCT_002257,SKU_0009,Latin_America,2026-M10,13665,0.81
FCT_002258,SKU_0035,Europe,2027-M06,2314,0.89
FCT_002259,SKU_0015,North_America,2026-M07,2008,0.9
FCT_002260,SKU_0037,North_America,2026-M03,5164,0.86
FCT_002261,SKU_0041,Asia_Pacific,2026-M05,10468,0.82
FCT_002262,SKU_0040,Latin_America,2027-M03,7250,0.92
FCT_002263,SKU_0008,Asia_Pacific,2027-M12,2833,0.89
FCT_002264,SKU_0028,Latin_America,2027-M11,10315,0.86
FCT_002265,SKU_0012,Europe,2026-M10,10589,0.89
FCT_002266,SKU_0031,Europe,2026-M05,4454,0.86
FCT_002267,SKU_0036,Asia_Pacific,2027-M12,12112,0.81
FCT_002268,SKU_0044,Latin_America,2026-M05,11274,0.81
FCT_002269,SKU_0045,Asia_Pacific,2026-M07,13528,0.88
FCT_002270,SKU_0001,Latin_America,2027-M01,10122,0.83
FCT_002271,SKU_0007,Latin_America,2027-M06,6258,0.9
FCT_002272,SKU_0010,Latin_America,2027-M05,9689,0.82
FCT_002273,SKU_0032,Latin_America,2027-M06,14071,0.91
FCT_002274,SKU_0020,Latin_America,2027-M08,13827,0.87
FCT_002275,SKU_0022,Europe,2027-M01,4803,0.84
FCT_002276,SKU_0038,Asia_Pacific,2027-M12,14813,0.85
FCT_002277,SKU_0025,Asia_Pacific,2026-M02,7939,0.9
FCT_002278,SKU_0045,Latin_America,2026-M02,1872,0.82
FCT_002279,SKU_0047,North_America,2027-M07,12067,0.84
FCT_002280,SKU_0047,Asia_Pacific,2026-M10,9992,0.94
FCT_002281,SKU_0014,Latin_America,2027-M02,5154,0.87
FCT_002282,SKU_0003,Asia_Pacific,2026-M12,3029,0.82
FCT_002283,SKU_0025,North_America,2026-M03,10150,0.82
FCT_002284,SKU_0032,Europe,2026-M12,10681,0.93
FCT_002285,SKU_0015,Europe,2027-M10,10654,0.83
FCT_002286,SKU_0008,Europe,2027-M10,13222,0.86
FCT_002287,SKU_0038,Latin_America,2027-M01,8406,0.83
FCT_002288,SKU_0008,Europe,2026-M03,3706,0.92
FCT_002289,SKU_0033,Europe,2026-M09,3251,0.89
FCT_002290,SKU_0010,Asia_Pacific,2026-M03,2355,0.87
FCT_002291,SKU_0036,Europe,2026-M03,8538,0.88
FCT_002292,SKU_0018,Europe,2027-M02,6499,0.94
FCT_002293,SKU_0026,Europe,2027-M02,1132,0.92
FCT_002294,SKU_0008,Asia_Pacific,2027-M01,10300,0.9
FCT_002295,SKU_0014,Europe,2026-M11,12233,0.91
FCT_002296,SKU_0014,North_America,2027-M01,14827,0.87
FCT_002297,SKU_0040,North_America,2027-M08,14705,0.91
FCT_002298,SKU_0017,Latin_America,2026-M06,11622,0.81
FCT_002299,SKU_0035,Latin_America,2027-M12,6335,0.94
FCT_002300,SKU_0050,North_America,2027-M03,12349,0.9
FCT_002301,SKU_0029,Asia_Pacific,2027-M08,12874,0.87
FCT_002302,SKU_0003,Europe,2026-M08,14844,0.88
FCT_002303,SKU_0047,Latin_America,2026-M12,8515,0.85
FCT_002304,SKU_0031,North_America,2027-M02,2215,0.94
FCT_002305,SKU_0017,North_America,2026-M05,11966,0.85
FCT_002306,SKU_0014,Asia_Pacific,2026-M12,5944,0.9
FCT_002307,SKU_0043,North_America,2026-M07,4381,0.85
FCT_002308,SKU_0013,North_America,2027-M07,9239,0.94
FCT_002309,SKU_0048,Asia_Pacific,2027-M04,2253,0.81
FCT_002310,SKU_0027,Asia_Pacific,2027-M12,6413,0.87
FCT_002311,SKU_0002,Asia_Pacific,2026-M04,1518,0.93
FCT_002312,SKU_0013,Asia_Pacific,2027-M03,3305,0.93
FCT_002313,SKU_0028,Asia_Pacific,2026-M07,8527,0.82
FCT_002314,SKU_0001,Latin_America,2026-M11,11140,0.84
FCT_002315,SKU_0009,Latin_America,2027-M06,1567,0.91
FCT_002316,SKU_0011,Latin_America,2026-M04,4081,0.86
FCT_002317,SKU_0017,Europe,2027-M04,12498,0.93
FCT_002318,SKU_0024,Europe,2026-M10,8384,0.9
FCT_002319,SKU_0034,Asia_Pacific,2026-M01,7843,0.83
FCT_002320,SKU_0041,Europe,2027-M01,11023,0.84
FCT_002321,SKU_0007,North_America,2027-M10,4268,0.89
FCT_002322,SKU_0012,Europe,2027-M06,7667,0.88
FCT_002323,SKU_0038,Europe,2026-M04,14546,0.92
FCT_002324,SKU_0018,North_America,2027-M09,1078,0.92
FCT_002325,SKU_0014,Europe,2026-M08,9799,0.85
FCT_002326,SKU_0021,Europe,2026-M06,1271,0.86
FCT_002327,SKU_0020,Asia_Pacific,2027-M03,13435,0.84
FCT_002328,SKU_0029,Latin_America,2026-M09,13681,0.94
FCT_002329,SKU_0029,North_America,2026-M08,11538,0.94
FCT_002330,SKU_0035,Latin_America,2027-M01,5358,0.92
FCT_002331,SKU_0038,Latin_America,2026-M11,1990,0.92
FCT_002332,SKU_0033,Europe,2026-M10,2105,0.8
FCT_002333,SKU_0048,Latin_America,2027-M02,3390,0.93
FCT_002334,SKU_0002,Asia_Pacific,2027-M11,13771,0.91
FCT_002335,SKU_0003,Europe,2026-M01,8765,0.84
FCT_002336,SKU_0049,Latin_America,2027-M05,4161,0.85
FCT_002337,SKU_0023,North_America,2026-M11,14787,0.89
FCT_002338,SKU_0013,Europe,2027-M09,2879,0.94
FCT_002339,SKU_0025,Latin_America,2027-M01,1022,0.82
FCT_002340,SKU_0036,Latin_America,2026-M07,9594,0.92
FCT_002341,SKU_0028,Asia_Pacific,2026-M02,9272,0.88
FCT_002342,SKU_0001,Latin_America,2026-M08,11491,0.89
FCT_002343,SKU_0008,Asia_Pacific,2026-M11,11015,0.93
FCT_002344,SKU_0011,Latin_America,2027-M11,11198,0.9
FCT_002345,SKU_0050,Europe,2027-M05,4508,0.94
FCT_002346,SKU_0004,North_America,2027-M12,13495,0.93
FCT_002347,SKU_0036,Asia_Pacific,2026-M11,11283,0.89
FCT_002348,SKU_0014,North_America,2026-M11,7057,0.87
FCT_002349,SKU_0037,North_America,2027-M02,6258,0.83
FCT_002350,SKU_0005,Europe,2026-M08,6024,0.92
FCT_002351,SKU_0024,Asia_Pacific,2027-M03,11390,0.81
FCT_002352,SKU_0038,Europe,2027-M11,2460,0.85
FCT_002353,SKU_0043,Latin_America,2027-M04,9183,0.81
FCT_002354,SKU_0015,Latin_America,2026-M12,4090,0.84
FCT_002355,SKU_0050,Latin_America,2027-M12,7052,0.86
FCT_002356,SKU_0027,Europe,2026-M04,11535,0.81
FCT_002357,SKU_0048,Asia_Pacific,2026-M12,14715,0.86
FCT_002358,SKU_0041,Europe,2026-M11,14788,0.94
FCT_002359,SKU_0001,Asia_Pacific,2027-M07,12257,0.82
FCT_002360,SKU_0031,Latin_America,2027-M06,4069,0.85
FCT_002361,SKU_0032,Asia_Pacific,2027-M12,6477,0.94
FCT_002362,SKU_0037,Europe,2027-M12,5650,0.86
FCT_002363,SKU_0029,North_America,2026-M01,3665,0.8
FCT_002364,SKU_0001,North_America,2027-M12,3914,0.94
FCT_002365,SKU_0034,Asia_Pacific,2027-M08,14607,0.83
FCT_002366,SKU_0008,Asia_Pacific,2026-M08,12617,0.84
FCT_002367,SKU_0019,Europe,2027-M02,7379,0.89
FCT_002368,SKU_0016,Latin_America,2027-M01,12399,0.83
FCT_002369,SKU_0024,Europe,2027-M06,11872,0.84
FCT_002370,SKU_0035,Latin_America,2026-M11,5661,0.8
FCT_002371,SKU_0015,Europe,2027-M02,14705,0.93
FCT_002372,SKU_0045,North_America,2026-M07,13300,0.87
FCT_002373,SKU_0008,Europe,2027-M02,11918,0.84
FCT_002374,SKU_0010,North_America,2027-M01,5525,0.86
FCT_002375,SKU_0038,Asia_Pacific,2026-M08,2016,0.94
FCT_002376,SKU_0005,Europe,2026-M01,14130,0.89
FCT_002377,SKU_0010,Asia_Pacific,2027-M02,6579,0.92
FCT_002378,SKU_0027,Asia_Pacific,2026-M11,5246,0.87
FCT_002379,SKU_0036,Europe,2027-M02,1812,0.91
FCT_002380,SKU_0018,Europe,2026-M09,1829,0.86
FCT_002381,SKU_0026,Europe,2026-M09,14043,0.92
FCT_002382,SKU_0003,Europe,2027-M08,10350,0.88
FCT_002383,SKU_0006,Europe,2026-M03,2261,0.81
FCT_002384,SKU_0001,Europe,2026-M02,10471,0.95
FCT_002385,SKU_0011,Asia_Pacific,2026-M07,6856,0.82
FCT_002386,SKU_0038,North_America,2027-M12,4111,0.85
FCT_002387,SKU_0025,Europe,2027-M12,2221,0.84
FCT_002388,SKU_0035,Asia_Pacific,2027-M09,13493,0.91
FCT_002389,SKU_0002,Asia_Pacific,2026-M02,13127,0.83
FCT_002390,SKU_0031,North_America,2026-M09,3792,0.82
FCT_002391,SKU_0047,North_America,2027-M03,11372,0.82
FCT_002392,SKU_0005,North_America,2026-M08,6537,0.86
FCT_002393,SKU_0044,Asia_Pacific,2026-M12,7274,0.88
FCT_002394,SKU_0032,Asia_Pacific,2027-M01,10951,0.85
FCT_002395,SKU_0044,North_America,2026-M05,5146,0.9
FCT_002396,SKU_0034,North_America,2026-M08,2407,0.88
FCT_002397,SKU_0020,North_America,2026-M04,6501,0.84
FCT_002398,SKU_0039,Asia_Pacific,2027-M07,4141,0.83
FCT_002399,SKU_0019,North_America,2027-M09,4228,0.87
FCT_002400,SKU_0026,Latin_America,2027-M06,6892,0.91
FCT_002401,SKU_0011,Europe,2027-M06,1202,0.82
FCT_002402,SKU_0043,Latin_America,2026-M12,6579,0.95
FCT_002403,SKU_0036,Asia_Pacific,2026-M01,10785,0.92
FCT_002404,SKU_0035,Latin_America,2026-M08,2103,0.85
FCT_002405,SKU_0038,Europe,2026-M02,8063,0.9
FCT_002406,SKU_0003,Asia_Pacific,2026-M04,6234,0.88
FCT_002407,SKU_0037,Latin_America,2027-M09,8196,0.9
FCT_002408,SKU_0008,Latin_America,2027-M07,2620,0.9
FCT_002409,SKU_0007,North_America,2027-M02,12911,0.87
FCT_002410,SKU_0023,Latin_America,2026-M06,3792,0.88
FCT_002411,SKU_0027,Asia_Pacific,2026-M08,12532,0.85
FCT_002412,SKU_0029,North_America,2027-M08,13086,0.92
FCT_002413,SKU_0014,Latin_America,2026-M10,10709,0.83
FCT_002414,SKU_0038,Asia_Pacific,2026-M01,2403,0.92
FCT_002415,SKU_0006,North_America,2026-M05,2902,0.9
FCT_002416,SKU_0004,North_America,2026-M11,2681,0.9
FCT_002417,SKU_0022,North_America,2027-M09,3621,0.89
FCT_002418,SKU_0040,Europe,2026-M05,10954,0.84
FCT_002419,SKU_0002,North_America,2026-M04,2849,0.84
FCT_002420,SKU_0013,North_America,2027-M03,5657,0.8
FCT_002421,SKU_0048,Latin_America,2026-M09,2377,0.83
FCT_002422,SKU_0020,North_America,2027-M11,9408,0.94
FCT_002423,SKU_0018,Europe,2026-M10,12360,0.91
FCT_002424,SKU_0026,Europe,2026-M10,10457,0.89
FCT_002425,SKU_0047,Latin_America,2026-M04,10510,0.82
FCT_002426,SKU_0009,Europe,2027-M10,3759,0.86
FCT_002427,SKU_0014,Asia_Pacific,2026-M04,3520,0.8
FCT_002428,SKU_0022,Asia_Pacific,2027-M05,2977,0.92
FCT_002429,SKU_0005,Europe,2027-M08,14447,0.91
FCT_002430,SKU_0006,Latin_America,2026-M07,2770,0.87
FCT_002431,SKU_0005,Asia_Pacific,2026-M03,1703,0.82
FCT_002432,SKU_0003,Asia_Pacific,2027-M11,11146,0.94
FCT_002433,SKU_0006,Asia_Pacific,2026-M11,11593,0.85
FCT_002434,SKU_0031,North_America,2026-M10,6033,0.87
FCT_002435,SKU_0009,Asia_Pacific,2027-M01,9244,0.88
FCT_002436,SKU_0037,North_America,2026-M09,9529,0.86
FCT_002437,SKU_0005,Latin_America,2027-M03,6963,0.89
FCT_002438,SKU_0020,Latin_America,2026-M05,9908,0.81
FCT_002439,SKU_0037,Europe,2026-M11,9887,0.82
FCT_002440,SKU_0049,North_America,2027-M01,4057,0.94
FCT_002441,SKU_0043,Europe,2027-M07,10828,0.82
FCT_002442,SKU_0021,Asia_Pacific,2027-M12,11847,0.86
FCT_002443,SKU_0002,North_America,2027-M11,11944,0.85
FCT_002444,SKU_0004,North_America,2026-M08,10939,0.94
FCT_002445,SKU_0012,North_America,2026-M02,7821,0.85
FCT_002446,SKU_0018,North_America,2027-M05,5474,0.9
FCT_002447,SKU_0042,Europe,2027-M04,10448,0.82
FCT_002448,SKU_0027,Latin_America,2027-M07,6134,0.83
FCT_002449,SKU_0036,Asia_Pacific,2027-M08,3449,0.91
FCT_002450,SKU_0044,North_America,2027-M04,10170,0.9
FCT_002451,SKU_0043,North_America,2027-M09,2558,0.81
FCT_002452,SKU_0014,Asia_Pacific,2027-M11,2009,0.88
FCT_002453,SKU_0028,Europe,2027-M04,3251,0.83
FCT_002454,SKU_0007,Europe,2027-M01,6886,0.86
FCT_002455,SKU_0021,Latin_America,2027-M01,9742,0.92
FCT_002456,SKU_0030,Asia_Pacific,2026-M02,4863,0.84
FCT_002457,SKU_0050,Latin_America,2026-M08,9898,0.84
FCT_002458,SKU_0041,North_America,2027-M09,12718,0.95
FCT_002459,SKU_0040,Latin_America,2026-M06,12915,0.82
FCT_002460,SKU_0013,Europe,2027-M05,12903,0.93
FCT_002461,SKU_0038,North_America,2026-M11,5125,0.86
FCT_002462,SKU_0025,North_America,2026-M09,7439,0.87
FCT_002463,SKU_0038,Asia_Pacific,2027-M08,2338,0.89
FCT_002464,SKU_0006,Asia_Pacific,2026-M08,13785,0.82
FCT_002465,SKU_0015,North_America,2027-M10,3284,0.85
FCT_002466,SKU_0040,North_America,2026-M05,14681,0.95
FCT_002467,SKU_0029,Asia_Pacific,2026-M05,5147,0.82
FCT_002468,SKU_0032,Asia_Pacific,2026-M08,9796,0.86
FCT_002469,SKU_0016,Asia_Pacific,2027-M07,14104,0.81
FCT_002470,SKU_0001,North_America,2026-M08,8343,0.87
FCT_002471,SKU_0008,Europe,2026-M09,1485,0.85
FCT_002472,SKU_0010,Asia_Pacific,2026-M09,3205,0.89
FCT_002473,SKU_0014,Latin_America,2027-M06,12988,0.83
FCT_002474,SKU_0016,North_America,2027-M12,11395,0.94
FCT_002475,SKU_0036,Europe,2026-M09,11824,0.89
FCT_002476,SKU_0024,Latin_America,2026-M03,9769,0.87
FCT_002477,SKU_0006,Europe,2027-M02,12568,0.94
FCT_002478,SKU_0005,North_America,2027-M08,7989,0.91
FCT_002479,SKU_0040,Europe,2027-M04,8696,0.85
FCT_002480,SKU_0017,Asia_Pacific,2027-M01,9832,0.91
FCT_002481,SKU_0034,North_America,2027-M08,9179,0.87
FCT_002482,SKU_0013,Latin_America,2027-M04,3196,0.81
FCT_002483,SKU_0009,Asia_Pacific,2026-M11,8353,0.9
FCT_002484,SKU_0004,North_America,2026-M01,3924,0.92
FCT_002485,SKU_0037,North_America,2026-M10,14809,0.9
FCT_002486,SKU_0015,Latin_America,2026-M04,1335,0.84
FCT_002487,SKU_0050,Asia_Pacific,2027-M07,4582,0.9
FCT_002488,SKU_0048,Asia_Pacific,2026-M04,13965,0.86
FCT_002489,SKU_0031,Asia_Pacific,2027-M01,2196,0.8
FCT_002490,SKU_0033,North_America,2026-M07,12029,0.92
FCT_002491,SKU_0050,North_America,2027-M04,13358,0.89
FCT_002492,SKU_0016,Europe,2026-M02,9078,0.94
FCT_002493,SKU_0050,Latin_America,2026-M01,3369,0.84
FCT_002494,SKU_0038,North_America,2026-M08,8568,0.92
FCT_002495,SKU_0021,Europe,2026-M04,3253,0.85
FCT_002496,SKU_0035,Europe,2027-M07,3995,0.86
FCT_002497,SKU_0046,Europe,2026-M01,5740,0.93
FCT_002498,SKU_0006,Asia_Pacific,2026-M01,8157,0.91
FCT_002499,SKU_0003,Latin_America,2026-M07,11918,0.95
FCT_002500,SKU_0024,North_America,2026-M02,10709,0.9
FCT_002501,SKU_0007,Europe,2026-M11,10724,0.83
FCT_002502,SKU_0001,North_America,2026-M01,14828,0.87
FCT_002503,SKU_0007,Latin_America,2027-M07,12860,0.94
FCT_002504,SKU_0032,North_America,2027-M01,12625,0.91
FCT_002505,SKU_0002,Europe,2027-M12,10517,0.88
FCT_002506,SKU_0004,Europe,2027-M04,12457,0.83
FCT_002507,SKU_0015,Europe,2026-M10,10102,0.9
FCT_002508,SKU_0048,Asia_Pacific,2027-M11,14188,0.88
FCT_002509,SKU_0013,Asia_Pacific,2026-M06,14025,0.94
FCT_002510,SKU_0010,Asia_Pacific,2026-M10,10446,0.83
FCT_002511,SKU_0036,Europe,2026-M10,7247,0.9
FCT_002512,SKU_0020,Asia_Pacific,2027-M04,11987,0.89
FCT_002513,SKU_0021,Europe,2027-M11,13731,0.93
FCT_002514,SKU_0045,Europe,2027-M07,9999,0.9
FCT_002515,SKU_0009,Europe,2027-M02,9453,0.8
FCT_002516,SKU_0035,Europe,2026-M01,13084,0.94
FCT_002517,SKU_0017,Asia_Pacific,2026-M11,5492,0.83
FCT_002518,SKU_0030,Latin_America,2027-M01,4805,0.85
FCT_002519,SKU_0022,Europe,2027-M03,8481,0.92
FCT_002520,SKU_0048,Latin_America,2027-M06,4784,0.81
FCT_002521,SKU_0029,Asia_Pacific,2027-M04,11062,0.89
FCT_002522,SKU_0046,Latin_America,2027-M10,10483,0.84
FCT_002523,SKU_0034,Latin_America,2027-M05,14445,0.81
FCT_002524,SKU_0043,Latin_America,2026-M04,7985,0.9
FCT_002525,SKU_0025,Europe,2026-M01,10718,0.83
FCT_002526,SKU_0018,Latin_America,2027-M12,2325,0.9
FCT_002527,SKU_0026,Latin_America,2027-M12,6222,0.84
FCT_002528,SKU_0004,North_America,2027-M08,12585,0.87
FCT_002529,SKU_0035,Latin_America,2026-M03,1934,0.85
FCT_002530,SKU_0037,Latin_America,2027-M05,14354,0.87
FCT_002531,SKU_0034,Asia_Pacific,2026-M05,11738,0.8
FCT_002532,SKU_0033,Latin_America,2027-M04,8855,0.86
FCT_002533,SKU_0049,Asia_Pacific,2026-M09,12849,0.88
FCT_002534,SKU_0038,Latin_America,2027-M03,13686,0.94
FCT_002535,SKU_0007,North_America,2026-M10,10278,0.84
FCT_002536,SKU_0050,Latin_America,2027-M08,10467,0.89
FCT_002537,SKU_0019,Asia_Pacific,2026-M07,13982,0.94
FCT_002538,SKU_0046,Asia_Pacific,2026-M03,4241,0.92
FCT_002539,SKU_0044,Asia_Pacific,2027-M11,8472,0.86
FCT_002540,SKU_0006,Asia_Pacific,2027-M08,7818,0.91
FCT_002541,SKU_0014,North_America,2027-M03,7792,0.82
FCT_002542,SKU_0016,Asia_Pacific,2027-M08,2158,0.84
FCT_002543,SKU_0017,Latin_America,2026-M02,1188,0.92
FCT_002544,SKU_0029,Europe,2026-M03,10483,0.85
FCT_002545,SKU_0009,Latin_America,2027-M07,11008,0.92
FCT_002546,SKU_0032,North_America,2026-M11,5214,0.88
FCT_002547,SKU_0021,Asia_Pacific,2026-M08,13121,0.85
FCT_002548,SKU_0002,Latin_America,2027-M09,13259,0.83
FCT_002549,SKU_0037,Europe,2027-M08,7074,0.89
FCT_002550,SKU_0015,Asia_Pacific,2026-M07,6515,0.82
FCT_002551,SKU_0001,North_America,2027-M08,14387,0.93
FCT_002552,SKU_0043,Latin_America,2027-M11,4095,0.91
FCT_002553,SKU_0037,Asia_Pacific,2026-M03,13165,0.85
FCT_002554,SKU_0021,North_America,2027-M12,2102,0.85
FCT_002555,SKU_0012,Europe,2027-M07,2577,0.89
FCT_002556,SKU_0004,Europe,2026-M12,4410,0.9
FCT_002557,SKU_0020,Europe,2026-M11,6806,0.82
FCT_002558,SKU_0019,Europe,2027-M06,13249,0.91
FCT_002559,SKU_0033,Asia_Pacific,2026-M06,2630,0.8
FCT_002560,SKU_0006,Europe,2026-M09,7729,0.87
FCT_002561,SKU_0015,Europe,2027-M06,6613,0.82
FCT_002562,SKU_0047,Europe,2026-M07,4774,0.95
FCT_002563,SKU_0020,Asia_Pacific,2026-M12,14216,0.94
FCT_002564,SKU_0008,Europe,2027-M06,4758,0.86
FCT_002565,SKU_0035,Europe,2027-M08,6824,0.91
FCT_002566,SKU_0030,Europe,2027-M12,1160,0.94
FCT_002567,SKU_0048,North_America,2027-M10,6491,0.91
FCT_002568,SKU_0047,Asia_Pacific,2027-M07,5125,0.81
FCT_002569,SKU_0049,Asia_Pacific,2026-M10,4888,0.87
FCT_002570,SKU_0025,Europe,2027-M08,3332,0.82
FCT_002571,SKU_0029,North_America,2026-M05,5273,0.82
FCT_002572,SKU_0042,Asia_Pacific,2027-M12,12502,0.87
FCT_002573,SKU_0025,Asia_Pacific,2026-M03,9230,0.92
FCT_002574,SKU_0045,Latin_America,2026-M03,8636,0.93
FCT_002575,SKU_0047,North_America,2027-M04,1647,0.95
FCT_002576,SKU_0002,Europe,2026-M11,4255,0.93
FCT_002577,SKU_0006,Latin_America,2027-M09,14534,0.9
FCT_002578,SKU_0023,Europe,2027-M05,4546,0.89
FCT_002579,SKU_0023,Europe,2027-M10,9929,0.82
FCT_002580,SKU_0021,Asia_Pacific,2026-M01,9453,0.81
FCT_002581,SKU_0041,North_America,2027-M05,2034,0.93
FCT_002582,SKU_0033,Latin_America,2026-M12,9623,0.92
FCT_002583,SKU_0025,Latin_America,2027-M03,11712,0.91
FCT_002584,SKU_0009,North_America,2026-M06,13289,0.83
FCT_002585,SKU_0003,North_America,2027-M02,6033,0.9
FCT_002586,SKU_0020,Europe,2026-M08,13152,0.9
FCT_002587,SKU_0023,Asia_Pacific,2027-M01,13273,0.85
FCT_002588,SKU_0021,North_America,2027-M01,3277,0.94
FCT_002589,SKU_0005,Europe,2026-M05,2966,0.81
FCT_002590,SKU_0007,North_America,2027-M06,3641,0.87
FCT_002591,SKU_0041,Asia_Pacific,2026-M07,6196,0.94
FCT_002592,SKU_0001,Asia_Pacific,2026-M05,7932,0.84
FCT_002593,SKU_0006,Europe,2026-M10,9159,0.93
FCT_002594,SKU_0042,Asia_Pacific,2027-M01,4562,0.81
FCT_002595,SKU_0031,Europe,2026-M07,6010,0.89
FCT_002596,SKU_0005,Asia_Pacific,2026-M09,4372,0.84
FCT_002597,SKU_0034,Europe,2027-M10,2722,0.93
FCT_002598,SKU_0007,Asia_Pacific,2027-M05,9766,0.88
FCT_002599,SKU_0034,Europe,2026-M03,3653,0.95
FCT_002600,SKU_0042,Latin_America,2027-M10,1882,0.92
FCT_002601,SKU_0007,Asia_Pacific,2027-M10,12993,0.92
FCT_002602,SKU_0024,Europe,2027-M07,13803,0.95
FCT_002603,SKU_0002,Europe,2026-M08,5250,0.9
FCT_002604,SKU_0049,Latin_America,2027-M06,1431,0.8
FCT_002605,SKU_0041,Latin_America,2026-M02,14337,0.94
FCT_002606,SKU_0042,Latin_America,2027-M05,2565,0.88
FCT_002607,SKU_0030,North_America,2027-M12,1306,0.84
FCT_002608,SKU_0018,Asia_Pacific,2027-M09,7840,0.84
FCT_002609,SKU_0012,Latin_America,2027-M10,7098,0.91
FCT_002610,SKU_0012,Latin_America,2026-M03,12100,0.81
FCT_002611,SKU_0028,Latin_America,2027-M05,1729,0.82
FCT_002612,SKU_0020,Europe,2026-M01,9205,0.82
FCT_002613,SKU_0016,Latin_America,2027-M03,2241,0.91
FCT_002614,SKU_0028,Latin_America,2027-M10,1388,0.88
FCT_002615,SKU_0042,Europe,2026-M04,8335,0.81
FCT_002616,SKU_0010,North_America,2027-M03,9483,0.84
FCT_002617,SKU_0033,Europe,2027-M07,7924,0.81
FCT_002618,SKU_0031,Latin_America,2026-M01,11394,0.88
FCT_002619,SKU_0038,Asia_Pacific,2026-M05,9731,0.87
FCT_002620,SKU_0043,Asia_Pacific,2026-M02,13984,0.89
FCT_002621,SKU_0021,North_America,2026-M11,4010,0.91
FCT_002622,SKU_0047,North_America,2026-M12,5612,0.89
FCT_002623,SKU_0026,Latin_America,2026-M08,10403,0.87
FCT_002624,SKU_0018,Latin_America,2026-M08,14992,0.8
FCT_002625,SKU_0046,North_America,2027-M01,11891,0.82
FCT_002626,SKU_0028,Europe,2026-M04,1337,0.84
FCT_002627,SKU_0021,Asia_Pacific,2027-M08,11555,0.85
FCT_002628,SKU_0019,Latin_America,2027-M01,9119,0.84
FCT_002629,SKU_0023,Asia_Pacific,2026-M11,12865,0.83
FCT_002630,SKU_0039,Latin_America,2027-M05,6004,0.82
FCT_002631,SKU_0004,Asia_Pacific,2027-M12,1710,0.86
FCT_002632,SKU_0033,North_America,2027-M09,2086,0.93
FCT_002633,SKU_0040,Asia_Pacific,2027-M01,14185,0.8
FCT_002634,SKU_0039,Latin_America,2027-M10,14819,0.86
FCT_002635,SKU_0024,Europe,2026-M01,2075,0.8
FCT_002636,SKU_0029,Europe,2027-M02,5788,0.82
FCT_002637,SKU_0005,North_America,2026-M05,2998,0.84
FCT_002638,SKU_0002,Europe,2026-M01,7002,0.85
FCT_002639,SKU_0039,Asia_Pacific,2026-M05,13209,0.87
FCT_002640,SKU_0022,Latin_America,2026-M09,5971,0.82
FCT_002641,SKU_0003,Latin_America,2027-M09,12808,0.87
FCT_002642,SKU_0017,North_America,2026-M07,3404,0.9
FCT_002643,SKU_0042,Europe,2027-M11,3095,0.9
FCT_002644,SKU_0024,Latin_America,2026-M09,10777,0.94
FCT_002645,SKU_0009,Europe,2026-M10,7934,0.91
FCT_002646,SKU_0042,Asia_Pacific,2026-M11,12345,0.87
FCT_002647,SKU_0016,North_America,2027-M08,11763,0.81
FCT_002648,SKU_0023,Latin_America,2026-M02,7189,0.92
FCT_002649,SKU_0028,Europe,2027-M11,2257,0.91
FCT_002650,SKU_0035,North_America,2027-M01,14119,0.91
FCT_002651,SKU_0048,North_America,2027-M02,13427,0.88
FCT_002652,SKU_0001,Asia_Pacific,2027-M04,10536,0.88
FCT_002653,SKU_0050,North_America,2026-M04,12719,0.88
FCT_002654,SKU_0008,North_America,2026-M07,14909,0.92
FCT_002655,SKU_0018,Latin_America,2026-M01,9046,0.86
FCT_002656,SKU_0011,Europe,2026-M01,13051,0.87
FCT_002657,SKU_0026,Latin_America,2026-M01,7079,0.93
FCT_002658,SKU_0010,Europe,2027-M05,4567,0.88
FCT_002659,SKU_0025,North_America,2027-M01,8613,0.9
FCT_002660,SKU_0025,Asia_Pacific,2027-M02,3110,0.92
FCT_002661,SKU_0045,Latin_America,2027-M02,10936,0.88
FCT_002662,SKU_0020,Europe,2027-M08,9733,0.95
FCT_002663,SKU_0002,Latin_America,2027-M05,4657,0.89
FCT_002664,SKU_0013,Asia_Pacific,2026-M04,11538,0.9
FCT_002665,SKU_0030,Europe,2026-M08,3633,0.81
FCT_002666,SKU_0046,North_America,2026-M11,9301,0.87
FCT_002667,SKU_0031,Latin_America,2027-M08,1636,0.84
FCT_002668,SKU_0019,Latin_America,2026-M11,2915,0.89
FCT_002669,SKU_0010,Latin_America,2027-M12,6227,0.85
FCT_002670,SKU_0009,Asia_Pacific,2027-M03,9213,0.86
FCT_002671,SKU_0042,Asia_Pacific,2026-M08,9352,0.92
FCT_002672,SKU_0004,Europe,2026-M04,2384,0.9
FCT_002673,SKU_0024,Europe,2027-M08,13949,0.87
FCT_002674,SKU_0049,North_America,2027-M03,12865,0.83
FCT_002675,SKU_0050,North_America,2027-M11,2859,0.88
FCT_002676,SKU_0020,Asia_Pacific,2026-M04,12232,0.8
FCT_002677,SKU_0002,Europe,2027-M08,10482,0.9
FCT_002678,SKU_0030,North_America,2026-M11,13760,0.85
FCT_002679,SKU_0002,Asia_Pacific,2027-M10,12097,0.81
FCT_002680,SKU_0002,Asia_Pacific,2026-M03,11262,0.9
FCT_002681,SKU_0019,Asia_Pacific,2027-M09,2752,0.85
FCT_002682,SKU_0011,Latin_America,2027-M10,8937,0.92
FCT_002683,SKU_0014,Europe,2026-M06,9355,0.85
FCT_002684,SKU_0013,Asia_Pacific,2027-M11,4157,0.94
FCT_002685,SKU_0039,Europe,2027-M01,2737,0.92
FCT_002686,SKU_0015,Asia_Pacific,2027-M09,9836,0.9
FCT_002687,SKU_0039,Asia_Pacific,2027-M04,4906,0.9
FCT_002688,SKU_0034,Europe,2027-M02,12801,0.82
FCT_002689,SKU_0035,North_America,2026-M11,6926,0.94
FCT_002690,SKU_0007,Europe,2027-M03,14553,0.85
FCT_002691,SKU_0050,Latin_America,2026-M05,4132,0.92
FCT_002692,SKU_0014,Latin_America,2027-M07,10560,0.83
FCT_002693,SKU_0046,Europe,2026-M05,2329,0.9
FCT_002694,SKU_0040,Latin_America,2026-M02,6180,0.84
FCT_002695,SKU_0030,Europe,2026-M01,7726,0.83
FCT_002696,SKU_0012,Latin_America,2027-M02,6144,0.93
FCT_002697,SKU_0038,Europe,2026-M03,8472,0.8
FCT_002698,SKU_0009,Europe,2027-M06,1893,0.91
FCT_002699,SKU_0048,Europe,2027-M01,11401,0.81
FCT_002700,SKU_0045,North_America,2026-M03,6818,0.83
FCT_002701,SKU_0016,Asia_Pacific,2026-M05,10157,0.9
FCT_002702,SKU_0001,Latin_America,2026-M06,4045,0.81
FCT_002703,SKU_0004,Asia_Pacific,2026-M11,6674,0.85
FCT_002704,SKU_0033,Latin_America,2026-M04,11631,0.85
FCT_002705,SKU_0004,Latin_America,2026-M07,6514,0.91
FCT_002706,SKU_0018,Latin_America,2027-M08,12039,0.85
FCT_002707,SKU_0011,Europe,2027-M08,5627,0.94
FCT_002708,SKU_0047,Europe,2027-M09,14916,0.81
FCT_002709,SKU_0011,Asia_Pacific,2026-M03,13432,0.94
FCT_002710,SKU_0020,Asia_Pacific,2027-M11,9456,0.91
FCT_002711,SKU_0003,North_America,2026-M10,12100,0.86
FCT_002712,SKU_0018,Europe,2027-M07,8667,0.9
FCT_002713,SKU_0026,Europe,2027-M07,9246,0.93
FCT_002714,SKU_0042,North_America,2027-M01,9815,0.95
FCT_002715,SKU_0017,Asia_Pacific,2027-M03,10630,0.94
FCT_002716,SKU_0029,Europe,2026-M09,3699,0.9
FCT_002717,SKU_0031,North_America,2027-M07,12958,0.82
FCT_002718,SKU_0028,North_America,2027-M01,14091,0.82
FCT_002719,SKU_0049,Europe,2027-M05,1512,0.91
FCT_002720,SKU_0026,North_America,2027-M09,8463,0.92
FCT_002721,SKU_0038,North_America,2027-M03,12126,0.9
FCT_002722,SKU_0031,Asia_Pacific,2027-M03,5542,0.8
FCT_002723,SKU_0038,Latin_America,2026-M06,13387,0.89
FCT_002724,SKU_0035,Europe,2026-M05,9101,0.91
FCT_002725,SKU_0014,Latin_America,2026-M01,2114,0.95
FCT_002726,SKU_0033,Latin_America,2027-M11,13817,0.83
FCT_002727,SKU_0027,Europe,2027-M05,7595,0.82
FCT_002728,SKU_0027,Europe,2027-M10,8267,0.86
FCT_002729,SKU_0023,North_America,2026-M06,9057,0.88
FCT_002730,SKU_0008,Asia_Pacific,2026-M06,1255,0.93
FCT_002731,SKU_0004,Asia_Pacific,2026-M08,5579,0.81
FCT_002732,SKU_0025,Europe,2026-M05,1376,0.94
FCT_002733,SKU_0049,Latin_America,2027-M12,6089,0.88
FCT_002734,SKU_0018,Asia_Pacific,2027-M05,7698,0.87
FCT_002735,SKU_0039,Europe,2026-M11,9549,0.86
FCT_002736,SKU_0026,Asia_Pacific,2027-M05,5479,0.82
FCT_002737,SKU_0043,Europe,2027-M04,8100,0.82
FCT_002738,SKU_0039,North_America,2027-M01,5789,0.85
FCT_002739,SKU_0044,Europe,2027-M01,9152,0.81
FCT_002740,SKU_0007,Latin_America,2026-M05,5239,0.88
FCT_002741,SKU_0012,North_America,2026-M03,7789,0.87
FCT_002742,SKU_0050,Europe,2027-M12,2883,0.92
FCT_002743,SKU_0017,Europe,2027-M09,2924,0.88
FCT_002744,SKU_0032,North_America,2027-M03,8638,0.92
FCT_002745,SKU_0041,Asia_Pacific,2027-M09,4783,0.84
FCT_002746,SKU_0048,Europe,2026-M11,6346,0.87
FCT_002747,SKU_0047,North_America,2026-M04,1770,0.9
FCT_002748,SKU_0013,Asia_Pacific,2026-M02,11807,0.84
FCT_002749,SKU_0025,Asia_Pacific,2026-M09,13875,0.91
FCT_002750,SKU_0045,Latin_America,2026-M09,8595,0.84
FCT_002751,SKU_0030,Europe,2027-M08,6045,0.93
FCT_002752,SKU_0044,Latin_America,2027-M09,11803,0.86
FCT_002753,SKU_0006,North_America,2026-M07,9685,0.88
FCT_002754,SKU_0022,Europe,2026-M12,11052,0.93
FCT_002755,SKU_0030,Asia_Pacific,2026-M03,11768,0.93
FCT_002756,SKU_0041,Europe,2026-M06,10842,0.92
FCT_002757,SKU_0042,North_America,2026-M11,12129,0.81
FCT_002758,SKU_0030,Latin_America,2027-M03,4502,0.9
FCT_002759,SKU_0029,Europe,2026-M10,1934,0.84
FCT_002760,SKU_0016,Asia_Pacific,2027-M04,4728,0.88
FCT_002761,SKU_0003,Latin_America,2027-M05,2656,0.92
FCT_002762,SKU_0037,North_America,2027-M07,8246,0.89
FCT_002763,SKU_0037,Asia_Pacific,2026-M10,13135,0.88
FCT_002764,SKU_0001,Europe,2027-M02,10664,0.89
FCT_002765,SKU_0003,North_America,2027-M06,5278,0.86
FCT_002766,SKU_0035,Latin_America,2026-M06,10398,0.82
FCT_002767,SKU_0029,Latin_America,2027-M03,8653,0.8
FCT_002768,SKU_0033,Asia_Pacific,2026-M07,9640,0.82
FCT_002769,SKU_0047,North_America,2027-M11,12142,0.83
FCT_002770,SKU_0020,North_America,2027-M10,2527,0.88
FCT_002771,SKU_0010,Latin_America,2026-M08,13579,0.95
FCT_002772,SKU_0025,Latin_America,2026-M06,5015,0.82
FCT_002773,SKU_0014,Latin_America,2027-M08,2371,0.92
FCT_002774,SKU_0013,North_America,2026-M04,6853,0.9
FCT_002775,SKU_0002,Asia_Pacific,2027-M02,14362,0.86
FCT_002776,SKU_0050,Asia_Pacific,2027-M04,9357,0.92
FCT_002777,SKU_0020,Latin_America,2026-M07,3720,0.87
FCT_002778,SKU_0044,Europe,2026-M11,10743,0.81
FCT_002779,SKU_0009,Latin_America,2026-M05,14383,0.87
FCT_002780,SKU_0016,Europe,2026-M03,1353,0.84
FCT_002781,SKU_0035,Europe,2027-M04,4965,0.94
FCT_002782,SKU_0017,North_America,2027-M09,8541,0.84
FCT_002783,SKU_0043,Europe,2026-M12,12941,0.93
FCT_002784,SKU_0012,Latin_America,2026-M09,6801,0.93
FCT_002785,SKU_0038,Europe,2027-M02,14206,0.9
FCT_002786,SKU_0025,Asia_Pacific,2026-M10,5849,0.8
FCT_002787,SKU_0045,Latin_America,2026-M10,14312,0.92
FCT_002788,SKU_0008,Europe,2027-M07,13813,0.9
FCT_002789,SKU_0046,Latin_America,2027-M06,4440,0.86
FCT_002790,SKU_0027,Latin_America,2026-M12,6164,0.81
FCT_002791,SKU_0011,North_America,2027-M01,11639,0.9
FCT_002792,SKU_0010,Asia_Pacific,2027-M07,4366,0.82
FCT_002793,SKU_0007,Latin_America,2027-M04,14461,0.85
FCT_002794,SKU_0040,North_America,2026-M07,2789,0.9
FCT_002795,SKU_0032,Latin_America,2027-M04,2860,0.89
FCT_002796,SKU_0013,North_America,2027-M11,1442,0.9
FCT_002797,SKU_0033,Asia_Pacific,2026-M02,1454,0.86
FCT_002798,SKU_0047,Latin_America,2027-M10,9008,0.82
FCT_002799,SKU_0014,Asia_Pacific,2027-M05,13075,0.86
FCT_002800,SKU_0014,Asia_Pacific,2027-M10,10552,0.83
FCT_002801,SKU_0005,Asia_Pacific,2027-M01,13846,0.8
FCT_002802,SKU_0010,Latin_America,2026-M01,3106,0.83
FCT_002803,SKU_0036,North_America,2027-M09,12057,0.85
FCT_002804,SKU_0016,Latin_America,2026-M06,3686,0.9
FCT_002805,SKU_0045,Europe,2027-M04,7944,0.92
FCT_002806,SKU_0028,Asia_Pacific,2026-M09,8171,0.9
FCT_002807,SKU_0016,North_America,2026-M05,5003,0.91
FCT_002808,SKU_0019,Europe,2026-M01,6988,0.92
FCT_002809,SKU_0025,Latin_America,2026-M12,10183,0.84
FCT_002810,SKU_0050,Europe,2026-M11,3229,0.85
FCT_002811,SKU_0015,Europe,2026-M01,7953,0.82
FCT_002812,SKU_0037,Asia_Pacific,2027-M06,14639,0.86
FCT_002813,SKU_0034,Europe,2026-M10,12229,0.85
FCT_002814,SKU_0050,Asia_Pacific,2026-M12,13524,0.89
FCT_002815,SKU_0023,Asia_Pacific,2027-M03,12721,0.89
FCT_002816,SKU_0026,Europe,2027-M03,5425,0.91
FCT_002817,SKU_0009,North_America,2026-M02,7768,0.92
FCT_002818,SKU_0022,Asia_Pacific,2027-M12,2397,0.88
FCT_002819,SKU_0012,Latin_America,2026-M10,14943,0.92
FCT_002820,SKU_0031,Latin_America,2026-M05,6154,0.83
FCT_002821,SKU_0049,Latin_America,2026-M08,13504,0.92
FCT_002822,SKU_0017,Latin_America,2026-M03,6189,0.88
FCT_002823,SKU_0011,North_America,2026-M11,3526,0.86
FCT_002824,SKU_0009,Latin_America,2027-M04,3084,0.91
FCT_002825,SKU_0030,Asia_Pacific,2027-M02,11237,0.86
FCT_002826,SKU_0048,North_America,2027-M06,9746,0.82
FCT_002827,SKU_0024,Europe,2026-M05,14951,0.89
FCT_002828,SKU_0050,Europe,2026-M08,14386,0.93
FCT_002829,SKU_0024,Latin_America,2027-M01,6094,0.95
FCT_002830,SKU_0018,North_America,2027-M12,3997,0.92
FCT_002831,SKU_0045,Latin_America,2027-M06,3188,0.83
FCT_002832,SKU_0027,North_America,2027-M09,10095,0.86
FCT_002833,SKU_0004,Latin_America,2027-M09,4768,0.92
FCT_002834,SKU_0032,Latin_America,2026-M12,9375,0.81
FCT_002835,SKU_0023,Europe,2027-M06,4379,0.94
FCT_002836,SKU_0015,Latin_America,2027-M10,13071,0.94
FCT_002837,SKU_0007,North_America,2026-M01,6460,0.93
FCT_002838,SKU_0038,North_America,2026-M06,3808,0.88
FCT_002839,SKU_0010,North_America,2026-M12,1495,0.85
FCT_002840,SKU_0001,Europe,2026-M09,14203,0.87
FCT_002841,SKU_0010,Latin_America,2027-M08,1746,0.93
FCT_002842,SKU_0048,Asia_Pacific,2027-M10,12732,0.9
FCT_002843,SKU_0049,Asia_Pacific,2027-M07,2442,0.89
FCT_002844,SKU_0013,Europe,2027-M12,11329,0.92
FCT_002845,SKU_0045,Europe,2026-M12,14243,0.83
FCT_002846,SKU_0020,North_America,2027-M02,5247,0.92
FCT_002847,SKU_0019,Europe,2027-M08,14474,0.84
FCT_002848,SKU_0002,Asia_Pacific,2026-M09,3154,0.85
FCT_002849,SKU_0047,Asia_Pacific,2027-M04,5595,0.91
FCT_002850,SKU_0017,Europe,2027-M05,8755,0.87
FCT_002851,SKU_0021,Europe,2027-M10,8904,0.84
FCT_002852,SKU_0034,Asia_Pacific,2026-M07,13756,0.94
FCT_002853,SKU_0041,Asia_Pacific,2027-M05,10265,0.86
FCT_002854,SKU_0046,North_America,2027-M03,14014,0.89
FCT_002855,SKU_0049,Latin_America,2026-M01,1555,0.85
FCT_002856,SKU_0015,Europe,2027-M08,5625,0.92
FCT_002857,SKU_0018,Latin_America,2026-M05,1799,0.87
FCT_002858,SKU_0003,Asia_Pacific,2027-M02,7332,0.89
FCT_002859,SKU_0019,Latin_America,2027-M03,9372,0.94
FCT_002860,SKU_0009,Asia_Pacific,2026-M06,7392,0.84
FCT_002861,SKU_0031,Europe,2027-M05,8117,0.82
FCT_002862,SKU_0040,Asia_Pacific,2027-M03,13152,0.9
FCT_002863,SKU_0022,Europe,2026-M04,6966,0.92
FCT_002864,SKU_0005,Latin_America,2026-M02,14145,0.83
FCT_002865,SKU_0008,Latin_America,2026-M04,8579,0.89
FCT_002866,SKU_0038,Europe,2026-M09,13864,0.93
FCT_002867,SKU_0044,North_America,2027-M09,10215,0.85
FCT_002868,SKU_0034,Europe,2027-M06,11675,0.93
FCT_002869,SKU_0024,North_America,2027-M02,11702,0.92
FCT_002870,SKU_0042,Latin_America,2027-M06,1339,0.89
FCT_002871,SKU_0007,Asia_Pacific,2027-M06,3289,0.82
FCT_002872,SKU_0003,Europe,2026-M07,14868,0.84
FCT_002873,SKU_0002,North_America,2027-M02,8664,0.82
FCT_002874,SKU_0012,Latin_America,2027-M06,6905,0.84
FCT_002875,SKU_0038,Latin_America,2026-M04,6803,0.91
FCT_002876,SKU_0006,Europe,2027-M07,10880,0.87
FCT_002877,SKU_0028,Latin_America,2027-M06,2516,0.91
FCT_002878,SKU_0044,Asia_Pacific,2027-M05,1990,0.89
FCT_002879,SKU_0047,Latin_America,2027-M02,11067,0.93
FCT_002880,SKU_0007,Europe,2026-M06,14340,0.83
FCT_002881,SKU_0044,Asia_Pacific,2027-M10,14802,0.89
FCT_002882,SKU_0001,Europe,2026-M10,5143,0.87
FCT_002883,SKU_0035,North_America,2027-M03,8214,0.88
FCT_002884,SKU_0043,Latin_America,2027-M05,7506,0.94
FCT_002885,SKU_0006,North_America,2027-M09,6907,0.9
FCT_002886,SKU_0043,Latin_America,2027-M10,14009,0.82
FCT_002887,SKU_0022,Europe,2027-M11,8813,0.84
FCT_002888,SKU_0012,Europe,2026-M12,3037,0.9
FCT_002889,SKU_0007,North_America,2027-M08,13678,0.81
FCT_002890,SKU_0040,Europe,2027-M09,3157,0.86
FCT_002891,SKU_0008,Latin_America,2027-M11,11634,0.92
FCT_002892,SKU_0025,North_America,2027-M03,13280,0.9
FCT_002893,SKU_0013,Latin_America,2027-M09,12346,0.92
FCT_002894,SKU_0002,Asia_Pacific,2026-M10,5868,0.84
FCT_002895,SKU_0041,Latin_America,2027-M10,11397,0.89
FCT_002896,SKU_0014,Europe,2026-M07,9702,0.84
FCT_002897,SKU_0039,Latin_America,2027-M06,5381,0.94
FCT_002898,SKU_0010,Asia_Pacific,2027-M03,8535,0.88
FCT_002899,SKU_0029,North_America,2026-M07,6857,0.82
FCT_002900,SKU_0017,Asia_Pacific,2026-M06,4977,0.86
FCT_002901,SKU_0030,Europe,2026-M05,13883,0.93
FCT_002902,SKU_0038,Latin_America,2027-M11,10691,0.94
FCT_002903,SKU_0047,Asia_Pacific,2026-M12,10337,0.86
FCT_002904,SKU_0012,North_America,2026-M09,5301,0.85
FCT_002905,SKU_0049,North_America,2026-M12,14081,0.85
FCT_002906,SKU_0033,Europe,2027-M04,12446,0.91
FCT_002907,SKU_0049,Latin_America,2027-M08,6805,0.91
FCT_002908,SKU_0038,Europe,2026-M10,6800,0.93
FCT_002909,SKU_0027,Latin_America,2026-M04,13010,0.88
FCT_002910,SKU_0043,Asia_Pacific,2026-M03,2900,0.83
FCT_002911,SKU_0020,Latin_America,2027-M09,12880,0.83
FCT_002912,SKU_0034,Latin_America,2027-M12,2789,0.87
FCT_002913,SKU_0017,Latin_America,2027-M02,5716,0.9
FCT_002914,SKU_0030,Asia_Pacific,2026-M09,11792,0.92
FCT_002915,SKU_0005,Europe,2026-M07,8199,0.91
FCT_002916,SKU_0037,Latin_America,2027-M12,9668,0.83
FCT_002917,SKU_0021,Latin_America,2026-M12,14926,0.82
FCT_002918,SKU_0022,Asia_Pacific,2026-M08,12186,0.84
FCT_002919,SKU_0009,Europe,2027-M07,1387,0.82
FCT_002920,SKU_0013,Europe,2026-M11,10825,0.94
FCT_002921,SKU_0014,Europe,2026-M02,7457,0.93
FCT_002922,SKU_0039,Europe,2027-M03,3119,0.87
FCT_002923,SKU_0025,Latin_America,2026-M04,2677,0.87
FCT_002924,SKU_0043,Europe,2027-M11,14364,0.84
FCT_002925,SKU_0014,Latin_America,2026-M05,1498,0.91
FCT_002926,SKU_0022,North_America,2027-M12,5534,0.95
FCT_002927,SKU_0032,North_America,2026-M06,5557,0.91
FCT_002928,SKU_0015,Latin_America,2027-M02,7380,0.85
FCT_002929,SKU_0027,Latin_America,2027-M11,7006,0.81
FCT_002930,SKU_0048,Europe,2027-M03,3676,0.88
FCT_002931,SKU_0040,North_America,2027-M09,4791,0.88
FCT_002932,SKU_0008,Asia_Pacific,2026-M07,3011,0.94
FCT_002933,SKU_0023,Latin_America,2026-M03,6737,0.8
FCT_002934,SKU_0001,Latin_America,2026-M02,3225,0.91
FCT_002935,SKU_0018,North_America,2026-M08,14183,0.82
FCT_002936,SKU_0029,Asia_Pacific,2027-M09,12771,0.89
FCT_002937,SKU_0019,North_America,2027-M01,1620,0.87
FCT_002938,SKU_0030,Latin_America,2026-M06,11647,0.84
FCT_002939,SKU_0042,North_America,2027-M03,11427,0.85
FCT_002940,SKU_0015,North_America,2027-M01,6841,0.83
FCT_002941,SKU_0031,Asia_Pacific,2026-M12,9616,0.95
FCT_002942,SKU_0016,Europe,2026-M09,3209,0.87
FCT_002943,SKU_0002,Asia_Pacific,2027-M06,7881,0.87
FCT_002944,SKU_0038,Asia_Pacific,2026-M07,14018,0.84
FCT_002945,SKU_0009,Europe,2026-M01,4379,0.89
FCT_002946,SKU_0025,Latin_America,2027-M11,6215,0.9
FCT_002947,SKU_0013,Europe,2026-M08,4555,0.94
FCT_002948,SKU_0022,Asia_Pacific,2026-M01,4755,0.92
FCT_002949,SKU_0028,North_America,2027-M03,8484,0.83
FCT_002950,SKU_0011,Latin_America,2027-M06,13903,0.82
FCT_002951,SKU_0024,North_America,2026-M09,8216,0.88
FCT_002952,SKU_0033,Europe,2026-M12,4538,0.89
FCT_002953,SKU_0045,Asia_Pacific,2027-M01,13611,0.91
FCT_002954,SKU_0030,Asia_Pacific,2026-M10,4065,0.81
FCT_002955,SKU_0022,North_America,2027-M01,6647,0.82
FCT_002956,SKU_0022,Latin_America,2027-M07,1195,0.82
FCT_002957,SKU_0049,Asia_Pacific,2027-M03,1023,0.87
FCT_002958,SKU_0050,Asia_Pacific,2027-M11,13395,0.82
FCT_002959,SKU_0005,North_America,2026-M07,5218,0.83
FCT_002960,SKU_0038,Europe,2027-M06,11289,0.89
FCT_002961,SKU_0010,North_America,2026-M04,12418,0.88
FCT_002962,SKU_0032,North_America,2026-M12,10326,0.9
FCT_002963,SKU_0036,Asia_Pacific,2026-M02,7269,0.95
FCT_002964,SKU_0014,North_America,2026-M02,14620,0.85
FCT_002965,SKU_0039,North_America,2027-M03,9138,0.81
FCT_002966,SKU_0041,North_America,2027-M12,6840,0.87
FCT_002967,SKU_0018,North_America,2026-M01,2825,0.95
FCT_002968,SKU_0044,Europe,2027-M03,6834,0.83
FCT_002969,SKU_0008,North_America,2026-M03,10180,0.89
FCT_002970,SKU_0035,Asia_Pacific,2026-M11,4187,0.81
FCT_002971,SKU_0027,Asia_Pacific,2026-M07,8424,0.83
FCT_002972,SKU_0020,North_America,2026-M10,11899,0.92
FCT_002973,SKU_0030,Latin_America,2026-M12,6920,0.81
FCT_002974,SKU_0041,Latin_America,2027-M02,11202,0.83
FCT_002975,SKU_0019,North_America,2026-M11,4816,0.87
FCT_002976,SKU_0042,Europe,2027-M05,14926,0.92
FCT_002977,SKU_0014,Latin_America,2027-M04,4731,0.82
FCT_002978,SKU_0040,Latin_America,2026-M03,3132,0.89
FCT_002979,SKU_0034,Latin_America,2026-M11,4158,0.93
FCT_002980,SKU_0041,Europe,2026-M02,5508,0.94
FCT_002981,SKU_0016,Europe,2026-M10,13158,0.85
FCT_002982,SKU_0044,North_America,2027-M05,6568,0.81
FCT_002983,SKU_0015,North_America,2026-M11,13569,0.82
FCT_002984,SKU_0010,North_America,2027-M11,12310,0.87
FCT_002985,SKU_0028,Europe,2027-M05,7113,0.89
FCT_002986,SKU_0029,Latin_America,2026-M12,14589,0.93
FCT_002987,SKU_0043,North_America,2027-M01,1439,0.88
FCT_002988,SKU_0026,Europe,2027-M04,7749,0.88
FCT_002989,SKU_0012,Asia_Pacific,2027-M01,1303,0.8
FCT_002990,SKU_0024,North_America,2026-M10,1963,0.87
FCT_002991,SKU_0009,Europe,2027-M08,3831,0.8
FCT_002992,SKU_0018,Europe,2027-M04,11734,0.89
FCT_002993,SKU_0028,Asia_Pacific,2027-M01,2399,0.93
FCT_002994,SKU_0022,North_America,2026-M11,13340,0.82
FCT_002995,SKU_0035,Latin_America,2026-M02,10573,0.93
FCT_002996,SKU_0002,North_America,2026-M10,5575,0.85
FCT_002997,SKU_0034,Asia_Pacific,2027-M09,5019,0.89
FCT_002998,SKU_0022,Asia_Pacific,2027-M08,11537,0.9
FCT_002999,SKU_0017,Latin_America,2026-M09,10342,0.86
FCT_003000,SKU_0031,North_America,2027-M04,1619,0.82
FCT_003001,SKU_0010,Latin_America,2026-M05,4435,0.81
FCT_003002,SKU_0025,Latin_America,2026-M02,6371,0.92
FCT_003003,SKU_0021,North_America,2026-M06,13775,0.93
FCT_003004,SKU_0023,Asia_Pacific,2026-M06,9455,0.91
FCT_003005,SKU_0047,Latin_America,2026-M10,6747,0.82
FCT_003006,SKU_0019,Europe,2026-M05,6910,0.87
FCT_003007,SKU_0004,North_America,2026-M07,11175,0.8
FCT_003008,SKU_0034,Latin_America,2026-M08,3741,0.83
FCT_003009,SKU_0018,North_America,2027-M08,14419,0.94
FCT_003010,SKU_0003,Europe,2027-M09,9614,0.88
FCT_003011,SKU_0037,Latin_America,2026-M08,14014,0.87
FCT_003012,SKU_0015,Europe,2026-M05,1049,0.93
FCT_003013,SKU_0039,Latin_America,2027-M12,5636,0.94
FCT_003014,SKU_0050,North_America,2027-M10,8616,0.85
FCT_003015,SKU_0023,Latin_America,2027-M02,3773,0.94
FCT_003016,SKU_0050,Latin_America,2026-M07,13029,0.84
FCT_003017,SKU_0047,Asia_Pacific,2026-M04,4621,0.94
FCT_003018,SKU_0046,Europe,2026-M07,1771,0.87
FCT_003019,SKU_0036,Latin_America,2027-M01,11244,0.88
FCT_003020,SKU_0049,North_America,2026-M04,9087,0.9
FCT_003021,SKU_0006,Asia_Pacific,2026-M07,9448,0.91
FCT_003022,SKU_0013,Asia_Pacific,2027-M10,8939,0.85
FCT_003023,SKU_0013,Asia_Pacific,2026-M03,12186,0.88
FCT_003024,SKU_0037,Europe,2026-M07,1080,0.89
FCT_003025,SKU_0048,Latin_America,2027-M04,10421,0.91
FCT_003026,SKU_0020,North_America,2027-M06,5975,0.85
FCT_003027,SKU_0029,Europe,2027-M07,5860,0.89
FCT_003028,SKU_0005,Asia_Pacific,2027-M03,8171,0.83
FCT_003029,SKU_0043,North_America,2026-M11,5064,0.86
FCT_003030,SKU_0012,Asia_Pacific,2026-M11,11191,0.84
FCT_003031,SKU_0004,Europe,2027-M05,7444,0.82
FCT_003032,SKU_0016,Latin_America,2026-M02,3916,0.88
FCT_003033,SKU_0041,North_America,2026-M11,6556,0.82
FCT_003034,SKU_0037,Asia_Pacific,2027-M07,3045,0.84
FCT_003035,SKU_0007,Europe,2026-M04,12301,0.82
FCT_003036,SKU_0046,Latin_America,2026-M01,6053,0.92
FCT_003037,SKU_0017,Latin_America,2026-M10,4702,0.9
FCT_003038,SKU_0003,Asia_Pacific,2027-M06,5430,0.91
FCT_003039,SKU_0034,Latin_America,2026-M01,6307,0.94
FCT_003040,SKU_0029,North_America,2027-M09,12173,0.94
FCT_003041,SKU_0026,Europe,2026-M12,5247,0.94
FCT_003042,SKU_0018,Europe,2026-M12,3395,0.82
FCT_003043,SKU_0037,North_America,2027-M04,7325,0.84
FCT_003044,SKU_0010,Europe,2027-M12,4168,0.94
FCT_003045,SKU_0020,Asia_Pacific,2027-M10,10908,0.93
FCT_003046,SKU_0007,North_America,2026-M05,10404,0.94
FCT_003047,SKU_0046,North_America,2026-M06,2746,0.86
FCT_003048,SKU_0049,North_America,2027-M11,12712,0.91
FCT_003049,SKU_0019,Latin_America,2026-M06,7187,0.87
FCT_003050,SKU_0031,North_America,2026-M12,1549,0.87
FCT_003051,SKU_0002,Latin_America,2027-M12,12121,0.88
FCT_003052,SKU_0038,North_America,2026-M07,12386,0.86
FCT_003053,SKU_0002,North_America,2027-M06,9368,0.91
FCT_003054,SKU_0015,Latin_America,2026-M10,12411,0.93
FCT_003055,SKU_0029,Asia_Pacific,2027-M05,6896,0.88
FCT_003056,SKU_0040,Asia_Pacific,2026-M06,8315,0.84
FCT_003057,SKU_0025,Europe,2026-M07,2234,0.94
FCT_003058,SKU_0017,Asia_Pacific,2026-M04,2409,0.81
FCT_003059,SKU_0048,North_America,2027-M07,11577,0.92
FCT_003060,SKU_0032,Asia_Pacific,2026-M02,8155,0.87
FCT_003061,SKU_0037,Europe,2026-M02,3477,0.95
FCT_003062,SKU_0005,Europe,2027-M09,5746,0.94
FCT_003063,SKU_0033,Latin_America,2027-M05,9257,0.87
FCT_003064,SKU_0045,North_America,2027-M01,4869,0.9
FCT_003065,SKU_0007,Europe,2027-M11,8373,0.88
FCT_003066,SKU_0033,Latin_America,2027-M10,6194,0.83
FCT_003067,SKU_0023,Europe,2026-M08,8744,0.81
FCT_003068,SKU_0049,Latin_America,2026-M05,3623,0.84
FCT_003069,SKU_0030,North_America,2026-M06,4485,0.93
FCT_003070,SKU_0031,Asia_Pacific,2026-M04,2794,0.86
FCT_003071,SKU_0024,Asia_Pacific,2026-M03,5357,0.85
FCT_003072,SKU_0041,North_America,2026-M08,11977,0.89
FCT_003073,SKU_0041,Latin_America,2026-M09,3412,0.94
FCT_003074,SKU_0025,Asia_Pacific,2027-M07,5238,0.95
FCT_003075,SKU_0021,Europe,2026-M10,8185,0.88
FCT_003076,SKU_0022,Latin_America,2027-M03,5430,0.87
FCT_003077,SKU_0036,Latin_America,2026-M11,5796,0.81
FCT_003078,SKU_0001,Asia_Pacific,2027-M09,11293,0.89
FCT_003079,SKU_0040,Latin_America,2027-M02,7373,0.85
FCT_003080,SKU_0011,Asia_Pacific,2027-M01,14136,0.88
FCT_003081,SKU_0019,Europe,2027-M04,8324,0.86
FCT_003082,SKU_0024,Latin_America,2027-M03,13883,0.89
FCT_003083,SKU_0015,Europe,2027-M04,8079,0.93
FCT_003084,SKU_0033,Europe,2026-M04,10658,0.82
FCT_003085,SKU_0035,North_America,2026-M06,1822,0.93
FCT_003086,SKU_0010,Asia_Pacific,2027-M04,13672,0.92
FCT_003087,SKU_0038,North_America,2026-M02,4613,0.9
FCT_003088,SKU_0048,Latin_America,2026-M12,12882,0.82
FCT_003089,SKU_0017,Asia_Pacific,2027-M11,4413,0.94
FCT_003090,SKU_0033,Asia_Pacific,2026-M03,13719,0.87
FCT_003091,SKU_0032,North_America,2026-M04,3309,0.85
FCT_003092,SKU_0046,Latin_America,2027-M08,8926,0.95
FCT_003093,SKU_0034,Latin_America,2027-M08,2185,0.82
FCT_003094,SKU_0031,Asia_Pacific,2027-M11,5082,0.8
FCT_003095,SKU_0038,Asia_Pacific,2027-M09,10053,0.92
FCT_003096,SKU_0040,Asia_Pacific,2026-M12,8501,0.9
FCT_003097,SKU_0007,Asia_Pacific,2026-M08,10438,0.85
FCT_003098,SKU_0037,North_America,2026-M12,10617,0.82
FCT_003099,SKU_0023,Europe,2026-M01,4835,0.82
FCT_003100,SKU_0034,Europe,2027-M07,5996,0.83
FCT_003101,SKU_0037,Latin_America,2027-M08,13707,0.86
FCT_003102,SKU_0009,Asia_Pacific,2026-M02,1323,0.8
FCT_003103,SKU_0030,Latin_America,2026-M04,9841,0.92
FCT_003104,SKU_0033,Europe,2027-M11,14993,0.8
FCT_003105,SKU_0012,North_America,2027-M01,6466,0.94
FCT_003106,SKU_0028,Latin_America,2026-M08,14290,0.88
FCT_003107,SKU_0012,Latin_America,2027-M07,7672,0.9
FCT_003108,SKU_0007,North_America,2027-M04,1756,0.9
FCT_003109,SKU_0009,North_America,2026-M03,4367,0.8
FCT_003110,SKU_0041,Latin_America,2026-M10,5401,0.81
FCT_003111,SKU_0023,Latin_America,2026-M09,5028,0.92
FCT_003112,SKU_0049,Europe,2027-M12,7646,0.85
FCT_003113,SKU_0021,Asia_Pacific,2026-M07,4097,0.82
FCT_003114,SKU_0015,Latin_America,2027-M06,9447,0.85
FCT_003115,SKU_0032,North_America,2027-M11,12997,0.94
FCT_003116,SKU_0047,North_America,2027-M10,5373,0.89
FCT_003117,SKU_0029,Latin_America,2026-M04,12135,0.89
FCT_003118,SKU_0006,Latin_America,2027-M01,8271,0.93
FCT_003119,SKU_0039,Europe,2026-M06,14151,0.87
FCT_003120,SKU_0048,Asia_Pacific,2027-M06,1452,0.91
FCT_003121,SKU_0013,Asia_Pacific,2027-M02,14127,0.81
FCT_003122,SKU_0034,Asia_Pacific,2027-M05,1720,0.8
FCT_003123,SKU_0039,Latin_America,2026-M08,5462,0.94
FCT_003124,SKU_0010,Europe,2026-M11,2627,0.92
FCT_003125,SKU_0007,Europe,2026-M02,13897,0.84
FCT_003126,SKU_0026,Asia_Pacific,2027-M12,8293,0.8
FCT_003127,SKU_0018,Asia_Pacific,2027-M12,1833,0.92
FCT_003128,SKU_0030,Latin_America,2027-M11,13013,0.89
FCT_003129,SKU_0048,Europe,2026-M06,12953,0.93
FCT_003130,SKU_0002,Latin_America,2026-M11,8998,0.95
FCT_003131,SKU_0042,Latin_America,2026-M01,5648,0.83
FCT_003132,SKU_0008,Europe,2026-M12,10172,0.87
FCT_003133,SKU_0010,Asia_Pacific,2026-M12,11818,0.91
FCT_003134,SKU_0048,North_America,2027-M08,14531,0.93
FCT_003135,SKU_0013,North_America,2027-M10,7251,0.84
FCT_003136,SKU_0029,Latin_America,2027-M11,12510,0.87
FCT_003137,SKU_0017,Asia_Pacific,2026-M02,4054,0.93
FCT_003138,SKU_0008,North_America,2026-M09,6861,0.93
FCT_003139,SKU_0046,Asia_Pacific,2027-M03,12597,0.87
FCT_003140,SKU_0023,Europe,2027-M08,5932,0.92
FCT_003141,SKU_0020,Europe,2026-M07,13108,0.85
FCT_003142,SKU_0010,Europe,2026-M08,7138,0.93
FCT_003143,SKU_0039,Latin_America,2026-M01,8161,0.86
FCT_003144,SKU_0044,Asia_Pacific,2027-M06,9577,0.82
FCT_003145,SKU_0018,Asia_Pacific,2027-M01,13456,0.88
FCT_003146,SKU_0024,Asia_Pacific,2027-M02,9183,0.85
FCT_003147,SKU_0005,Latin_America,2027-M10,5490,0.83
FCT_003148,SKU_0031,Latin_America,2026-M07,9288,0.85
FCT_003149,SKU_0005,Latin_America,2026-M03,4831,0.89
FCT_003150,SKU_0004,North_America,2027-M09,5107,0.82
FCT_003151,SKU_0006,Latin_America,2026-M11,13026,0.89
FCT_003152,SKU_0040,Latin_America,2026-M09,9201,0.87
FCT_003153,SKU_0009,Europe,2026-M05,7852,0.83
FCT_003154,SKU_0043,Latin_America,2027-M06,5230,0.9
FCT_003155,SKU_0044,Europe,2026-M06,3818,0.81
FCT_003156,SKU_0041,Latin_America,2027-M06,3638,0.82
FCT_003157,SKU_0018,Europe,2026-M04,12694,0.83
FCT_003158,SKU_0026,Europe,2026-M04,10588,0.93
FCT_003159,SKU_0032,North_America,2026-M02,9587,0.93
FCT_003160,SKU_0050,Latin_America,2027-M09,14388,0.94
FCT_003161,SKU_0001,Europe,2027-M07,3009,0.85
FCT_003162,SKU_0032,Europe,2027-M12,13869,0.8
FCT_003163,SKU_0002,Europe,2026-M07,8553,0.9
FCT_003164,SKU_0033,North_America,2027-M01,3013,0.83
FCT_003165,SKU_0035,Asia_Pacific,2027-M03,3271,0.9
FCT_003166,SKU_0046,Europe,2027-M09,1110,0.84
FCT_003167,SKU_0006,Asia_Pacific,2027-M09,5474,0.94
FCT_003168,SKU_0016,Asia_Pacific,2027-M09,5236,0.94
FCT_003169,SKU_0042,Latin_America,2027-M08,6752,0.86
FCT_003170,SKU_0031,North_America,2026-M04,14026,0.87
FCT_003171,SKU_0007,Asia_Pacific,2027-M08,6953,0.92
FCT_003172,SKU_0025,Asia_Pacific,2027-M03,11924,0.84
FCT_003173,SKU_0002,Asia_Pacific,2027-M07,13027,0.94
FCT_003174,SKU_0019,North_America,2027-M03,11648,0.9
FCT_003175,SKU_0001,North_America,2027-M09,7399,0.8
FCT_003176,SKU_0003,Latin_America,2027-M01,6171,0.86
FCT_003177,SKU_0010,Europe,2026-M01,10651,0.93
FCT_003178,SKU_0028,Latin_America,2027-M08,10449,0.81
FCT_003179,SKU_0015,North_America,2027-M03,2617,0.86
FCT_003180,SKU_0014,Asia_Pacific,2027-M12,14415,0.91
FCT_003181,SKU_0049,Asia_Pacific,2026-M12,7071,0.87
FCT_003182,SKU_0038,Europe,2027-M07,7564,0.87
FCT_003183,SKU_0018,Latin_America,2026-M07,13892,0.92
FCT_003184,SKU_0023,Asia_Pacific,2027-M11,8374,0.91
FCT_003185,SKU_0018,Europe,2027-M11,7545,0.94
FCT_003186,SKU_0026,Europe,2027-M11,14376,0.87
FCT_003187,SKU_0026,Latin_America,2026-M07,8094,0.86
FCT_003188,SKU_0026,Asia_Pacific,2026-M11,5123,0.87
FCT_003189,SKU_0001,Asia_Pacific,2027-M05,7456,0.81
FCT_003190,SKU_0045,Asia_Pacific,2027-M03,6780,0.82
FCT_003191,SKU_0035,Europe,2027-M09,9194,0.9
FCT_003192,SKU_0002,Europe,2026-M02,6603,0.93
FCT_003193,SKU_0040,Latin_America,2026-M10,3288,0.89
FCT_003194,SKU_0039,North_America,2026-M12,6092,0.85
FCT_003195,SKU_0039,Latin_America,2027-M08,6253,0.94
FCT_003196,SKU_0031,North_America,2027-M11,2156,0.87
FCT_003197,SKU_0025,Europe,2027-M09,2016,0.84
FCT_003198,SKU_0013,Asia_Pacific,2026-M09,11210,0.88
FCT_003199,SKU_0011,Latin_America,2026-M01,9111,0.88
FCT_003200,SKU_0007,Latin_America,2027-M09,10720,0.88
FCT_003201,SKU_0049,Europe,2026-M08,8989,0.95
FCT_003202,SKU_0046,North_America,2026-M04,8668,0.85
FCT_003203,SKU_0033,North_America,2026-M11,13130,0.84
FCT_003204,SKU_0009,Europe,2027-M04,3729,0.8
FCT_003205,SKU_0040,Asia_Pacific,2026-M04,2261,0.9
FCT_003206,SKU_0027,Europe,2026-M08,10076,0.85
FCT_003207,SKU_0037,North_America,2026-M04,1665,0.86
FCT_003208,SKU_0011,North_America,2026-M06,10950,0.83
FCT_003209,SKU_0021,North_America,2026-M07,14547,0.88
FCT_003210,SKU_0006,Europe,2026-M12,13839,0.9
FCT_003211,SKU_0018,Asia_Pacific,2026-M08,11573,0.88
FCT_003212,SKU_0026,Asia_Pacific,2026-M08,13863,0.9
FCT_003213,SKU_0019,Asia_Pacific,2027-M01,1568,0.81
FCT_003214,SKU_0013,North_America,2027-M02,14113,0.87
FCT_003215,SKU_0039,Asia_Pacific,2027-M05,6001,0.86
FCT_003216,SKU_0010,Europe,2027-M08,8074,0.83
FCT_003217,SKU_0001,Latin_America,2026-M03,1613,0.84
FCT_003218,SKU_0015,Asia_Pacific,2027-M01,14108,0.93
FCT_003219,SKU_0043,North_America,2027-M03,5209,0.84
FCT_003220,SKU_0012,Asia_Pacific,2027-M03,4178,0.81
FCT_003221,SKU_0002,Latin_America,2027-M08,12408,0.83
FCT_003222,SKU_0030,Europe,2026-M07,10284,0.92
FCT_003223,SKU_0008,Latin_America,2027-M05,4916,0.84
FCT_003224,SKU_0022,Europe,2027-M10,1324,0.93
FCT_003225,SKU_0046,North_America,2027-M11,2777,0.94
FCT_003226,SKU_0008,Latin_America,2027-M10,14123,0.93
FCT_003227,SKU_0028,Asia_Pacific,2027-M03,5306,0.9
FCT_003228,SKU_0042,Asia_Pacific,2026-M07,7561,0.85
FCT_003229,SKU_0040,Asia_Pacific,2027-M11,9220,0.88
FCT_003230,SKU_0030,Asia_Pacific,2027-M07,6621,0.88
FCT_003231,SKU_0024,Asia_Pacific,2026-M09,6239,0.86
FCT_003232,SKU_0049,Europe,2026-M01,12411,0.84
FCT_003233,SKU_0037,North_America,2027-M11,3514,0.89
FCT_003234,SKU_0025,North_America,2026-M04,2709,0.85
FCT_003235,SKU_0013,Asia_Pacific,2026-M10,5529,0.83
FCT_003236,SKU_0047,Europe,2027-M01,10971,0.87
FCT_003237,SKU_0021,North_America,2026-M02,5144,0.85
FCT_003238,SKU_0023,Asia_Pacific,2026-M02,12591,0.94
FCT_003239,SKU_0027,Europe,2026-M01,4459,0.85
FCT_003240,SKU_0038,Latin_America,2027-M10,8423,0.94
FCT_003241,SKU_0010,Asia_Pacific,2026-M04,9949,0.83
FCT_003242,SKU_0003,Latin_America,2026-M08,9219,0.87
FCT_003243,SKU_0038,Latin_America,2026-M03,2458,0.9
FCT_003244,SKU_0017,Europe,2027-M12,6376,0.85
FCT_003245,SKU_0036,Europe,2026-M04,7511,0.94
FCT_003246,SKU_0041,Asia_Pacific,2027-M12,11119,0.86
FCT_003247,SKU_0023,North_America,2027-M10,5054,0.9
FCT_003248,SKU_0023,North_America,2026-M03,4331,0.92
FCT_003249,SKU_0008,Asia_Pacific,2026-M03,9890,0.91
FCT_003250,SKU_0033,Asia_Pacific,2026-M09,10423,0.85
FCT_003251,SKU_0011,Latin_America,2027-M08,13198,0.88
FCT_003252,SKU_0036,Asia_Pacific,2026-M03,11883,0.84
FCT_003253,SKU_0014,North_America,2026-M03,8601,0.9
FCT_003254,SKU_0026,North_America,2027-M01,3307,0.85
FCT_003255,SKU_0028,Europe,2027-M06,12182,0.86
FCT_003256,SKU_0025,Europe,2027-M02,1752,0.9
FCT_003257,SKU_0020,North_America,2027-M07,10830,0.89
FCT_003258,SKU_0036,Latin_America,2027-M03,10554,0.95
FCT_003259,SKU_0005,Asia_Pacific,2026-M12,13696,0.92
FCT_003260,SKU_0042,Asia_Pacific,2026-M02,13041,0.86
FCT_003261,SKU_0032,Europe,2026-M08,5321,0.93
FCT_003262,SKU_0043,Europe,2027-M05,10875,0.85
FCT_003263,SKU_0016,Europe,2027-M07,8709,0.86
FCT_003264,SKU_0015,Asia_Pacific,2026-M11,3754,0.89
FCT_003265,SKU_0044,Asia_Pacific,2027-M12,7444,0.92
FCT_003266,SKU_0036,Europe,2027-M11,12206,0.94
FCT_003267,SKU_0041,Europe,2027-M10,5652,0.82
FCT_003268,SKU_0027,Latin_America,2027-M05,9605,0.93
FCT_003269,SKU_0003,North_America,2027-M04,14705,0.82
FCT_003270,SKU_0043,Asia_Pacific,2027-M01,10664,0.87
FCT_003271,SKU_0009,North_America,2026-M09,8112,0.87
FCT_003272,SKU_0001,Europe,2027-M03,12909,0.93
FCT_003273,SKU_0024,North_America,2027-M07,1796,0.81
FCT_003274,SKU_0030,North_America,2026-M07,1064,0.82
FCT_003275,SKU_0024,Asia_Pacific,2026-M10,14381,0.93
FCT_003276,SKU_0016,North_America,2027-M09,14323,0.81
FCT_003277,SKU_0043,Latin_America,2027-M12,13435,0.81
FCT_003278,SKU_0041,Asia_Pacific,2027-M01,13888,0.95
FCT_003279,SKU_0027,Latin_America,2027-M10,6125,0.93
FCT_003280,SKU_0047,Europe,2026-M11,13143,0.9
FCT_003281,SKU_0044,Latin_America,2027-M01,3084,0.93
FCT_003282,SKU_0031,Europe,2027-M01,4078,0.88
FCT_003283,SKU_0046,Europe,2027-M05,11820,0.87
FCT_003284,SKU_0049,Europe,2027-M08,2652,0.94
FCT_003285,SKU_0020,North_America,2026-M01,3034,0.92
FCT_003286,SKU_0014,Asia_Pacific,2026-M08,14134,0.85
FCT_003287,SKU_0047,Latin_America,2027-M07,2232,0.89
FCT_003288,SKU_0019,Latin_America,2026-M02,11386,0.84
FCT_003289,SKU_0050,North_America,2027-M06,6764,0.91
FCT_003290,SKU_0020,Europe,2027-M09,7270,0.83
FCT_003291,SKU_0016,Asia_Pacific,2027-M05,5992,0.92
FCT_003292,SKU_0042,North_America,2026-M04,12847,0.84
FCT_003293,SKU_0046,North_America,2026-M02,12282,0.83
FCT_003294,SKU_0048,North_America,2026-M05,1584,0.81
FCT_003295,SKU_0040,Asia_Pacific,2026-M02,6514,0.86
FCT_003296,SKU_0027,Europe,2027-M08,4556,0.89
FCT_003297,SKU_0004,Asia_Pacific,2026-M07,4863,0.89
FCT_003298,SKU_0025,Latin_America,2027-M10,12110,0.85
FCT_003299,SKU_0031,Latin_America,2027-M09,9551,0.82
FCT_003300,SKU_0022,Latin_America,2026-M12,4090,0.91
FCT_003301,SKU_0013,Asia_Pacific,2027-M06,7279,0.82
FCT_003302,SKU_0026,North_America,2026-M11,4941,0.9
FCT_003303,SKU_0045,North_America,2027-M03,2496,0.94
FCT_003304,SKU_0032,Europe,2026-M01,1237,0.84
FCT_003305,SKU_0024,Latin_America,2026-M12,11538,0.87
FCT_003306,SKU_0023,Europe,2026-M05,6134,0.94
FCT_003307,SKU_0030,North_America,2026-M02,10753,0.91
FCT_003308,SKU_0050,Asia_Pacific,2027-M10,14732,0.84
FCT_003309,SKU_0011,Asia_Pacific,2027-M03,12019,0.84
FCT_003310,SKU_0049,Asia_Pacific,2026-M04,3615,0.81
FCT_003311,SKU_0002,North_America,2026-M01,5638,0.88
FCT_003312,SKU_0024,Europe,2027-M09,4106,0.91
FCT_003313,SKU_0004,Europe,2027-M06,6677,0.81
FCT_003314,SKU_0001,Latin_America,2027-M02,5587,0.86
FCT_003315,SKU_0035,Europe,2027-M05,13451,0.94
FCT_003316,SKU_0035,North_America,2026-M02,10834,0.83
FCT_003317,SKU_0039,North_America,2026-M04,5042,0.94
FCT_003318,SKU_0047,Latin_America,2026-M01,9445,0.81
FCT_003319,SKU_0020,Asia_Pacific,2027-M06,10572,0.9
FCT_003320,SKU_0044,Europe,2026-M04,10257,0.89
FCT_003321,SKU_0009,North_America,2026-M10,8628,0.8
FCT_003322,SKU_0017,Europe,2026-M11,5341,0.84
FCT_003323,SKU_0017,North_America,2027-M01,5952,0.94
FCT_003324,SKU_0004,Asia_Pacific,2026-M02,4313,0.81
FCT_003325,SKU_0017,Latin_America,2027-M07,11153,0.8
FCT_003326,SKU_0028,North_America,2027-M11,8933,0.81
FCT_003327,SKU_0005,Latin_America,2026-M09,10130,0.83
FCT_003328,SKU_0007,Latin_America,2027-M05,12103,0.85
FCT_003329,SKU_0044,Latin_America,2026-M11,12296,0.84
FCT_003330,SKU_0031,Europe,2026-M11,3117,0.91
FCT_003331,SKU_0032,Latin_America,2027-M05,9011,0.87
FCT_003332,SKU_0037,Asia_Pacific,2027-M04,11536,0.83
FCT_003333,SKU_0016,Latin_America,2026-M03,8146,0.85
FCT_003334,SKU_0042,Latin_America,2026-M05,5214,0.87
FCT_003335,SKU_0033,Latin_America,2027-M06,2062,0.87
FCT_003336,SKU_0046,Asia_Pacific,2026-M06,8271,0.85
FCT_003337,SKU_0018,Latin_America,2027-M09,4690,0.85
FCT_003338,SKU_0010,North_America,2027-M10,6078,0.88
FCT_003339,SKU_0011,Europe,2027-M09,2748,0.84
FCT_003340,SKU_0010,Latin_America,2026-M07,2594,0.83
FCT_003341,SKU_0020,North_America,2027-M08,7383,0.86
FCT_003342,SKU_0026,Latin_America,2027-M09,2732,0.85
FCT_003343,SKU_0006,Europe,2026-M04,12195,0.84
FCT_003344,SKU_0012,North_America,2027-M03,4557,0.92
FCT_003345,SKU_0045,Europe,2027-M05,10455,0.91
FCT_003346,SKU_0028,Latin_America,2026-M05,3089,0.89
FCT_003347,SKU_0036,North_America,2027-M01,3936,0.87
FCT_003348,SKU_0039,North_America,2027-M11,1835,0.92
FCT_003349,SKU_0044,Europe,2027-M11,2130,0.85
FCT_003350,SKU_0014,North_America,2027-M02,11513,0.81
FCT_003351,SKU_0032,Europe,2027-M08,5172,0.92
FCT_003352,SKU_0017,Europe,2026-M08,4646,0.9
FCT_003353,SKU_0032,Asia_Pacific,2026-M03,10328,0.81
FCT_003354,SKU_0048,North_America,2027-M04,3582,0.87
FCT_003355,SKU_0013,North_America,2026-M10,13138,0.88
FCT_003356,SKU_0037,Europe,2026-M03,11043,0.9
FCT_003357,SKU_0021,Europe,2027-M07,6415,0.88
FCT_003358,SKU_0006,Latin_America,2027-M03,5718,0.92
FCT_003359,SKU_0030,Asia_Pacific,2027-M03,8752,0.83
FCT_003360,SKU_0039,Europe,2026-M02,12548,0.93
FCT_003361,SKU_0025,Asia_Pacific,2027-M04,10256,0.81
FCT_003362,SKU_0031,Europe,2026-M08,3156,0.89
FCT_003363,SKU_0039,Latin_America,2026-M05,10890,0.93
FCT_003364,SKU_0002,North_America,2027-M08,4621,0.87
FCT_003365,SKU_0035,Asia_Pacific,2026-M06,2833,0.9
FCT_003366,SKU_0041,Europe,2027-M02,2796,0.82
FCT_003367,SKU_0006,Europe,2027-M11,8235,0.85
FCT_003368,SKU_0048,Europe,2026-M02,4971,0.89
FCT_003369,SKU_0017,North_America,2026-M11,13902,0.85
FCT_003370,SKU_0015,Latin_America,2026-M01,8568,0.9
FCT_003371,SKU_0005,Latin_America,2026-M10,2434,0.94
FCT_003372,SKU_0019,North_America,2026-M06,14140,0.83
FCT_003373,SKU_0048,Asia_Pacific,2026-M01,13939,0.91
FCT_003374,SKU_0046,Asia_Pacific,2026-M12,7904,0.94
FCT_003375,SKU_0042,North_America,2026-M02,4063,0.95
FCT_003376,SKU_0038,North_America,2026-M03,1550,0.92
FCT_003377,SKU_0044,Asia_Pacific,2026-M08,12570,0.86
FCT_003378,SKU_0015,North_America,2026-M06,11706,0.91
FCT_003379,SKU_0035,Latin_America,2027-M02,6328,0.89
FCT_003380,SKU_0029,Europe,2026-M12,1751,0.8
FCT_003381,SKU_0030,Europe,2027-M09,5523,0.93
FCT_003382,SKU_0012,Europe,2027-M05,4106,0.86
FCT_003383,SKU_0037,Asia_Pacific,2026-M12,4532,0.86
FCT_003384,SKU_0021,Europe,2026-M01,5753,0.84
FCT_003385,SKU_0047,North_America,2027-M06,14495,0.82
FCT_003386,SKU_0044,North_America,2027-M12,13749,0.88
FCT_003387,SKU_0043,Latin_America,2026-M08,14015,0.86
FCT_003388,SKU_0027,North_America,2027-M01,2522,0.84
FCT_003389,SKU_0028,North_America,2026-M02,3560,0.9
FCT_003390,SKU_0025,Latin_America,2027-M02,12592,0.8
FCT_003391,SKU_0005,Asia_Pacific,2026-M04,1923,0.87
FCT_003392,SKU_0028,Europe,2027-M12,3461,0.82
FCT_003393,SKU_0036,North_America,2026-M11,8232,0.86
FCT_003394,SKU_0045,Asia_Pacific,2026-M06,9195,0.84
FCT_003395,SKU_0022,North_America,2026-M06,3575,0.87
FCT_003396,SKU_0014,Europe,2026-M09,1769,0.93
FCT_003397,SKU_0034,Europe,2027-M04,9311,0.94
FCT_003398,SKU_0009,Asia_Pacific,2026-M03,8307,0.94
FCT_003399,SKU_0041,Latin_America,2027-M07,6236,0.9
FCT_003400,SKU_0047,Asia_Pacific,2027-M05,2743,0.81
FCT_003401,SKU_0047,Asia_Pacific,2027-M10,4576,0.83
FCT_003402,SKU_0012,Latin_America,2027-M04,13297,0.86
FCT_003403,SKU_0049,North_America,2027-M10,1647,0.8
FCT_003404,SKU_0049,Latin_America,2026-M07,10633,0.81
FCT_003405,SKU_0044,Europe,2026-M02,1982,0.9
FCT_003406,SKU_0011,North_America,2027-M11,4468,0.9
FCT_003407,SKU_0014,Latin_America,2027-M09,3302,0.85
FCT_003408,SKU_0050,Europe,2026-M07,12974,0.93
FCT_003409,SKU_0025,Asia_Pacific,2026-M12,11574,0.94
FCT_003410,SKU_0013,Latin_America,2027-M12,8306,0.93
FCT_003411,SKU_0013,North_America,2027-M06,5647,0.86
FCT_003412,SKU_0044,Asia_Pacific,2026-M01,10036,0.86
FCT_003413,SKU_0033,North_America,2027-M03,8855,0.82
FCT_003414,SKU_0005,Asia_Pacific,2027-M11,11781,0.85
FCT_003415,SKU_0007,Europe,2027-M10,8577,0.9
FCT_003416,SKU_0021,Latin_America,2027-M10,4953,0.84
FCT_003417,SKU_0007,Europe,2026-M03,14163,0.86
FCT_003418,SKU_0043,Latin_America,2026-M01,4548,0.83
FCT_003419,SKU_0011,Latin_America,2026-M05,12661,0.84
FCT_003420,SKU_0031,Latin_America,2027-M05,7202,0.85
FCT_003421,SKU_0022,Latin_America,2026-M04,13926,0.95
FCT_003422,SKU_0038,Latin_America,2026-M09,11979,0.86
FCT_003423,SKU_0043,North_America,2026-M06,9656,0.84
FCT_003424,SKU_0010,North_America,2027-M02,14472,0.92
FCT_003425,SKU_0012,Asia_Pacific,2026-M06,6475,0.84
FCT_003426,SKU_0004,Latin_America,2026-M11,7730,0.91
FCT_003427,SKU_0023,North_America,2026-M09,6454,0.82
FCT_003428,SKU_0008,Asia_Pacific,2026-M09,6121,0.87
FCT_003429,SKU_0041,North_America,2026-M06,6137,0.95
FCT_003430,SKU_0024,Europe,2027-M05,13391,0.81
FCT_003431,SKU_0017,Asia_Pacific,2027-M10,9432,0.85
FCT_003432,SKU_0017,Asia_Pacific,2026-M03,13904,0.91
FCT_003433,SKU_0023,Latin_America,2027-M07,9187,0.86
FCT_003434,SKU_0050,Europe,2026-M02,12052,0.86
FCT_003435,SKU_0040,Europe,2027-M01,12528,0.92
FCT_003436,SKU_0017,Latin_America,2027-M03,6913,0.94
FCT_003437,SKU_0032,Asia_Pacific,2027-M02,7691,0.85
FCT_003438,SKU_0034,Europe,2026-M12,7747,0.8
FCT_003439,SKU_0031,Asia_Pacific,2027-M10,13871,0.94
FCT_003440,SKU_0001,Latin_America,2026-M10,13601,0.94
FCT_003441,SKU_0012,Latin_America,2026-M12,4746,0.91
FCT_003442,SKU_0049,Europe,2026-M05,8335,0.91
FCT_003443,SKU_0024,Latin_America,2027-M11,3514,0.83
FCT_003444,SKU_0022,Europe,2026-M10,14811,0.86
FCT_003445,SKU_0041,Europe,2026-M09,5457,0.88
FCT_003446,SKU_0029,Asia_Pacific,2027-M12,11443,0.82
FCT_003447,SKU_0033,Asia_Pacific,2027-M01,1142,0.88
FCT_003448,SKU_0044,North_America,2026-M11,4014,0.95
FCT_003449,SKU_0020,Latin_America,2027-M01,3095,0.85
FCT_003450,SKU_0044,Asia_Pacific,2027-M08,12998,0.84
FCT_003451,SKU_0027,Europe,2026-M05,6785,0.87
FCT_003452,SKU_0011,North_America,2026-M02,10631,0.9
FCT_003453,SKU_0032,North_America,2027-M10,14749,0.91
FCT_003454,SKU_0032,North_America,2026-M03,8424,0.9
FCT_003455,SKU_0043,North_America,2026-M12,4765,0.87
FCT_003456,SKU_0019,Asia_Pacific,2027-M03,7770,0.81
FCT_003457,SKU_0035,Latin_America,2026-M09,2148,0.84
FCT_003458,SKU_0038,Latin_America,2026-M10,8039,0.85
FCT_003459,SKU_0043,Latin_America,2027-M08,1940,0.83
FCT_003460,SKU_0028,Asia_Pacific,2026-M12,14865,0.87
FCT_003461,SKU_0002,Asia_Pacific,2027-M04,9931,0.81
FCT_003462,SKU_0015,Asia_Pacific,2027-M03,13944,0.87
FCT_003463,SKU_0025,Latin_America,2026-M09,3931,0.89
FCT_003464,SKU_0027,Asia_Pacific,2026-M09,3338,0.82
FCT_003465,SKU_0030,Latin_America,2027-M10,11156,0.92
FCT_003466,SKU_0014,North_America,2026-M10,6926,0.9
FCT_003467,SKU_0030,Latin_America,2026-M03,3434,0.85
FCT_003468,SKU_0006,North_America,2026-M11,11996,0.83
FCT_003469,SKU_0009,Asia_Pacific,2027-M02,3503,0.82
FCT_003470,SKU_0042,Europe,2026-M08,11452,0.86
FCT_003471,SKU_0040,Europe,2026-M11,2424,0.91
FCT_003472,SKU_0013,Latin_America,2026-M11,12038,0.9
FCT_003473,SKU_0040,North_America,2027-M01,6007,0.89
FCT_003474,SKU_0038,Europe,2027-M04,3180,0.88
FCT_003475,SKU_0010,Latin_America,2027-M09,1419,0.87
FCT_003476,SKU_0040,Latin_America,2027-M07,8086,0.9
FCT_003477,SKU_0047,Europe,2027-M03,11938,0.89
FCT_003478,SKU_0044,North_America,2026-M08,6380,0.83
FCT_003479,SKU_0049,North_America,2027-M02,1891,0.94
FCT_003480,SKU_0029,Latin_America,2027-M10,8665,0.88
FCT_003481,SKU_0023,Latin_America,2027-M08,4480,0.9
FCT_003482,SKU_0028,Europe,2026-M08,11752,0.84
FCT_003483,SKU_0002,Europe,2026-M03,9172,0.86
FCT_003484,SKU_0019,Europe,2027-M09,12256,0.89
FCT_003485,SKU_0022,Asia_Pacific,2026-M07,1824,0.94
FCT_003486,SKU_0046,Asia_Pacific,2026-M04,8181,0.88
FCT_003487,SKU_0045,North_America,2026-M06,6090,0.85
FCT_003488,SKU_0029,Europe,2026-M04,8060,0.95
FCT_003489,SKU_0026,North_America,2027-M03,7181,0.89
FCT_003490,SKU_0020,North_America,2026-M05,12269,0.88
FCT_003491,SKU_0020,Latin_America,2026-M11,8068,0.94
FCT_003492,SKU_0021,Latin_America,2027-M02,14428,0.8
FCT_003493,SKU_0011,Asia_Pacific,2026-M06,10258,0.9
FCT_003494,SKU_0016,Latin_America,2026-M09,4446,0.88
FCT_003495,SKU_0035,Latin_America,2026-M10,9283,0.82
FCT_003496,SKU_0040,Europe,2026-M08,12178,0.91
FCT_003497,SKU_0008,Latin_America,2027-M06,12940,0.8
FCT_003498,SKU_0003,Asia_Pacific,2026-M05,6357,0.85
FCT_003499,SKU_0032,Europe,2026-M05,3961,0.85
FCT_003500,SKU_0042,Europe,2026-M01,11374,0.86
FCT_003501,SKU_0001,Europe,2026-M12,10353,0.87
FCT_003502,SKU_0018,North_America,2026-M07,4020,0.86
FCT_003503,SKU_0025,Latin_America,2026-M10,10266,0.91
FCT_003504,SKU_0044,North_America,2026-M01,3397,0.83
FCT_003505,SKU_0043,Asia_Pacific,2027-M03,13747,0.82
FCT_003506,SKU_0017,Asia_Pacific,2027-M02,8338,0.91
FCT_003507,SKU_0002,Asia_Pacific,2026-M12,3602,0.87
FCT_003508,SKU_0002,North_America,2026-M05,11354,0.94
FCT_003509,SKU_0038,Latin_America,2027-M06,12761,0.92
FCT_003510,SKU_0028,Europe,2026-M01,7764,0.94
FCT_003511,SKU_0046,Asia_Pacific,2027-M11,14435,0.91
FCT_003512,SKU_0035,Asia_Pacific,2026-M04,12658,0.82
FCT_003513,SKU_0040,North_America,2026-M11,1898,0.91
FCT_003514,SKU_0013,Europe,2026-M07,5431,0.87
FCT_003515,SKU_0029,Europe,2027-M11,4152,0.92
FCT_003516,SKU_0014,Latin_America,2027-M05,12140,0.84
FCT_003517,SKU_0032,Asia_Pacific,2026-M09,11453,0.84
FCT_003518,SKU_0029,Asia_Pacific,2026-M11,8052,0.86
FCT_003519,SKU_0044,Latin_America,2027-M03,2726,0.81
FCT_003520,SKU_0047,Latin_America,2026-M05,2640,0.94
FCT_003521,SKU_0007,North_America,2027-M09,5886,0.89
FCT_003522,SKU_0025,Asia_Pacific,2026-M04,13183,0.86
FCT_003523,SKU_0014,Asia_Pacific,2026-M05,9959,0.81
FCT_003524,SKU_0013,Asia_Pacific,2027-M07,7200,0.93
FCT_003525,SKU_0019,North_America,2026-M04,7485,0.83
FCT_003526,SKU_0038,Europe,2026-M12,14332,0.88
FCT_003527,SKU_0045,North_America,2026-M12,13414,0.91
FCT_003528,SKU_0004,Europe,2026-M08,9518,0.9
FCT_003529,SKU_0018,Europe,2027-M05,8714,0.94
FCT_003530,SKU_0018,North_America,2026-M02,11093,0.95
FCT_003531,SKU_0026,Europe,2027-M10,5453,0.95
FCT_003532,SKU_0021,North_America,2026-M03,10897,0.93
FCT_003533,SKU_0013,Latin_America,2026-M01,5174,0.93
FCT_003534,SKU_0023,Asia_Pacific,2026-M03,13352,0.84
FCT_003535,SKU_0018,Europe,2027-M10,14046,0.91
FCT_003536,SKU_0011,Asia_Pacific,2026-M12,12072,0.94
FCT_003537,SKU_0049,Latin_America,2027-M09,6901,0.81
FCT_003538,SKU_0031,North_America,2027-M05,7999,0.89
FCT_003539,SKU_0034,Asia_Pacific,2027-M01,6308,0.86
FCT_003540,SKU_0031,North_America,2027-M10,2420,0.83
FCT_003541,SKU_0041,Europe,2027-M06,5910,0.84
FCT_003542,SKU_0038,North_America,2026-M09,14927,0.88
FCT_003543,SKU_0027,Latin_America,2027-M06,9851,0.83
FCT_003544,SKU_0013,Europe,2026-M02,11744,0.84
FCT_003545,SKU_0010,North_America,2026-M10,2662,0.88
FCT_003546,SKU_0025,Asia_Pacific,2027-M11,9920,0.8
FCT_003547,SKU_0029,Asia_Pacific,2026-M08,7472,0.89
FCT_003548,SKU_0019,North_America,2027-M11,4123,0.84
FCT_003549,SKU_0020,North_America,2027-M04,7894,0.89
FCT_003550,SKU_0042,Europe,2027-M08,14180,0.82
FCT_003551,SKU_0030,Latin_America,2027-M02,14640,0.92
FCT_003552,SKU_0003,Europe,2027-M01,4333,0.87
FCT_003553,SKU_0016,Europe,2027-M04,9090,0.89
FCT_003554,SKU_0003,Asia_Pacific,2027-M04,13862,0.84
FCT_003555,SKU_0009,Asia_Pacific,2026-M09,10992,0.88
FCT_003556,SKU_0044,North_America,2027-M08,1038,0.81
FCT_003557,SKU_0024,Asia_Pacific,2027-M07,12033,0.93
FCT_003558,SKU_0017,North_America,2027-M03,3620,0.94
FCT_003559,SKU_0004,Europe,2026-M01,1455,0.81
FCT_003560,SKU_0028,Europe,2027-M08,4523,0.81
FCT_003561,SKU_0025,Latin_America,2027-M06,13523,0.86
FCT_003562,SKU_0012,North_America,2026-M12,1509,0.8
FCT_003563,SKU_0024,North_America,2027-M04,3511,0.84
FCT_003564,SKU_0029,Latin_America,2027-M02,2628,0.85
FCT_003565,SKU_0015,Latin_America,2026-M05,4543,0.81
FCT_003566,SKU_0005,Europe,2027-M12,4192,0.84
FCT_003567,SKU_0050,Asia_Pacific,2027-M06,14532,0.86
FCT_003568,SKU_0008,North_America,2027-M03,13449,0.9
FCT_003569,SKU_0048,Asia_Pacific,2026-M05,12122,0.81
FCT_003570,SKU_0046,North_America,2027-M10,13583,0.8
FCT_003571,SKU_0030,Asia_Pacific,2026-M12,10065,0.83
FCT_003572,SKU_0026,Asia_Pacific,2026-M06,3751,0.87
FCT_003573,SKU_0043,North_America,2026-M04,4007,0.84
FCT_003574,SKU_0019,Latin_America,2026-M03,9999,0.89
FCT_003575,SKU_0046,Latin_America,2026-M07,7986,0.87
FCT_003576,SKU_0014,Europe,2027-M01,1572,0.93
FCT_003577,SKU_0034,Latin_America,2026-M07,3997,0.89
FCT_003578,SKU_0007,Europe,2026-M09,10902,0.8
FCT_003579,SKU_0040,Asia_Pacific,2027-M10,14896,0.94
FCT_003580,SKU_0013,Latin_America,2027-M08,2600,0.9
FCT_003581,SKU_0034,Asia_Pacific,2026-M11,8479,0.87
FCT_003582,SKU_0040,Asia_Pacific,2026-M03,6246,0.86
FCT_003583,SKU_0028,Asia_Pacific,2026-M04,10425,0.9
FCT_003584,SKU_0037,North_America,2027-M10,1225,0.8
FCT_003585,SKU_0021,Europe,2026-M05,1093,0.9
FCT_003586,SKU_0037,Latin_America,2026-M07,11750,0.89
FCT_003587,SKU_0033,Latin_America,2026-M01,13317,0.91
FCT_003588,SKU_0033,North_America,2026-M06,8584,0.86
FCT_003589,SKU_0035,Asia_Pacific,2026-M02,6615,0.93
FCT_003590,SKU_0009,North_America,2027-M07,4482,0.92
FCT_003591,SKU_0017,Asia_Pacific,2026-M09,3853,0.94
FCT_003592,SKU_0009,Asia_Pacific,2026-M10,14925,0.85
FCT_003593,SKU_0003,Europe,2026-M11,4906,0.84
FCT_003594,SKU_0043,North_America,2027-M11,4583,0.92
FCT_003595,SKU_0035,North_America,2026-M03,9360,0.94
FCT_003596,SKU_0019,Europe,2027-M05,8880,0.82
FCT_003597,SKU_0049,North_America,2026-M10,2191,0.85
FCT_003598,SKU_0028,Asia_Pacific,2027-M11,12776,0.87
FCT_003599,SKU_0016,Europe,2026-M12,8132,0.89
FCT_003600,SKU_0025,North_America,2027-M10,2860,0.87
FCT_003601,SKU_0004,Europe,2027-M08,11262,0.81
FCT_003602,SKU_0015,Europe,2027-M05,12723,0.9
FCT_003603,SKU_0044,Asia_Pacific,2026-M05,8408,0.8
FCT_003604,SKU_0015,North_America,2026-M02,8907,0.82
FCT_003605,SKU_0004,Asia_Pacific,2026-M03,4053,0.94
FCT_003606,SKU_0034,Asia_Pacific,2026-M08,14824,0.84
FCT_003607,SKU_0037,Latin_America,2026-M02,1763,0.89
FCT_003608,SKU_0008,Europe,2027-M05,11760,0.95
FCT_003609,SKU_0017,Latin_America,2027-M04,12779,0.88
FCT_003610,SKU_0039,Asia_Pacific,2027-M12,9934,0.94
FCT_003611,SKU_0024,North_America,2026-M12,4311,0.84
FCT_003612,SKU_0004,Latin_America,2027-M03,12688,0.89
FCT_003613,SKU_0036,Europe,2027-M10,2868,0.83
FCT_003614,SKU_0036,Europe,2027-M05,4357,0.83
FCT_003615,SKU_0010,Asia_Pacific,2027-M10,7233,0.9
FCT_003616,SKU_0027,North_America,2027-M03,1206,0.8
FCT_003617,SKU_0023,Asia_Pacific,2027-M02,10835,0.93
FCT_003618,SKU_0007,Europe,2026-M10,4517,0.83
FCT_003619,SKU_0045,Asia_Pacific,2026-M02,12434,0.81
FCT_003620,SKU_0021,Latin_America,2026-M10,4824,0.82
FCT_003621,SKU_0022,North_America,2026-M02,13059,0.91
FCT_003622,SKU_0008,Latin_America,2027-M12,4062,0.91
FCT_003623,SKU_0001,Europe,2026-M04,7297,0.82
FCT_003624,SKU_0032,North_America,2026-M09,3417,0.9
FCT_003625,SKU_0029,North_America,2026-M11,1703,0.93
FCT_003626,SKU_0015,Latin_America,2027-M04,2446,0.83
FCT_003627,SKU_0009,Europe,2027-M09,2617,0.87
FCT_003628,SKU_0022,Asia_Pacific,2027-M09,10240,0.85
FCT_003629,SKU_0023,Europe,2026-M07,5753,0.82
FCT_003630,SKU_0047,North_America,2026-M01,13207,0.83
FCT_003631,SKU_0038,Asia_Pacific,2027-M01,7328,0.87
FCT_003632,SKU_0033,Latin_America,2027-M08,1435,0.82
FCT_003633,SKU_0041,North_America,2026-M07,13410,0.81
FCT_003634,SKU_0021,Europe,2027-M04,8306,0.88
FCT_003635,SKU_0030,Latin_America,2026-M09,2850,0.92
FCT_003636,SKU_0042,Asia_Pacific,2027-M02,8672,0.92
FCT_003637,SKU_0007,North_America,2027-M05,13156,0.88
FCT_003638,SKU_0039,Europe,2026-M03,13072,0.82
FCT_003639,SKU_0005,Europe,2026-M11,10794,0.8
FCT_003640,SKU_0005,North_America,2027-M01,6240,0.81
FCT_003641,SKU_0034,North_America,2027-M01,4093,0.88
FCT_003642,SKU_0045,North_America,2026-M04,5203,0.91
FCT_003643,SKU_0031,Asia_Pacific,2026-M10,8082,0.87
FCT_003644,SKU_0005,Latin_America,2027-M07,13774,0.8
FCT_003645,SKU_0019,Asia_Pacific,2026-M06,3803,0.81
FCT_003646,SKU_0001,Europe,2027-M11,10394,0.84
FCT_003647,SKU_0048,Europe,2027-M10,8918,0.9
FCT_003648,SKU_0048,Europe,2026-M03,6537,0.83
FCT_003649,SKU_0001,Asia_Pacific,2026-M11,1379,0.84
FCT_003650,SKU_0015,Asia_Pacific,2026-M06,12038,0.8
FCT_003651,SKU_0011,Asia_Pacific,2026-M04,13975,0.83
FCT_003652,SKU_0043,North_America,2026-M02,10966,0.88
FCT_003653,SKU_0013,North_America,2026-M01,13768,0.81
FCT_003654,SKU_0043,Europe,2027-M12,11891,0.85
FCT_003655,SKU_0047,Asia_Pacific,2027-M06,8329,0.85
FCT_003656,SKU_0042,Latin_America,2026-M07,6238,0.8
FCT_003657,SKU_0042,North_America,2026-M03,5250,0.88
FCT_003658,SKU_0007,Asia_Pacific,2026-M07,3683,0.88
FCT_003659,SKU_0017,Latin_America,2026-M12,7764,0.94
FCT_003660,SKU_0049,North_America,2027-M06,8316,0.81
FCT_003661,SKU_0046,North_America,2027-M02,13806,0.87
FCT_003662,SKU_0006,North_America,2027-M03,5104,0.87
FCT_003663,SKU_0027,Latin_America,2027-M12,10993,0.87
FCT_003664,SKU_0040,Asia_Pacific,2027-M02,13023,0.8
FCT_003665,SKU_0028,North_America,2027-M10,11732,0.91
FCT_003666,SKU_0047,Europe,2026-M06,1388,0.9
FCT_003667,SKU_0028,Latin_America,2026-M07,7434,0.84
FCT_003668,SKU_0028,North_America,2026-M03,5818,0.92
FCT_003669,SKU_0045,North_America,2027-M11,6566,0.94
FCT_003670,SKU_0038,Asia_Pacific,2026-M11,4805,0.85
FCT_003671,SKU_0007,Europe,2027-M06,12761,0.93
FCT_003672,SKU_0021,Latin_America,2027-M06,2379,0.87
FCT_003673,SKU_0049,Asia_Pacific,2027-M10,3677,0.87
FCT_003674,SKU_0041,Latin_America,2027-M04,8447,0.9
FCT_003675,SKU_0047,North_America,2027-M08,8253,0.84
FCT_003676,SKU_0001,Asia_Pacific,2026-M08,12879,0.82
FCT_003677,SKU_0030,Latin_America,2026-M10,4070,0.88
FCT_003678,SKU_0011,Asia_Pacific,2027-M11,2930,0.93
FCT_003679,SKU_0026,North_America,2026-M06,9964,0.94
FCT_003680,SKU_0039,North_America,2027-M10,3137,0.8
FCT_003681,SKU_0039,Latin_America,2026-M07,2768,0.81
FCT_003682,SKU_0012,North_America,2026-M04,3582,0.81
FCT_003683,SKU_0044,Europe,2027-M10,4166,0.84
FCT_003684,SKU_0044,Europe,2026-M03,7998,0.93
FCT_003685,SKU_0005,North_America,2026-M11,14923,0.86
FCT_003686,SKU_0039,Asia_Pacific,2026-M11,1508,0.81
FCT_003687,SKU_0033,Asia_Pacific,2027-M03,11124,0.89
FCT_003688,SKU_0035,North_America,2027-M02,6961,0.8
FCT_003689,SKU_0036,Latin_America,2026-M02,5961,0.81
FCT_003690,SKU_0029,Latin_America,2026-M10,6157,0.81
FCT_003691,SKU_0050,Asia_Pacific,2027-M12,12049,0.87
FCT_003692,SKU_0017,Asia_Pacific,2027-M06,12686,0.92
FCT_003693,SKU_0004,North_America,2027-M01,8776,0.92
FCT_003694,SKU_0025,North_America,2027-M02,12780,0.81
FCT_003695,SKU_0031,Asia_Pacific,2027-M06,1803,0.9
FCT_003696,SKU_0006,Europe,2027-M05,5448,0.88
FCT_003697,SKU_0023,Asia_Pacific,2026-M09,14303,0.93
FCT_003698,SKU_0006,Europe,2027-M10,10285,0.87
FCT_003699,SKU_0013,North_America,2027-M08,9359,0.88
FCT_003700,SKU_0041,Asia_Pacific,2026-M06,4198,0.89
FCT_003701,SKU_0050,Latin_America,2027-M01,2467,0.82
FCT_003702,SKU_0046,Europe,2027-M01,13868,0.92
FCT_003703,SKU_0012,North_America,2027-M11,14589,0.81
FCT_003704,SKU_0042,Europe,2026-M05,13095,0.9
FCT_003705,SKU_0006,Asia_Pacific,2027-M01,1413,0.85
FCT_003706,SKU_0033,Europe,2027-M06,5878,0.88
FCT_003707,SKU_0040,North_America,2027-M03,2314,0.94
FCT_003708,SKU_0044,Latin_America,2026-M06,9886,0.95
FCT_003709,SKU_0001,Asia_Pacific,2026-M01,9539,0.82
FCT_003710,SKU_0010,Europe,2026-M07,2023,0.94
FCT_003711,SKU_0039,Asia_Pacific,2026-M08,2635,0.95
FCT_003712,SKU_0001,North_America,2027-M01,14836,0.84
FCT_003713,SKU_0007,Latin_America,2027-M12,6493,0.9
FCT_003714,SKU_0023,Latin_America,2027-M04,9189,0.92
FCT_003715,SKU_0001,Latin_America,2027-M07,7588,0.87
FCT_003716,SKU_0002,Latin_America,2026-M07,7817,0.94
FCT_003717,SKU_0046,Latin_America,2027-M09,10575,0.93
FCT_003718,SKU_0032,North_America,2027-M06,3117,0.84
FCT_003719,SKU_0034,Latin_America,2027-M09,7538,0.91
FCT_003720,SKU_0008,Latin_America,2026-M08,2579,0.87
FCT_003721,SKU_0042,Asia_Pacific,2026-M09,10310,0.82
FCT_003722,SKU_0016,Europe,2026-M04,2549,0.87
FCT_003723,SKU_0045,North_America,2026-M02,6020,0.85
FCT_003724,SKU_0022,Europe,2027-M07,8916,0.93
FCT_003725,SKU_0041,Latin_America,2026-M12,8646,0.91
FCT_003726,SKU_0045,Europe,2027-M12,1657,0.82
FCT_003727,SKU_0030,Latin_America,2027-M06,3499,0.9
FCT_003728,SKU_0011,Asia_Pacific,2026-M02,10095,0.8
FCT_003729,SKU_0024,North_America,2026-M04,12533,0.95
FCT_003730,SKU_0048,Europe,2027-M02,4768,0.85
FCT_003731,SKU_0038,North_America,2027-M01,9270,0.93
FCT_003732,SKU_0043,Asia_Pacific,2026-M12,8215,0.87
FCT_003733,SKU_0038,Latin_America,2027-M07,3227,0.85
FCT_003734,SKU_0025,Europe,2027-M01,4106,0.91
FCT_003735,SKU_0011,North_America,2027-M10,1971,0.89
FCT_003736,SKU_0011,Latin_America,2026-M07,6788,0.9
FCT_003737,SKU_0011,North_America,2026-M03,11556,0.9
FCT_003738,SKU_0023,North_America,2027-M07,9718,0.84
FCT_003739,SKU_0021,North_America,2026-M10,10241,0.88
FCT_003740,SKU_0023,Asia_Pacific,2026-M10,13842,0.84
FCT_003741,SKU_0042,North_America,2027-M02,12612,0.88
FCT_003742,SKU_0039,Asia_Pacific,2026-M01,3861,0.95
FCT_003743,SKU_0009,Europe,2027-M05,3808,0.89
FCT_003744,SKU_0002,Latin_America,2026-M02,4115,0.83
FCT_003745,SKU_0029,Latin_America,2027-M06,12874,0.85
FCT_003746,SKU_0050,North_America,2026-M05,8743,0.93
FCT_003747,SKU_0046,North_America,2026-M09,11273,0.8
FCT_003748,SKU_0017,North_America,2026-M06,12469,0.94
FCT_003749,SKU_0046,Europe,2026-M11,1491,0.93
FCT_003750,SKU_0050,Latin_America,2026-M11,11033,0.84
FCT_003751,SKU_0019,Latin_America,2026-M09,9241,0.86
FCT_003752,SKU_0016,Europe,2027-M11,7941,0.83
FCT_003753,SKU_0033,North_America,2026-M04,10935,0.92
FCT_003754,SKU_0014,North_America,2027-M07,6051,0.91
FCT_003755,SKU_0040,Asia_Pacific,2026-M09,5688,0.88
FCT_003756,SKU_0005,Asia_Pacific,2027-M10,5367,0.82
FCT_003757,SKU_0016,Asia_Pacific,2026-M11,8453,0.84
FCT_003758,SKU_0022,Europe,2026-M01,10129,0.83
FCT_003759,SKU_0028,North_America,2027-M02,12842,0.91
FCT_003760,SKU_0008,Latin_America,2026-M01,14042,0.9
FCT_003761,SKU_0009,Latin_America,2027-M12,3144,0.91
FCT_003762,SKU_0001,Asia_Pacific,2027-M08,10876,0.81
FCT_003763,SKU_0001,North_America,2026-M11,13010,0.88
FCT_003764,SKU_0024,North_America,2027-M11,11838,0.87
FCT_003765,SKU_0030,North_America,2026-M09,3720,0.92
FCT_003766,SKU_0008,North_America,2026-M06,3548,0.87
FCT_003767,SKU_0048,North_America,2027-M09,6463,0.95
FCT_003768,SKU_0042,Asia_Pacific,2026-M10,4698,0.92
FCT_003769,SKU_0040,Latin_America,2027-M04,6107,0.93
FCT_003770,SKU_0004,Europe,2026-M05,7396,0.89
FCT_003771,SKU_0027,Latin_America,2026-M08,1926,0.93
FCT_003772,SKU_0023,Latin_America,2026-M12,7734,0.86
FCT_003773,SKU_0041,Europe,2027-M07,5027,0.84
FCT_003774,SKU_0036,North_America,2026-M06,1968,0.82
FCT_003775,SKU_0039,North_America,2027-M02,12323,0.93
FCT_003776,SKU_0044,Europe,2027-M02,2505,0.86
FCT_003777,SKU_0035,North_America,2026-M09,12300,0.83
FCT_003778,SKU_0023,Europe,2027-M09,12289,0.95
FCT_003779,SKU_0049,Europe,2026-M07,3900,0.95
FCT_003780,SKU_0020,Asia_Pacific,2026-M05,7809,0.83
FCT_003781,SKU_0035,Europe,2026-M11,3807,0.92
FCT_003782,SKU_0033,North_America,2027-M11,9653,0.88
FCT_003783,SKU_0006,Latin_America,2026-M02,3981,0.93
FCT_003784,SKU_0035,Latin_America,2027-M07,4194,0.85
FCT_003785,SKU_0017,Latin_America,2026-M04,1526,0.84
FCT_003786,SKU_0027,Europe,2026-M07,5363,0.85
FCT_003787,SKU_0004,Asia_Pacific,2026-M09,14094,0.91
FCT_003788,SKU_0016,Asia_Pacific,2026-M08,13127,0.94
FCT_003789,SKU_0047,Asia_Pacific,2027-M12,11689,0.94
FCT_003790,SKU_0025,Europe,2026-M11,4332,0.84
FCT_003791,SKU_0022,Latin_America,2027-M10,5759,0.94
FCT_003792,SKU_0018,Asia_Pacific,2026-M07,2377,0.81
FCT_003793,SKU_0026,Asia_Pacific,2026-M07,8654,0.85
FCT_003794,SKU_0025,Latin_America,2027-M07,10434,0.84
FCT_003795,SKU_0046,North_America,2026-M10,10300,0.85
FCT_003796,SKU_0024,Latin_America,2027-M10,11511,0.84
FCT_003797,SKU_0007,Latin_America,2026-M11,13538,0.92
FCT_003798,SKU_0043,Europe,2026-M01,11351,0.88
FCT_003799,SKU_0033,Latin_America,2026-M05,12773,0.84
FCT_003800,SKU_0040,Asia_Pacific,2026-M10,11247,0.92
FCT_003801,SKU_0021,Asia_Pacific,2027-M01,7202,0.84
FCT_003802,SKU_0003,Europe,2027-M03,2796,0.93
FCT_003803,SKU_0050,Asia_Pacific,2026-M08,2222,0.82
FCT_003804,SKU_0027,Latin_America,2026-M01,2822,0.82
FCT_003805,SKU_0018,Europe,2027-M06,7682,0.84
FCT_003806,SKU_0023,Asia_Pacific,2027-M06,9046,0.9
FCT_003807,SKU_0026,Europe,2027-M06,3844,0.94
FCT_003808,SKU_0008,North_America,2026-M12,11823,0.86
FCT_003809,SKU_0022,Europe,2027-M08,3916,0.89
FCT_003810,SKU_0008,Latin_America,2027-M08,9210,0.95
FCT_003811,SKU_0035,Europe,2026-M08,3843,0.84
FCT_003812,SKU_0007,Asia_Pacific,2027-M09,12934,0.83
FCT_003813,SKU_0042,Latin_America,2027-M09,4512,0.9
FCT_003814,SKU_0019,Asia_Pacific,2026-M04,11187,0.89
FCT_003815,SKU_0027,North_America,2026-M06,9123,0.86
FCT_003816,SKU_0004,Latin_America,2026-M06,11570,0.89
FCT_003817,SKU_0031,Latin_America,2027-M12,2937,0.85
FCT_003818,SKU_0017,Latin_America,2027-M11,14993,0.8
FCT_003819,SKU_0031,North_America,2027-M06,8613,0.85
FCT_003820,SKU_0003,North_America,2027-M05,2953,0.84
FCT_003821,SKU_0039,Europe,2026-M09,11664,0.81
FCT_003822,SKU_0015,Asia_Pacific,2026-M04,9667,0.83
FCT_003823,SKU_0013,Asia_Pacific,2027-M04,5554,0.87
FCT_003824,SKU_0028,Latin_America,2027-M09,10319,0.83
FCT_003825,SKU_0026,Asia_Pacific,2026-M02,12261,0.93
FCT_003826,SKU_0035,North_America,2026-M10,1798,0.85
FCT_003827,SKU_0018,Asia_Pacific,2026-M02,8627,0.92
FCT_003828,SKU_0040,Latin_America,2026-M12,10137,0.83
FCT_003829,SKU_0007,Latin_America,2026-M08,6313,0.91
FCT_003830,SKU_0024,Europe,2027-M12,2248,0.8
FCT_003831,SKU_0016,North_America,2027-M01,9243,0.81
FCT_003832,SKU_0032,Latin_America,2026-M08,5112,0.86
FCT_003833,SKU_0016,Latin_America,2027-M07,5912,0.94
FCT_003834,SKU_0025,North_America,2026-M10,4909,0.91
FCT_003835,SKU_0018,North_America,2026-M03,9766,0.9
FCT_003836,SKU_0048,Europe,2026-M09,14531,0.95
FCT_003837,SKU_0050,Asia_Pacific,2026-M01,3752,0.85
FCT_003838,SKU_0047,Europe,2026-M04,13202,0.81
FCT_003839,SKU_0010,North_America,2027-M07,14401,0.9
FCT_003840,SKU_0039,Latin_America,2027-M09,5401,0.89
FCT_003841,SKU_0045,Europe,2026-M08,1217,0.86
FCT_003842,SKU_0020,Europe,2027-M01,13064,0.91
FCT_003843,SKU_0019,Asia_Pacific,2027-M11,7377,0.82
FCT_003844,SKU_0042,North_America,2026-M09,1433,0.86
FCT_003845,SKU_0033,North_America,2026-M02,10747,0.89
FCT_003846,SKU_0009,Latin_America,2026-M11,4970,0.91
FCT_003847,SKU_0033,Europe,2027-M12,6071,0.89
FCT_003848,SKU_0013,Europe,2026-M03,14304,0.82
FCT_003849,SKU_0032,Europe,2026-M07,14038,0.81
FCT_003850,SKU_0021,Asia_Pacific,2026-M11,9045,0.89
FCT_003851,SKU_0005,Asia_Pacific,2027-M02,12469,0.89
FCT_003852,SKU_0015,Asia_Pacific,2027-M11,7320,0.85
FCT_003853,SKU_0031,Latin_America,2027-M01,7958,0.81
FCT_003854,SKU_0043,Europe,2027-M08,13660,0.84
FCT_003855,SKU_0046,Latin_America,2027-M05,2368,0.85
FCT_003856,SKU_0047,North_America,2026-M05,1147,0.82
FCT_003857,SKU_0028,North_America,2026-M09,3698,0.85
FCT_003858,SKU_0032,Asia_Pacific,2027-M07,3273,0.91
FCT_003859,SKU_0003,Latin_America,2026-M02,4129,0.81
FCT_003860,SKU_0011,Europe,2027-M12,1722,0.8
FCT_003861,SKU_0027,Latin_America,2027-M08,5166,0.91
FCT_003862,SKU_0040,Asia_Pacific,2027-M06,4067,0.94
FCT_003863,SKU_0007,Latin_America,2026-M01,8874,0.82
FCT_003864,SKU_0024,Asia_Pacific,2027-M04,14293,0.89
FCT_003865,SKU_0032,Latin_America,2026-M01,7809,0.92
FCT_003866,SKU_0002,Europe,2027-M01,9379,0.94
FCT_003867,SKU_0047,Europe,2027-M11,11467,0.82
FCT_003868,SKU_0039,Europe,2026-M10,3828,0.81
FCT_003869,SKU_0014,Asia_Pacific,2026-M07,7407,0.93
FCT_003870,SKU_0010,North_America,2026-M01,5329,0.91
FCT_003871,SKU_0006,North_America,2026-M06,11110,0.88
FCT_003872,SKU_0044,Europe,2026-M09,3310,0.86
FCT_003873,SKU_0040,Europe,2026-M06,14934,0.87
FCT_003874,SKU_0009,Latin_America,2026-M08,7472,0.91
FCT_003875,SKU_0036,Asia_Pacific,2027-M03,11123,0.89
FCT_003876,SKU_0043,Asia_Pacific,2026-M04,11430,0.91
FCT_003877,SKU_0029,Europe,2027-M05,8416,0.88
FCT_003878,SKU_0029,Europe,2027-M10,5280,0.82
FCT_003879,SKU_0045,Europe,2026-M01,2010,0.9
FCT_003880,SKU_0010,Europe,2027-M09,5684,0.81
FCT_003881,SKU_0013,Asia_Pacific,2026-M12,14732,0.84
FCT_003882,SKU_0048,Europe,2026-M10,5217,0.86
FCT_003883,SKU_0013,North_America,2026-M05,11512,0.87
FCT_003884,SKU_0037,Asia_Pacific,2027-M05,14798,0.87
FCT_003885,SKU_0012,Europe,2026-M08,5041,0.91
FCT_003886,SKU_0038,Asia_Pacific,2027-M03,9736,0.94
FCT_003887,SKU_0044,Latin_America,2026-M04,2109,0.91
FCT_003888,SKU_0041,Latin_America,2027-M11,6799,0.89
FCT_003889,SKU_0042,North_America,2026-M10,3779,0.88
FCT_003890,SKU_0022,Latin_America,2027-M02,14812,0.85
FCT_003891,SKU_0018,Latin_America,2027-M01,10813,0.91
FCT_003892,SKU_0050,Asia_Pacific,2027-M08,10824,0.84
FCT_003893,SKU_0011,Europe,2027-M01,6302,0.9
FCT_003894,SKU_0026,Latin_America,2027-M01,12428,0.87
FCT_003895,SKU_0024,Latin_America,2027-M02,13345,0.93
FCT_003896,SKU_0025,North_America,2027-M06,12506,0.91
FCT_003897,SKU_0020,Latin_America,2026-M06,9254,0.83
FCT_003898,SKU_0031,Latin_America,2026-M11,4762,0.8
FCT_003899,SKU_0028,North_America,2026-M10,6150,0.87
FCT_003900,SKU_0047,Asia_Pacific,2026-M08,10417,0.87
FCT_003901,SKU_0034,North_America,2027-M03,14447,0.89
FCT_003902,SKU_0010,Asia_Pacific,2027-M06,9759,0.93
FCT_003903,SKU_0035,Asia_Pacific,2027-M10,4423,0.86
FCT_003904,SKU_0043,Asia_Pacific,2027-M11,8119,0.8
FCT_003905,SKU_0035,Asia_Pacific,2026-M03,6109,0.91
FCT_003906,SKU_0011,Latin_America,2027-M09,2633,0.81
FCT_003907,SKU_0019,Asia_Pacific,2026-M02,10611,0.83
FCT_003908,SKU_0023,Latin_America,2026-M04,5466,0.91
FCT_003909,SKU_0049,North_America,2027-M07,9773,0.82
FCT_003910,SKU_0025,Asia_Pacific,2027-M05,1072,0.92
FCT_003911,SKU_0024,Europe,2026-M11,14390,0.93
FCT_003912,SKU_0050,Europe,2026-M09,10335,0.81
FCT_003913,SKU_0025,Asia_Pacific,2027-M10,4872,0.85
FCT_003914,SKU_0035,Latin_America,2027-M03,14246,0.87
FCT_003915,SKU_0019,North_America,2027-M10,1416,0.93
FCT_003916,SKU_0015,Asia_Pacific,2026-M02,9695,0.85
FCT_003917,SKU_0019,North_America,2026-M03,10036,0.89
FCT_003918,SKU_0044,Latin_America,2027-M11,11141,0.89
FCT_003919,SKU_0007,Latin_America,2027-M08,7276,0.86
FCT_003920,SKU_0039,North_America,2026-M10,1247,0.93
FCT_003921,SKU_0027,Asia_Pacific,2027-M03,7867,0.83
FCT_003922,SKU_0024,Asia_Pacific,2026-M12,6034,0.9
FCT_003923,SKU_0032,Latin_America,2027-M08,7435,0.8
FCT_003924,SKU_0015,North_America,2026-M03,8965,0.85
FCT_003925,SKU_0012,Europe,2026-M01,2341,0.92
FCT_003926,SKU_0044,Europe,2026-M10,2426,0.81
FCT_003927,SKU_0037,Latin_America,2026-M03,9198,0.84
FCT_003928,SKU_0007,Europe,2027-M07,7380,0.82
FCT_003929,SKU_0040,North_America,2026-M06,3240,0.86
FCT_003930,SKU_0010,North_America,2027-M08,14737,0.9
FCT_003931,SKU_0021,Latin_America,2027-M07,2700,0.88
FCT_003932,SKU_0029,Asia_Pacific,2026-M06,13862,0.82
FCT_003933,SKU_0047,Europe,2026-M02,5545,0.85
FCT_003934,SKU_0031,Latin_America,2026-M08,5806,0.81
FCT_003935,SKU_0045,Europe,2027-M08,6718,0.95
FCT_003936,SKU_0014,Latin_America,2027-M12,10937,0.89
FCT_003937,SKU_0045,Asia_Pacific,2026-M03,6269,0.86
FCT_003938,SKU_0023,Latin_America,2027-M11,4938,0.85
FCT_003939,SKU_0017,Europe,2026-M07,14125,0.84
FCT_003940,SKU_0011,North_America,2026-M09,5000,0.87
FCT_003941,SKU_0047,Asia_Pacific,2026-M01,8424,0.91
FCT_003942,SKU_0018,Latin_America,2026-M11,10678,0.85
FCT_003943,SKU_0030,Europe,2027-M01,14483,0.87
FCT_003944,SKU_0011,Europe,2026-M11,7837,0.94
FCT_003945,SKU_0024,Europe,2026-M08,6939,0.92
FCT_003946,SKU_0049,Europe,2027-M09,6287,0.87
FCT_003947,SKU_0026,North_America,2026-M02,4661,0.87
FCT_003948,SKU_0008,North_America,2026-M04,5128,0.88
FCT_003949,SKU_0018,Europe,2027-M12,13279,0.92
FCT_003950,SKU_0036,North_America,2026-M04,6777,0.91
FCT_003951,SKU_0027,Europe,2027-M09,13286,0.82
FCT_003952,SKU_0042,North_America,2027-M06,2245,0.83
FCT_003953,SKU_0012,Latin_America,2027-M05,6422,0.94
FCT_003954,SKU_0031,Asia_Pacific,2027-M07,13197,0.88
FCT_003955,SKU_0021,Latin_America,2026-M01,5758,0.86
FCT_003956,SKU_0031,North_America,2027-M12,13994,0.89
FCT_003957,SKU_0040,Latin_America,2026-M04,11489,0.81
FCT_003958,SKU_0028,North_America,2027-M06,11808,0.87
FCT_003959,SKU_0005,Latin_America,2027-M04,6318,0.92
FCT_003960,SKU_0009,Latin_America,2027-M08,14960,0.82
FCT_003961,SKU_0044,Asia_Pacific,2026-M07,8869,0.89
FCT_003962,SKU_0017,Europe,2026-M02,11396,0.94
FCT_003963,SKU_0011,Europe,2026-M08,11177,0.84
FCT_003964,SKU_0041,Asia_Pacific,2026-M02,12233,0.91
FCT_003965,SKU_0049,Asia_Pacific,2027-M06,8014,0.85
FCT_003966,SKU_0043,North_America,2027-M10,3655,0.83
FCT_003967,SKU_0046,Asia_Pacific,2027-M02,11226,0.86
FCT_003968,SKU_0043,North_America,2026-M03,5174,0.9
FCT_003969,SKU_0012,Europe,2027-M08,10581,0.94
FCT_003970,SKU_0008,North_America,2027-M11,10236,0.89
FCT_003971,SKU_0006,Asia_Pacific,2027-M03,3329,0.81
FCT_003972,SKU_0043,Latin_America,2026-M07,4671,0.9
FCT_003973,SKU_0012,Asia_Pacific,2026-M03,6561,0.84
FCT_003974,SKU_0032,North_America,2027-M07,8170,0.8
FCT_003975,SKU_0031,Europe,2026-M02,10179,0.84
FCT_003976,SKU_0036,North_America,2027-M11,2469,0.85
FCT_003977,SKU_0028,Asia_Pacific,2027-M10,12706,0.81
FCT_003978,SKU_0041,North_America,2026-M03,3111,0.84
FCT_003979,SKU_0039,North_America,2027-M06,7796,0.88
FCT_003980,SKU_0044,Latin_America,2026-M02,6240,0.87
FCT_003981,SKU_0044,Europe,2027-M06,6245,0.83
FCT_003982,SKU_0011,North_America,2026-M10,12382,0.88
FCT_003983,SKU_0030,Europe,2026-M11,2133,0.91
FCT_003984,SKU_0030,North_America,2027-M01,4304,0.9
FCT_003985,SKU_0022,Europe,2026-M05,10965,0.93
FCT_003986,SKU_0047,Asia_Pacific,2027-M08,7145,0.91
FCT_003987,SKU_0030,Latin_America,2027-M07,6467,0.82
FCT_003988,SKU_0008,Latin_America,2026-M05,5658,0.86
FCT_003989,SKU_0040,Latin_America,2027-M11,6116,0.82
FCT_003990,SKU_0049,North_America,2027-M08,8116,0.91
FCT_003991,SKU_0005,Asia_Pacific,2026-M10,1356,0.84
FCT_003992,SKU_0027,North_America,2026-M04,9374,0.85
FCT_003993,SKU_0004,Latin_America,2026-M04,1367,0.86
FCT_003994,SKU_0033,Europe,2026-M01,5031,0.83
FCT_003995,SKU_0020,North_America,2027-M09,7678,0.81
FCT_003996,SKU_0034,Asia_Pacific,2026-M06,9637,0.89
FCT_003997,SKU_0035,Asia_Pacific,2027-M02,9611,0.87
FCT_003998,SKU_0006,Europe,2027-M06,8353,0.82
FCT_003999,SKU_0029,Latin_America,2027-M07,3941,0.9
FCT_004000,SKU_0003,Asia_Pacific,2027-M09,6723,0.95
